citric_acid,residual_sugar,chlorides,density,pH,sulphates,alcohol,quality,color,combined_acidity,combined_sulfur_dioxide
-2.164515281109809,-0.6996994145429313,0.5238803295408452,1.1009955923516042,1.7793035689719825,0.1779407008558561,-0.9691519876973708,5,red,1.5948179104793616,-1.7539186358880663
-2.164515281109809,-0.5441354637278293,1.1207357152067705,0.7637532080580931,-0.153797074608404,0.9793894339331692,-0.6318330805694778,5,red,2.5657339236501504,-0.7868283129509279
-1.892671814245529,-0.6108057283628731,0.957956973661518,0.8312016849167878,0.2203514370523139,0.7790272506638407,-0.6318330805694778,5,red,2.061355514935473,-1.3459306066624386
1.641293254990111,-0.6996994145429313,0.496750539283303,1.1684440692102989,-0.4032294157155512,0.3115154897020743,-0.6318330805694778,6,red,1.8658032809163345,-1.1917601357634147
-2.164515281109809,-0.7219228360879458,0.496750539283303,1.1009955923516042,1.7793035689719825,0.1779407008558561,-0.9691519876973708,5,red,1.4266917742411358,-1.5997481649890426
-1.756750080813389,-0.7663696791779749,0.333971797738051,0.6288562543406662,0.4697837781594611,-0.4899332433752383,-0.9691519876973708,5,red,1.4424380700072634,-1.2836511770202008
-2.164515281109809,-0.8552633653580332,0.2254526367078827,0.0218199626123759,1.0310065456505435,-0.4231458489521292,-0.4631736270055321,7,red,1.3310731401568858,-1.756974842301207
-2.028593547677669,-0.6774759929979167,0.4424909587682189,0.7637532080580931,0.8439322898201819,0.2447280952789648,-0.8848222609153978,7,red,1.3047879018634567,-2.0326479660715653
0.2820759206687107,0.2336842903476803,0.3882313782531347,1.1009955923516042,0.7815742045433964,1.780838167010482,-0.0415249930956665,5,red,0.8077743293129256,-0.6686129267686183
-1.6208283473812488,-0.7219228360879458,1.0936059249492256,0.4602350621939293,0.3450676076058875,0.0443659120096371,-1.1378114412613178,5,red,0.715329801591831,-1.2089158614495157
-2.164515281109809,-0.7663696791779749,0.8765676028888917,-0.0793527526757035,2.2158101659094918,-0.0892088768365817,-0.547503353787505,5,red,0.2729820705286524,-1.2439335993560316
-0.1936501463437792,-0.7663696791779749,1.554812359327443,0.9660986386341772,0.2203514370523139,6.856680143166798,-1.2221411680432908,5,red,1.4308825040421262,-1.8956332208586426
-0.941219680220549,-0.2774544051876546,3.2368593552950498,1.3707894997864207,-0.4032294157155512,2.315137322395357,-1.1378114412613178,5,red,2.0623721383733087,1.25710538640055
-0.873258813504479,-0.25523098364264,3.074080613749798,1.3707894997864207,-0.3408713304387659,2.6490742945109047,-1.1378114412613178,5,red,2.0623721383733087,1.2547554665217233
1.641293254990111,-0.7219228360879458,0.957956973661518,0.7974774464874405,0.4697837781594611,1.4469011948949346,-0.0415249930956665,7,red,0.4189515802496166,0.05875935711487603
-0.2616110130598489,-0.7441462576329604,8.445779084743123,0.7637532080580931,-0.7150198420994867,4.986633099319734,-1.0534817144793436,5,red,1.3814861338184241,-1.2813012571413742
-1.6208283473812488,-0.1441138759175671,0.7951782321162655,0.9660986386341772,0.9686484603737554,-0.2227836656828007,-1.3064708948252637,4,red,1.1324710358242407,-2.014785953851151
1.3014889214097607,-0.7219228360879458,7.713274747789488,0.7974774464874405,-1.1515264390369928,3.650885210857546,-1.1378114412613178,6,red,0.2655551163396828,-1.241583679477205
1.0976063212615506,-0.7219228360879458,0.5510101197983872,0.7637532080580931,1.0310065456505435,-0.0224214824134723,-0.9691519876973708,6,red,0.38111077599105103,-0.7151492037933835
-0.0577284129116391,-0.6108057283628731,0.6866590710860949,1.2358925460689938,1.8416616542487705,0.7790272506638407,-0.7161628073514522,5,red,0.3990145546824977,-0.8164399245654763
-0.7373370800723391,-0.7663696791779749,1.3377740372671063,0.6963047311993983,-0.3408713304387659,2.515499505664686,-0.8848222609153978,5,red,0.7279019909948037,-1.756268555766893
-1.416945747233039,-0.6108057283628731,0.7409186516011818,0.7637532080580931,-0.3408713304387659,-0.0224214824134723,-0.9691519876973708,5,red,1.301613795500302,-1.4223095555776362
-1.2130631470848288,-0.5885823068178585,0.7680484418587238,0.7637532080580931,1.2804388867576908,0.6454524618176217,-0.7161628073514522,6,red,0.06593638856920171,-1.2820075436756884
-1.077141413652689,-0.810816522268004,0.6323994905710134,0.3253381084765397,0.7192161192666082,0.1779407008558561,-1.0534817144793436,5,red,-0.29761774563851473,-1.890933381100989
-0.5334544799241291,-0.7219228360879458,0.6323994905710134,0.5614077774819713,0.3450676076058875,0.3783028841251838,-0.8848222609153978,5,red,0.4830776228016105,-2.3184270558915445
-2.164515281109809,-0.6996994145429313,0.6323994905710134,0.8986501617754825,1.529871227864838,0.1111533064327466,-0.9691519876973708,5,red,1.4760881444648377,-1.6223100169671107
-2.164515281109809,-0.6774759929979167,0.6866590710860949,0.6288562543406662,0.9686484603737554,0.3783028841251838,-0.6318330805694778,6,red,1.5779928732505741,-2.0972773155926294
-1.6887892140973189,-0.5885823068178585,0.8765676028888917,0.4265108237645819,0.7815742045433964,0.0443659120096371,-0.3788439002235593,5,red,1.114629375157618,-0.9177306453375691
-2.164515281109809,-0.5663588852728438,1.3106442470095645,0.6963047311993983,1.46751314258805,0.2447280952789648,0.0428047336863063,6,red,1.2638351092665612,-1.2796576237968618
-1.3489848805169689,-0.6108057283628731,0.7137888613436396,0.6963047311993983,-0.3408713304387659,0.8458146450869501,-0.6318330805694778,5,red,1.8879599074335973,-0.6110333368840339
-1.3489848805169689,1.25596168141835,0.4424909587682189,1.6068591687918523,1.4051550573112643,-0.0892088768365817,-0.9691519876973708,6,red,0.9275828367901089,0.008229526866771687
-0.465493613208059,-0.7219228360879458,1.2563846664944802,0.3927865853352345,0.9686484603737554,0.1111533064327466,-1.1378114412613178,5,red,-1.1812965843270355,-1.4751893057045673
-2.164515281109809,0.100343761077593,0.7951782321162655,1.3707894997864207,1.093364630927329,0.1111533064327466,-0.800492534133425,6,red,1.5779928732505741,-2.1915182767282424
-1.2130631470848288,-0.5885823068178585,0.7951782321162655,0.999822877063562,1.2180808014809026,0.4450902785482933,0.2114641872502534,6,red,1.3888509699825697,-2.3083210898419235
-0.2616110130598489,-0.6552525714529022,0.2525824269654248,0.7637532080580931,0.0332771812219549,1.3133264060487158,-0.7161628073514522,7,red,0.6249185207464076,-1.724307024273518
-1.552867480665179,-0.7885931007229895,3.128340194264881,-0.1805254679637457,1.716945483695197,-0.3563584545290197,-0.6318330805694778,4,red,2.4911931746205025,-2.099627235471456
0.2820759206687107,0.1892374472576513,0.469620749025761,1.1009955923516042,0.6568580339898229,1.98120035027981,-0.0415249930956665,5,red,0.4904424589657568,-1.0540391040161778
-0.1256892796277091,-0.4996886206378002,0.8494378126313497,1.0335471154929097,0.2203514370523139,-0.1559962712596912,-1.0534817144793436,4,red,1.9667535042890596,-1.3661425387616801
-0.8052979467884089,-0.5441354637278293,7.46910663547161,0.7637532080580931,-0.0914389893316186,2.448712111241576,-0.0415249930956665,6,red,0.7657427952533691,-2.1221890874495246
-0.6693762133562691,-0.6330291499078875,0.333971797738051,0.7637532080580931,0.4697837781594611,4.452333943934859,-0.2101844466596121,5,red,1.8018014744139883,-1.9703685364293275
-2.028593547677669,-0.7219228360879458,-0.1814942171552479,0.5614077774819713,1.5922293131416234,-0.0892088768365817,-0.8848222609153978,5,red,1.1472007081525328,-2.278709478227375
-1.145102280368759,-0.6552525714529022,-0.0729750561250798,-0.3828708985398674,4.211268894766666,0.1779407008558561,2.1510479032356344,4,red,-0.6621885032840666,-1.4869389050987007
0.7578019876812007,-0.6330291499078875,1.554812359327443,0.8312016849167878,0.1579933517755285,1.3133264060487158,-1.1378114412613178,5,red,2.743320260953018,-0.32055440730640156
1.3694497881258307,-0.7663696791779749,1.527682569069901,0.7974774464874405,0.1579933517755285,0.3115154897020743,-0.8848222609153978,5,red,0.568157314358559,-1.6768334004385546
-0.6014153466401989,-0.7663696791779749,0.2525824269654248,0.4265108237645819,0.7192161192666082,0.1779407008558561,-1.1378114412613178,5,red,-0.20199911155426467,-2.2662535922989275
0.3500367873847808,-0.810816522268004,0.469620749025761,0.2916138700471549,0.5944999487130347,0.3115154897020743,-1.1378114412613178,5,red,-1.0089797182878195,-0.9419361306601499
-0.397532746491989,-0.7441462576329604,0.469620749025761,0.8649259233461352,-0.4655875009923394,1.3801138004718252,-1.1378114412613178,5,red,2.176911174586842,-2.1689564247501742
-1.892671814245529,-0.6330291499078875,0.333971797738051,0.3590623469058871,1.093364630927329,0.6454524618176217,-0.9691519876973708,6,red,0.409553497209799,-2.1097332015210775
-1.892671814245529,-0.6552525714529022,0.3068420074805089,0.3253381084765397,1.0310065456505435,0.7122398562407312,-0.9691519876973708,6,red,0.325490429090686,-2.2016242427778634
0.2820759206687107,-0.455241777547771,0.6595292808285554,0.8312016849167878,-0.153797074608404,0.1779407008558561,-0.9691519876973708,5,red,0.8928540208698739,0.05946564364919024
-1.145102280368759,-0.4996886206378002,1.4462931982972749,0.3253381084765397,-0.3408713304387659,0.6454524618176217,-0.2945141734415865,6,red,0.9033929633971752,-0.39435237606688855
-1.892671814245529,-0.2774544051876546,0.7409186516011818,1.1009955923516042,0.7192161192666082,-0.0224214824134723,-0.8848222609153978,5,red,1.4193269380769895,-1.0608578033767737
1.7092541217061803,-0.3663480913677128,0.361101587995593,0.8649259233461352,-1.1515264390369928,0.6454524618176217,-0.800492534133425,5,red,1.9183737575031918,-2.330882941819992
-1.3489848805169689,0.0114500748975346,1.473422988554817,1.269616784498341,0.2203514370523139,1.5804759837411535,-0.9691519876973708,5,red,1.3541842720871595,0.7417142235765477
-0.941219680220549,-0.6108057283628731,0.5238803295408452,0.999822877063562,1.2804388867576908,0.3783028841251838,-0.4631736270055321,5,red,1.3468194359230135,-1.2664954513341
-0.0577284129116391,-0.5885823068178585,0.469620749025761,0.5614077774819713,1.1557227162041173,0.0443659120096371,-0.9691519876973708,6,red,0.23825325460841798,-1.6838831600750344
0.553919387532991,-0.6330291499078875,0.6052697003134714,1.1684440692102989,1.342796972034476,0.7122398562407312,-1.1378114412613178,5,red,1.0840912890383743,-1.2119720678626567
1.1655671879776206,-0.7219228360879458,1.5819421495849852,0.7637532080580931,-0.0914389893316186,1.1797516172024969,-1.0534817144793436,5,red,1.7135476764938848,-0.4249013344916352
-1.077141413652689,-0.6996994145429313,0.7680484418587238,0.7637532080580931,0.9686484603737554,0.5786650673945123,-0.8848222609153978,7,red,0.8918373974320386,-1.7017451722954493
-1.824710947529459,-0.6774759929979167,0.6595292808285554,0.6963047311993983,1.0310065456505435,0.2447280952789648,-0.6318330805694778,5,red,1.527579879589036,-1.4253657619907774
-1.824710947529459,-0.0885553220550307,0.7951782321162655,0.5614077774819713,1.1557227162041173,-0.9574450043370044,0.2957939140322263,5,red,1.592722545578866,-2.3184270558915445
-1.416945747233039,-0.7885931007229895,0.6052697003134714,0.7637532080580931,1.2180808014809026,0.3115154897020743,-0.800492534133425,5,red,0.8918373974320386,-1.6916392062458283
-1.6887892140973189,-0.7663696791779749,0.5238803295408452,0.5614077774819713,1.342796972034476,0.3115154897020743,0.1271344604682791,5,red,1.1871368773115927,-2.189168356849416
1.7092541217061803,-0.6774759929979167,0.469620749025761,0.7974774464874405,0.3450676076058875,1.7140507725873726,0.1271344604682791,5,red,1.0157745166853889,-0.7323049294794844
-1.824710947529459,-0.6996994145429313,0.469620749025761,0.5614077774819713,0.7192161192666082,2.7826490833571227,-0.0415249930956665,6,red,1.9373562776572986,-2.059909657807287
-1.6208283473812488,-0.6996994145429313,0.5238803295408452,0.7300289696287456,0.5944999487130347,0.0443659120096371,-0.8848222609153978,6,red,1.4613584721365462,-1.682239526730522
-0.6014153466401989,-0.6552525714529022,0.8494378126313497,0.5614077774819713,0.5944999487130347,-0.3563584545290197,-0.8848222609153978,5,red,1.6294846083747723,-0.7433482423393035
-0.6693762133562691,-0.6996994145429313,0.7409186516011818,0.527683539052624,0.5321418634362493,-0.3563584545290197,-0.8848222609153978,5,red,1.7135476764938848,-0.7285424365320294
-0.397532746491989,-0.6552525714529022,0.7409186516011818,1.0335471154929097,0.5321418634362493,-0.0224214824134723,-1.1378114412613178,4,red,1.9720229755527106,-1.6418156625320384
1.5053715215579708,-0.5663588852728438,1.012216554176602,1.3033410229276885,0.3450676076058875,1.9144129558567,-0.800492534133425,5,red,1.2301229167841612,-0.4683814051032595
2.1849801887186704,-0.6330291499078875,0.98508676391906,1.3707894997864207,1.966377824802344,0.8458146450869501,-0.0415249930956665,5,red,1.1261228230979305,-1.7337067037888245
-2.164515281109809,-0.5885823068178585,1.2835144567520225,0.6963047311993983,1.8416616542487705,0.1111533064327466,0.1271344604682791,6,red,1.630563349837432,-1.6845894466093485
-1.3489848805169689,-0.6774759929979167,0.7951782321162655,0.4265108237645819,0.9686484603737554,-0.0892088768365817,-0.3788439002235593,5,red,1.4298658806042905,-1.1412303055153106
-0.8052979467884089,-0.7885931007229895,0.6323994905710134,0.8986501617754825,-0.4032294157155512,3.918034788549984,-1.2221411680432908,4,red,1.761865305254928,-0.059687089343317595
-0.8052979467884089,-0.7663696791779749,0.333971797738051,0.4265108237645819,1.1557227162041173,0.1779407008558561,-1.1378114412613178,5,red,-0.09901564130586905,-2.3083210898419235
2.59274538901509,-0.6996994145429313,11.050238949467158,0.9660986386341772,-0.590303671545913,4.986633099319734,-0.9691519876973708,5,red,0.6743148909701102,-0.9059810459434358
1.0296454545454805,-0.6774759929979167,0.7951782321162655,0.8312016849167878,0.8439322898201819,0.2447280952789648,-1.2221411680432908,5,red,0.7541872292882326,-0.8709633080369198
-0.397532746491989,-0.7219228360879458,9.341062163242013,0.7974774464874405,-0.4032294157155512,4.051609577396201,-0.9691519876973708,5,red,1.415136208275999,-1.343580686783612
1.0976063212615506,-0.7219228360879458,0.333971797738051,0.4602350621939293,1.342796972034476,1.6472633781642632,-0.2101844466596121,6,red,-0.6759015521745229,-1.139586672170798
-1.145102280368759,-0.6330291499078875,0.5238803295408452,0.527683539052624,1.1557227162041173,0.3783028841251838,-0.3788439002235593,5,red,0.6964093994625485,-1.361442699004027
-0.2616110130598489,-0.6996994145429313,1.4462931982972749,0.8986501617754825,-1.8374653770816465,9.461388525668063,-0.547503353787505,6,red,1.3552008955249948,-0.1259600722088945
-0.397532746491989,-0.6996994145429313,0.1440632659352565,0.6963047311993983,1.0310065456505435,0.7122398562407312,-0.800492534133425,5,red,0.8729169953027557,-1.8707214490017474
0.8257628543972707,-0.6552525714529022,1.3649038275246486,1.1009955923516042,-0.5279455862691249,4.5859087327810775,-0.8848222609153978,5,red,1.309995255102284,0.29307126987655246
-1.6208283473812488,-0.7219228360879458,0.5238803295408452,1.1009955923516042,1.5922293131416234,-0.0224214824134723,-1.3064708948252637,5,red,1.0442172379041368,-1.9976302281650493
-0.397532746491989,-0.6996994145429313,0.6052697003134714,0.6288562543406662,0.0332771812219549,0.0443659120096371,-0.8848222609153978,5,red,1.1061857975308118,0.7976501801166196
-0.1936501463437792,-0.6774759929979167,1.4462931982972749,0.8986501617754825,-1.8374653770816465,9.661750708937394,-0.6318330805694778,5,red,1.3552008955249948,-0.2030453076584063
-1.892671814245529,-0.810816522268004,-0.3171431684429583,-0.2479739448224404,3.2758976156148654,-0.3563584545290197,-0.0415249930956665,4,red,1.6537365997925295,0.07285887638783604
-1.0091805469366188,-0.6108057283628731,0.0355441049050855,-0.4503193753985621,3.899478468382733,0.4450902785482933,1.982388449671689,6,red,-0.27234913078292156,-0.6187893830548282
-2.164515281109809,-0.455241777547771,1.2292548762369382,0.6625804927700509,1.4051550573112643,0.1779407008558561,0.1271344604682791,5,red,1.5885318157778754,-2.0100861140934967
-0.465493613208059,-0.6774759929979167,0.361101587995593,0.5951320159113187,0.1579933517755285,0.6454524618176217,-1.1378114412613178,5,red,0.5398388291894592,-2.221129888342791
-1.756750080813389,-0.5663588852728438,0.6052697003134714,0.7300289696287456,1.0310065456505435,0.1779407008558561,-0.6318330805694778,5,red,2.542622791719877,-2.2911653641558227
-0.941219680220549,-0.6996994145429313,0.6323994905710134,0.8986501617754825,0.4697837781594611,0.3783028841251838,-1.3064708948252637,6,red,1.3184388327290895,-1.6620275946312801
-0.1256892796277091,-0.6552525714529022,0.7409186516011818,0.8986501617754825,1.093364630927329,0.5118776729714027,-0.2945141734415865,6,red,1.6988180041655931,-1.5546244610329056
-0.1256892796277091,-0.6996994145429313,0.496750539283303,0.4602350621939293,0.5321418634362493,0.1779407008558561,-0.1258547198776393,6,red,0.9685356293870053,-2.0225420000219447
-0.6693762133562691,-0.6552525714529022,0.5510101197983872,0.7300289696287456,0.4074256928826756,-0.1559962712596912,-1.1378114412613178,5,red,1.4445334349077583,-1.3280685944420236
-0.5334544799241291,-0.6330291499078875,0.361101587995593,0.4939593006232766,0.6568580339898229,-0.3563584545290197,-0.9691519876973708,5,red,0.6049814951792895,-1.9673123300161868
2.4568236555829506,-0.7441462576329604,11.131628320239786,0.93237440020483,-0.9020940979298456,5.186995282589063,-1.0534817144793436,5,red,0.5902518228509972,-1.0399395847432178
-0.0577284129116391,-0.7441462576329604,0.8494378126313497,0.7974774464874405,1.46751314258805,1.7140507725873726,-1.0534817144793436,5,red,0.6575519717661471,-1.221371747377963
1.4374106548419008,-0.5663588852728438,0.930827183403976,1.0335471154929097,0.90629037509697,1.780838167010482,-0.800492534133425,6,red,0.36117375042393235,-0.9029248395302949
1.3694497881258307,-0.6774759929979167,1.7718506813877792,0.7974774464874405,-0.0914389893316186,1.0461768283562778,-1.0534817144793436,5,red,2.327195650158444,0.7609888088655912
-0.873258813504479,-0.7219228360879458,1.2835144567520225,0.6288562543406662,-0.2161551598851922,2.6490742945109047,-0.8848222609153978,5,red,1.2207248337443444,-1.552274541154079
-1.552867480665179,-0.6330291499078875,0.7409186516011818,0.6288562543406662,-0.4655875009923394,0.8458146450869501,-0.6318330805694778,5,red,1.7944366382498427,-0.8321830771829488
-1.484906613949109,-0.6330291499078875,0.7680484418587238,0.6288562543406662,-0.4655875009923394,0.8458146450869501,-0.6318330805694778,5,red,1.7103735701307297,-0.6756626864050983
0.8257628543972707,-0.6108057283628731,0.6323994905710134,1.4382379766451154,0.5944999487130347,0.9126020395100596,-0.7161628073514522,6,red,1.4024397828233781,-1.167554650440834
-0.0577284129116391,-0.6330291499078875,0.9036973931464336,0.6963047311993983,-0.9644521832066338,0.6454524618176217,-0.0415249930956665,6,red,1.4056138891865335,-1.3257186745631968
-0.2616110130598489,-0.6996994145429313,0.5510101197983872,1.1009955923516042,1.0310065456505435,0.5118776729714027,-0.4631736270055321,6,red,1.4045972657486983,-1.6791833203173812
-1.3489848805169689,-0.6774759929979167,0.6866590710860949,0.8312016849167878,0.90629037509697,-0.2227836656828007,-0.9691519876973708,6,red,1.2207248337443444,-1.9875242621154285
-1.892671814245529,-0.6330291499078875,1.6904613106151531,0.5614077774819713,-0.0914389893316186,0.4450902785482933,0.2957939140322263,6,red,1.7145642999317212,-1.3607364124697128
-1.6208283473812488,-0.7219228360879458,1.0936059249492256,0.4602350621939293,0.7192161192666082,0.0443659120096371,-1.1378114412613178,6,red,1.338437976321032,-0.6319515555175901
-1.552867480665179,-0.7441462576329604,3.291118935810134,0.5614077774819713,0.4697837781594611,0.2447280952789648,-1.3064708948252637,5,red,3.096397570658257,-1.1085624874876212
-2.164515281109809,-0.5663588852728438,0.496750539283303,1.1684440692102989,1.6545873984184116,-0.0892088768365817,-1.1378114412613178,5,red,1.5202150434248896,-2.3332328616988187
-2.164515281109809,-0.5441354637278293,0.6323994905710134,1.0335471154929097,1.342796972034476,-0.0224214824134723,-0.8848222609153978,5,red,1.9583720446870772,-1.7539186358880663
-1.0091805469366188,-0.7663696791779749,0.6866590710860949,0.4939593006232766,1.0310065456505435,-0.3563584545290197,-0.8848222609153978,5,red,0.9685356293870053,-0.5097426161119414
-1.892671814245529,-0.6996994145429313,2.4229656475687884,1.3033410229276885,-0.4032294157155512,1.1129642227793872,-0.9691519876973708,5,red,2.115959238398002,-0.42090778126829603
-2.164515281109809,-0.7441462576329604,0.6595292808285554,0.6288562543406662,1.904019739525556,-0.2895710601059102,0.2957939140322263,5,red,4.671501356428965,-2.345688747627266
-2.164515281109809,-0.7219228360879458,0.6866590710860949,0.6288562543406662,1.966377824802344,-0.3563584545290197,0.2957939140322263,5,red,4.617914256404271,-2.345688747627266
-1.077141413652689,-0.7219228360879458,0.2254526367078827,0.5614077774819713,1.2180808014809026,2.5822869000877957,-0.0415249930956665,7,red,1.4539936359724,-2.295865203913476
-1.145102280368759,-0.7219228360879458,0.4153611685106768,0.3253381084765397,1.2180808014809026,0.2447280952789648,-0.9691519876973708,5,red,-0.44682347974745784,-2.139344813135626
1.641293254990111,-0.6774759929979167,1.663331520357611,0.7637532080580931,0.095635266498743,0.8458146450869501,-0.9691519876973708,5,red,2.1054824138955253,0.2463039325759032
-1.552867480665179,-0.6108057283628731,-0.20862400741279,-0.2816981832517878,2.527600592293424,0.6454524618176217,2.0667181764536617,5,red,-0.2103805711562469,-0.705980584553961
-2.0965544143937387,-0.7885931007229895,0.0898036854201723,0.2241653931884602,1.093364630927329,0.3115154897020743,-0.6318330805694778,6,red,0.325490429090686,-1.6152602573306307
-1.824710947529459,-0.6330291499078875,0.7409186516011818,0.4602350621939293,-0.0290809040548305,0.1111533064327466,-0.547503353787505,6,red,3.291825568627747,-1.7367629102019657
-1.416945747233039,-0.6996994145429313,0.9036973931464336,0.6625804927700509,-0.2161551598851922,1.9144129558567,-0.800492534133425,5,red,2.3198308139942987,-1.1941100556422413
-1.145102280368759,-0.7219228360879458,0.8765676028888917,0.7637532080580931,0.0332771812219549,1.5804759837411535,-0.8848222609153978,5,red,2.140149111790936,-1.56943026684018
0.2820759206687107,-0.6774759929979167,0.6595292808285554,0.8986501617754825,1.5922293131416234,0.7122398562407312,-1.1378114412613178,5,red,0.289744989732616,-1.5374687353468048
-0.873258813504479,-0.6552525714529022,0.6595292808285554,0.5614077774819713,0.6568580339898229,0.0443659120096371,-0.8848222609153978,5,red,1.2207248337443444,-0.7106804243116143
-0.873258813504479,-0.6774759929979167,0.6595292808285554,0.5614077774819713,0.5944999487130347,0.0443659120096371,-0.8848222609153978,5,red,1.2207248337443444,-0.5938776111979331
-2.164515281109809,-0.7219228360879458,-0.1814942171552479,-0.9899071902681577,2.839391018677359,1.7140507725873726,2.910015444273393,6,red,-1.0972335162079225,-0.7572167013363794
-1.6208283473812488,-0.7441462576329604,0.2525824269654248,0.2916138700471549,0.7192161192666082,0.3115154897020743,-0.9691519876973708,5,red,-0.29761774563851473,-2.246041660199686
1.5733323882740409,-0.7219228360879458,1.6362017301000662,0.7637532080580931,-0.3408713304387659,0.5786650673945123,-0.9691519876973708,5,red,1.8438330084735453,0.41293028940337445
-2.028593547677669,-0.7219228360879458,0.8223080223738075,-0.0456285142463562,1.966377824802344,-0.0892088768365817,-0.4631736270055321,5,red,0.6533612419651563,-0.6093897035395216
-0.397532746491989,-0.7663696791779749,4.864646770747572,0.7637532080580931,-0.7150198420994867,1.780838167010482,-1.0534817144793436,5,red,0.8193298952780621,-1.1210183734160688
-1.484906613949109,-0.6108057283628731,0.469620749025761,0.4602350621939293,1.2180808014809026,0.3115154897020743,-0.2945141734415865,6,red,0.4442201951052096,-1.764024601937687
0.8257628543972707,-0.4996886206378002,0.8765676028888917,0.999822877063562,1.904019739525556,0.5118776729714027,-0.0415249930956665,6,red,0.7625686888902138,-1.6418156625320384
1.0296454545454805,-0.6552525714529022,0.5510101197983872,0.4265108237645819,0.6568580339898229,-0.0224214824134723,-0.2101844466596121,6,red,-0.013935949748920642,-2.278709478227375
4.631571390497189,-0.3663480913677128,15.011188327068298,1.7080318840799318,-3.022268997340594,9.795325497783612,-0.9691519876973708,4,red,1.802818097851824,-0.48389349744484794
-1.960632680961599,-0.7219228360879458,1.0393463444341442,0.1567169163297654,0.7815742045433964,0.0443659120096371,-0.3788439002235593,5,red,1.22808966990849,-0.3882399632406068
0.6898411209651306,0.100343761077593,0.361101587995593,0.93237440020483,1.2180808014809026,1.2465390116256063,-0.0415249930956665,5,red,0.2992051907972572,0.14430692526949632
0.6898411209651306,0.100343761077593,0.3882313782531347,0.93237440020483,1.2180808014809026,1.1797516172024969,-0.0415249930956665,5,red,0.2992051907972572,0.09213346167687943
-2.164515281109809,-0.6330291499078875,0.4424909587682189,0.7974774464874405,1.5922293131416234,-0.2227836656828007,-1.0534817144793436,5,red,1.3499935422861689,-1.8636716893652674
-0.941219680220549,-0.6996994145429313,0.6052697003134714,0.7637532080580931,2.2781682511862766,0.2447280952789648,-1.0534817144793436,6,red,0.8529799697356371,-0.8281895239596097
-1.960632680961599,-0.6774759929979167,0.9036973931464336,0.4602350621939293,-0.153797074608404,0.1779407008558561,-0.800492534133425,5,red,2.752780462017659,-2.0871713495430084
-2.028593547677669,-0.8330399438130187,0.4153611685106768,0.6625804927700509,-0.3408713304387659,3.650885210857546,-1.1378114412613178,4,red,1.617929042409635,-2.00773619421467
-1.892671814245529,-0.7441462576329604,0.5238803295408452,0.6288562543406662,0.6568580339898229,0.1779407008558561,-0.4631736270055321,6,red,1.0946302315656748,-1.5529808276883932
-0.397532746491989,0.5003653488878551,0.361101587995593,1.2358925460689938,0.90629037509697,-0.2895710601059102,-0.9691519876973708,5,red,1.174502569883797,0.32268288149110086
-0.397532746491989,0.4781419273428406,0.361101587995593,1.2021683076396463,0.90629037509697,-0.2895710601059102,-0.9691519876973708,5,red,1.078883935799547,0.2829653038269316
1.0976063212615506,-0.7441462576329604,1.1749952957218546,0.527683539052624,-0.2161551598851922,0.5786650673945123,-0.8848222609153978,5,red,1.5149455721612393,-0.8625009753318114
-1.484906613949109,-0.6552525714529022,0.7680484418587238,0.3590623469058871,0.7192161192666082,-0.0892088768365817,-0.2945141734415865,5,red,1.021106105973863,-0.6413512350328966
-1.960632680961599,-0.7663696791779749,0.4153611685106768,0.3590623469058871,0.90629037509697,-0.3563584545290197,-1.3064708948252637,4,red,0.9107577995613214,-1.4159660824754705
-1.6887892140973189,-0.6552525714529022,0.8765676028888917,0.2578896316178076,1.529871227864838,0.1111533064327466,-0.1258547198776393,6,red,0.9790745719143066,-1.6293597766035912
-0.5334544799241291,-0.7219228360879458,8.228740762682786,0.6288562543406662,-1.40095878014414,7.057042326436126,-0.8848222609153978,5,red,1.6694207775338323,-1.2338276333064107
-1.960632680961599,-0.7219228360879458,0.0355441049050855,0.8986501617754825,0.8439322898201819,-1.3581693708756608,-1.2221411680432908,4,red,2.6403367907046222,-2.355794713676887
-1.0091805469366188,-0.6774759929979167,0.4424909587682189,0.8986501617754825,0.4074256928826756,0.5118776729714027,-1.1378114412613178,6,red,0.7394575569599402,-2.151800699064073
-1.824710947529459,-0.6996994145429313,0.3068420074805089,0.527683539052624,1.2180808014809026,0.2447280952789648,0.8017722747240648,6,red,1.25856563800291,-1.1379430388262857
-0.7373370800723391,-0.6774759929979167,0.6323994905710134,0.527683539052624,0.6568580339898229,-0.4231458489521292,-0.8848222609153978,5,red,0.1962217205488615,-1.9003330606162954
-1.892671814245529,-0.7885931007229895,0.7680484418587238,0.4265108237645819,0.7815742045433964,1.6472633781642632,-0.8848222609153978,5,red,0.4862517291647661,-1.2493397256479992
0.6898411209651306,-0.6108057283628731,0.8223080223738075,0.8986501617754825,2.2158101659094918,0.5118776729714027,-0.0415249930956665,6,red,0.8918373974320386,-1.823247825166784
-2.164515281109809,-0.5663588852728438,0.3068420074805089,0.7974774464874405,1.5922293131416234,0.1779407008558561,-0.800492534133425,5,red,1.8218006180059314,-2.0871713495430084
-1.2130631470848288,-0.5885823068178585,0.2797122172229668,0.7974774464874405,-0.2161551598851922,0.3783028841251838,-0.8848222609153978,5,red,1.9667535042890596,-1.6939891261246554
1.1655671879776206,-0.6774759929979167,5.787059639504003,0.8986501617754825,-0.6526617568226984,3.250160844318889,-1.0534817144793436,5,red,2.0203406043137524,-0.33066037335602244
-2.028593547677669,-0.5663588852728438,0.5238803295408452,0.8986501617754825,1.342796972034476,-0.0892088768365817,-1.0534817144793436,5,red,1.6137383126086442,-1.4556836601396397
-0.8052979467884089,-0.7219228360879458,0.5510101197983872,0.8649259233461352,1.966377824802344,0.3115154897020743,-1.0534817144793436,5,red,0.8950115037951936,-1.3677861721061928
-0.7373370800723391,-0.6996994145429313,0.6052697003134714,0.8312016849167878,1.8416616542487705,0.3115154897020743,-1.0534817144793436,6,red,0.8834559378300569,-1.524306562884043
1.7092541217061803,-0.6774759929979167,1.473422988554817,0.8649259233461352,0.2203514370523139,-0.0224214824134723,-0.7161628073514522,5,red,0.7593945825270592,-0.5229047885747029
1.0976063212615506,-0.6774759929979167,0.6866590710860949,0.8986501617754825,0.7192161192666082,0.1111533064327466,-1.1378114412613178,5,red,0.29184035463311153,-1.2237216672567899
-1.484906613949109,-0.5441354637278293,0.7409186516011818,1.0335471154929097,1.0310065456505435,-0.2895710601059102,-0.7161628073514522,5,red,1.7765949775832188,-1.933000878643985
0.0781933205205009,-0.6774759929979167,0.7409186516011818,0.7637532080580931,-0.153797074608404,0.1111533064327466,-0.8848222609153978,5,red,1.0221227294116988,-0.23735675903060804
0.0102324538044309,-0.6996994145429313,0.6866590710860949,0.7637532080580931,-0.153797074608404,0.1111533064327466,-0.8848222609153978,5,red,0.9800911953521424,-0.14546571777382195
0.2141150539526407,-0.4774651990927857,0.5510101197983872,1.0335471154929097,0.0332771812219549,0.5786650673945123,-0.9691519876973708,5,red,1.182884029485778,-0.19834546790075297
-0.465493613208059,-0.6996994145429313,0.469620749025761,0.9660986386341772,2.1534520806327038,0.5786650673945123,-0.6318330805694778,6,red,-0.32809371373293417,-1.1699045703196607
-1.3489848805169689,-0.2774544051876546,1.1478655054643123,0.7974774464874405,0.3450676076058875,0.5118776729714027,-0.8848222609153978,5,red,0.9790745719143066,-0.40938924215004674
-0.7373370800723391,-0.6330291499078875,0.3882313782531347,0.6288562543406662,0.3450676076058875,0.1111533064327466,-0.7161628073514522,5,red,1.0715190996354012,-1.9875242621154285
0.0781933205205009,-0.6774759929979167,0.469620749025761,0.7637532080580931,0.1579933517755285,0.0443659120096371,-0.9691519876973708,5,red,1.3468194359230135,-0.16638393640737786
-0.1256892796277091,-0.5885823068178585,0.469620749025761,0.7637532080580931,1.46751314258805,0.3783028841251838,-0.2945141734415865,5,red,1.0368524017399905,-1.3334747207339912
1.9131367218543904,-0.6774759929979167,0.2797122172229668,1.2021683076396463,-0.7150198420994867,2.9162238722033416,-0.3788439002235593,6,red,2.1106276491095275,-1.8013922597230296
-1.6208283473812488,-0.8552633653580332,-0.2900133781854162,-0.7201132828333785,2.1534520806327038,2.1147751391260288,2.0667181764536617,7,red,1.090501619789508,-0.9395862107813233
-1.756750080813389,-0.6552525714529022,0.1169334756777144,0.0892684394710707,1.7793035689719825,-0.6902954266445667,0.717442547942092,4,red,2.966112238678597,-1.7515687160092397
1.0296454545454805,-0.810816522268004,-0.0187154756099985,0.8143395657021141,-0.0290809040548305,1.9144129558567,-0.2101844466596121,7,red,1.1765358167594682,-1.95791265050088
1.0976063212615506,-0.6552525714529022,1.0936059249492256,0.999822877063562,-1.1515264390369928,3.316948238741998,-1.0534817144793436,5,red,0.9579966868597047,0.7407768767663494
-1.416945747233039,-0.7885931007229895,0.496750539283303,0.3084759892618286,0.8439322898201819,1.7140507725873726,-0.8848222609153978,5,red,0.43266462914007264,-1.368492458640507
0.2141150539526407,-0.7663696791779749,0.8494378126313497,0.527683539052624,0.7192161192666082,0.1111533064327466,-1.1378114412613178,5,red,0.20358655671300752,-1.493051317924982
0.2820759206687107,-0.7663696791779749,0.8765676028888917,0.5445456582672977,0.7192161192666082,0.1779407008558561,-1.1378114412613178,6,red,0.24561809077256408,-1.5973982451102158
2.8645888558793704,-0.5441354637278293,1.0393463444341442,1.6405834072211996,-0.153797074608404,1.5804759837411535,0.2114641872502534,7,red,2.80725994943054,-1.90808910678709
-0.0577284129116391,-0.7219228360879458,0.333971797738051,0.5782698966966451,0.4074256928826756,-0.0224214824134723,-1.0534817144793436,5,red,1.2627563678039004,-0.08694878107903932
-0.2616110130598489,-0.5219120421828147,1.1749952957218546,0.6963047311993983,-0.0290809040548305,0.9126020395100596,-0.9691519876973708,5,red,0.7163464250296667,-0.7160865506035818
1.7772149884222503,-0.6552525714529022,-0.0729750561250798,1.1684440692102989,0.5321418634362493,2.315137322395357,-0.0415249930956665,7,red,1.8426921489860608,-2.099627235471456
1.9131367218543904,-0.6774759929979167,-0.4799219099882105,0.4433729429792555,0.4697837781594611,2.181562533549138,1.5607398157618233,6,red,2.1127851320348463,-2.179062390799795
-0.5334544799241291,-0.4996886206378002,0.7137888613436396,0.7806153272727667,0.7815742045433964,0.1779407008558561,-0.4631736270055321,6,red,2.021419345776412,-1.4448714075557045
2.1849801887186704,-0.6552525714529022,0.0626738951626302,1.1684440692102989,-0.0914389893316186,0.9126020395100596,-0.2945141734415865,6,red,2.752656225968011,-2.2288859345135847
-0.397532746491989,-0.6330291499078875,0.0898036854201723,0.4602350621939293,0.4697837781594611,-0.6902954266445667,-0.3788439002235593,5,red,1.4771047679026732,-0.6925873518153152
-1.6208283473812488,-0.5885823068178585,0.957956973661518,0.9660986386341772,0.095635266498743,1.1797516172024969,-0.6318330805694778,6,red,1.956276679786582,-1.706445012053103
1.1655671879776206,0.1225671826226075,0.0898036854201723,0.9660986386341772,0.7192161192666082,1.5136885893180445,-0.0415249930956665,5,red,0.49780729512990274,-0.07449289515059178
-1.077141413652689,-0.6774759929979167,1.2021250859793935,0.5614077774819713,-0.5279455862691249,0.2447280952789648,0.3801236408141991,5,red,1.9762137053537003,-1.487645191633015
-0.6693762133562691,-0.6330291499078875,0.4153611685106768,0.7300289696287456,0.8439322898201819,0.1111533064327466,-1.2221411680432908,5,red,2.075006445801105,-1.6667274343889336
-0.873258813504479,-0.6996994145429313,0.5238803295408452,0.3927865853352345,1.0310065456505435,0.0443659120096371,-0.7161628073514522,5,red,0.7657427952533691,-1.6690773542677604
0.0781933205205009,-0.5885823068178585,0.6323994905710134,0.6794426119847247,0.4697837781594611,0.4450902785482933,-0.8848222609153978,5,red,1.0946302315656748,0.1325573258753629
0.3500367873847808,-0.6774759929979167,0.6866590710860949,0.6288562543406662,0.7192161192666082,0.3783028841251838,-0.9691519876973708,6,red,0.29603108443410225,-0.9386488639711249
-0.397532746491989,-0.6774759929979167,1.2021250859793935,0.3927865853352345,-0.4655875009923394,0.2447280952789648,-0.9691519876973708,5,red,0.8802818314669019,-1.0820070822862138
-1.892671814245529,-0.7885931007229895,0.0084143146475463,0.2410275124031339,1.2180808014809026,0.4450902785482933,-0.8848222609153978,5,red,0.8950115037951936,-2.2911653641558227
-0.465493613208059,-0.6774759929979167,0.7137888613436396,1.21903042685432,0.3450676076058875,0.4450902785482933,-0.4631736270055321,6,red,2.0066896734481197,-1.9478066844512594
0.2820759206687107,-0.6774759929979167,0.8765676028888917,0.982960757848851,0.5321418634362493,0.2447280952789648,-0.1258547198776393,4,red,1.8574839393391773,-1.3334747207339912
-0.465493613208059,-0.5441354637278293,0.4424909587682189,0.5445456582672977,0.90629037509697,0.3115154897020743,-0.0415249930956665,6,red,0.620727790945417,-0.6777815460080409
1.2335280546936906,-0.6774759929979167,7.604755586759319,0.6288562543406662,-1.1515264390369928,7.190617115282345,-0.8848222609153978,6,red,1.9362775361946398,-0.5330107546243239
-1.2130631470848288,-0.5441354637278293,0.8765676028888917,1.3033410229276885,1.0310065456505435,0.6454524618176217,-0.6318330805694778,5,red,2.9565899195891308,-1.9703685364293275
-0.465493613208059,-0.5441354637278293,0.6595292808285554,0.7806153272727667,1.46751314258805,-0.2227836656828007,0.3801236408141991,5,red,0.5703147972838791,-1.756268555766893
-1.892671814245529,-0.7663696791779749,-0.0729750561250798,-0.618940567545299,1.966377824802344,0.5786650673945123,1.392080362197876,7,red,-0.5087920393741325,-0.5393542277264897
-1.756750080813389,-0.7219228360879458,0.5781399100559292,0.5782698966966451,0.90629037509697,-0.0892088768365817,-0.547503353787505,6,red,0.5713314207217145,-1.527362769297184
-0.8052979467884089,-0.4996886206378002,0.9036973931464336,1.1684440692102989,0.7192161192666082,1.1129642227793872,-0.800492534133425,6,red,0.7972353867856244,-1.1769543299561405
-1.552867480665179,-0.6108057283628731,0.2254526367078827,0.7806153272727667,0.5944999487130347,0.1111533064327466,-1.3064708948252637,6,red,3.2844607324636006,-1.8754212887594006
-2.164515281109809,-0.6996994145429313,1.0936059249492256,0.7468910888434194,0.90629037509697,0.3115154897020743,-1.3064708948252637,6,red,1.1934229720130798,-1.5849423591817682
-2.164515281109809,-0.6996994145429313,1.0936059249492256,0.7468910888434194,0.90629037509697,0.3115154897020743,-1.1378114412613178,6,red,1.2564702731024147,-1.5327688955891512
0.3500367873847808,-0.7441462576329604,5.597151107701208,0.8649259233461352,-1.40095878014414,3.717672605280656,-1.0534817144793436,5,red,2.1254194394626436,-1.6434592958765508
1.641293254990111,-0.6552525714529022,0.98508676391906,1.5899970495771785,-0.5279455862691249,1.1797516172024969,0.2957939140322263,6,red,2.7148154217094453,-2.077065383493388
-1.484906613949109,-0.7219228360879458,1.2292548762369382,0.3759244661205608,-0.9020940979298456,-0.2895710601059102,-0.6318330805694778,6,red,1.2512008018387637,-0.1445283709636236
0.8257628543972707,-0.6330291499078875,0.496750539283303,1.8597909570120323,-0.9644521832066338,2.0479877447029198,-1.1378114412613178,7,red,3.6078923434377836,-1.9181950728367108
-2.164515281109809,-0.6774759929979167,0.7409186516011818,1.269616784498341,2.4028844217398504,2.849436477780232,-0.547503353787505,6,red,1.3731046742164421,-2.0895212694218355
-1.6887892140973189,-0.6996994145429313,0.496750539283303,0.7806153272727667,0.9686484603737554,-0.0892088768365817,-0.8848222609153978,5,red,1.3499935422861689,-1.343580686783612
-1.0091805469366188,-0.6108057283628731,0.4153611685106768,0.5951320159113187,-0.153797074608404,-0.5567206377983478,-1.0534817144793436,5,red,1.6031993700813427,-1.2681390846786125
-1.756750080813389,-0.7441462576329604,0.469620749025761,0.5445456582672977,0.7815742045433964,-0.3563584545290197,-0.6318330805694778,6,red,1.0410431315409816,-1.7710743615741669
0.8257628543972707,-0.7663696791779749,0.1711930561927986,1.3370652613570733,-0.0290809040548305,1.6472633781642632,-0.4631736270055321,6,red,1.819581017055788,-1.5179630897818774
-2.164515281109809,-0.7219228360879458,0.469620749025761,0.8986501617754825,1.529871227864838,1.1129642227793872,-0.547503353787505,6,red,1.0137412698097168,-1.5553307475672198
1.0976063212615506,-0.4330183560027564,0.9036973931464336,1.3707894997864207,-0.3408713304387659,-0.0224214824134723,-0.0415249930956665,5,red,2.106436919308536,-2.1541506189429
0.6898411209651306,-0.6996994145429313,0.957956973661518,0.4602350621939293,0.0332771812219549,0.3783028841251838,-0.8848222609153978,5,red,2.070815716000115,-1.2253653006013023
-0.6014153466401989,-0.4107949344577419,0.4424909587682189,0.7468910888434194,0.2203514370523139,0.2447280952789648,-1.0534817144793436,5,red,1.369930567853287,-0.45686286598501025
0.3500367873847808,-0.6330291499078875,0.496750539283303,1.1684440692102989,-0.0290809040548305,0.5786650673945123,-1.1378114412613178,5,red,1.153424684829195,-2.25379770637048
-2.164515281109809,-0.6552525714529022,0.496750539283303,0.7637532080580931,1.6545873984184116,0.9126020395100596,-1.1378114412613178,5,red,1.1451053432520366,-1.4401715677980513
3.0005105893115105,-0.7219228360879458,15.038318117325842,0.7637532080580931,-1.0268102684834193,4.853058310473515,-0.9691519876973708,5,red,0.5366647228263041,-1.7360566236676513
1.0296454545454805,-0.5441354637278293,0.7680484418587238,1.7248940032946054,0.8439322898201819,1.780838167010482,-0.0415249930956665,7,red,1.3488526827986849,-1.647221788824006
-0.6014153466401989,-0.7441462576329604,0.5510101197983872,0.5782698966966451,0.4074256928826756,0.7790272506638407,-1.0534817144793436,5,red,0.3075866503992393,-1.3388808470259586
-1.892671814245529,-0.6774759929979167,0.8223080223738075,0.3759244661205608,0.7815742045433964,0.4450902785482933,-0.9691519876973708,4,red,2.536336697018391,-1.3031568225851284
-1.960632680961599,-0.7441462576329604,0.361101587995593,0.4096487045499082,0.7192161192666082,0.2447280952789648,-0.4631736270055321,5,red,1.159772897555505,-1.7811803276237879
-0.6014153466401989,-0.7219228360879458,0.5510101197983872,0.5951320159113187,0.3450676076058875,0.9126020395100596,-1.0534817144793436,5,red,0.47571278663746497,-1.090469414991322
1.1655671879776206,-0.5885823068178585,0.1983228464503406,1.809204599367974,-0.9020940979298456,2.248349927972248,0.2957939140322263,5,red,3.7393185349049283,-2.0794153033722145
1.3694497881258307,-0.7219228360879458,0.3882313782531347,0.7637532080580931,-0.153797074608404,1.2465390116256063,-0.2945141734415865,7,red,2.103262812945382,-2.251447786491654
-2.164515281109809,-0.3885715129127274,1.0664761346916862,1.9272394338707275,2.340526336463065,1.2465390116256063,-0.6318330805694778,4,red,2.6844636896646734,-0.8218460508574438
0.9616845878294108,-0.3219012482776837,0.5781399100559292,0.93237440020483,0.7815742045433964,2.181562533549138,1.898058722889716,8,red,0.39164971851835206,-1.5576806674460466
-1.892671814245529,-0.455241777547771,0.5510101197983872,1.404513738215768,2.9017491039541445,2.515499505664686,-0.9691519876973708,6,red,0.6543778654029921,-1.9999801480438757
1.3014889214097607,-0.2330075620976254,1.2835144567520225,1.7080318840799318,0.3450676076058875,2.9162238722033416,-0.3788439002235593,6,red,1.6062492403948505,-2.1689564247501742
-1.756750080813389,-0.2330075620976254,0.8223080223738075,0.6625804927700509,0.8439322898201819,0.9126020395100596,0.1271344604682791,6,red,1.2112646326797032,-0.7821284731932745
1.7772149884222503,-0.2330075620976254,0.3882313782531347,1.623721288006526,-0.0290809040548305,1.6472633781642632,-0.3788439002235593,5,red,2.0833257873782633,-1.1294807061211771
-0.8052979467884089,-0.5885823068178585,0.5238803295408452,0.9492365194195036,0.5321418634362493,0.7122398562407312,-0.9691519876973708,5,red,2.193736211815629,-1.7438126698384453
-0.941219680220549,0.4336950842528115,0.8494378126313497,1.5562728111478312,0.9686484603737554,1.5804759837411535,-0.9691519876973708,5,red,1.4382473402062725,-0.37108423755450587
0.8937237211133408,0.3003545549827242,0.4424909587682189,1.0335471154929097,0.0332771812219549,1.9144129558567,1.729399269325769,8,red,1.5516455169323216,-2.25379770637048
0.0102324538044309,0.1225671826226075,0.8223080223738075,1.5394106919331576,0.9686484603737554,1.5804759837411535,-0.0415249930956665,7,red,1.1376783890630673,-1.6317096964824178
0.8257628543972707,-0.3219012482776837,0.3882313782531347,1.3707894997864207,-0.6526617568226984,1.9144129558567,-1.0534817144793436,6,red,1.8889144128466084,-2.139344813135626
2.4568236555829506,-0.3441246698226982,8.174481182167701,0.8986501617754825,0.1579933517755285,3.650885210857546,-0.547503353787505,7,red,-0.051776754007486124,-2.2911653641558227
-1.3489848805169689,-0.455241777547771,0.2797122172229668,0.8649259233461352,0.8439322898201819,0.2447280952789648,-1.2221411680432908,5,red,0.9454244974567316,-1.477539225583394
-1.6887892140973189,-0.3663480913677128,1.2292548762369382,1.89351519544138,0.5321418634362493,1.1797516172024969,-0.6318330805694778,5,red,2.4721485364415723,-0.45898172558795286
1.5733323882740409,-0.6774759929979167,0.4424909587682189,1.7417561225092792,-0.777377927376272,1.5136885893180445,-0.2101844466596121,6,red,3.0090361601263402,-1.0110342596629835
-1.3489848805169689,-0.455241777547771,0.957956973661518,0.7300289696287456,0.90629037509697,1.1129642227793872,-0.2101844466596121,6,red,0.3874589887173612,-0.8023404052925163
-1.552867480665179,-0.5663588852728438,0.930827183403976,1.0335471154929097,0.7192161192666082,2.181562533549138,0.0428047336863063,7,red,1.5348825977283576,-1.20962214798383
1.4374106548419008,-0.3885715129127274,1.3106442470095645,2.180171222090795,-0.153797074608404,2.7826490833571227,-1.1378114412613178,5,red,2.668593157848898,-0.08295522785570028
1.0976063212615506,-0.6774759929979167,7.767534328304569,1.1347198307809516,0.4697837781594611,1.1797516172024969,-0.0415249930956665,5,red,1.4223768083904964,-2.151800699064073
-0.6014153466401989,-0.5219120421828147,0.930827183403976,1.6405834072211996,-0.0290809040548305,0.7122398562407312,-0.2101844466596121,6,red,2.5719579003268134,-1.301513189240616
-0.465493613208059,-0.5885823068178585,1.1207357152067705,0.6288562543406662,1.1557227162041173,0.4450902785482933,-0.3788439002235593,6,red,-0.1021897476690243,-2.2164300485851376
1.3694497881258307,-0.4107949344577419,1.012216554176602,2.315068175808259,-1.0891683537602077,1.847625561433592,-0.8848222609153978,6,red,3.2433215857922324,-1.2789513372625474
0.9616845878294108,-0.5663588852728438,0.4424909587682189,1.8766530762266689,-1.0891683537602077,0.7122398562407312,-0.8848222609153978,5,red,2.5761486301278036,-2.0794153033722145
0.3500367873847808,-0.5441354637278293,0.7951782321162655,1.2021683076396463,-0.4032294157155512,-0.0892088768365817,-0.547503353787505,5,red,3.8560150540437794,-0.7097430775014161
-1.756750080813389,-0.6774759929979167,0.7137888613436396,1.3539273805717469,2.7770329334005712,1.3133264060487158,-0.800492534133425,5,red,1.1398358719883863,-1.935350798522812
-2.028593547677669,-0.6108057283628731,1.012216554176602,1.6068591687918523,2.7770329334005712,1.780838167010482,-0.7161628073514522,5,red,1.2774860401321928,-2.0295917596584245
-1.756750080813389,-0.6552525714529022,0.6323994905710134,1.320203142142362,2.839391018677359,1.1797516172024969,-0.800492534133425,5,red,1.2007878081772263,-1.8855272548090216
-1.756750080813389,-0.5441354637278293,0.7951782321162655,0.6625804927700509,0.9686484603737554,0.3783028841251838,0.1271344604682791,6,red,0.933868931491595,-1.2719015776260676
1.0976063212615506,-0.7885931007229895,0.3068420074805089,0.93237440020483,-0.0290809040548305,0.7122398562407312,-0.3788439002235593,6,red,1.3919008402960766,-2.1494507791852464
-1.3489848805169689,-0.5441354637278293,0.957956973661518,1.6405834072211996,1.7793035689719825,1.2465390116256063,-0.4631736270055321,5,red,2.098117577731379,-1.7889363737945823
-1.3489848805169689,-0.7663696791779749,3.50815725787047,0.4939593006232766,1.0310065456505435,0.0443659120096371,-0.8848222609153978,5,red,1.4687233083006928,-2.1541506189429
1.9131367218543904,-0.6552525714529022,1.5005527788123565,0.93237440020483,-0.153797074608404,-0.0892088768365817,-1.1378114412613178,5,red,1.9205312404285122,-1.016671446230835
1.0976063212615506,-0.5663588852728438,0.1711930561927986,1.7754803609386265,-0.6526617568226984,0.3783028841251838,-1.0534817144793436,6,red,2.4343077321830067,-2.0646094975649403
0.0102324538044309,-0.6330291499078875,0.6866590710860949,0.6963047311993983,0.8439322898201819,-0.0892088768365817,-0.9691519876973708,5,red,1.365739838052296,-1.6636712279757926
0.6898411209651306,-0.5885823068178585,4.240661594824106,1.6405834072211996,-0.2161551598851922,0.5786650673945123,-0.8848222609153978,6,red,1.9299293234683295,-2.2016242427778634
0.8257628543972707,-0.5885823068178585,4.267791385081648,1.6405834072211996,-0.2161551598851922,0.6454524618176217,-0.8848222609153978,6,red,2.013992391587442,-2.2662535922989275
0.4179976541008508,-0.7441462576329604,0.1440632659352565,0.7637532080580931,1.1557227162041173,-0.0224214824134723,-0.8848222609153978,6,red,-0.1284749859624531,-1.8831773349301948
-0.5334544799241291,-0.6774759929979167,0.4153611685106768,0.4939593006232766,0.282709522329102,0.0443659120096371,-0.9691519876973708,6,red,1.1482173315903683,-0.7106804243116143
-0.0577284129116391,-0.4996886206378002,0.98508676391906,1.21903042685432,0.5944999487130347,0.6454524618176217,-0.8848222609153978,6,red,1.443454693445099,-0.63900131515407
-0.1256892796277091,-0.455241777547771,0.5238803295408452,1.0335471154929097,0.4697837781594611,-0.0224214824134723,-0.9691519876973708,5,red,1.2711378274058818,0.25875981850435076
-0.1936501463437792,-0.5441354637278293,0.8223080223738075,0.6457183735553398,1.0310065456505435,0.9793894339331692,0.3801236408141991,5,red,0.16574575245444204,-0.684831305644521
-0.1936501463437792,-0.5663588852728438,1.0664761346916862,0.5614077774819713,1.2180808014809026,0.7790272506638407,0.3801236408141991,6,red,-0.037047081679194495,-1.1597986042700397
-0.6014153466401989,-0.3663480913677128,1.2292548762369382,1.7080318840799318,0.4697837781594611,0.7790272506638407,-0.3788439002235593,5,red,2.1852926341888232,0.0011797672302916071
-1.3489848805169689,-0.4774651990927857,0.6866590710860949,1.3876516190010943,0.4697837781594611,0.7122398562407312,-0.1258547198776393,6,red,3.0679548494395084,-0.5010492231309488
0.4859585208169208,-0.4107949344577419,0.7137888613436396,1.471962215074463,0.90629037509697,1.1797516172024969,0.8017722747240648,7,red,2.7127821748337744,-1.0453457110351851
-0.397532746491989,-0.3663480913677128,0.9036973931464336,1.7586182417239529,0.095635266498743,0.5786650673945123,-0.7161628073514522,5,red,2.2346890044125254,-0.5377105943819773
-1.824710947529459,-0.6108057283628731,0.6052697003134714,0.9492365194195036,0.4074256928826756,0.6454524618176217,-1.0534817144793436,5,red,1.4729140381016828,-2.151800699064073
0.6898411209651306,-0.4996886206378002,0.9036973931464336,1.50568645350381,0.3450676076058875,1.1129642227793872,-0.8848222609153978,6,red,2.6864969365403453,-0.31491722073854994
-0.8052979467884089,1.322631946053394,0.3882313782531347,2.348792414237607,-0.4032294157155512,1.0461768283562778,-1.1378114412613178,6,red,2.1054202958707005,-1.4751893057045673
2.3209019221508105,-0.3107895375051764,1.7447208911302372,1.1009955923516042,-1.0891683537602077,1.3801138004718252,0.8017722747240648,7,red,3.130940032504019,-2.2016242427778634
1.2335280546936906,-0.1218904543725526,1.3649038275246486,1.1684440692102989,0.3450676076058875,1.98120035027981,0.8017722747240648,5,red,2.0560239256469988,-2.25379770637048
2.0490584552865303,-0.5441354637278293,0.6866590710860949,1.910377314656016,-0.4032294157155512,0.9126020395100596,-0.7161628073514522,6,red,3.0026879474000308,-2.1144330412787307
0.4859585208169208,-0.6774759929979167,0.1169334756777144,1.2021683076396463,-0.2785132451619777,0.5786650673945123,-0.8848222609153978,5,red,2.354435393864884,-2.1494507791852464
2.1849801887186704,-0.4774651990927857,1.7718506813877792,1.1684440692102989,0.0332771812219549,0.8458146450869501,1.6450695425437962,6,red,1.666184553145853,-1.706445012053103
-0.2616110130598489,-0.4107949344577419,0.2525824269654248,0.93237440020483,-0.0290809040548305,0.0443659120096371,-0.9691519876973708,6,red,1.4119621019128434,-0.36027198497057084
-1.6208283473812488,-0.6552525714529022,1.3106442470095645,0.4265108237645819,-0.590303671545913,-0.0892088768365817,0.3801236408141991,5,red,1.5422474338925043,-1.4307718882827447
-2.0965544143937387,-0.5663588852728438,0.5781399100559292,0.5951320159113187,0.7192161192666082,1.3801138004718252,0.9704317282880104,7,red,1.6525957403050457,-1.4657896261892605
1.4374106548419008,-0.3663480913677128,1.934629422933032,1.5731349303625048,-0.3408713304387659,2.0479877447029198,1.392080362197876,7,red,3.9852216445607804,-2.0747154636145613
0.8937237211133408,-0.6996994145429313,-0.127234636640164,0.0892684394710707,0.7815742045433964,1.1129642227793872,1.6450695425437962,6,red,1.2637729912417366,-2.176712470920968
0.0102324538044309,-0.4996886206378002,0.6323994905710134,0.9660986386341772,0.5321418634362493,0.7122398562407312,-0.2101844466596121,5,red,0.6743148909701102,-0.7400609756502785
1.7772149884222503,-0.455241777547771,1.2563846664944802,2.1127227452321,-0.4032294157155512,3.1165860554726703,0.8017722747240648,6,red,3.39151069646334,-0.26908723024809894
1.5053715215579708,-0.6108057283628731,0.6866590710860949,1.7417561225092792,-0.7150198420994867,5.52093225470461,-0.6318330805694778,7,red,2.5624355812373474,-1.7764804878661349
1.2335280546936906,-0.5885823068178585,0.2525824269654248,1.8429288377973208,-0.6526617568226984,4.31875915508864,-1.1378114412613178,6,red,2.653863485520606,-1.9555627306220535
1.0976063212615506,-0.5219120421828147,0.2254526367078827,0.8986501617754825,-0.0914389893316186,2.248349927972248,0.6331128211601191,6,red,2.132722157601965,-2.1915182767282424
1.0296454545454805,-0.7219228360879458,1.663331520357611,1.2358925460689938,0.4697837781594611,1.4469011948949346,-0.6318330805694778,6,red,2.167388855497376,-2.2016242427778634
1.2335280546936906,-0.5441354637278293,0.6866590710860949,2.0452742683734053,-0.6526617568226984,1.6472633781642632,0.1271344604682791,6,red,3.4598274688163246,-1.9774182960658078
-2.164515281109809,-0.6996994145429313,0.2797122172229668,1.1347198307809516,2.340526336463065,1.847625561433592,-0.547503353787505,5,red,1.3174222092912544,-0.24088819170217896
-2.028593547677669,-0.5219120421828147,0.4153611685106768,0.3253381084765397,2.2158101659094918,2.3819247168184665,1.4764100889798504,7,red,1.649483751966714,-1.5156131699030506
2.3888627888668807,-0.455241777547771,0.98508676391906,1.3707894997864207,-1.2762426095905663,2.6490742945109047,1.2234209086339305,6,red,4.141730096809046,-2.189168356849416
-0.0577284129116391,-0.4996886206378002,0.8765676028888917,1.1347198307809516,-0.7150198420994867,2.5822869000877957,-0.4631736270055321,6,red,2.1852926341888232,-1.445577694090019
-2.164515281109809,-0.5441354637278293,0.98508676391906,1.6405834072211996,0.8439322898201819,2.181562533549138,-0.9691519876973708,6,red,2.863066650405377,-1.8286539514587514
-0.6693762133562691,-0.5219120421828147,1.3649038275246486,1.9778257915147108,0.3450676076058875,2.9830112666264514,-0.547503353787505,6,red,3.23709760911557,-1.5156131699030506
-2.164515281109809,-0.5441354637278293,1.0664761346916862,1.6405834072211996,0.7815742045433964,1.98120035027981,-0.9691519876973708,6,red,2.9050981844649333,-1.8535657233156466
-2.164515281109809,-0.5885823068178585,0.9036973931464336,0.9660986386341772,0.282709522329102,1.3133264060487158,-1.0534817144793436,5,red,1.6084688413449937,-2.059909657807287
3.2043931894597204,-0.0552201897375089,1.7175911008726952,2.449965129525649,-0.2785132451619777,1.5804759837411535,2.0667181764536617,5,red,4.149094932973192,-0.7417046089947912
0.553919387532991,-0.810816522268004,0.2525824269654248,-1.1248041439855845,0.1579933517755285,0.3783028841251838,1.1390911818519576,6,red,-1.1613595587599177,1.0494709618315539
-2.0965544143937387,-0.5885823068178585,0.5781399100559292,0.3253381084765397,2.0287359100791296,0.5118776729714027,1.898058722889716,6,red,1.4298658806042905,-1.5405249417599456
1.3694497881258307,-0.455241777547771,0.6323994905710134,1.8766530762266689,0.2203514370523139,2.315137322395357,0.3801236408141991,5,red,2.5729745237646484,-0.7774286334356214
2.3209019221508105,-0.4663534883202783,1.6090719398425242,0.8312016849167878,0.095635266498743,1.4469011948949346,0.9704317282880104,7,red,2.079135057577272,-1.7764804878661349
2.3209019221508105,-0.4330183560027564,1.4191634080397326,1.8429288377973208,-0.4655875009923394,2.1147751391260288,-0.1258547198776393,7,red,2.8713859919825344,-1.9306509587651584
2.3209019221508105,-0.5441354637278293,0.8494378126313497,2.180171222090795,-0.3408713304387659,0.9793894339331692,-0.6318330805694778,6,red,3.036338021857605,-1.706445012053103
-0.6014153466401989,-0.6774759929979167,1.1478655054643123,0.93237440020483,-0.2161551598851922,1.1129642227793872,-0.9691519876973708,5,red,2.023514710676907,-1.0493392642585244
-0.0577284129116391,-0.5441354637278293,0.7951782321162655,1.2358925460689938,0.90629037509697,2.515499505664686,-0.547503353787505,6,red,1.1870747592867692,-1.157448684391213
2.3209019221508105,-0.5663588852728438,0.4153611685106768,1.5731349303625048,-1.0891683537602077,0.1779407008558561,-0.4631736270055321,5,red,3.5018590028758814,-1.91513886642357
2.117019322002601,-0.6774759929979167,0.3882313782531347,1.4382379766451154,-1.4633168654209254,2.248349927972248,-0.2945141734415865,5,red,3.3190031943093636,-2.189168356849416
2.3209019221508105,0.1670140257126366,0.7137888613436396,2.5848620832430385,-0.9644521832066338,1.3133264060487158,-0.4631736270055321,7,red,4.131253272306569,-1.813141859117163
1.2335280546936906,-0.3663480913677128,1.3649038275246486,1.1347198307809516,0.2203514370523139,2.6490742945109047,1.0547614550699849,6,red,1.8111995574538058,-2.0747154636145613
1.9810975885704605,-0.5441354637278293,0.5238803295408452,1.8429288377973208,-0.4032294157155512,1.0461768283562778,-1.3064708948252637,5,red,2.677036735475704,-1.8784774951725414
1.3694497881258307,-0.4996886206378002,2.7756529209168352,1.7754803609386265,-0.2785132451619777,0.7122398562407312,-0.9691519876973708,5,red,1.6357085850514346,-1.0843570021650404
1.4374106548419008,-0.5885823068178585,0.469620749025761,0.5614077774819713,-0.153797074608404,3.984822182973092,1.2234209086339305,7,red,0.8592039464122996,-2.151800699064073
-2.028593547677669,-0.6108057283628731,0.1711930561927986,0.999822877063562,2.1534520806327038,1.6472633781642632,-0.547503353787505,5,red,1.6000873817430121,-0.43947608002302524
0.553919387532991,-0.7663696791779749,-0.0187154756099985,0.7300289696287456,0.5944999487130347,2.248349927972248,-1.5594600751711836,6,red,-0.07069715613676893,-1.8660216092440942
1.0976063212615506,-0.7219228360879458,0.2797122172229668,0.7300289696287456,0.5944999487130347,3.383735633165108,0.0428047336863063,6,red,0.7404741803977759,-1.008684339784157
-0.6693762133562691,-0.6330291499078875,1.3377740372671063,0.4602350621939293,-1.0891683537602077,0.6454524618176217,-1.1378114412613178,5,red,0.9643448995860149,-1.240877392942891
2.117019322002601,-0.2774544051876546,0.8765676028888917,2.315068175808259,-1.3386006948673546,1.847625561433592,0.2114641872502534,6,red,3.91265202438198,-1.790580007139095
2.66070625573116,-0.1441138759175671,1.8261102619028635,1.3033410229276885,-1.3386006948673546,1.98120035027981,1.0547614550699849,7,red,3.119384466538883,-2.189168356849416
1.2335280546936906,-0.455241777547771,0.5781399100559292,1.9441015530853636,0.2203514370523139,3.8512473941268746,0.3801236408141991,6,red,2.7411006600028744,-1.2742514975048942
2.3209019221508105,0.255907711892695,0.8494378126313497,1.4382379766451154,-0.7150198420994867,3.049798661049561,2.3197073567995816,6,red,3.423065406020419,-2.077065383493388
0.4179976541008508,-0.5663588852728438,1.012216554176602,1.1347198307809516,0.5321418634362493,1.1129642227793872,0.2114641872502534,6,red,0.9002188570340205,-0.9137370921142299
0.6898411209651306,-0.6774759929979167,0.6323994905710134,0.9660986386341772,-0.0914389893316186,1.780838167010482,-0.9691519876973708,6,red,0.2277143120811174,-1.841109837387199
2.4568236555829506,-0.4774651990927857,0.7680484418587238,2.315068175808259,-1.0268102684834193,1.780838167010482,-0.4631736270055321,6,red,3.772906491337678,-1.403510196547023
-0.2616110130598489,-0.6552525714529022,0.8223080223738075,1.1684440692102989,1.2180808014809026,1.3801138004718252,-1.1378114412613178,5,red,0.9569800634218688,-1.0281899853490843
-1.6887892140973189,-0.5885823068178585,0.9036973931464336,1.1347198307809516,1.2804388867576908,1.5136885893180445,-0.7161628073514522,6,red,1.3005971720624665,-1.7165509781027237
-0.397532746491989,-0.6774759929979167,0.8494378126313497,1.2021683076396463,1.1557227162041173,1.3801138004718252,-1.1378114412613178,6,red,1.1366617656252314,-1.1029253009197695
-1.145102280368759,-0.6996994145429313,0.6052697003134714,0.8986501617754825,0.5321418634362493,0.0443659120096371,-0.800492534133425,6,red,1.9089756744633755,-1.4159660824754705
-0.397532746491989,-0.6996994145429313,0.8494378126313497,1.2021683076396463,1.2804388867576908,1.3801138004718252,-1.1378114412613178,6,red,0.8004094931487796,-1.040645871277532
-0.0577284129116391,-0.5663588852728438,1.0664761346916862,1.2358925460689938,-0.2161551598851922,1.1129642227793872,-0.4631736270055321,7,red,1.4287250211168068,-1.368492458640507
-1.824710947529459,-0.810816522268004,-0.3171431684429583,-0.7201132828333785,2.0910939953559176,1.9144129558567,1.982388449671689,8,red,1.2607231209282295,-1.0415832180877302
1.3694497881258307,-0.6774759929979167,0.6866590710860949,1.1684440692102989,-0.2785132451619777,-0.1559962712596912,-0.8848222609153978,5,red,1.3331063870325572,-2.052153611636493
1.9810975885704605,-0.6774759929979167,1.5005527788123565,0.8312016849167878,-0.4032294157155512,0.0443659120096371,-1.2221411680432908,5,red,1.9835785415178468,-0.9146744389244283
2.2529410554347407,-0.6108057283628731,0.1711930561927986,1.7417561225092792,-1.213884524313781,0.2447280952789648,-0.547503353787505,5,red,4.01461887119254,-2.0646094975649403
3.0005105893115105,-0.1885607190075962,0.2525824269654248,1.9778257915147108,-0.0290809040548305,0.4450902785482933,2.0667181764536617,7,red,2.6727838876498886,-1.862965402830953
-2.028593547677669,0.6337058781579427,1.7718506813877792,1.6405834072211996,1.529871227864838,-0.0224214824134723,-0.547503353787505,5,red,1.3132314794902626,1.6310130245298602
1.8451758551383204,-0.5441354637278293,0.8223080223738075,1.4382379766451154,-0.2785132451619777,0.7790272506638407,0.3801236408141991,6,red,3.329542136836665,-1.487645191633015
-0.6693762133562691,-0.6108057283628731,0.1983228464503406,0.5951320159113187,-0.777377927376272,0.1111533064327466,-0.9691519876973708,5,red,2.5646551821874906,-1.7337067037888245
-0.1256892796277091,-0.7441462576329604,0.0626738951626302,0.1229926779004181,0.4074256928826756,-0.4231458489521292,0.2114641872502534,6,red,-0.09380828806704263,-1.3466368931967527
1.5053715215579708,-0.5441354637278293,0.7680484418587238,1.8429288377973208,-0.777377927376272,0.5118776729714027,-0.0415249930956665,6,red,3.242304962354396,-1.0625014367212862
1.1655671879776206,-0.5219120421828147,0.7680484418587238,1.6405834072211996,-0.4655875009923394,0.6454524618176217,-0.0415249930956665,6,red,3.3179865708715277,-1.706445012053103
-1.824710947529459,-0.5219120421828147,0.496750539283303,0.9660986386341772,0.2203514370523139,0.5118776729714027,-1.2221411680432908,5,red,1.7135476764938848,-1.682239526730522
0.9616845878294108,-0.810816522268004,0.0626738951626302,0.6963047311993983,0.8439322898201819,1.5136885893180445,-0.3788439002235593,6,red,0.652220382477672,-1.8660216092440942
1.0296454545454805,-0.5663588852728438,0.1711930561927986,1.2021683076396463,0.095635266498743,0.7790272506638407,0.2114641872502534,6,red,1.7880884255235328,-1.90808910678709
2.3209019221508105,-0.455241777547771,0.98508676391906,1.7080318840799318,-0.2785132451619777,0.6454524618176217,0.2114641872502534,7,red,2.7568469557690016,-1.764024601937687
1.7772149884222503,-0.2996778267326691,3.1825997747799653,0.8312016849167878,-0.2161551598851922,1.1129642227793872,0.6331128211601191,6,red,1.6892956850761283,-2.176712470920968
1.1655671879776206,-0.1218904543725526,0.361101587995593,1.2021683076396463,-1.0891683537602077,0.2447280952789648,-0.800492534133425,4,red,3.3190031943093636,-0.9713166819988143
0.146154187236571,-0.5663588852728438,0.6323994905710134,1.404513738215768,0.9686484603737554,0.5786650673945123,-0.8848222609153978,6,red,1.3173600912664296,-0.5104489026462555
0.2141150539526407,-0.5885823068178585,0.6323994905710134,1.404513738215768,0.9686484603737554,0.5786650673945123,-0.8848222609153978,5,red,1.4550102594102354,-0.7292487230663436
-1.077141413652689,-0.6996994145429313,1.1749952957218546,0.6963047311993983,0.282709522329102,0.7122398562407312,-1.0534817144793436,5,red,1.581166979613729,-1.0594452303081452
1.4374106548419008,0.3670248196177678,1.0936059249492256,1.3707894997864207,0.282709522329102,1.9144129558567,0.9704317282880104,7,red,1.6735493893100002,-2.139344813135626
0.146154187236571,-0.5219120421828147,0.8223080223738075,1.2358925460689938,0.2203514370523139,0.5118776729714027,-0.8848222609153978,5,red,1.5884696977530517,-0.14147216455048278
-0.5334544799241291,0.3448013980727531,1.6362017301000662,2.315068175808259,0.5944999487130347,3.5840978164344364,-1.0534817144793436,5,red,2.3429419459245713,0.2860215102400724
2.1849801887186704,-0.6330291499078875,1.473422988554817,0.8312016849167878,0.2203514370523139,0.8458146450869501,0.9704317282880104,6,red,2.3849113619593036,-2.126888927207178
-1.3489848805169689,-0.6996994145429313,0.930827183403976,0.3590623469058871,1.342796972034476,-0.3563584545290197,-0.0415249930956665,5,red,0.8760911016659108,0.28061538394810487
1.3014889214097607,-0.6774759929979167,1.7447208911302372,1.7080318840799318,0.095635266498743,1.5136885893180445,-0.1258547198776393,6,red,2.6612283216847525,-2.0871713495430084
-2.164515281109809,-0.7219228360879458,0.2525824269654248,1.0335471154929097,2.4652425070166384,0.9793894339331692,-0.547503353787505,5,red,1.567516048748097,-0.6162084029001176
0.0781933205205009,-0.5885823068178585,0.8765676028888917,0.8986501617754825,0.3450676076058875,1.3133264060487158,1.0547614550699849,7,red,2.13170553416413,-0.3896525363092352
-1.960632680961599,-0.6108057283628731,0.0626738951626302,0.2241653931884602,1.8416616542487705,0.1779407008558561,1.4764100889798504,7,red,1.7545625871156054,-0.7454671019422462
-0.8052979467884089,-0.6774759929979167,-0.2628835879278742,0.3253381084765397,0.8439322898201819,-0.6235080322214572,0.2957939140322263,5,red,2.848399096101909,-1.2711952910917534
1.0296454545454805,-0.6552525714529022,0.2525824269654248,1.1009955923516042,-0.4655875009923394,2.448712111241576,0.3801236408141991,7,red,1.322567444505256,-2.077065383493388
-1.6208283473812488,-0.6552525714529022,-0.3171431684429583,0.1229926779004181,1.6545873984184116,-0.2895710601059102,0.717442547942092,6,red,0.93285230805376,-1.2617956115764466
-0.6693762133562691,-0.6996994145429313,0.5510101197983872,1.4382379766451154,0.2203514370523139,0.1779407008558561,0.0428047336863063,6,red,3.0563992834743723,-1.9774182960658078
0.0781933205205009,-0.8330399438130187,0.361101587995593,1.1009955923516042,0.095635266498743,0.4450902785482933,-1.0534817144793436,5,red,1.7492309978271308,-1.8831773349301948
2.117019322002601,-0.5885823068178585,0.8494378126313497,1.7417561225092792,-0.777377927376272,0.4450902785482933,-0.1258547198776393,6,red,5.07696278864659,-1.6620275946312801
0.2141150539526407,-0.6330291499078875,0.469620749025761,0.9660986386341772,0.1579933517755285,0.1779407008558561,-1.1378114412613178,5,red,1.1786932996847879,-0.9581545095360525
2.52478452229902,-0.6108057283628731,0.5781399100559292,0.4265108237645819,-1.40095878014414,0.7790272506638407,1.898058722889716,6,red,2.619196787625196,-1.8387599175083722
2.117019322002601,-0.6108057283628731,0.930827183403976,1.9778257915147108,-0.4032294157155512,-0.2895710601059102,-0.8848222609153978,5,red,2.9176082558430823,-2.151800699064073
1.5733323882740409,-0.4107949344577419,0.5238803295408452,1.7080318840799318,-0.4655875009923394,2.3819247168184665,-0.547503353787505,6,red,1.9835164234930232,-1.0679075630132537
-0.1256892796277091,-0.6774759929979167,0.0898036854201723,0.4265108237645819,0.2203514370523139,0.1779407008558561,-0.2945141734415865,6,red,1.790245908448852,-0.33277923295896494
2.7966279891633,-0.4107949344577419,0.2525824269654248,1.3707894997864207,-0.3408713304387659,0.8458146450869501,0.5487830943781448,6,red,2.5267522599041006,-2.101977155350283
-0.941219680220549,-0.7885931007229895,0.1440632659352565,0.1904411547591128,-0.9020940979298456,0.4450902785482933,-1.0534817144793436,5,red,1.0442172379041368,-1.7134947716895825
2.7286671224472303,-0.6330291499078875,0.4153611685106768,1.404513738215768,-2.1492558034655813,1.9144129558567,-0.6318330805694778,8,red,2.74211728344071,-2.014785953851151
2.2529410554347407,-0.6441408606803949,0.3068420074805089,1.4382379766451154,-1.0268102684834193,0.9793894339331692,0.6331128211601191,6,red,2.745291389803865,-1.9999801480438757
3.0005105893115105,-0.2996778267326691,1.1749952957218546,2.922104467536587,-1.7127492065280725,0.9793894339331692,0.5487830943781448,7,red,5.925912811414876,-1.8404035508528849
1.1655671879776206,-0.5219120421828147,0.5510101197983872,0.5951320159113187,0.0332771812219549,0.6454524618176217,0.8861020015060377,7,red,1.8952626255729188,-1.9407569248147793
-2.0965544143937387,-0.7441462576329604,-0.0729750561250798,-0.3828708985398674,2.1534520806327038,2.0479877447029198,1.6450695425437962,7,red,-0.0769211328134315,-2.0794153033722145
-1.484906613949109,-0.6552525714529022,0.6052697003134714,1.3707894997864207,0.0332771812219549,0.1779407008558561,-0.3788439002235593,6,red,2.8672573802063677,-1.9898741819942554
1.9131367218543904,-0.5441354637278293,0.6595292808285554,1.7080318840799318,-0.777377927376272,1.3133264060487158,-0.0415249930956665,5,red,2.982750921832912,-0.48624341732367465
-0.1936501463437792,-0.6552525714529022,1.9074996326754896,0.7637532080580931,-0.0290809040548305,1.2465390116256063,0.5487830943781448,5,red,1.688279061638292,-2.176712470920968
-0.6693762133562691,-0.6774759929979167,1.1749952957218546,0.7300289696287456,-0.153797074608404,0.1779407008558561,-0.2945141734415865,6,red,1.5233270317632208,-1.9999801480438757
2.52478452229902,-0.4996886206378002,1.0393463444341442,1.6405834072211996,-0.777377927376272,0.5118776729714027,0.2114641872502534,6,red,2.703259855744309,-1.5031572839746028
1.4374106548419008,-0.7219228360879458,9.666619646332514,1.1347198307809516,-1.0268102684834193,3.517310422011327,-1.2221411680432908,6,red,0.7436482867609313,-1.933000878643985
-1.960632680961599,-0.7441462576329604,0.7409186516011818,0.7637532080580931,1.342796972034476,0.6454524618176217,-0.4631736270055321,6,red,0.6848538334974117,-1.4634397063104336
2.117019322002601,-0.4996886206378002,0.7409186516011818,1.7754803609386265,0.2203514370523139,1.3801138004718252,0.5487830943781448,7,red,1.6472641510165718,-2.141694733014452
0.553919387532991,-0.7663696791779749,0.1711930561927986,0.2241653931884602,1.716945483695197,0.6454524618176217,0.464453367596172,5,red,-0.5950125904185649,-0.945698623607605
2.3888627888668807,0.0336734964425493,0.7951782321162655,1.4382379766451154,-0.0290809040548305,1.0461768283562778,2.4040370835815548,8,red,3.3484625389659475,-2.139344813135626
0.4859585208169208,-0.6108057283628731,1.0393463444341442,1.3707894997864207,0.90629037509697,0.3115154897020743,-0.2101844466596121,5,red,1.9362775361946398,-2.141694733014452
-0.7373370800723391,-0.5219120421828147,1.0936059249492256,1.4382379766451154,0.3450676076058875,0.3115154897020743,-0.800492534133425,5,red,2.2651649725069447,-0.6528697741511459
2.3209019221508105,-0.6330291499078875,0.469620749025761,2.1127227452321,0.1579933517755285,0.2447280952789648,-1.3064708948252637,3,red,3.341097702801801,-1.6317096964824178
1.3694497881258307,-0.6108057283628731,0.7137888613436396,1.0335471154929097,0.7815742045433964,0.5118776729714027,0.6331128211601191,6,red,1.4245342913158159,-1.7717806481084812
-0.6693762133562691,-0.5441354637278293,0.8223080223738075,1.2358925460689938,0.2203514370523139,0.5118776729714027,-1.0534817144793436,5,red,1.7198337711953715,-2.139344813135626
2.4568236555829506,-0.5552471745003367,0.7680484418587238,0.8312016849167878,-0.2785132451619777,0.5118776729714027,1.0547614550699849,5,red,1.674566012747835,-1.9057391869082634
2.59274538901509,-0.6330291499078875,1.1207357152067705,0.8986501617754825,-0.9020940979298456,-0.0224214824134723,-1.3064708948252637,5,red,1.8018014744139883,-0.01456338538718081
1.5053715215579708,-0.6552525714529022,0.7409186516011818,1.404513738215768,-1.5256749506977136,1.1129642227793872,-1.1378114412613178,6,red,2.1736749501988624,-2.2288859345135847
0.553919387532991,-0.4774651990927857,1.1207357152067705,2.0452742683734053,1.5922293131416234,2.515499505664686,-0.7161628073514522,5,red,1.2647896146795718,-1.8932833009798158
0.6898411209651306,-0.6774759929979167,0.333971797738051,1.2358925460689938,-0.4032294157155512,1.2465390116256063,0.8017722747240648,6,red,2.3082131300043374,-1.1449927984627655
0.8937237211133408,-0.5441354637278293,0.2254526367078827,0.0555442010417233,0.5944999487130347,1.7140507725873726,2.910015444273393,6,red,1.3362804933957129,-2.1120831213999036
2.52478452229902,-0.6552525714529022,0.9036973931464336,1.8429288377973208,-0.3408713304387659,0.5786650673945123,-1.1378114412613178,6,red,2.309229753442173,-2.1144330412787307
-2.028593547677669,-0.8552633653580332,0.361101587995593,0.2241653931884602,-0.153797074608404,0.3115154897020743,-0.6318330805694778,5,red,2.7958286195150506,-0.5865967912855692
2.2529410554347407,-0.5441354637278293,0.98508676391906,1.7080318840799318,-1.0891683537602077,0.5118776729714027,0.0428047336863063,5,red,2.9984972175990396,-1.4331218081615713
0.6898411209651306,-0.5885823068178585,0.6595292808285554,0.8312016849167878,-0.153797074608404,1.1797516172024969,0.717442547942092,6,red,2.10122956606971,-0.973666601877641
1.5733323882740409,-0.5441354637278293,0.7137888613436396,1.6743076456505843,-0.4655875009923394,1.9144129558567,-0.1258547198776393,6,red,2.9407193877733553,-0.7743724270224803
1.5733323882740409,-0.6552525714529022,0.1440632659352565,0.8649259233461352,0.2203514370523139,1.7140507725873726,0.0428047336863063,5,red,1.4633917190122177,-2.241341820442033
1.3014889214097607,-0.7441462576329604,0.6323994905710134,1.2358925460689938,-0.153797074608404,2.3819247168184665,-0.9691519876973708,6,red,1.490693580743482,-1.9181950728367108
-0.5334544799241291,-0.6330291499078875,0.8223080223738075,1.4382379766451154,-0.5279455862691249,0.4450902785482933,-0.2945141734415865,5,red,2.6896710429035005,-2.0669594174437673
0.6218802542490606,-0.6774759929979167,0.930827183403976,1.1684440692102989,0.3450676076058875,1.1129642227793872,-0.7161628073514522,5,red,0.8056168463876066,-2.176712470920968
1.1655671879776206,-0.7219228360879458,0.496750539283303,1.067271353922257,-0.2785132451619777,3.517310422011327,0.3801236408141991,6,red,1.2689803444805634,-2.126888927207178
-1.416945747233039,-0.5219120421828147,0.5510101197983872,1.3033410229276885,-0.2161551598851922,1.1129642227793872,-0.3788439002235593,6,red,2.6035126098838925,-1.9898741819942554
0.4859585208169208,2.3226859155790494,0.333971797738051,2.719759036960428,-0.6526617568226984,0.8458146450869501,-1.1378114412613178,5,red,1.544280680768175,-2.0895212694218355
1.641293254990111,-0.4996886206378002,0.6323994905710134,0.6288562543406662,-0.4655875009923394,2.5822869000877957,0.9704317282880104,8,red,0.9852985485909689,-2.1642565849925206
1.8451758551383204,-0.6330291499078875,2.5857443891140406,1.3707894997864207,-1.1515264390369928,3.450523027588217,-0.9691519876973708,5,red,1.8805329532446264,-2.151800699064073
1.9131367218543904,-0.6330291499078875,2.5857443891140406,1.3707894997864207,-1.1515264390369928,3.517310422011327,-0.9691519876973708,5,red,1.8805329532446264,-2.1120831213999036
2.4568236555829506,-0.2107841405526109,1.554812359327443,0.8312016849167878,-1.0268102684834193,0.8458146450869501,2.4040370835815548,6,red,2.216785225721078,-2.077065383493388
0.4859585208169208,-0.6996994145429313,-0.0729750561250798,1.0335471154929097,-0.3408713304387659,-0.4231458489521292,-0.4631736270055321,5,red,2.9691621089921036,-2.1642565849925206
0.2820759206687107,-0.7219228360879458,-0.1001048463826219,1.2358925460689938,-0.3408713304387659,-0.7570828210676762,-0.4631736270055321,6,red,2.864083273843212,-2.241341820442033
1.5733323882740409,-0.4996886206378002,0.6595292808285554,1.910377314656016,0.5944999487130347,2.5822869000877957,0.2114641872502534,7,red,2.2482778172533333,-0.3896525363092352
0.553919387532991,-0.5441354637278293,0.4424909587682189,1.3033410229276885,0.7192161192666082,1.4469011948949346,-0.2945141734415865,6,red,1.309995255102284,-1.8932833009798158
-0.3295718797759189,-0.4996886206378002,0.5781399100559292,1.3033410229276885,0.5321418634362493,0.9126020395100596,0.0428047336863063,6,red,2.928209316395207,-0.9635606358280201
1.2335280546936906,-0.5663588852728438,-0.0458452658675378,0.2241653931884602,0.7192161192666082,1.7140507725873726,2.3197073567995816,7,red,1.3404712231967029,-1.8263040315799248
1.3014889214097607,-0.5441354637278293,-0.127234636640164,0.1567169163297654,0.5944999487130347,2.448712111241576,2.4040370835815548,7,red,1.1376783890630673,-1.7616746820588605
-0.0577284129116391,-0.455241777547771,0.7951782321162655,1.910377314656016,1.5922293131416234,1.3801138004718252,0.8861020015060377,6,red,2.249418676740817,-0.691881065281001
-0.6014153466401989,0.722599564338001,-0.154364426897706,0.2241653931884602,1.342796972034476,0.1111533064327466,1.3077506354159032,6,red,-0.19044354558912807,-0.36873431767567927
1.4374106548419008,-0.5441354637278293,0.361101587995593,0.8986501617754825,-0.4655875009923394,0.7790272506638407,0.3801236408141991,8,red,1.892088519209763,-2.2164300485851376
-0.465493613208059,-0.6996994145429313,0.6595292808285554,1.3033410229276885,1.2804388867576908,0.7790272506638407,-1.3064708948252637,6,red,1.0525986975061183,-1.5849423591817682
0.0102324538044309,-0.5663588852728438,0.9036973931464336,0.6963047311993983,0.5944999487130347,1.7140507725873726,0.464453367596172,5,red,-0.02549151571405718,0.5010588377127054
2.7966279891633,0.3336896873002459,0.469620749025761,1.50568645350381,-0.3408713304387659,2.1147751391260288,1.2234209086339305,7,red,2.1096110256716925,-0.1583968299606996
1.0296454545454805,-0.6996994145429313,0.5781399100559292,1.0335471154929097,-0.2785132451619777,3.383735633165108,0.2957939140322263,7,red,1.406630512624369,-2.077065383493388
0.6898411209651306,-0.7219228360879458,0.5510101197983872,1.0335471154929097,-0.0914389893316186,3.450523027588217,0.2114641872502534,7,red,1.322567444505256,-2.101977155350283
2.117019322002601,-0.4774651990927857,0.4153611685106768,0.7637532080580931,-0.4032294157155512,1.6472633781642632,1.6450695425437962,7,red,2.212594495920087,-1.8932833009798158
0.9616845878294108,-0.7219228360879458,0.496750539283303,1.0335471154929097,0.1579933517755285,3.250160844318889,0.2114641872502534,7,red,1.2689803444805634,-2.1144330412787307
1.5733323882740409,-0.6108057283628731,0.7409186516011818,1.8429288377973208,-0.3408713304387659,1.1797516172024969,-0.8848222609153978,6,red,3.505033109239036,-2.2140801287063105
-0.0577284129116391,-0.6330291499078875,0.9036973931464336,1.6405834072211996,-0.2785132451619777,0.6454524618176217,-0.2945141734415865,6,red,2.525735636466265,-0.8093901649289962
2.93254972259544,-0.4996886206378002,0.7409186516011818,1.3707894997864207,-1.1515264390369928,0.9793894339331692,0.717442547942092,7,red,3.03316391549445,-1.1652047305620072
1.1655671879776206,-0.0996670328275381,0.4424909587682189,1.1009955923516042,-1.2762426095905663,0.5118776729714027,-0.8848222609153978,5,red,3.097289958046445,-1.3240750412186844
1.0976063212615506,-0.6552525714529022,1.853240052160405,1.1684440692102989,-1.213884524313781,1.847625561433592,-0.7161628073514522,6,red,2.1022461895075453,-1.4082100363046761
2.1849801887186704,-0.5885823068178585,1.3649038275246486,0.93237440020483,-0.8397360126530602,0.8458146450869501,1.0547614550699849,7,red,2.45741886411328,-2.189168356849416
1.1655671879776206,0.2336842903476803,1.7718506813877792,2.180171222090795,0.5321418634362493,4.051609577396201,-1.0534817144793436,5,red,1.9951341074829834,0.6169243040161883
1.1655671879776206,-0.1663372974625817,1.1749952957218546,2.180171222090795,0.1579933517755285,1.3801138004718252,1.1390911818519576,6,red,3.907444671143154,-2.241341820442033
1.1655671879776206,-0.6552525714529022,3.887974321476059,1.6405834072211996,-0.4032294157155512,0.6454524618176217,-1.812449255517102,3,red,2.824147104684152,-2.2164300485851376
1.1655671879776206,-0.4996886206378002,0.8494378126313497,0.8986501617754825,-0.0290809040548305,0.9793894339331692,0.9704317282880104,6,red,1.4108212424253601,-1.7788304077449615
1.1655671879776206,-0.5663588852728438,0.8494378126313497,0.6963047311993983,0.8439322898201819,1.6472633781642632,0.3801236408141991,5,red,0.1331744194595268,0.25499732555689575
1.1655671879776206,-0.5219120421828147,0.8494378126313497,1.2358925460689938,1.2180808014809026,2.448712111241576,-0.4631736270055321,6,red,0.98948927839196,-1.6075042111598368
1.1655671879776206,-0.6774759929979167,0.8494378126313497,1.1684440692102989,1.5922293131416234,0.7122398562407312,-1.2221411680432908,5,red,0.4830776228016105,-1.443227774211192
1.1655671879776206,-0.6108057283628731,1.1478655054643123,1.1347198307809516,0.9686484603737554,3.049798661049561,-0.6318330805694778,5,red,0.7205371548306573,0.9090468669383331
1.1655671879776206,-0.5663588852728438,0.7680484418587238,1.1009955923516042,-0.0290809040548305,0.1111533064327466,-0.9691519876973708,5,red,1.3520267891618405,0.6636916413168374
1.1655671879776206,-0.5885823068178585,0.7951782321162655,1.0335471154929097,0.0332771812219549,0.7122398562407312,-0.8848222609153978,5,red,1.4245342913158159,-0.2559250577853373
-0.5334544799241291,-0.4996886206378002,1.3106442470095645,1.7754803609386265,0.095635266498743,0.9126020395100596,-0.547503353787505,5,red,2.9502417068628213,-0.8023404052925163
1.1655671879776206,-0.5663588852728438,1.0936059249492256,0.5614077774819713,1.0310065456505435,1.5804759837411535,0.717442547942092,6,red,0.035460420474781824,-0.24488174492551812
1.1655671879776206,-0.5441354637278293,0.7409186516011818,1.4382379766451154,0.7192161192666082,1.4469011948949346,-1.5594600751711836,6,red,0.8466317570093265,-0.6582759004431137
-0.5334544799241291,-0.5885823068178585,0.5510101197983872,0.9660986386341772,-0.8397360126530602,0.2447280952789648,-0.9691519876973708,5,red,2.6402746726797983,-1.9649624101373602
-0.5334544799241291,-0.6552525714529022,0.5781399100559292,1.50568645350381,1.1557227162041173,2.248349927972248,-0.2101844466596121,6,red,0.4882849760404371,-2.225829728100444
1.1655671879776206,-0.5219120421828147,1.1207357152067705,1.9778257915147108,-0.4032294157155512,0.5118776729714027,-0.2101844466596121,5,red,2.6612283216847525,-1.6145539707963168
-0.5334544799241291,-0.6552525714529022,0.4153611685106768,0.3590623469058871,-0.0290809040548305,0.8458146450869501,1.898058722889716,6,red,1.3414878466345392,-1.6075042111598368
-0.5334544799241291,-0.5219120421828147,1.2292548762369382,1.8429288377973208,0.3450676076058875,0.1779407008558561,-0.4631736270055321,6,red,2.063388761811144,-1.699395252416623
-0.5334544799241291,-0.6552525714529022,0.7409186516011818,0.8986501617754825,0.90629037509697,1.5804759837411535,0.1271344604682791,6,red,2.4953217863966697,-2.25379770637048
1.1655671879776206,0.1670140257126366,0.2525824269654248,2.315068175808259,-0.153797074608404,0.8458146450869501,1.2234209086339305,7,red,3.0710047197530153,-1.9797682159446341
2.8645888558793704,0.0225617856700421,1.1749952957218546,1.7080318840799318,-0.0290809040548305,0.5786650673945123,0.5487830943781448,5,red,2.790497030226576,-2.2039741626566896
-0.5334544799241291,-0.3885715129127274,1.2021250859793935,1.4382379766451154,0.2203514370523139,0.9126020395100596,-0.800492534133425,5,red,2.097038836268719,-1.234533919840725
1.1655671879776206,0.2781311334377095,0.1983228464503406,1.4382379766451154,-0.0914389893316186,1.3133264060487158,0.3801236408141991,6,red,1.7113901935685656,-2.2039741626566896
-0.5334544799241291,-0.6552525714529022,0.361101587995593,0.6963047311993983,-0.6526617568226984,0.3783028841251838,-0.547503353787505,5,red,2.6760201120378686,-2.166606504871347
-0.5334544799241291,-0.5663588852728438,0.7680484418587238,1.6068591687918523,-1.0268102684834193,1.2465390116256063,0.3801236408141991,6,red,3.4630015751794794,-1.3186689149267168
2.8645888558793704,-0.7219228360879458,0.496750539283303,2.1127227452321,-2.273971974019155,1.7140507725873726,-1.812449255517102,6,red,3.6530979838604956,-2.189168356849416
1.1655671879776206,-0.5441354637278293,1.012216554176602,1.2358925460689938,-0.9020940979298456,0.3783028841251838,-1.2221411680432908,5,red,1.5390733275293484,0.21527974789272647
-0.5334544799241291,-0.6774759929979167,0.5781399100559292,1.269616784498341,1.4051550573112643,1.6472633781642632,-0.8848222609153978,6,red,1.0179319996107081,-1.8683715291229208
1.1655671879776206,-0.5663588852728438,0.2797122172229668,1.404513738215768,0.2203514370523139,2.181562533549138,0.1271344604682791,6,red,1.6703752829468443,-2.1144330412787307
1.1655671879776206,-0.5441354637278293,0.6052697003134714,1.6405834072211996,-0.6526617568226984,1.4469011948949346,-0.1258547198776393,6,red,2.8030692196295495,-0.6824813857656943
1.1655671879776206,-0.6996994145429313,3.10121040400734,0.999822877063562,0.282709522329102,0.5118776729714027,-0.9691519876973708,6,red,1.7376754318619942,-2.0646094975649403
-2.0965544143937387,-0.6552525714529022,0.469620749025761,0.4265108237645819,0.6568580339898229,0.1779407008558561,-0.8848222609153978,6,red,0.47469616319962926,-1.9454567645724326
-0.5334544799241291,-0.4996886206378002,0.957956973661518,1.1684440692102989,-0.2161551598851922,1.3133264060487158,-0.4631736270055321,6,red,1.5317084913652028,-1.4977511576826354
-0.5334544799241291,-0.5219120421828147,0.957956973661518,1.1684440692102989,-0.6526617568226984,1.3801138004718252,-0.4631736270055321,6,red,1.7113901935685656,-1.5102070436110833
-0.5334544799241291,-0.7663696791779749,-0.1814942171552479,-0.3828708985398674,3.21353953033808,0.5786650673945123,0.8017722747240648,5,red,1.737799667911642,-0.14758457737676453
1.1655671879776206,-0.1885607190075962,1.0393463444341442,2.905242348321876,-1.8998234623584345,1.3801138004718252,0.464453367596172,5,red,5.704199575151957,-1.9306509587651584
1.1655671879776206,-0.0996670328275381,1.663331520357611,1.910377314656016,-0.9644521832066338,0.1779407008558561,0.9704317282880104,6,red,2.7558303323311666,-2.0053862743358435
1.1655671879776206,-0.1885607190075962,1.0393463444341442,2.905242348321876,-1.8998234623584345,1.3801138004718252,0.464453367596172,5,red,5.75778667517665,-1.9306509587651584
1.1655671879776206,-0.1663372974625817,0.7680484418587238,2.551137844813691,0.4697837781594611,0.9793894339331692,1.8137289961077416,6,red,3.6289702284923866,-1.790580007139095
1.1655671879776206,-0.4996886206378002,0.496750539283303,1.6405834072211996,-0.5279455862691249,0.2447280952789648,0.717442547942092,5,red,4.01461887119254,-2.179062390799795
1.1655671879776206,-0.5885823068178585,0.5781399100559292,1.1009955923516042,0.0332771812219549,0.3115154897020743,-1.1378114412613178,5,red,1.3593916253259861,-0.07449289515059178
1.1655671879776206,-0.4774651990927857,1.012216554176602,1.2358925460689938,-0.9020940979298456,0.5118776729714027,-1.1378114412613178,5,red,1.7797069659215508,0.38425602459902436
1.1655671879776206,-0.5219120421828147,0.957956973661518,0.8649259233461352,0.5321418634362493,0.5118776729714027,-0.3788439002235593,6,red,-0.021300785913066965,-0.8740195144500607
-0.5334544799241291,-0.5663588852728438,4.593348868172153,1.5394106919331576,0.5944999487130347,0.4450902785482933,-1.3064708948252637,6,red,2.2914502108003734,-2.2288859345135847
1.1655671879776206,-0.5441354637278293,5.244463834353161,1.50568645350381,0.5321418634362493,1.7140507725873726,0.1271344604682791,6,red,2.040277629880871,-2.166606504871347
-0.5334544799241291,-0.6330291499078875,1.0393463444341442,0.0218199626123759,2.1534520806327038,0.2447280952789648,0.9704317282880104,6,red,-0.4772994478418773,-1.336530927147132
1.1655671879776206,-0.3885715129127274,0.361101587995593,1.9441015530853636,0.5944999487130347,2.515499505664686,0.3801236408141991,6,red,2.32078531940731,-1.756268555766893
1.1655671879776206,-0.5885823068178585,0.496750539283303,1.1009955923516042,-0.5279455862691249,0.5118776729714027,-0.1258547198776393,5,red,1.1618061444311756,-1.8683715291229208
1.1655671879776206,-0.6552525714529022,0.361101587995593,1.5394106919331576,0.4697837781594611,0.1779407008558561,-0.800492534133425,4,red,2.7936711365897318,-1.4728393858257407
1.1655671879776206,-0.4107949344577419,0.5781399100559292,1.5731349303625048,-0.2161551598851922,1.1129642227793872,-0.4631736270055321,6,red,1.7964698851255139,-0.8484014560588515
1.1655671879776206,-0.4330183560027564,0.6052697003134714,1.6068591687918523,-0.153797074608404,1.780838167010482,-0.2945141734415865,6,red,2.413229847128405,-0.9292491844558183
-0.5334544799241291,-0.6108057283628731,1.2563846664944802,1.1009955923516042,0.7192161192666082,-0.0892088768365817,-0.4631736270055321,4,red,2.0938647299055644,-2.2016242427778634
1.1655671879776206,-0.4996886206378002,0.7137888613436396,1.2358925460689938,0.4697837781594611,0.4450902785482933,-0.8848222609153978,5,red,1.2522174252766,-0.5167923757484213
1.1655671879776206,-0.4774651990927857,0.7680484418587238,1.2358925460689938,0.4074256928826756,0.4450902785482933,-0.6318330805694778,5,red,1.3783120274552692,-0.5689658393410381
1.1655671879776206,-0.6330291499078875,0.1711930561927986,1.0335471154929097,-0.5279455862691249,-0.1559962712596912,-0.6318330805694778,6,red,1.6703752829468443,-1.401160276668196
1.1655671879776206,-0.6330291499078875,0.8765676028888917,1.910377314656016,-0.2161551598851922,-0.6235080322214572,-0.800492534133425,5,red,3.379955130498203,-2.241341820442033
1.1655671879776206,-0.6330291499078875,0.7137888613436396,1.8429288377973208,-0.2161551598851922,-0.6902954266445667,-1.1378114412613178,5,red,3.016400996290486,-2.2288859345135847
1.1655671879776206,-0.6996994145429313,0.469620749025761,1.0335471154929097,-1.5256749506977136,0.8458146450869501,-0.547503353787505,7,red,2.2945000811138807,-1.9555627306220535
1.1655671879776206,-0.3663480913677128,0.98508676391906,1.910377314656016,0.4697837781594611,1.5136885893180445,0.1271344604682791,7,red,2.3974835513622774,0.5269079563797989
-0.5334544799241291,-0.5885823068178585,0.930827183403976,1.1684440692102989,1.529871227864838,0.8458146450869501,-0.800492534133425,6,red,0.9033929633971752,-1.823247825166784
1.1655671879776206,-0.5219120421828147,1.012216554176602,1.3707894997864207,-0.6526617568226984,3.250160844318889,0.0428047336863063,7,red,1.9383107830703106,-1.393404230497402
-0.5334544799241291,-0.6996994145429313,1.3920336177821906,0.7300289696287456,0.2203514370523139,0.3783028841251838,-1.0534817144793436,5,red,1.6673254126333372,-0.6288953491044491
-0.5334544799241291,-0.6774759929979167,0.0898036854201723,-0.9561829518388102,3.0888233597845063,1.3801138004718252,2.910015444273393,8,red,-0.868155443780858,-1.2368838397195514
1.1655671879776206,-0.5441354637278293,0.0626738951626302,1.0335471154929097,-1.0891683537602077,1.3801138004718252,-0.0415249930956665,7,red,1.371963814728958,-2.25379770637048
1.1655671879776206,-0.5441354637278293,0.7409186516011818,1.404513738215768,0.7815742045433964,0.2447280952789648,-0.7161628073514522,5,red,1.4014231593855426,-0.8460515361800247
1.1655671879776206,-0.7441462576329604,0.361101587995593,-0.7875617596920733,-0.6526617568226984,-0.2227836656828007,0.8017722747240648,6,red,-0.136856445564435,0.15511917785343138
1.7772149884222503,-0.3441246698226982,1.012216554176602,1.9778257915147108,0.4074256928826756,0.3115154897020743,-1.3064708948252637,5,red,2.0518331958460077,-1.721250817860377
-1.0091805469366188,-0.5441354637278293,1.0664761346916862,1.1009955923516042,1.093364630927329,-0.0224214824134723,-0.8848222609153978,5,red,1.9468164787219406,-1.3466368931967527
0.6218802542490606,0.6337058781579427,0.7951782321162655,1.7754803609386265,0.282709522329102,0.2447280952789648,-1.0534817144793436,5,red,1.957293303224418,-0.06509321563528506
1.3014889214097607,-0.6774759929979167,0.0626738951626302,1.6405834072211996,-1.1515264390369928,0.4450902785482933,-1.0534817144793436,6,red,3.013226889927332,-2.077065383493388
1.7772149884222503,-0.6996994145429313,0.3882313782531347,1.1684440692102989,-0.8397360126530602,0.6454524618176217,-0.4631736270055321,6,red,3.5018590028758814,-2.1915182767282424
-0.941219680220549,-0.6552525714529022,0.5781399100559292,0.7300289696287456,-0.153797074608404,-0.3563584545290197,-0.6318330805694778,6,red,1.700913369066088,-2.042047645586872
0.8937237211133408,-0.6108057283628731,0.6866590710860949,1.8429288377973208,-1.40095878014414,1.1129642227793872,-1.0534817144793436,6,red,3.972587337132983,-1.9033892670294366
-0.3295718797759189,-0.6552525714529022,0.8494378126313497,0.5614077774819713,0.2203514370523139,-0.4231458489521292,-0.4631736270055321,4,red,2.927192692957371,-2.049803691757666
1.3694497881258307,-0.6330291499078875,0.3882313782531347,2.0452742683734053,-0.777377927376272,0.1779407008558561,-1.3064708948252637,6,red,3.694112894482216,-1.7017451722954493
-2.164515281109809,-0.5441354637278293,0.6595292808285554,0.999822877063562,0.4697837781594611,-0.0892088768365817,-1.0534817144793436,5,red,2.323004920357453,-2.2016242427778634
-1.2810240138008988,-0.4774651990927857,1.0664761346916862,1.3033410229276885,-0.3408713304387659,0.5786650673945123,-1.2221411680432908,6,red,1.5727234019869238,-1.27354521097058
-1.2810240138008988,-0.5441354637278293,0.7680484418587238,1.3033410229276885,0.5321418634362493,0.3783028841251838,-1.1378114412613178,6,red,1.6567864701060366,-2.077065383493388
1.0976063212615506,-0.0996670328275381,0.4153611685106768,0.93237440020483,0.7192161192666082,1.7140507725873726,1.392080362197876,7,red,1.4476454232460898,-1.968018616550501
0.6218802542490606,-0.3885715129127274,0.957956973661518,1.2358925460689938,0.5321418634362493,-0.0224214824134723,-0.0415249930956665,6,red,1.4203435615148257,-0.9339490242134717
0.3500367873847808,0.0114500748975346,1.4462931982972749,2.719759036960428,0.5944999487130347,0.7122398562407312,-0.1258547198776393,6,red,2.8315119408482974,-1.3677861721061928
-0.873258813504479,-0.4107949344577419,0.496750539283303,0.3590623469058871,2.0910939953559176,-0.0892088768365817,1.8137289961077416,6,red,-0.42371234781718425,-1.5327688955891512
1.5053715215579708,-0.5663588852728438,0.7137888613436396,1.269616784498341,1.0310065456505435,0.0443659120096371,-1.1378114412613178,5,red,0.41158674408547086,-0.9113871722354033
1.5733323882740409,-0.5219120421828147,0.6595292808285554,2.0452742683734053,-1.5256749506977136,0.0443659120096371,-0.9691519876973708,5,red,3.3578606220057643,-2.2164300485851376
-2.164515281109809,-0.5885823068178585,0.5510101197983872,0.6625804927700509,0.5944999487130347,0.4450902785482933,-0.4631736270055321,6,red,1.396215806146716,-1.5381750218811192
0.4179976541008508,-0.7885931007229895,0.0355441049050855,0.5614077774819713,0.2203514370523139,1.3801138004718252,-0.6318330805694778,5,red,0.7205371548306573,-1.8559156431944734
-0.941219680220549,-0.6330291499078875,2.4772252280838725,0.7974774464874405,-2.211613888742367,5.52093225470461,-0.2945141734415865,6,red,2.7905591482514,-0.9341800844893557
1.2335280546936906,-0.6108057283628731,0.6052697003134714,1.7417561225092792,1.716945483695197,0.2447280952789648,-0.7161628073514522,5,red,2.3534187704270484,-0.6178520362446299
1.3014889214097607,-0.6330291499078875,0.6052697003134714,1.2358925460689938,-1.213884524313781,2.6490742945109047,-0.6318330805694778,6,red,2.1526591831690842,-1.7095012184662437
1.2335280546936906,-0.5219120421828147,1.7718506813877792,2.0452742683734053,-0.590303671545913,1.1129642227793872,-0.2945141734415865,5,red,2.7295450940377375,-2.243691740320859
0.6218802542490606,-0.6108057283628731,0.8494378126313497,1.4382379766451154,-0.8397360126530602,1.780838167010482,-1.0534817144793436,5,red,2.2976741874770363,-2.176712470920968
-0.5334544799241291,-0.3663480913677128,0.5238803295408452,1.0335471154929097,0.282709522329102,0.5118776729714027,-0.9691519876973708,5,red,1.4045972657486983,-0.5837716451483123
-0.6014153466401989,-0.3663480913677128,0.5781399100559292,1.0335471154929097,0.3450676076058875,0.5786650673945123,-0.9691519876973708,5,red,1.4350732338431171,-0.7628538879042311
-0.6693762133562691,-0.6996994145429313,0.6323994905710134,0.9660986386341772,-0.590303671545913,0.1111533064327466,-0.8848222609153978,5,red,2.483704102406709,-1.8582655630732998
-0.465493613208059,-0.4774651990927857,0.5510101197983872,0.9660986386341772,1.6545873984184116,2.849436477780232,1.3077506354159032,6,red,1.0641542634712555,-1.2197281140334506
-2.164515281109809,0.1225671826226075,1.8261102619028635,1.7417561225092792,1.46751314258805,1.2465390116256063,-0.2945141734415865,5,red,1.2312637762716452,-1.0578015969636327
-0.1936501463437792,-0.6330291499078875,1.1207357152067705,1.4382379766451154,0.8439322898201819,-0.2895710601059102,-1.2221411680432908,5,red,1.924721970229503,-2.2288859345135847
-0.397532746491989,-0.5663588852728438,1.0936059249492256,1.0335471154929097,0.282709522329102,0.4450902785482933,-1.0534817144793436,6,red,1.6189456658474706,-1.9501566043300858
-0.6014153466401989,-0.6108057283628731,1.473422988554817,0.6288562543406662,-0.0914389893316186,0.5118776729714027,-1.0534817144793436,5,red,1.6389448094394137,-0.7736661404881662
1.5053715215579708,-0.5219120421828147,1.3106442470095645,1.4382379766451154,0.1579933517755285,0.6454524618176217,-0.8848222609153978,5,red,1.4371064807187894,-2.179062390799795
-1.2130631470848288,-0.455241777547771,0.8223080223738075,0.6288562543406662,0.5944999487130347,0.2447280952789648,-0.0415249930956665,6,red,0.4830776228016105,-1.2446398858903458
-0.6693762133562691,-0.3663480913677128,1.3106442470095645,2.180171222090795,1.2804388867576908,0.7122398562407312,0.6331128211601191,4,red,4.029410661545657,-1.1062125676087946
-0.7373370800723391,-0.6996994145429313,0.4424909587682189,0.6288562543406662,0.282709522329102,0.3115154897020743,-0.8848222609153978,5,red,0.39164971851835206,0.4831968254922905
-2.164515281109809,-0.810816522268004,0.2254526367078827,0.2916138700471549,0.282709522329102,0.1111533064327466,-0.7161628073514522,5,red,2.879891687634164,-1.2500460121823131
-0.2616110130598489,-0.5885823068178585,0.7951782321162655,1.1347198307809516,0.095635266498743,-0.0224214824134723,-0.9691519876973708,5,red,3.5303017240946297,0.40823044964572125
-0.3295718797759189,-0.6108057283628731,0.7409186516011818,1.1009955923516042,0.095635266498743,-0.0224214824134723,-0.9691519876973708,5,red,3.4977303910997146,0.42303625545299534
-1.3489848805169689,-0.6330291499078875,2.341576276796162,0.6288562543406662,0.7815742045433964,0.7790272506638407,-0.2945141734415865,7,red,2.659257192833905,-2.049803691757666
0.2141150539526407,-0.6996994145429313,0.2797122172229668,0.8312016849167878,-0.2785132451619777,5.52093225470461,-0.2101844466596121,6,red,0.6753315144079461,-0.9113871722354033
0.8937237211133408,-0.6108057283628731,0.3882313782531347,1.5394106919331576,1.0310065456505435,0.5786650673945123,-0.9691519876973708,5,red,2.2619908661437904,-1.4805954319965346
0.8257628543972707,-0.6108057283628731,0.3882313782531347,1.5731349303625048,1.46751314258805,0.6454524618176217,-0.8848222609153978,5,red,2.2578001363427993,-0.9332427376791574
-1.484906613949109,0.2114608688026658,1.5819421495849852,1.3033410229276885,0.90629037509697,1.0461768283562778,-0.3788439002235593,7,red,1.5569771062207958,-2.278709478227375
-1.824710947529459,-0.3219012482776837,1.3649038275246486,0.8986501617754825,1.093364630927329,0.6454524618176217,-0.3788439002235593,5,red,1.415136208275999,-2.126888927207178
-2.0965544143937387,-0.6330291499078875,0.361101587995593,0.7300289696287456,0.5944999487130347,0.3115154897020743,0.3801236408141991,4,red,2.6865590545651696,-2.241341820442033
-0.1256892796277091,-0.4996886206378002,0.2525824269654248,0.6288562543406662,0.6568580339898229,0.9126020395100596,0.5487830943781448,7,red,1.3667564614901315,-1.8683715291229208
-0.3295718797759189,0.7892698289730444,0.3068420074805089,0.0892684394710707,-0.4032294157155512,0.2447280952789648,0.6331128211601191,6,red,0.04282525663892776,0.18238086958915312
0.4859585208169208,-0.6330291499078875,1.3377740372671063,1.3707894997864207,-2.0868977181887933,-0.2227836656828007,-0.800492534133425,5,red,2.2283407916862146,-1.8979831407374692
-0.465493613208059,-0.5663588852728438,1.2835144567520225,2.180171222090795,1.1557227162041173,0.9126020395100596,0.5487830943781448,5,red,3.6374759241440167,0.7064654253941477
2.2529410554347407,0.5448121919778843,1.0664761346916862,1.0335471154929097,-1.5256749506977136,2.0479877447029198,3.668982985311152,5,red,4.720649254553369,-0.8561575022296456
1.8451758551383204,-0.4996886206378002,0.6052697003134714,1.0335471154929097,-0.6526617568226984,0.0443659120096371,1.2234209086339305,6,red,1.1113931507696384,-1.8831773349301948
1.0296454545454805,-0.5885823068178585,0.469620749025761,1.1347198307809516,-0.9020940979298456,-0.4899332433752383,-0.8848222609153978,5,red,1.2711378274058818,-1.975068376186981
-1.0091805469366188,-0.4774651990927857,0.8223080223738075,1.9778257915147108,-0.5279455862691249,0.5118776729714027,-0.9691519876973708,5,red,2.1968482001539593,-1.1597986042700397
1.8451758551383204,-0.810816522268004,0.4424909587682189,1.1684440692102989,-1.8998234623584345,0.9793894339331692,-0.0415249930956665,7,red,3.2191938304241225,-1.1776606164904548
-1.6887892140973189,-0.810816522268004,0.469620749025761,0.93237440020483,0.5944999487130347,1.847625561433592,-0.800492534133425,6,red,0.731076097357959,-2.166606504871347
-2.028593547677669,-0.1441138759175671,1.0664761346916862,0.8312016849167878,1.1557227162041173,0.2447280952789648,0.3801236408141991,4,red,2.0224980872390717,-2.25379770637048
-0.0577284129116391,-0.7663696791779749,0.6323994905710134,1.1009955923516042,0.5321418634362493,0.7122398562407312,-1.3064708948252637,5,red,0.47152205683647386,-1.4954012378038088
-1.756750080813389,-0.7663696791779749,0.5238803295408452,0.8986501617754825,0.8439322898201819,1.1129642227793872,-0.800492534133425,6,red,0.941233767655741,-1.9205449927155374
0.9616845878294108,-0.7219228360879458,-0.1814942171552479,0.9660986386341772,-1.1515264390369928,1.7140507725873726,-0.2945141734415865,6,red,1.2763451806447088,-2.25379770637048
1.3694497881258307,-0.6774759929979167,0.957956973661518,1.8429288377973208,-1.213884524313781,0.8458146450869501,-0.2945141734415865,5,red,2.8524655898532516,-1.3459306066624386
-1.2130631470848288,-0.6774759929979167,0.7409186516011818,1.2021683076396463,-0.5279455862691249,0.1779407008558561,-0.7161628073514522,5,red,2.2042130363181056,-1.0234901455914311
0.2820759206687107,-0.7219228360879458,4.4848297071419845,1.1684440692102989,-0.2785132451619777,0.4450902785482933,-0.8848222609153978,6,red,1.1944395954509157,-2.176712470920968
0.8937237211133408,-0.6774759929979167,0.6866590710860949,1.4382379766451154,-1.7751072918048607,0.8458146450869501,-1.1378114412613178,6,red,2.171579585298367,-2.189168356849416
0.7578019876812007,-0.6108057283628731,0.0626738951626302,0.6963047311993983,-0.4655875009923394,0.2447280952789648,0.3801236408141991,5,red,3.1141771133000558,-1.632415983016732
-0.5334544799241291,-0.5663588852728438,0.7137888613436396,0.4602350621939293,0.2203514370523139,0.3115154897020743,-0.4631736270055321,5,red,0.06593638856920171,-0.8622699150559272
-0.7373370800723391,-0.7441462576329604,0.469620749025761,0.7637532080580931,-0.153797074608404,-0.0892088768365817,-0.8848222609153978,5,red,2.1496093128555764,-2.25379770637048
0.146154187236571,-0.6774759929979167,0.6052697003134714,1.1684440692102989,-0.4655875009923394,-0.0224214824134723,-0.8848222609153978,5,red,5.150611150288049,0.5374891486878497
0.6218802542490606,-0.6330291499078875,0.7409186516011818,1.3033410229276885,-0.9020940979298456,0.9126020395100596,-1.0534817144793436,6,red,2.1558332895322394,-2.124539007328351
0.4859585208169208,-0.6330291499078875,0.1983228464503406,1.3033410229276885,0.2203514370523139,0.7790272506638407,-0.2945141734415865,5,red,1.3940583232213968,-1.7515687160092397
-1.416945747233039,-0.6108057283628731,0.7409186516011818,1.1347198307809516,1.093364630927329,-0.3563584545290197,-0.547503353787505,5,red,2.658178451371245,-1.7515687160092397
-1.484906613949109,-0.5441354637278293,0.6595292808285554,1.269616784498341,1.5922293131416234,-0.0224214824134723,-0.4631736270055321,5,red,2.4133540831780533,0.25664095890140814
0.8937237211133408,-0.3885715129127274,0.0898036854201723,0.8986501617754825,-0.590303671545913,0.0443659120096371,-0.800492534133425,5,red,1.5673918126984492,-1.20962214798383
1.7772149884222503,-0.6996994145429313,0.361101587995593,1.9778257915147108,-1.0268102684834193,-0.2895710601059102,-1.3064708948252637,5,red,3.6216053923282403,-1.520313009660704
-0.6014153466401989,-0.6330291499078875,1.012216554176602,0.5614077774819713,-0.0914389893316186,-0.2895710601059102,-0.2945141734415865,6,red,0.8655521591386097,-1.6176101772094578
-0.0577284129116391,-0.6219174391353803,0.5781399100559292,1.1684440692102989,0.6568580339898229,0.0443659120096371,-0.6318330805694778,5,red,1.1755191933216327,-0.6209082426577708
-0.6014153466401989,-0.5441354637278293,0.0626738951626302,0.8312016849167878,0.90629037509697,0.1779407008558561,0.6331128211601191,5,red,2.306179883128666,-2.2288859345135847
0.0102324538044309,-0.6108057283628731,0.5781399100559292,1.1684440692102989,0.1579933517755285,-0.3563584545290197,-0.9691519876973708,5,red,4.057791264739581,0.6690977676088051
-0.941219680220549,-0.7219228360879458,0.361101587995593,0.8312016849167878,1.342796972034476,0.4450902785482933,-1.2221411680432908,5,red,1.2238989401074993,-1.5997481649890426
-0.6014153466401989,-0.4330183560027564,1.0393463444341442,1.7754803609386265,0.3450676076058875,0.3783028841251838,-0.7161628073514522,5,red,2.2536094065418077,-1.6246599368459376
-1.892671814245529,-0.7663696791779749,-0.4799219099882105,0.5614077774819713,1.093364630927329,-0.4231458489521292,-0.9691519876973708,5,red,1.5874530743152155,-2.3433388277484393
1.0976063212615506,-0.7219228360879458,2.721393340401751,1.0335471154929097,0.4697837781594611,3.450523027588217,-0.9691519876973708,5,red,0.6249185207464076,-2.2039741626566896
-2.164515281109809,-0.177449008235089,1.0936059249492256,0.6963047311993983,2.527600592293424,0.0443659120096371,0.1271344604682791,3,red,3.6333473123678495,-2.241341820442033
-0.5334544799241291,-0.5441354637278293,0.8223080223738075,1.7754803609386265,1.5922293131416234,0.0443659120096371,-0.6318330805694778,5,red,3.484079460234082,-0.9793037884454925
1.3014889214097607,-0.6774759929979167,9.910787758650391,1.1347198307809516,-1.213884524313781,4.25197176066553,-1.3064708948252637,5,red,1.3552008955249948,-1.2065659415706889
0.0102324538044309,-0.4996886206378002,0.7409186516011818,1.3033410229276885,0.5944999487130347,0.5786650673945123,-0.9691519876973708,5,red,1.5275177615642117,-0.2606248975429906
-0.0577284129116391,-0.5219120421828147,0.7409186516011818,1.3033410229276885,0.5321418634362493,0.5118776729714027,-0.9691519876973708,5,red,1.4854862275046552,-0.1041045067651402
-2.028593547677669,-0.8330399438130187,-0.6155708612759208,-0.8212859981214207,4.211268894766666,0.5786650673945123,1.898058722889716,6,red,-0.6044106734583826,-1.3513367329544062
-2.028593547677669,-0.6552525714529022,0.2525824269654248,0.8986501617754825,1.529871227864838,0.9126020395100596,-0.8848222609153978,6,red,1.1703118400828063,-1.985174342236602
-0.2616110130598489,-0.4107949344577419,0.8223080223738075,1.8766530762266689,0.5321418634362493,-0.0224214824134723,-0.7161628073514522,5,red,2.3092918714669968,-1.0025719269578752
1.5733323882740409,-0.6552525714529022,0.3882313782531347,1.3707894997864207,-0.7150198420994867,0.5786650673945123,0.2114641872502534,6,red,2.6076412216600597,-2.179062390799795
0.7578019876812007,-0.4774651990927857,0.5238803295408452,1.3033410229276885,-0.9020940979298456,0.2447280952789648,-0.3788439002235593,6,red,4.654614201175352,-0.4855371307893604
-2.028593547677669,-0.6552525714529022,0.2797122172229668,0.8312016849167878,1.529871227864838,0.9126020395100596,-0.9691519876973708,6,red,1.1282803060232498,-1.9703685364293275
1.0976063212615506,-0.5441354637278293,0.4424909587682189,0.8986501617754825,0.5944999487130347,1.1129642227793872,-0.800492534133425,4,red,0.30339592059824816,-0.6942309851598276
-1.892671814245529,-0.7663696791779749,0.5781399100559292,1.1684440692102989,0.4074256928826756,0.0443659120096371,-0.7161628073514522,4,red,2.7790035822862635,-2.281059398106202
-1.145102280368759,0.2114608688026658,0.4424909587682189,1.50568645350381,0.90629037509697,-0.2895710601059102,-0.547503353787505,5,red,3.5387453017214345,-1.5048009173191157
-1.6208283473812488,-0.6774759929979167,0.98508676391906,0.3590623469058871,1.093364630927329,-0.4231458489521292,-0.4631736270055321,5,red,1.7167217828570405,-1.9804745024789485
-0.873258813504479,-0.455241777547771,0.5510101197983872,0.6963047311993983,0.90629037509697,-0.1559962712596912,-0.0415249930956665,5,red,0.7121556952286761,-1.5179630897818774
-1.3489848805169689,-0.5663588852728438,0.3068420074805089,0.4939593006232766,0.7192161192666082,0.5118776729714027,0.8861020015060377,6,red,1.1576775326550097,-1.7414627499596187
1.0296454545454805,-0.7663696791779749,0.1440632659352565,1.269616784498341,0.282709522329102,0.8458146450869501,-0.4631736270055321,6,red,1.1880913827246047,-1.6869393664881753
0.7578019876812007,-0.4996886206378002,0.6323994905710134,1.3370652613570733,-1.0268102684834193,0.2447280952789648,-0.3788439002235593,5,red,4.675629968205131,-0.7339485628239969
0.146154187236571,-0.455241777547771,0.98508676391906,1.7754803609386265,0.9686484603737554,0.5118776729714027,-0.8848222609153978,5,red,1.8311987010457484,-0.5837716451483123
-2.164515281109809,-0.4107949344577419,0.7409186516011818,1.5731349303625048,0.8439322898201819,-0.5567206377983478,-0.9691519876973708,5,red,2.249418676740817,-1.6869393664881753
0.2820759206687107,-0.6108057283628731,0.496750539283303,1.0335471154929097,0.7192161192666082,-0.4899332433752383,-0.9691519876973708,5,red,0.7814890910194967,-1.6192538105539702
-0.2616110130598489,-0.5441354637278293,0.5781399100559292,1.1684440692102989,0.3450676076058875,-0.1559962712596912,-0.6318330805694778,5,red,3.1026215473349192,-0.8211397643231297
-0.941219680220549,-0.5219120421828147,0.333971797738051,0.7300289696287456,0.4074256928826756,-0.3563584545290197,-1.1378114412613178,6,red,0.6049814951792895,-1.674483480559728
-1.416945747233039,-0.5441354637278293,0.6052697003134714,0.7637532080580931,-0.0914389893316186,0.2447280952789648,-0.4631736270055321,5,red,0.6932352930993929,-1.527362769297184
-1.892671814245529,-0.6774759929979167,0.6866590710860949,1.0335471154929097,-0.0290809040548305,-0.6235080322214572,-0.800492534133425,5,red,1.5422474338925043,-1.943106844693606
-2.164515281109809,-0.25523098364264,0.7951782321162655,1.0335471154929097,1.46751314258805,0.0443659120096371,-0.8848222609153978,5,red,1.2659304741670556,-1.3785984246901277
-0.5334544799241291,-0.4885769098652929,1.012216554176602,1.2358925460689938,-0.777377927376272,-0.0224214824134723,-1.1378114412613178,5,red,1.4739306615395187,0.09612701490021863
-1.6208283473812488,-0.5219120421828147,0.7409186516011818,0.7637532080580931,-0.0914389893316186,0.3783028841251838,-0.4631736270055321,5,red,0.5251091568611669,-1.4206659222331237
-0.1256892796277091,-0.6330291499078875,-0.1001048463826219,0.6625804927700509,-1.7751072918048607,7.257404509705455,-0.8848222609153978,5,red,-0.20517321791742024,0.397418197061786
-1.484906613949109,-0.4330183560027564,0.7951782321162655,0.4265108237645819,1.966377824802344,0.4450902785482933,0.5487830943781448,4,red,3.3927136739756474,-2.2662535922989275
-1.0091805469366188,-0.455241777547771,0.5510101197983872,1.0335471154929097,0.4074256928826756,0.1111533064327466,-0.1258547198776393,5,red,2.2840853746362275,-2.25379770637048
-1.552867480665179,-0.4996886206378002,0.7409186516011818,1.6405834072211996,1.2804388867576908,1.2465390116256063,0.464453367596172,6,red,2.0539906787713265,-1.2890573033121684
-2.028593547677669,-0.7219228360879458,0.2797122172229668,0.8312016849167878,1.46751314258805,0.9793894339331692,-0.8848222609153978,5,red,0.5125369674581948,-2.3184270558915445
-1.960632680961599,-0.4107949344577419,0.3882313782531347,0.1567169163297654,2.4028844217398504,-0.2895710601059102,1.8137289961077416,6,red,1.7524672222151103,-0.8194961309786171
2.3209019221508105,-0.6108057283628731,8.961245099636422,1.2358925460689938,-0.3408713304387659,0.9126020395100596,-0.800492534133425,5,red,2.0896740001045733,-1.6768334004385546
-1.2810240138008988,-0.3552363805952055,0.8494378126313497,1.6405834072211996,1.342796972034476,-0.0892088768365817,0.8017722747240648,5,red,3.1341762568919984,-2.281059398106202
-1.960632680961599,-0.6552525714529022,0.957956973661518,0.6963047311993983,1.0310065456505435,-0.4231458489521292,-0.800492534133425,5,red,2.1086565202586796,-1.9804745024789485
0.146154187236571,-0.5219120421828147,0.6866590710860949,1.1684440692102989,2.0287359100791296,0.4450902785482933,-0.8848222609153978,5,red,0.32968115889167704,-1.0820070822862138
-0.8052979467884089,-0.6774759929979167,0.496750539283303,1.404513738215768,1.5922293131416234,0.5786650673945123,-1.0534817144793436,5,red,1.1671377337196513,-1.7710743615741669
-1.484906613949109,-0.6552525714529022,1.5005527788123565,0.5951320159113187,0.2203514370523139,-0.2227836656828007,-0.8848222609153978,5,red,2.869414863131687,-1.9033892670294366
-2.164515281109809,-0.5663588852728438,0.98508676391906,1.910377314656016,1.716945483695197,0.7790272506638407,-1.0534817144793436,6,red,1.5611678360217864,-1.1372367522919713
-0.6014153466401989,-0.4996886206378002,0.957956973661518,1.269616784498341,-0.777377927376272,0.1779407008558561,-1.1378114412613178,5,red,1.443454693445099,-0.2068078006058613
-2.164515281109809,-0.5885823068178585,0.8494378126313497,1.50568645350381,0.7815742045433964,0.4450902785482933,-1.0534817144793436,5,red,2.4101799768148973,-1.386354470860922
-0.1936501463437792,-0.1885607190075962,0.496750539283303,0.6625804927700509,1.4051550573112643,0.9793894339331692,0.8017722747240648,6,red,2.32929101505894,-1.9384070049359525
-0.5334544799241291,-0.5441354637278293,0.5781399100559292,1.1279749830950747,-0.0914389893316186,0.2447280952789648,-0.8848222609153978,5,red,1.8448496319113803,0.22914820688980234
-2.164515281109809,-0.6996994145429313,0.2254526367078827,0.8986501617754825,1.46751314258805,0.7790272506638407,-1.1378114412613178,5,red,0.7552659707508922,-2.0326479660715653
1.7772149884222503,-0.4996886206378002,1.0664761346916862,1.92386701002777,-0.590303671545913,-0.0224214824134723,-0.4631736270055321,5,red,2.626561623789341,-0.3633281913837117
1.5053715215579708,-0.5219120421828147,1.0393463444341442,1.8766530762266689,-0.590303671545913,-0.1559962712596912,-0.8848222609153978,5,red,2.274563055546762,-0.5221985020403889
-0.941219680220549,-0.6552525714529022,0.361101587995593,1.0605265062363798,1.8416616542487705,1.3133264060487158,-0.8848222609153978,6,red,0.7426316633230956,-1.7889363737945823
0.4179976541008508,-0.5663588852728438,0.6323994905710134,1.1009955923516042,0.4697837781594611,-0.4231458489521292,-1.3064708948252637,6,red,0.5103794845328751,-1.427715681869604
0.553919387532991,-0.5441354637278293,0.7137888613436396,1.1077404400374813,0.4697837781594611,-0.3563584545290197,-0.9691519876973708,5,red,0.6826963505720917,-1.1318306260000037
-0.941219680220549,-0.6552525714529022,0.3882313782531347,1.0369195393358293,1.8416616542487705,1.2465390116256063,-0.800492534133425,6,red,0.647013029238846,-1.7515687160092397
-1.484906613949109,-0.4774651990927857,0.8765676028888917,1.1785613407390958,0.4074256928826756,0.1111533064327466,-0.8848222609153978,5,red,1.8669441404038192,-1.4408778543323653
-1.2810240138008988,-0.5663588852728438,1.0936059249492256,1.117857711566278,1.0310065456505435,0.5118776729714027,-0.9691519876973708,5,red,1.0294875655758446,-0.8390017765435447
2.4568236555829506,-0.7441462576329604,9.7208792268476,0.6828150358276444,-0.8397360126530602,3.517310422011327,-1.2221411680432908,6,red,0.8844725612678923,-1.6596776747524535
-1.6887892140973189,-0.6996994145429313,0.0355441049050855,0.2410275124031339,1.7793035689719825,-0.6902954266445667,0.1271344604682791,6,red,2.69182852582882,-1.1550987645123865
-2.0965544143937387,-0.6774759929979167,0.0084143146475463,0.1162478302145411,2.340526336463065,-0.4899332433752383,0.5487830943781448,6,red,2.182242763875316,-1.6075042111598368
-2.164515281109809,-0.6330291499078875,0.7409186516011818,0.6828150358276444,0.1579933517755285,-0.2227836656828007,-0.6318330805694778,5,red,2.6844636896646734,-1.8310038713375782
-0.7373370800723391,-0.5663588852728438,0.957956973661518,1.2460098175977905,-0.2161551598851922,-0.0892088768365817,-1.1378114412613178,5,red,1.1681543571574868,-0.2075140871401756
-0.465493613208059,-0.4996886206378002,0.496750539283303,1.097623168508647,0.0332771812219549,0.2447280952789648,-0.7161628073514522,5,red,1.9478331021597761,-0.9614417762250774
-0.397532746491989,-0.6774759929979167,1.0664761346916862,0.9593537909483376,0.1579933517755285,-0.7570828210676762,-0.800492534133425,5,red,2.42383090768053,-1.9797682159446341
-2.164515281109809,-0.7441462576329604,0.333971797738051,0.8345741087597076,0.5321418634362493,-0.0224214824134723,-0.4631736270055321,6,red,2.3450373108250675,-2.059909657807287
-1.416945747233039,-0.4996886206378002,0.98508676391906,1.4652173673885858,0.5321418634362493,0.1111533064327466,-0.8848222609153978,6,red,2.421735542780034,-1.6293597766035912
-1.484906613949109,-0.455241777547771,0.930827183403976,1.4652173673885858,0.5321418634362493,0.0443659120096371,-0.8848222609153978,6,red,2.433291108745171,-1.5398186552256314
-0.941219680220549,-0.4774651990927857,0.8765676028888917,0.9593537909483376,-0.5279455862691249,0.0443659120096371,-0.9691519876973708,5,red,1.8826904361699468,-1.2159656210859957
0.0102324538044309,-0.5219120421828147,1.2563846664944802,1.6338385595353602,1.4051550573112643,0.5786650673945123,-0.8848222609153978,5,red,1.22808966990849,-0.8773067811390858
-2.028593547677669,-0.6108057283628731,0.6866590710860949,0.9795883340059311,2.0287359100791296,-0.0224214824134723,-0.7161628073514522,6,red,0.9717097357501605,-0.4902369705470137
-2.0965544143937387,-0.6996994145429313,0.5238803295408452,0.7232841219428687,1.0310065456505435,0.0443659120096371,-0.800492534133425,5,red,1.9468164787219406,-1.9377007184016382
-0.397532746491989,-0.5885823068178585,0.6866590710860949,1.1009955923516042,0.3450676076058875,0.1111533064327466,-0.9691519876973708,5,red,2.6035126098838925,0.08038386228274606
-0.3295718797759189,-0.6108057283628731,0.6866590710860949,1.1077404400374813,0.282709522329102,0.1111533064327466,-0.9691519876973708,5,red,2.173737068223686,0.0928397482111936
-0.1936501463437792,-0.7219228360879458,2.721393340401751,0.93237440020483,0.4697837781594611,2.5822869000877957,-0.8848222609153978,6,red,0.6018073888161345,-2.026535553245284
-0.1256892796277091,-0.7219228360879458,2.721393340401751,0.9222571286760332,0.5321418634362493,2.515499505664686,-0.8848222609153978,6,red,0.6018073888161345,-1.9743620896526668
-2.164515281109809,-0.455241777547771,1.2292548762369382,0.4467453668221753,1.2804388867576908,-0.4899332433752383,-0.4631736270055321,5,red,2.7485897322166686,-2.136994893256799
-0.941219680220549,-0.5885823068178585,5.054555302550367,0.534428386738501,1.093364630927329,0.4450902785482933,-0.2101844466596121,6,red,1.6000873817430121,-1.7979829100427318
-1.0091805469366188,-0.5885823068178585,5.000295722035283,0.527683539052624,1.093364630927329,0.3783028841251838,-0.2101844466596121,6,red,1.0536774389687782,-2.151800699064073
-0.1256892796277091,-0.3663480913677128,0.6052697003134714,1.1279749830950747,0.8439322898201819,0.5118776729714027,-0.0415249930956665,5,red,0.9422503910935771,-1.9127889465447432
-1.960632680961599,-0.5441354637278293,0.5238803295408452,0.982960757848851,1.716945483695197,0.4450902785482933,-0.6318330805694778,5,red,0.6774889973332654,-0.6343014753964167
-2.164515281109809,-0.6774759929979167,3.616676418900638,0.7502635126863392,0.5321418634362493,0.4450902785482933,-0.9691519876973708,6,red,0.8340595676063542,-1.5771863130109742
-1.2130631470848288,-0.5885823068178585,1.554812359327443,0.9391192478907068,2.714674848123786,0.7790272506638407,-0.6318330805694778,5,red,0.10377719282776719,-1.7959861334310623
-1.824710947529459,-0.5885823068178585,0.6595292808285554,1.2156580030114004,0.8439322898201819,-0.0224214824134723,-0.4631736270055321,5,red,2.9565899195891308,-0.38589004336178007
-2.0965544143937387,-0.5663588852728438,0.5510101197983872,0.9863331816918082,2.0287359100791296,0.3783028841251838,-0.6318330805694778,5,red,0.9717097357501605,-0.7612102545597186
0.6218802542490606,-0.6108057283628731,0.7137888613436396,1.2358925460689938,-0.0914389893316186,-0.2227836656828007,-0.8848222609153978,5,red,1.4633917190122177,-1.417609715819983
-0.5334544799241291,-0.6330291499078875,0.6052697003134714,1.5394106919331576,-0.2785132451619777,0.1779407008558561,-0.3788439002235593,6,red,2.3996410342875962,-1.1372367522919713
-1.0091805469366188,-0.4774651990927857,1.1478655054643123,1.1684440692102989,-0.8397360126530602,-0.0892088768365817,-1.0534817144793436,5,red,1.9436423723587852,-0.29799255532833324
0.7578019876812007,-0.5441354637278293,0.6866590710860949,0.8581810756602583,0.6568580339898229,0.9793894339331692,-0.7161628073514522,6,red,0.20777728651399854,-0.8780130676733998
-1.0091805469366188,-0.4774651990927857,0.7409186516011818,1.2291476983831169,0.0332771812219549,0.0443659120096371,-0.800492534133425,5,red,2.092848106467729,-0.002107499458733324
-2.028593547677669,-0.5663588852728438,0.6595292808285554,0.982960757848851,1.5922293131416234,0.4450902785482933,-0.7161628073514522,6,red,1.0557728038692733,-0.8554512156953313
-2.164515281109809,-0.5441354637278293,-0.0458452658675378,0.6254838304977464,0.9686484603737554,0.1779407008558561,0.2114641872502534,5,red,1.3352638699578765,-2.174362551042141
1.5053715215579708,-0.6108057283628731,0.2254526367078827,0.2612620554607648,-0.3408713304387659,-0.0224214824134723,1.6450695425437962,6,red,1.2343136465851523,-2.0124360339723233
-0.1256892796277091,-0.5441354637278293,2.0431485839632,1.1212301354091976,-1.4633168654209254,4.31875915508864,-0.2945141734415865,5,red,4.215378458450506,-1.5889359124051072
-0.0577284129116391,-0.5663588852728438,1.880369842417948,0.9863331816918082,-0.777377927376272,1.3801138004718252,-0.800492534133425,5,red,1.2826933933710187,-0.8639135484004398
0.8257628543972707,-0.7663696791779749,-0.5070517002457526,0.2443999362460911,0.095635266498743,1.847625561433592,0.2114641872502534,7,red,1.225932186983171,-1.2570957718187934
0.146154187236571,-0.3219012482776837,0.6866590710860949,1.404513738215768,0.4074256928826756,-0.0892088768365817,0.1271344604682791,6,red,1.825929229782098,-2.241341820442033
-1.6208283473812488,-0.2330075620976254,0.6866590710860949,0.6322286781836234,0.1579933517755285,-0.1559962712596912,-0.9691519876973708,5,red,1.1093599038939668,-0.23641941222040966
-1.552867480665179,-0.3885715129127274,0.3068420074805089,0.9492365194195036,0.0332771812219549,-0.6235080322214572,-0.4631736270055321,5,red,1.6073900998823338,-2.0848214296641823
-2.164515281109809,-0.7441462576329604,-0.3442729587005004,-0.6391751106029299,2.0910939953559176,2.7158616889340133,1.982388449671689,7,red,-0.12104803177348346,-0.9870598346162867
-1.6208283473812488,-0.5663588852728438,1.554812359327443,0.8649259233461352,0.095635266498743,0.8458146450869501,-0.800492534133425,6,red,1.1671377337196513,-1.485295271754188
-0.6693762133562691,-0.5219120421828147,0.7409186516011818,0.77049805574397,0.2203514370523139,0.2447280952789648,-0.547503353787505,6,red,1.3741212976542783,-2.231235854392412
0.553919387532991,-0.5885823068178585,-0.127234636640164,-0.3289121170528891,0.6568580339898229,1.1129642227793872,1.898058722889716,7,red,0.2581902801755364,-2.330882941819992
0.4859585208169208,-0.6774759929979167,-0.4256623294731292,-0.227739401764847,0.282709522329102,1.1797516172024969,1.6450695425437962,7,red,0.2392698780462539,-2.330882941819992
-1.3489848805169689,-0.6996994145429313,2.9384316624620874,0.8379465326026647,0.2203514370523139,2.181562533549138,-1.1378114412613178,5,red,0.8802818314669019,-2.305971169963097
-0.0577284129116391,-0.4996886206378002,0.361101587995593,0.8075947180162372,-0.0290809040548305,0.1111533064327466,-0.2101844466596121,6,red,0.7772983612185056,-2.268603512177754
-1.484906613949109,-0.5441354637278293,0.3068420074805089,0.3658071945917266,0.4697837781594611,-0.4231458489521292,-0.0415249930956665,5,red,0.6585685952039825,-2.281059398106202
1.5733323882740409,-0.4996886206378002,0.4153611685106768,1.8833979239125085,-0.8397360126530602,0.9793894339331692,0.2957939140322263,6,red,3.701477730646362,-2.0373478058292185
0.0781933205205009,-0.5663588852728438,1.1478655054643123,1.2291476983831169,0.095635266498743,1.1797516172024969,0.2114641872502534,5,red,2.3659909598300217,-1.3466368931967527
-0.5334544799241291,-0.6552525714529022,1.2292548762369382,0.0285648102982155,1.342796972034476,0.3115154897020743,0.717442547942092,4,red,0.02390485450964517,-2.3682505996053345
1.5053715215579708,-0.4996886206378002,1.2563846664944802,1.6372109833782795,-0.0914389893316186,1.5136885893180445,0.6331128211601191,6,red,3.1624326240362746,-1.3489868130755793
-0.873258813504479,-0.4107949344577419,0.6595292808285554,1.3033410229276885,0.0332771812219549,0.3115154897020743,-0.0415249930956665,6,red,2.082309163940428,-1.9228949125943642
0.6898411209651306,-0.7663696791779749,0.7409186516011818,0.3084759892618286,0.3450676076058875,1.3133264060487158,1.1390911818519576,6,red,1.6934864148771185,-1.5233692160738448
-2.164515281109809,-0.5996940175903657,0.3882313782531347,0.6018768635971957,0.4074256928826756,-0.5567206377983478,-0.9691519876973708,5,red,1.4971039114946163,-1.1948163421765559
-1.145102280368759,-0.4107949344577419,1.0936059249492256,1.761990665566873,0.3450676076058875,0.0443659120096371,-0.800492534133425,5,red,2.3376724746609208,-1.5219566430052165
-2.164515281109809,-0.6996994145429313,1.1478655054643123,0.5141938436808701,0.7192161192666082,0.4450902785482933,-0.7161628073514522,5,red,1.3174222092912544,-1.9828244223577751
-2.164515281109809,-0.6552525714529022,-0.2357537976703321,-1.0101417333257885,3.0264652745077183,1.3801138004718252,2.910015444273393,7,red,-0.921742543805551,-1.4556836601396397
-1.2810240138008988,-0.6774759929979167,0.5238803295408452,0.93237440020483,2.4028844217398504,0.7122398562407312,-0.6318330805694778,5,red,0.5472036653536055,-1.570136553374494
-0.2616110130598489,-0.4996886206378002,0.3068420074805089,0.77049805574397,0.095635266498743,-0.0224214824134723,-0.2101844466596121,5,red,0.5093628610950394,-2.176712470920968
-1.2130631470848288,-0.4996886206378002,0.5238803295408452,0.5748974728537253,0.8439322898201819,-0.2895710601059102,0.1271344604682791,5,red,0.4252997929759267,-1.5576806674460466
0.146154187236571,-0.6108057283628731,-0.1814942171552479,0.1904411547591128,1.093364630927329,0.7122398562407312,0.3801236408141991,7,red,-0.1589509540568727,-2.355794713676887
-1.552867480665179,-0.6108057283628731,0.2254526367078827,-0.1231942626338476,1.46751314258805,1.3801138004718252,1.8137289961077416,8,red,1.2627563678039004,-0.7033996043992502
-1.6208283473812488,-0.6552525714529022,0.3882313782531347,-0.2614636401941944,2.0910939953559176,1.5804759837411535,0.464453367596172,6,red,0.41272760357295435,-1.679889606851695
-1.6887892140973189,-0.5663588852728438,0.0355441049050855,0.6018768635971957,0.9686484603737554,0.1111533064327466,0.2957939140322263,4,red,1.5853577094147207,-2.30362125008427
0.6898411209651306,-0.7885931007229895,2.3958358573112464,1.276361632184218,0.9686484603737554,2.181562533549138,-0.547503353787505,3,red,2.1096110256716925,-0.6660319466139076
0.8257628543972707,-0.7663696791779749,2.4500954378263304,1.289851327555972,0.9686484603737554,2.181562533549138,-0.547503353787505,4,red,2.8787508281466803,-0.5492291335002266
-0.397532746491989,-0.7663696791779749,0.8494378126313497,0.8109671418591944,0.5944999487130347,-0.4231458489521292,-0.9691519876973708,5,red,2.2819900097357335,-1.6923454927801427
-1.484906613949109,-0.7885931007229895,0.2525824269654248,0.6794426119847247,1.0310065456505435,-0.1559962712596912,-1.0534817144793436,5,red,1.5548817413203002,-0.85686378876396
-0.2616110130598489,-0.5885823068178585,-1.212426246941846,-1.313659879189952,0.2203514370523139,-0.9574450043370044,0.9704317282880104,7,red,-0.5456162201948622,0.06110927699370263
0.2141150539526407,-0.7663696791779749,0.496750539283303,0.7367738173146227,0.095635266498743,1.98120035027981,0.5487830943781448,7,red,1.4024397828233781,-1.90808910678709
-1.892671814245529,-0.6330291499078875,0.957956973661518,0.6524632212412168,1.46751314258805,-0.4231458489521292,-0.4631736270055321,5,red,0.003967828942526432,-1.774130567987308
1.0296454545454805,-0.533023752955322,0.7680484418587238,0.9526089432624608,0.095635266498743,1.5804759837411535,1.3077506354159032,7,red,2.4006576577254313,-1.8333537912164046
-2.164515281109809,-0.455241777547771,1.5819421495849852,0.591759592068399,1.4051550573112643,0.6454524618176217,-0.2101844466596121,5,red,0.9979949740435892,-1.3941105170317163
0.8937237211133408,-0.5441354637278293,1.6904613106151531,0.8581810756602583,0.0332771812219549,1.2465390116256063,0.2957939140322263,6,red,2.4689744300784167,-0.41691422804495687
0.2141150539526407,-0.6774759929979167,0.8494378126313497,0.5951320159113187,0.3450676076058875,0.5786650673945123,-0.9691519876973708,5,red,1.3710093093159474,-1.1109124073664478
0.9616845878294108,-0.7441462576329604,0.1440632659352565,0.4602350621939293,-0.2785132451619777,1.98120035027981,0.0428047336863063,6,red,1.0430763784166532,-1.0585078834979469
-0.7373370800723391,-0.7219228360879458,0.6595292808285554,0.7941050226445207,2.2781682511862766,0.8458146450869501,-0.6318330805694778,5,red,0.8067577058750902,-1.6721335606809011
-1.077141413652689,-0.7219228360879458,0.5781399100559292,1.067271353922257,1.716945483695197,1.1129642227793872,-0.547503353787505,6,red,1.510754842360249,-1.6519216285816591
-0.7373370800723391,-0.7663696791779749,0.6323994905710134,0.7941050226445207,2.2158101659094918,0.8458146450869501,-0.6318330805694778,5,red,0.7647261718155337,-1.739112830080792
0.8257628543972707,-0.6996994145429313,0.7680484418587238,0.8581810756602583,0.3450676076058875,0.1111533064327466,-0.8848222609153978,5,red,1.4781213913405098,-1.9828244223577751
0.0102324538044309,-0.5663588852728438,0.6323994905710134,1.1718164930532189,-0.0290809040548305,3.5840978164344364,-0.7161628073514522,5,red,0.7394575569599402,-0.062037009222144245
0.4859585208169208,-0.7885931007229895,0.6323994905710134,0.6693253404558904,1.529871227864838,1.3133264060487158,0.2957939140322263,6,red,1.1839006529236145,-0.3008177014655902
-2.028593547677669,-0.5663588852728438,0.3882313782531347,0.2848690223613154,1.7793035689719825,1.1797516172024969,0.9704317282880104,7,red,1.8491024797371953,-2.0427539321211863
0.146154187236571,-0.5663588852728438,0.4424909587682189,0.4737247575656831,1.093364630927329,1.6472633781642632,0.6331128211601191,7,red,0.17412721205642337,-1.393404230497402
1.0296454545454805,-0.7441462576329604,-0.0729750561250798,0.7839877511156865,-0.4655875009923394,0.9126020395100596,0.0428047336863063,7,red,2.1337387810398005,-1.5405249417599456
-0.6693762133562691,-0.7219228360879458,0.469620749025761,-0.0523733619321957,1.093364630927329,1.9144129558567,0.5487830943781448,6,red,0.6848538334974117,-1.7196071845158643
-1.756750080813389,-0.5219120421828147,0.5510101197983872,0.9863331816918082,1.7793035689719825,0.0443659120096371,-0.8848222609153978,5,red,1.1513914379535233,-0.9597981428805649
2.3209019221508105,-0.6774759929979167,-0.4799219099882105,-0.3255396932099693,2.714674848123786,0.4450902785482933,0.8017722747240648,6,red,2.0404018659305185,-0.9224304850952224
0.0102324538044309,-0.5219120421828147,0.2797122172229668,0.5883871682254792,0.095635266498743,-0.6235080322214572,-0.1258547198776393,5,red,0.47152205683647386,-2.024891919900771
-1.756750080813389,-0.5663588852728438,0.5781399100559292,0.9863331816918082,1.7793035689719825,-0.0224214824134723,-0.7161628073514522,5,red,1.1513914379535233,-0.8928188734806739
-1.6887892140973189,-0.5441354637278293,0.5510101197983872,0.9930780293776852,1.7793035689719825,0.0443659120096371,-0.7161628073514522,5,red,1.214438739042858,-0.9076246792879481
-0.6693762133562691,-0.6108057283628731,0.3882313782531347,-0.0523733619321957,1.1557227162041173,1.98120035027981,0.6331128211601191,6,red,0.39063309508051614,-1.799042339844203
-0.6014153466401989,-0.6774759929979167,0.4153611685106768,-0.0523733619321957,1.093364630927329,2.0479877447029198,0.5487830943781448,6,red,0.5282832632243227,-1.8239541117010982
-1.960632680961599,-0.6774759929979167,0.6323994905710134,0.4197659760787049,1.342796972034476,0.7122398562407312,0.2957939140322263,6,red,1.4077713721118525,-1.0063344199053301
-2.0965544143937387,-0.6552525714529022,0.1983228464503406,-0.278325759408868,1.1557227162041173,0.2447280952789648,1.0547614550699849,6,red,1.818626511642776,-0.8474641092486531
-1.960632680961599,-0.7885931007229895,0.7951782321162655,0.2309102408743371,1.904019739525556,0.2447280952789648,0.0428047336863063,5,red,0.7384409335221052,-0.6115085631424643
-0.5334544799241291,-0.6774759929979167,0.2797122172229668,0.4130211283928279,1.2804388867576908,0.0443659120096371,-0.4631736270055321,4,red,0.07012711837019209,-0.9043374125989232
0.3500367873847808,-0.7663696791779749,0.2797122172229668,0.3320829561623793,0.0332771812219549,0.3115154897020743,0.464453367596172,7,red,0.44625344198088057,-2.251447786491654
0.9616845878294108,-0.6552525714529022,1.2835144567520225,0.7097944265711148,-0.6526617568226984,0.7790272506638407,1.0547614550699849,7,red,1.8574218213143538,-2.251447786491654
0.553919387532991,-0.4996886206378002,1.4191634080397326,0.5411732344243779,0.5321418634362493,1.7140507725873726,1.0547614550699849,7,red,0.7058074825023661,-2.136994893256799
-2.164515281109809,-0.6330291499078875,0.2797122172229668,0.2140481216596635,1.093364630927329,0.3115154897020743,0.2957939140322263,4,red,0.46733132703548297,-2.161906665113694
-0.873258813504479,-0.2330075620976254,1.012216554176602,1.124602559252155,-0.0290809040548305,-0.2227836656828007,-0.4631736270055321,6,red,1.9667535042890596,-0.5633286527731864
-1.892671814245529,-0.5663588852728438,0.5238803295408452,0.982960757848851,1.904019739525556,0.1111533064327466,-0.8848222609153978,5,red,1.0673283698344103,-0.8032777521027146
-0.941219680220549,-0.7663696791779749,0.5781399100559292,0.4130211283928279,-0.4655875009923394,-0.2895710601059102,-0.547503353787505,5,red,1.97094423409005,-1.9555627306220535
-2.164515281109809,-0.6552525714529022,0.3068420074805089,0.2680069031466418,1.5922293131416234,0.7790272506638407,0.717442547942092,6,red,1.7650394116180825,-0.9868287743404024
-0.1936501463437792,-0.4330183560027564,3.725195579930804,0.2781241746754385,-0.0290809040548305,1.6472633781642632,1.2234209086339305,6,red,0.49145908240359265,-1.7344129903231387
-1.2130631470848288,-0.5663588852728438,0.7951782321162655,1.2493822414407476,0.7192161192666082,0.7122398562407312,-0.0415249930956665,5,red,2.6087820811475426,-1.8831773349301948
-1.3489848805169689,-0.5885823068178585,0.7137888613436396,1.289851327555972,0.6568580339898229,0.7790272506638407,-0.1258547198776393,6,red,2.872526851470018,-1.9478066844512594
0.4179976541008508,-0.5441354637278293,0.2525824269654248,0.4163935522357851,-0.4655875009923394,1.7140507725873726,1.3077506354159032,7,red,2.6066245982222225,-0.7649727475071737
-2.164515281109809,-0.5663588852728438,0.4153611685106768,0.1263651017433378,1.2804388867576908,0.1779407008558561,0.5487830943781448,6,red,0.7268853675569676,-0.5461729270870856
0.146154187236571,0.3448013980727531,1.5005527788123565,2.817559328405588,-0.0290809040548305,0.9793894339331692,-1.0534817144793436,5,red,4.203822892485369,-0.46767511856894534
-0.5334544799241291,-0.6774759929979167,0.3882313782531347,0.4130211283928279,1.342796972034476,0.3115154897020743,-0.3788439002235593,5,red,-0.02549151571405718,-0.7750787135567946
-1.960632680961599,-0.6108057283628731,0.5781399100559292,0.9762159101630116,1.904019739525556,0.2447280952789648,-0.7161628073514522,5,red,1.319517574191749,-0.9076246792879481
-0.6014153466401989,-0.6996994145429313,0.6866590710860949,1.0807610492939734,-0.0290809040548305,0.7790272506638407,-1.0534817144793436,6,red,1.9908812596571683,-1.9929303884073961
-1.960632680961599,-0.6330291499078875,0.6323994905710134,0.982960757848851,1.904019739525556,0.3115154897020743,-0.6318330805694778,6,red,1.1934229720130798,-0.8429953297668838
-2.0965544143937387,-0.6108057283628731,0.6323994905710134,0.3253381084765397,1.2180808014809026,0.3115154897020743,0.1271344604682791,6,red,0.9717097357501605,-1.0063344199053301
0.4859585208169208,-0.5885823068178585,0.5781399100559292,-0.0321388188746022,0.5321418634362493,1.5804759837411535,1.6450695425437962,7,red,0.4378719823788996,-1.403510196547023
-2.028593547677669,-0.3663480913677128,0.7409186516011818,1.4787070627603398,1.5922293131416234,-0.2895710601059102,0.3801236408141991,3,red,3.4221109006074077,-2.2389919005632057
0.2820759206687107,-0.5441354637278293,-0.0187154756099985,0.3658071945917266,1.093364630927329,1.0461768283562778,1.0547614550699849,5,red,0.7593945825270592,-1.7313567839099977
-1.484906613949109,-0.5885823068178585,0.6323994905710134,0.9526089432624608,2.2158101659094918,1.0461768283562778,0.2114641872502534,7,red,1.3216129390922446,-1.5677866334956674
-1.756750080813389,0.2114608688026658,0.0898036854201723,0.5614077774819713,1.1557227162041173,0.3783028841251838,0.2114641872502534,7,red,0.8109484356760808,-1.953212810743227
-0.8052979467884089,-0.455241777547771,0.6595292808285554,1.1684440692102989,0.0332771812219549,0.3783028841251838,-0.8848222609153978,5,red,2.0550073022091624,-0.586121565027139
-0.3295718797759189,-0.5441354637278293,0.7409186516011818,0.6288562543406662,1.0310065456505435,1.1797516172024969,0.3801236408141991,5,red,0.815139165477072,-1.1661420773722055
-2.164515281109809,-0.6330291499078875,0.6052697003134714,0.0892684394710707,2.2781682511862766,0.0443659120096371,0.8017722747240648,6,red,0.30974413332455863,-2.263903672420101
-1.2810240138008988,-0.5885823068178585,0.5781399100559292,0.251144783931968,1.2804388867576908,0.3783028841251838,0.2114641872502534,6,red,0.8382502974073456,-0.5041054295440897
0.4859585208169208,-0.8552633653580332,0.0626738951626302,-0.4132227131262575,0.4074256928826756,-0.0892088768365817,0.8017722747240648,6,red,-0.11901478489781185,-2.1992743228990363
1.0976063212615506,-0.2774544051876546,2.0431485839632,0.4163935522357851,0.0332771812219549,0.2447280952789648,2.235377630017608,6,red,1.2679637210427275,-2.358144633555714
0.9616845878294108,0.8781635151531028,1.554812359327443,1.50905887734673,-0.2785132451619777,0.4450902785482933,0.2957939140322263,6,red,0.7404741803977759,-2.383056405412608
0.8257628543972707,-0.4774651990927857,0.2254526367078827,0.7435186650004622,0.6568580339898229,0.5786650673945123,1.392080362197876,6,red,1.9793256936920318,-2.355794713676887
0.9616845878294108,-0.0996670328275381,1.012216554176602,0.6254838304977464,0.282709522329102,0.7122398562407312,1.392080362197876,7,red,1.3845981221567554,-2.370600519484161
0.553919387532991,-0.6330291499078875,0.6052697003134714,0.1971860024449898,0.282709522329102,0.9126020395100596,1.1390911818519576,6,red,0.619649049482757,-2.4204240631979514
-0.873258813504479,-0.7885931007229895,2.8299125014319197,-0.1973875871784193,2.4652425070166384,0.5118776729714027,0.3801236408141991,5,red,0.5325361110501374,-1.564024140548212
-0.0577284129116391,0.8337166720630738,0.7409186516011818,1.2493822414407476,0.9686484603737554,0.7122398562407312,-0.3788439002235593,6,red,0.054380822604064495,-1.0211402257126043
0.0102324538044309,-0.6330291499078875,0.6595292808285554,0.6288562543406662,0.4697837781594611,1.2465390116256063,0.3801236408141991,6,red,0.7016167527013748,-0.35933463816037264
-1.3489848805169689,-0.7219228360879458,0.4153611685106768,0.1702066117015194,0.9686484603737554,2.3819247168184665,1.0547614550699849,6,red,1.7944366382498427,-0.5320734078141256
0.3500367873847808,-0.6108057283628731,0.930827183403976,1.1212301354091976,0.095635266498743,0.1779407008558561,-0.0415249930956665,5,red,1.554819623295476,-1.9306509587651584
-0.3295718797759189,-0.6108057283628731,-0.0458452658675378,0.2106756978167437,-0.2785132451619777,1.780838167010482,0.5487830943781448,5,red,1.2711378274058818,-1.7095012184662437
0.2820759206687107,-0.6996994145429313,0.1983228464503406,0.5074489959950306,1.529871227864838,2.248349927972248,0.3801236408141991,7,red,0.2203494759169706,0.4498227209302871
0.0781933205205009,-0.6108057283628731,0.1169334756777144,1.1212301354091976,1.529871227864838,2.448712111241576,-0.2945141734415865,6,red,0.7331093442336301,0.3602815995523277
-0.873258813504479,-0.6330291499078875,0.98508676391906,0.9526089432624608,-0.153797074608404,0.3783028841251838,-1.1378114412613178,4,red,2.004594308547625,-1.2432273128217175
0.4179976541008508,-0.3885715129127274,0.1711930561927986,0.0487993533558463,0.4697837781594611,1.3133264060487158,1.2234209086339305,7,red,0.7362834505967849,-1.9804745024789485
-2.0965544143937387,-0.6996994145429313,0.6323994905710134,0.9863331816918082,2.9017491039541445,1.3133264060487158,-0.0415249930956665,5,red,0.7878373037458068,-1.985174342236602
-2.0965544143937387,-0.6774759929979167,0.469620749025761,0.9930780293776852,1.5922293131416234,0.7790272506638407,-0.6318330805694778,5,red,1.2165341039433535,-1.6246599368459376
-0.1936501463437792,-0.6996994145429313,0.5781399100559292,0.8649259233461352,1.4051550573112643,0.3783028841251838,-0.8848222609153978,6,red,0.4410460887420542,-0.6404138882226983
0.4179976541008508,-0.6108057283628731,0.0898036854201723,0.3017311415759891,1.0310065456505435,1.2465390116256063,1.0547614550699849,6,red,0.6637759484428096,-0.9628543492937058
1.2335280546936906,-0.810816522268004,0.3882313782531347,1.1380922546238714,-0.9644521832066338,0.4450902785482933,-0.1258547198776393,4,red,3.7656037731983565,-2.052153611636493
0.4179976541008508,-0.4996886206378002,0.3068420074805089,-0.3289121170528891,0.7192161192666082,1.2465390116256063,1.982388449671689,7,red,0.14263462052416848,-1.1776606164904548
-1.0091805469366188,-0.7663696791779749,0.4424909587682189,-0.0962148718903772,2.4028844217398504,0.0443659120096371,0.717442547942092,5,red,-0.05698410724631255,-2.1992743228990363
1.3694497881258307,-0.6330291499078875,0.469620749025761,0.187068730916193,0.8439322898201819,1.5136885893180445,1.5607398157618233,7,red,1.2185673508190247,-1.7865864539157557
1.1655671879776206,-0.0107733466474797,0.6866590710860949,0.1027581348427872,-0.2161551598851922,-0.0892088768365817,1.6450695425437962,7,red,1.1271394465357663,-2.045103852000013
0.553919387532991,-0.5441354637278293,0.957956973661518,1.283106479870095,-0.0290809040548305,0.7122398562407312,-0.4631736270055321,7,red,1.9068181915380555,-1.4502775338476723
0.146154187236571,-0.6108057283628731,1.012216554176602,1.384279195158137,0.095635266498743,0.4450902785482933,-0.7161628073514522,7,red,2.040277629880871,-1.6566214683393126
1.1655671879776206,-0.2774544051876546,0.9036973931464336,0.1499720686438885,0.282709522329102,0.7122398562407312,1.3077506354159032,7,red,0.3958404483193431,-1.8784774951725414
0.6898411209651306,-0.6774759929979167,0.3882313782531347,0.3792968899634806,-0.5279455862691249,1.7140507725873726,0.464453367596172,7,red,2.0024368256223046,-2.0871713495430084
1.7772149884222503,-0.2107841405526109,0.957956973661518,0.982960757848851,0.4074256928826756,3.049798661049561,1.2234209086339305,7,red,2.0024368256223046,-1.8784774951725414
1.0976063212615506,-0.6552525714529022,0.98508676391906,-0.1535460772202752,0.2203514370523139,0.5786650673945123,1.5607398157618233,7,red,0.31177738020023044,-2.2265360146347586
0.8937237211133408,-0.7219228360879458,0.496750539283303,0.3320829561623793,1.1557227162041173,1.5136885893180445,1.1390911818519576,7,red,-0.03920456460451351,-1.9555627306220535
0.553919387532991,-0.6330291499078875,0.0355441049050855,0.2781241746754385,0.5321418634362493,0.9793894339331692,0.5487830943781448,7,red,0.3842848823542056,-2.251447786491654
1.0976063212615506,-0.6552525714529022,-0.127234636640164,0.015075114926499,-0.153797074608404,1.0461768283562778,1.3077506354159032,7,red,1.5821214850267404,-2.30362125008427
0.553919387532991,-0.5219120421828147,0.6866590710860949,0.2848690223613154,1.342796972034476,0.0443659120096371,1.392080362197876,6,red,0.5671406909207235,-2.2389919005632057
1.3694497881258307,-0.6996994145429313,0.9036973931464336,0.655835645084174,0.8439322898201819,0.9126020395100596,-0.1258547198776393,5,red,0.12473084183272119,-1.9703685364293275
1.3694497881258307,-0.6552525714529022,1.473422988554817,0.3860417376493575,0.5321418634362493,0.5786650673945123,0.6331128211601191,6,red,1.0231393528495343,-2.2911653641558227
1.3694497881258307,-0.6774759929979167,0.8494378126313497,0.5378008105814207,0.4074256928826756,0.3115154897020743,0.464453367596172,6,red,1.3331063870325572,-1.502450997440289
-1.3489848805169689,-0.6108057283628731,1.7175911008726952,0.2207929693455404,1.529871227864838,1.1797516172024969,0.6331128211601191,7,red,0.5125369674581948,-1.1729607767328014
-1.824710947529459,-0.6774759929979167,0.8765676028888917,0.9492365194195036,0.8439322898201819,0.5118776729714027,-0.4631736270055321,5,red,1.4539936359724,-1.739112830080792
-0.3295718797759189,-0.6996994145429313,0.0355441049050855,0.2174205455025832,-0.4032294157155512,2.1147751391260288,0.464453367596172,6,red,1.217550727381189,-1.4260720485250913
-1.2130631470848288,-0.7663696791779749,0.5781399100559292,0.4669799098798062,0.282709522329102,0.5786650673945123,-1.0534817144793436,5,red,0.8456151335714914,-2.1120831213999036
-2.028593547677669,-0.6552525714529022,1.5819421495849852,0.6760701881417674,0.9686484603737554,1.0461768283562778,-0.8848222609153978,5,red,0.619711167507581,-2.176712470920968
0.4859585208169208,-0.6774759929979167,1.1749952957218546,0.3118484131047858,-0.4655875009923394,1.0461768283562778,0.5487830943781448,6,red,0.5376813462641403,-1.4836516384096754
0.553919387532991,-0.5885823068178585,0.2254526367078827,0.3388278038482563,0.7192161192666082,2.181562533549138,0.3801236408141991,6,red,0.5639665845575691,-1.0632077232556003
0.6218802542490606,-0.5885823068178585,1.2563846664944802,0.5074489959950306,-0.590303671545913,0.3115154897020743,1.1390911818519576,7,red,1.1072024209686473,-2.251447786491654
-0.8052979467884089,-0.6552525714529022,1.0936059249492256,0.942491671733664,-0.590303671545913,-0.3563584545290197,-1.1378114412613178,5,red,2.0161498745127613,-0.2932927155706798
0.7578019876812007,-0.5885823068178585,0.3068420074805089,-0.0793527526757035,-0.153797074608404,0.4450902785482933,1.392080362197876,6,red,1.1912654890877603,-0.889531606791649
-1.552867480665179,-0.4774651990927857,0.6052697003134714,0.7266565457857885,1.46751314258805,0.5118776729714027,-0.2945141734415865,5,red,0.6312667334727186,-2.0622595776861137
1.0976063212615506,-0.6996994145429313,0.2525824269654248,0.9121398571472364,0.6568580339898229,2.248349927972248,0.2957939140322263,6,red,1.3530434125996764,-2.251447786491654
1.2335280546936906,-0.5885823068178585,1.2835144567520225,0.6389735258695003,-0.0290809040548305,0.7790272506638407,0.8861020015060377,7,red,1.6966605212402732,-2.2140801287063105
0.8257628543972707,-0.7441462576329604,0.6052697003134714,0.5108214198379504,1.8416616542487705,0.6454524618176217,0.1271344604682791,5,red,0.6711407846069553,-2.2265360146347586
0.6218802542490606,0.1892374472576513,0.4424909587682189,0.6895598835135214,0.4697837781594611,0.5786650673945123,1.3077506354159032,7,red,0.789870550621479,-2.174362551042141
-0.1256892796277091,-0.6552525714529022,0.7137888613436396,0.8312016849167878,1.342796972034476,-0.0892088768365817,-0.9691519876973708,5,red,0.2687292227028378,-0.32737310666699754
-0.1936501463437792,-0.5441354637278293,1.4191634080397326,1.1718164930532189,-0.4655875009923394,-0.2227836656828007,-1.2221411680432908,5,red,1.6683420360711734,0.09918322131335945
0.0102324538044309,-0.3219012482776837,0.1169334756777144,-0.1265666864767674,0.3450676076058875,-0.2895710601059102,0.6331128211601191,7,red,0.11952348859389485,-1.8956332208586426
1.1655671879776206,-0.810816522268004,0.496750539283303,0.7974774464874405,-0.590303671545913,0.6454524618176217,-0.1258547198776393,5,red,3.1162103601757267,-2.4204240631979514
-0.1256892796277091,-0.6996994145429313,0.2254526367078827,1.0807610492939734,0.5944999487130347,1.1797516172024969,-0.0415249930956665,6,red,1.6651679297080177,-2.0848214296641823
-0.397532746491989,-0.6996994145429313,0.6052697003134714,0.8716707710320122,0.1579933517755285,0.5786650673945123,-0.4631736270055321,5,red,3.3926515559508235,-1.749218796130413
0.0102324538044309,-0.6552525714529022,0.361101587995593,-0.1198218387909279,0.7192161192666082,1.9144129558567,1.982388449671689,6,red,0.784663197382652,0.2831963641028156
-2.164515281109809,-0.6774759929979167,0.1983228464503406,0.3658071945917266,1.4051550573112643,0.3115154897020743,0.6331128211601191,6,red,1.090439501764684,-2.1992743228990363
0.4859585208169208,-0.810816522268004,0.2525824269654248,0.0555442010417233,-0.2161551598851922,0.1111533064327466,0.717442547942092,7,red,1.3677730849279683,-2.4079681772695034
-0.1256892796277091,-0.7663696791779749,0.6323994905710134,0.8075947180162372,1.342796972034476,-0.2227836656828007,-0.9691519876973708,5,red,0.004984452380361938,-0.3522848785238926
-1.3489848805169689,-0.7441462576329604,1.0936059249492256,0.4804696052515227,-0.4032294157155512,-0.2895710601059102,-0.9691519876973708,5,red,0.45260165470719127,-1.5233692160738448
0.553919387532991,-0.7885931007229895,0.4424909587682189,0.3455726515341332,-0.5279455862691249,-0.1559962712596912,0.2957939140322263,6,red,1.1250440816352698,-1.7966924199653764
-0.2616110130598489,-0.6774759929979167,0.6866590710860949,0.8109671418591944,1.4051550573112643,-0.3563584545290197,-0.9691519876973708,5,red,-0.0790786157387507,-0.5360669610374648
-1.484906613949109,-0.6774759929979167,0.5238803295408452,0.3388278038482563,0.8439322898201819,-0.3563584545290197,-0.9691519876973708,6,red,-0.14841201152957154,-0.8373581431990322
0.8937237211133408,-0.5663588852728438,0.957956973661518,1.566390082676628,-0.4655875009923394,-0.6902954266445667,-0.9691519876973708,5,red,1.5169788190369105,-0.7238425967743761
-1.756750080813389,-0.6774759929979167,0.6052697003134714,0.8210844133879911,1.0310065456505435,0.5786650673945123,-0.3788439002235593,6,red,1.3352638699578765,-1.3489868130755793
-2.164515281109809,-0.6330291499078875,0.8223080223738075,-0.2547187925083174,3.0264652745077183,0.6454524618176217,1.898058722889716,7,red,0.4621239737966564,-2.358144633555714
0.146154187236571,-0.810816522268004,-0.1814942171552479,0.3388278038482563,-0.6526617568226984,-0.3563584545290197,-1.2221411680432908,6,red,2.987065887683551,-2.330882941819992
-2.164515281109809,-0.7552579684054677,-0.0458452658675378,-0.983162342582318,1.529871227864838,-0.0224214824134723,1.982388449671689,6,red,1.0169153761728722,-2.1868184369705888
-0.1256892796277091,-0.6330291499078875,0.1440632659352565,0.1398547971150917,1.342796972034476,1.2465390116256063,0.8017722747240648,7,red,0.5135535908960305,-2.2265360146347586
0.4179976541008508,-0.7885931007229895,0.0355441049050855,0.7502635126863392,0.2203514370523139,1.9144129558567,0.0428047336863063,7,red,1.4633917190122177,-0.7976405655348631
0.0781933205205009,-0.6663642822254094,0.1711930561927986,0.2106756978167437,0.2203514370523139,2.0479877447029198,0.9704317282880104,7,red,0.7825057144573322,-1.7616746820588605
0.0102324538044309,-0.7219228360879458,0.2797122172229668,-0.5852163291159516,0.8439322898201819,0.1111533064327466,1.898058722889716,7,red,-0.15577684769371783,-2.355794713676887
-0.1936501463437792,-0.7663696791779749,0.6595292808285554,0.5040765721520734,0.1579933517755285,0.0443659120096371,-0.2101844466596121,5,red,0.888663291068883,-0.981422648048435
0.146154187236571,-0.6774759929979167,0.1983228464503406,0.2106756978167437,0.2203514370523139,2.0479877447029198,0.9704317282880104,7,red,0.8245372485168887,-1.8263040315799248
0.553919387532991,-0.3219012482776837,1.4462931982972749,0.3219656846335825,0.0332771812219549,1.1129642227793872,1.2234209086339305,7,red,0.9275207187652849,-1.8387599175083722
0.2820759206687107,-0.4996886206378002,1.6090719398425242,0.9053950094613596,-0.2785132451619777,0.9793894339331692,0.2957939140322263,5,red,1.9331034298314842,-0.8965813664281292
0.8937237211133408,-0.7441462576329604,0.2797122172229668,-0.335656964738766,0.1579933517755285,0.1111533064327466,1.4764100889798504,7,red,0.6332999803483899,-2.1868184369705888
-0.0577284129116391,-0.6774759929979167,0.8494378126313497,0.3927865853352345,-0.3408713304387659,0.1111533064327466,-0.1258547198776393,6,red,0.8014261165866157,-1.90103934715061
-1.145102280368759,-0.6552525714529022,1.2292548762369382,0.5074489959950306,0.0332771812219549,-0.3563584545290197,-0.4631736270055321,5,red,3.037540999369912,-1.7788304077449615
-2.164515281109809,-0.7663696791779749,0.957956973661518,0.6119941351259924,0.9686484603737554,0.3115154897020743,-0.4631736270055321,6,red,1.690436544563611,-1.3543929393675471
-1.077141413652689,-0.6774759929979167,1.7175911008726952,0.001585419554745,-0.0290809040548305,0.3115154897020743,0.5487830943781448,6,red,1.4119621019128434,-2.4079681772695034
0.9616845878294108,-0.6330291499078875,0.496750539283303,0.4872144529373997,-1.0268102684834193,2.0479877447029198,0.717442547942092,6,red,1.953040455398603,-1.721957104394691
0.553919387532991,-0.6330291499078875,0.3068420074805089,0.1095029825286641,0.282709522329102,1.4469011948949346,1.729399269325769,7,red,1.0536153209439543,-1.7889363737945823
0.3500367873847808,-0.9219336299930768,-0.20862400741279,-1.5058880382372395,-2.0868977181887933,-0.6235080322214572,1.8137289961077416,6,red,-0.26929926046941455,0.17321225034973048
-1.2130631470848288,-0.7219228360879458,0.5781399100559292,0.6153665589689497,1.904019739525556,0.5118776729714027,-0.1258547198776393,5,red,0.5398388291894592,-1.9306509587651584
2.3209019221508105,-0.5885823068178585,1.7989804716453213,0.6356011020265431,-0.153797074608404,-0.0224214824134723,1.1390911818519576,6,red,2.25564265341748,-2.3955122913410563
-1.552867480665179,-0.6552525714529022,0.1440632659352565,0.4400005191362984,0.7815742045433964,0.0443659120096371,-0.0415249930956665,5,red,0.5818703632490159,-2.3433388277484393
0.6898411209651306,-0.6108057283628731,1.1207357152067705,0.1769514593873589,0.282709522329102,0.1111533064327466,1.4764100889798504,6,red,0.4263164164137621,-2.383056405412608
-2.0965544143937387,-0.7219228360879458,0.8494378126313497,0.3860417376493575,0.5944999487130347,0.1779407008558561,-0.0415249930956665,7,red,1.2512008018387637,-1.9134952330790576
-2.164515281109809,-0.4996886206378002,1.0393463444341442,1.2426373937548707,0.6568580339898229,0.4450902785482933,-0.1258547198776393,6,red,2.784273053549914,-1.403510196547023
0.0102324538044309,-0.6996994145429313,0.2525824269654248,-0.3019327263094187,1.1557227162041173,0.1779407008558561,1.729399269325769,6,red,0.22352358228012628,-1.6098541310386634
-2.164515281109809,-0.6330291499078875,0.2254526367078827,-0.2547187925083174,1.6545873984184116,-0.0892088768365817,0.8861020015060377,5,red,1.4582464837982154,-0.8545138688851331
-0.7373370800723391,-0.5663588852728438,0.496750539283303,0.4467453668221753,0.90629037509697,0.0443659120096371,-0.3788439002235593,6,red,-0.02549151571405718,-0.13889118439577203
-2.164515281109809,-0.6552525714529022,0.930827183403976,0.1162478302145411,1.2180808014809026,0.1111533064327466,0.8017722747240648,7,red,0.9717097357501605,-2.0824715097853552
-2.0965544143937387,-0.7219228360879458,0.98508676391906,0.2039308501308667,0.7815742045433964,0.3115154897020743,0.3801236408141991,7,red,0.9107577995613214,-2.070015623856908
-2.164515281109809,-0.2107841405526109,1.0393463444341442,1.3505549567287898,0.8439322898201819,-0.0224214824134723,-0.800492534133425,5,red,2.474306019366891,-2.241341820442033
-1.6208283473812488,-0.5441354637278293,0.8765676028888917,0.4669799098798062,0.4697837781594611,0.3783028841251838,-0.1258547198776393,6,red,1.1019950677298207,-1.721957104394691
-0.941219680220549,-0.5663588852728438,0.5510101197983872,0.9627262147912576,-0.153797074608404,-0.4231458489521292,-0.7161628073514522,6,red,2.587766314117765,-1.4206659222331237
0.146154187236571,-0.5885823068178585,0.7680484418587238,0.7738704795868898,-0.3408713304387659,0.7790272506638407,0.0428047336863063,7,red,1.6546289871807167,-2.2039741626566896
0.146154187236571,-0.5663588852728438,0.6866590710860949,-0.3289121170528891,-0.0290809040548305,0.3783028841251838,1.6450695425437962,7,red,0.06276228220604603,-1.1456990849970796
-1.484906613949109,-0.7219228360879458,0.469620749025761,0.7367738173146227,0.7815742045433964,0.1779407008558561,-1.1378114412613178,5,red,2.4238930257053535,-1.1224309464846973
0.6218802542490606,0.255907711892695,0.5781399100559292,0.2578896316178076,0.095635266498743,1.5804759837411535,1.729399269325769,7,red,1.0725357230732364,-1.0982254611621163
-0.7373370800723391,-0.6330291499078875,0.8494378126313497,0.8042222941733174,0.6568580339898229,1.98120035027981,0.464453367596172,6,red,1.5579937296586317,-1.2944634296041357
-2.164515281109809,-0.6330291499078875,0.8494378126313497,1.0200574201211556,2.2158101659094918,0.9126020395100596,-0.2945141734415865,5,red,2.708653563057607,-1.580242519424115
-0.873258813504479,-0.7441462576329604,0.6052697003134714,0.3152208369477056,0.9686484603737554,0.7122398562407312,-0.6318330805694778,6,red,0.4442201951052096,-1.774130567987308
0.6218802542490606,0.8559400936080883,0.333971797738051,1.3674170759434634,0.4074256928826756,1.847625561433592,0.2957939140322263,7,red,1.4171694551516703,-1.4136161625966435
0.0781933205205009,-0.3885715129127274,-0.2900133781854162,-0.5380023953148503,0.8439322898201819,0.5786650673945123,1.392080362197876,6,red,-0.2440306456138212,-1.477539225583394
-2.164515281109809,-0.810816522268004,0.361101587995593,-0.0523733619321957,0.5944999487130347,0.3115154897020743,0.717442547942092,6,red,0.23406252480742745,-0.8700259612267215
-2.164515281109809,-0.7441462576329604,0.5238803295408452,0.534428386738501,0.5321418634362493,0.5786650673945123,0.1271344604682791,6,red,2.0382443830051997,-0.7431171820634196
-1.0091805469366188,-0.7219228360879458,0.6866590710860949,0.6086217112830726,1.6545873984184116,0.7122398562407312,-0.1258547198776393,5,red,0.2992051907972572,-0.9066873324777499
0.2820759206687107,-0.7441462576329604,0.6595292808285554,0.8379465326026647,0.282709522329102,1.6472633781642632,0.2957939140322263,6,red,1.7303105956978484,-2.320776975770371
0.2820759206687107,-0.7219228360879458,0.7409186516011818,0.8446913802885417,0.282709522329102,1.5804759837411535,0.2114641872502534,6,red,1.772342129757405,-2.1642565849925206
1.8451758551383204,-0.810816522268004,9.693749436590055,0.8379465326026647,-1.213884524313781,5.387357465858391,-1.1378114412613178,5,red,1.1755191933216327,-1.4183160023542971
-1.824710947529459,-0.5885823068178585,0.4424909587682189,-0.6594096536605233,2.0910939953559176,0.1111533064327466,1.982388449671689,5,red,0.23095053646909589,-1.54828098793074
0.6898411209651306,-0.6108057283628731,0.361101587995593,-0.09284244804742,0.9686484603737554,1.5804759837411535,1.8137289961077416,7,red,0.5219350504980126,-2.00773619421467
-0.3295718797759189,-0.6774759929979167,1.0393463444341442,0.989705605534728,-0.590303671545913,0.5786650673945123,-1.2221411680432908,6,red,1.7713255063195688,-1.456621006949838
1.4374106548419008,-0.2330075620976254,1.2021250859793935,0.4467453668221753,-0.0914389893316186,0.3783028841251838,1.3077506354159032,7,red,1.4739306615395187,-2.370600519484161
-0.465493613208059,-0.25523098364264,1.2835144567520225,1.114485287723321,-0.4655875009923394,0.2447280952789648,-1.2221411680432908,5,red,0.5251091568611669,-0.38119020360412675
1.7092541217061803,-0.5885823068178585,0.98508676391906,0.8649259233461352,-0.2161551598851922,1.5136885893180445,0.8861020015060377,7,red,2.2199593320842337,-0.7750787135567946
1.7092541217061803,-0.7219228360879458,0.469620749025761,1.2021683076396463,-0.5279455862691249,1.1129642227793872,-0.547503353787505,6,red,1.8699940107173256,-2.3955122913410563
1.2335280546936906,-0.7219228360879458,0.3882313782531347,0.0285648102982155,-0.0914389893316186,1.0461768283562778,1.6450695425437962,8,red,1.2448525891124533,-2.136994893256799
0.8257628543972707,-0.6996994145429313,1.1207357152067705,0.3590623469058871,0.4697837781594611,0.7122398562407312,0.717442547942092,6,red,0.5713314207217145,-2.189168356849416
2.2529410554347407,-0.5885823068178585,0.496750539283303,0.3759244661205608,-0.0290809040548305,0.6454524618176217,1.0547614550699849,6,red,1.371963814728958,-2.1642565849925206
-1.552867480665179,-0.6774759929979167,0.2797122172229668,-0.1198218387909279,0.3450676076058875,0.2447280952789648,1.0547614550699849,6,red,2.191640846915133,-2.2911653641558227
-0.941219680220549,-0.5885823068178585,0.7137888613436396,0.5951320159113187,0.4074256928826756,0.4450902785482933,-0.2945141734415865,6,red,1.3772954040174332,-2.126888927207178
-1.6208283473812488,-0.5885823068178585,0.361101587995593,-0.3221672693670121,1.093364630927329,1.2465390116256063,1.6450695425437962,7,red,0.409553497209799,-1.774130567987308
1.4374106548419008,-0.6330291499078875,0.0898036854201723,0.3995314330211115,-1.2762426095905663,1.98120035027981,0.2957939140322263,7,red,1.9383107830703106,-2.370600519484161
0.2141150539526407,-0.4996886206378002,0.7951782321162655,0.8312016849167878,0.5321418634362493,0.5786650673945123,0.2114641872502534,5,red,1.5800882381510692,-0.8545138688851331
0.8937237211133408,-0.7885931007229895,0.0084143146475463,0.1499720686438885,-0.2785132451619777,2.3819247168184665,0.464453367596172,7,red,1.0578060507449454,-1.3988103567893695
-0.8052979467884089,0.6781527212479715,1.1207357152067705,1.4787070627603398,-0.153797074608404,0.3115154897020743,-1.1378114412613178,5,red,1.94262574892095,-0.2768432764188931
-0.397532746491989,-0.7219228360879458,0.7137888613436396,0.7637532080580931,1.093364630927329,0.3115154897020743,-0.8848222609153978,6,red,0.01654001834549904,-0.36944060420999353
0.0781933205205009,-0.5219120421828147,0.8494378126313497,0.8986501617754825,0.5321418634362493,0.3115154897020743,0.1271344604682791,6,red,1.5800882381510692,-1.5179630897818774
0.146154187236571,-0.6774759929979167,0.3882313782531347,1.0638989300792996,1.342796972034476,2.181562533549138,-0.2945141734415865,7,red,0.6143795782191064,0.007523240332457482
1.641293254990111,-0.6774759929979167,0.4424909587682189,0.2713793269895615,-0.4655875009923394,1.3133264060487158,0.717442547942092,6,red,1.3372971168335486,-2.3955122913410563
2.2529410554347407,0.3003545549827242,0.6323994905710134,1.225775274540197,0.282709522329102,0.3115154897020743,0.3801236408141991,5,red,0.8508224868103174,-2.3955122913410563
2.4568236555829506,0.722599564338001,-0.1814942171552479,-0.4638090707702786,-1.3386006948673546,-0.1559962712596912,1.4764100889798504,7,red,0.18149204822056977,2.3378333387536174
1.641293254990111,-0.810816522268004,-0.2628835879278742,0.0589166248846431,-0.4032294157155512,-0.1559962712596912,1.0547614550699849,6,red,1.3414878466345392,-2.3955122913410563
2.4568236555829506,0.722599564338001,-0.1814942171552479,-0.4638090707702786,-1.3386006948673546,-0.1559962712596912,1.4764100889798504,7,red,0.18149204822056977,2.47484808396654
-0.1256892796277091,-0.7219228360879458,0.4424909587682189,0.7806153272727667,1.2180808014809026,0.3783028841251838,-0.8848222609153978,6,red,0.14263462052416848,-0.5111551891805698
0.8937237211133408,-0.5885823068178585,0.4153611685106768,0.5512905059531746,0.6568580339898229,1.5804759837411535,1.2234209086339305,6,red,1.1145672571327927,-0.6084523567293233
-1.6208283473812488,-0.7219228360879458,0.469620749025761,0.2545172077748878,-0.6526617568226984,-0.2895710601059102,-0.800492534133425,5,red,0.3486015610209596,-0.22843230577373147
0.553919387532991,-0.0774436112825234,-0.0458452658675378,0.9593537909483376,0.9686484603737554,0.8458146450869501,0.8861020015060377,7,red,0.6711407846069553,-2.383056405412608
0.6898411209651306,-0.7663696791779749,0.0084143146475463,-0.1805254679637457,0.4074256928826756,1.0461768283562778,0.5487830943781448,6,red,-0.28085482643455106,-1.5257191359526714
1.5053715215579708,-0.7885931007229895,1.0393463444341442,0.9492365194195036,-1.2762426095905663,1.5136885893180445,-0.547503353787505,7,red,2.626561623789341,-1.2298340800830716
1.5053715215579708,-0.6996994145429313,0.7137888613436396,-0.0085318519740516,-1.5256749506977136,0.6454524618176217,1.0547614550699849,8,red,1.1386950125009025,-0.024438291160917624
0.6898411209651306,-0.6774759929979167,0.7951782321162655,0.3118484131047858,0.7815742045433964,0.4450902785482933,0.717442547942092,6,red,0.34961818445879583,-2.059909657807287
-1.552867480665179,-0.6774759929979167,0.6595292808285554,0.0858960156281135,1.2804388867576908,0.3783028841251838,0.8017722747240648,6,red,0.7079649654276853,-2.017842160264291
0.2820759206687107,-0.6330291499078875,0.6052697003134714,0.5445456582672977,0.6568580339898229,2.181562533549138,1.2234209086339305,7,red,0.9201558826011385,-1.791286293673409
-1.552867480665179,0.100343761077593,1.6362017301000662,0.6794426119847247,0.7815742045433964,-0.2895710601059102,0.2114641872502534,6,red,1.2711999454307061,-2.045103852000013
1.0296454545454805,-0.5663588852728438,0.8223080223738075,1.0740162016081338,-0.4655875009923394,-0.2227836656828007,-0.0415249930956665,5,red,1.4056138891865335,-2.126888927207178
0.4179976541008508,-0.7885931007229895,1.0664761346916862,0.7165392742569917,-0.153797074608404,-0.0892088768365817,-0.9691519876973708,5,red,1.4812954977036643,-2.1915182767282424
0.8937237211133408,-0.6552525714529022,4.322050965596732,-0.3221672693670121,-0.4655875009923394,1.847625561433592,1.6450695425437962,7,red,0.27711068230481933,-2.2164300485851376
0.6898411209651306,-0.6552525714529022,0.4153611685106768,-0.2075048587072161,-0.7150198420994867,1.6472633781642632,1.5607398157618233,6,red,0.6175536845822621,-1.25239593206114
-0.3295718797759189,-0.6552525714529022,0.3882313782531347,-0.22099455407897,0.7815742045433964,0.6454524618176217,1.2234209086339305,6,red,0.7121556952286761,-1.7468688762515863
-1.552867480665179,-0.7441462576329604,0.5781399100559292,-0.1737806202778687,1.4051550573112643,0.0443659120096371,0.5487830943781448,6,red,-0.02650813915189345,-1.5257191359526714
0.146154187236571,-0.6330291499078875,0.4424909587682189,-0.3154224216811351,0.3450676076058875,0.8458146450869501,1.5607398157618233,6,red,0.9916467613172789,-1.6674337209232477
-0.2616110130598489,-0.6552525714529022,-0.2357537976703321,-0.2682084878800713,1.1557227162041173,0.4450902785482933,1.898058722889716,5,red,0.4589498674335012,-1.487645191633015
0.6898411209651306,-0.6996994145429313,0.333971797738051,-0.2614636401941944,-0.0914389893316186,0.0443659120096371,1.4764100889798504,6,red,0.04803260987775402,-2.045103852000013
0.6218802542490606,-0.6774759929979167,0.3068420074805089,0.2342826647172569,0.282709522329102,2.1147751391260288,0.9704317282880104,7,red,0.8245372485168887,-1.9181950728367108
-1.484906613949109,-0.3885715129127274,0.9036973931464336,1.3539273805717469,0.8439322898201819,-0.2895710601059102,-0.8848222609153978,5,red,2.306179883128666,-2.2935152840346493
0.7578019876812007,-0.6552525714529022,3.10121040400734,1.2358925460689938,-0.3408713304387659,1.5136885893180445,0.2114641872502534,6,red,2.4500540279491343,-0.7198490435510368
-2.164515281109809,-0.810816522268004,0.361101587995593,0.470352333722726,0.1579933517755285,0.7122398562407312,-0.4631736270055321,6,red,1.3625657316891415,-2.2016242427778634
-0.3295718797759189,-0.6774759929979167,0.957956973661518,0.0589166248846431,3.4629718714452244,0.7122398562407312,1.4764100889798504,7,red,-0.6538070436820846,-1.0157340994206372
0.6218802542490606,-0.7885931007229895,-0.0187154756099985,-0.1940151633354996,0.4074256928826756,1.1797516172024969,0.3801236408141991,6,red,0.3075866503992393,-1.940050638280465
0.4859585208169208,-0.7663696791779749,0.469620749025761,0.8244568372309108,-0.6526617568226984,0.3783028841251838,-0.8848222609153978,6,red,0.4651738441101639,-2.370600519484161
1.2335280546936906,-0.1663372974625817,-0.2900133781854162,-1.4620465282790955,1.6545873984184116,0.8458146450869501,2.5726965371455,6,red,-0.9522185118999706,-0.46603148522443283
-1.6887892140973189,-0.5663588852728438,0.930827183403976,0.3995314330211115,0.9686484603737554,0.4450902785482933,0.6331128211601191,6,red,1.338437976321032,-1.756974842301207
-1.3489848805169689,-0.6552525714529022,0.2254526367078827,-0.6796441967181542,0.4697837781594611,-0.0224214824134723,2.3197073567995816,6,red,0.1310790545590314,-1.7593247621800336
-2.164515281109809,-0.5663588852728438,0.2525824269654248,-0.6661545013464003,1.8416616542487705,0.3115154897020743,1.982388449671689,5,red,0.4621239737966564,-2.1494507791852464
0.146154187236571,-0.5663588852728438,0.5238803295408452,-0.7369754020480522,-0.153797074608404,1.2465390116256063,2.1510479032356344,8,red,1.1902488656499248,-2.0848214296641823
-2.164515281109809,-0.7219228360879458,0.1440632659352565,-0.342401812424643,1.342796972034476,0.1111533064327466,1.4764100889798504,6,red,0.325490429090686,-1.4314781748170589
-2.164515281109809,-0.810816522268004,-0.0458452658675378,-0.7875617596920733,1.4051550573112643,-0.3563584545290197,1.4764100889798504,6,red,0.03863452683793676,-1.1308932791898054
0.3500367873847808,-0.6996994145429313,0.6595292808285554,0.7435186650004622,-0.6526617568226984,0.7790272506638407,0.5487830943781448,6,red,2.1022461895075453,-1.5778925995452884
-2.164515281109809,-0.6330291499078875,1.0664761346916862,0.348945075377053,2.4652425070166384,0.5786650673945123,0.8017722747240648,4,red,0.6081556015424444,-2.3332328616988187
0.2141150539526407,-0.7441462576329604,-0.0458452658675378,-0.2007600110213391,-0.5279455862691249,0.3783028841251838,0.6331128211601191,7,red,0.41158674408547086,-1.7616746820588605
-0.397532746491989,-0.7441462576329604,0.1711930561927986,-1.0236314286975048,1.0310065456505435,0.0443659120096371,2.4883668103635275,6,red,-0.9858685863575457,-2.358144633555714
-2.164515281109809,-0.4774651990927857,0.4153611685106768,-0.2513463686653976,1.7793035689719825,0.4450902785482933,0.8017722747240648,6,red,1.257549014565074,-0.9339490242134717
0.0781933205205009,-0.5219120421828147,1.0393463444341442,1.3033410229276885,-0.0290809040548305,0.9793894339331692,-0.4631736270055321,5,red,1.8532310915133623,-0.39364608953257435
0.2141150539526407,-0.3885715129127274,0.957956973661518,1.161699221524422,-0.0914389893316186,1.0461768283562778,-0.0415249930956665,6,red,2.1211665916368285,-0.7891782328297546
-2.164515281109809,-0.6996994145429313,0.0355441049050855,1.067271353922257,-0.2785132451619777,0.6454524618176217,-0.1258547198776393,6,red,2.0854832703035817,-2.2911653641558227
-0.7373370800723391,-0.7441462576329604,-0.3171431684429583,-0.3794984746969101,0.5944999487130347,-0.6235080322214572,-0.8848222609153978,5,red,-1.3525968269284165,1.331134415436921
0.146154187236571,-0.7219228360879458,0.496750539283303,-0.4165951369692147,0.9686484603737554,2.315137322395357,2.5726965371455,7,red,0.16574575245444204,-1.4260720485250913
-1.6887892140973189,0.100343761077593,0.8765676028888917,0.7772429034298095,0.90629037509697,0.9793894339331692,0.5487830943781448,7,red,0.562949961119733,-1.9929303884073961
0.2141150539526407,-0.7441462576329604,0.1169334756777144,0.2376550885602141,0.4697837781594611,1.3801138004718252,1.0547614550699849,7,red,0.4189515802496166,-2.189168356849416
0.7578019876812007,-0.7441462576329604,0.2797122172229668,0.0218199626123759,0.9686484603737554,0.4450902785482933,1.1390911818519576,6,red,0.0249214779474806,-1.1177311067270437
0.8937237211133408,-0.6774759929979167,0.6323994905710134,1.0807610492939734,-0.0290809040548305,1.5136885893180445,0.717442547942092,6,red,2.445863298148144,-2.2140801287063105
-1.145102280368759,-0.2996778267326691,1.2835144567520225,1.1212301354091976,-0.5279455862691249,0.3115154897020743,-1.2221411680432908,5,red,0.42949052277691746,-0.2916490822261673
-0.5334544799241291,-0.6774759929979167,0.6052697003134714,1.047036810864626,0.7192161192666082,0.7122398562407312,-0.8848222609153978,6,red,1.2249155635453348,-0.9076246792879481
-0.1256892796277091,-0.7441462576329604,0.6323994905710134,0.7974774464874405,1.1557227162041173,0.7790272506638407,-0.8848222609153978,6,red,0.28028478866797457,-0.3196170604962034
0.0102324538044309,-0.5663588852728438,0.6323994905710134,0.5748974728537253,0.282709522329102,2.1147751391260288,0.3801236408141991,6,red,0.6785056207711008,-0.776722346901307
-1.416945747233039,-0.5885823068178585,-0.3714027489580425,-0.335656964738766,0.4697837781594611,0.7790272506638407,0.717442547942092,6,red,0.2760940588669839,-2.2265360146347586
-0.1256892796277091,-0.7219228360879458,0.2254526367078827,0.7367738173146227,2.4028844217398504,1.9144129558567,-0.4631736270055321,6,red,-0.6370441244781214,-1.7297131505654852
-0.6014153466401989,-0.6108057283628731,0.2525824269654248,0.4534902145080523,1.2804388867576908,0.5786650673945123,-0.3788439002235593,5,red,-0.055967483808477145,-0.3522848785238926
0.7578019876812007,-0.5663588852728438,0.5238803295408452,0.7367738173146227,1.904019739525556,1.847625561433592,-0.1258547198776393,6,red,-0.07806199230091539,-0.7478170218210729
-1.3489848805169689,-0.7219228360879458,3.291118935810134,0.4939593006232766,0.3450676076058875,2.248349927972248,-0.6318330805694778,6,red,0.9685356293870053,-2.1144330412787307
0.8937237211133408,0.255907711892695,0.3882313782531347,0.8379465326026647,-0.0914389893316186,-0.2895710601059102,1.0547614550699849,7,red,1.7691680233942493,-2.2016242427778634
0.6898411209651306,-0.6774759929979167,0.7951782321162655,0.2443999362460911,1.0310065456505435,0.8458146450869501,0.8861020015060377,6,red,0.5061887547318844,-1.9952803082862227
1.0296454545454805,-0.6774759929979167,0.1169334756777144,0.4433729429792555,0.0332771812219549,-0.0892088768365817,1.2234209086339305,6,red,1.5169788190369105,-2.2389919005632057
0.0102324538044309,-0.4996886206378002,0.2797122172229668,0.06566147257052,0.4697837781594611,1.5136885893180445,1.898058722889716,7,red,0.4683479504733186,-2.305971169963097
-0.6014153466401989,-0.5663588852728438,-0.3442729587005004,-0.342401812424643,1.46751314258805,0.7790272506638407,1.6450695425437962,6,red,0.3938072014436711,-1.1069188541431088
-0.465493613208059,-0.6330291499078875,1.663331520357611,0.547918082110255,-0.4655875009923394,-0.0224214824134723,-0.6318330805694778,5,red,1.6567864701060366,-1.7835302475026147
0.2141150539526407,-0.6552525714529022,0.7137888613436396,0.5681526251678484,0.0332771812219549,0.8458146450869501,0.464453367596172,6,red,1.5968511573550324,-1.4657896261892605
-2.164515281109809,-0.6330291499078875,1.1749952957218546,0.3051035654189089,2.2781682511862766,0.9793894339331692,0.717442547942092,6,red,0.6617427015671375,0.15628758493951372
1.3014889214097607,-0.7330345468604531,0.3882313782531347,0.2376550885602141,0.6568580339898229,1.5136885893180445,1.0547614550699849,7,red,-0.0013637603459481149,0.2690968448298557
-0.941219680220549,-0.6552525714529022,-0.3985325392155843,-0.7201132828333785,1.46751314258805,2.248349927972248,1.982388449671689,7,red,-0.4362845372201566,-0.7207863903612352
0.7578019876812007,-0.4996886206378002,0.5238803295408452,0.3995314330211115,1.2180808014809026,4.18518436624242,0.0428047336863063,6,red,0.0007937225793713612,-1.0679075630132537
0.7578019876812007,-0.6330291499078875,1.4462931982972749,0.9256295525189904,-0.4032294157155512,0.9126020395100596,0.2114641872502534,5,red,1.8763422234436353,-1.7165509781027237
1.7092541217061803,-0.6108057283628731,0.8223080223738075,0.7502635126863392,-0.5279455862691249,1.2465390116256063,0.464453367596172,7,red,1.8805329532446264,-2.126888927207178
0.7578019876812007,-0.810816522268004,0.5238803295408452,0.3287105323194595,-0.0914389893316186,1.4469011948949346,-0.2945141734415865,6,red,1.2942489593361566,-1.876127575293715
0.6898411209651306,-0.6108057283628731,0.496750539283303,-0.0658630573039496,-0.5279455862691249,1.1797516172024969,1.0547614550699849,7,red,0.5870777164878422,-1.90103934715061
-0.5334544799241291,-0.7441462576329604,0.5781399100559292,0.8042222941733174,0.4074256928826756,0.9126020395100596,-0.4631736270055321,5,red,2.8094795503806838,-1.9555627306220535
1.2335280546936906,-0.6996994145429313,8.472908875000664,0.6086217112830726,-1.3386006948673546,3.784459999703765,-0.9691519876973708,5,red,1.0914561252025197,-1.545224781517599
-0.397532746491989,-0.6774759929979167,1.473422988554817,0.8615534995032154,-1.7751072918048607,2.9830112666264514,-0.2945141734415865,5,red,2.2619908661437904,-1.5889359124051072
0.4859585208169208,-0.5663588852728438,0.469620749025761,0.251144783931968,0.5944999487130347,2.315137322395357,1.5607398157618233,7,red,0.4683479504733186,-0.8646198349347539
-0.3295718797759189,-0.4996886206378002,0.2797122172229668,-0.2344842494507239,-0.0914389893316186,0.1779407008558561,1.2234209086339305,6,red,-0.40060121588691017,-1.748512509596099
-0.1936501463437792,-0.6108057283628731,0.7951782321162655,0.1634617640156424,0.5944999487130347,0.5786650673945123,0.8017722747240648,6,red,0.8613614293376186,-2.241341820442033
0.146154187236571,-0.7663696791779749,0.1440632659352565,0.7199116980999115,-0.153797074608404,0.9126020395100596,-0.0415249930956665,6,red,1.1303135528989205,-2.2662535922989275
-2.164515281109809,-0.6330291499078875,0.5781399100559292,0.2309102408743371,1.2180808014809026,0.9793894339331692,0.2114641872502534,6,red,0.9717097357501605,-1.0335961116410521
0.9616845878294108,-0.6552525714529022,0.469620749025761,0.6592080689270937,0.282709522329102,1.3801138004718252,1.4764100889798504,6,red,1.6504382573797256,-2.2164300485851376
-0.0577284129116391,-0.7441462576329604,0.6052697003134714,0.8851604664037661,1.46751314258805,0.5786650673945123,-0.8848222609153978,6,red,0.2729199525038282,-0.7720225071436537
-2.164515281109809,-0.6330291499078875,1.0393463444341442,0.2949862938901121,2.4028844217398504,1.1129642227793872,0.8017722747240648,6,red,0.7342502037211138,0.02702888589738488
-1.960632680961599,0.1225671826226075,0.6052697003134714,0.3995314330211115,2.2158101659094918,-0.2227836656828007,0.5487830943781448,4,red,1.8691016233291384,-1.115381186848217
-2.164515281109809,-0.5885823068178585,-0.127234636640164,-0.457064223084439,0.7815742045433964,0.8458146450869501,1.8137289961077416,7,red,1.2659304741670556,-2.2389919005632057
-2.164515281109809,-0.6552525714529022,-0.4256623294731292,-0.3626363554822365,2.839391018677359,1.3133264060487158,0.717442547942092,5,red,1.5339280923153462,-0.9675541890513593
0.0781933205205009,-0.5885823068178585,0.5238803295408452,0.4905868767803569,0.282709522329102,1.847625561433592,0.3801236408141991,6,red,0.5524110185924314,-1.5919921188182484
0.7578019876812007,-0.7552579684054677,0.3068420074805089,0.0825235917851937,-0.2161551598851922,-0.4899332433752383,0.717442547942092,5,red,1.5779307552257504,-2.278709478227375
0.553919387532991,-0.5663588852728438,0.3068420074805089,1.0133125724352785,0.9686484603737554,2.181562533549138,-0.0415249930956665,6,red,1.834310689384079,-0.3132735873940376
-1.6887892140973189,-0.7663696791779749,0.361101587995593,0.3995314330211115,0.4074256928826756,0.4450902785482933,-1.0534817144793436,5,red,1.1051691740929759,-1.2190218274991365
-0.6014153466401989,-0.6552525714529022,0.6323994905710134,0.2848690223613154,0.8439322898201819,1.1129642227793872,0.2957939140322263,5,red,0.96751900594917,-0.6951683319700259
-0.1256892796277091,-0.6774759929979167,0.7680484418587238,-0.3626363554822365,0.6568580339898229,-0.4899332433752383,1.1390911818519576,6,red,0.24561809077256408,-1.8902270945666748
-1.960632680961599,0.611482456612928,0.6052697003134714,0.5951320159113187,1.8416616542487705,-0.2227836656828007,1.392080362197876,5,red,1.5864364508773798,-2.2265360146347586
-1.824710947529459,-0.7219228360879458,0.496750539283303,0.547918082110255,0.4697837781594611,-0.6235080322214572,-0.800492534133425,4,red,3.4168414293437572,-2.179062390799795
1.7092541217061803,-0.0996670328275381,0.6323994905710134,0.6693253404558904,0.3450676076058875,0.2447280952789648,1.6450695425437962,6,red,1.2448525891124533,-2.126888927207178
-2.164515281109809,-0.6108057283628731,2.965561452719629,0.3287105323194595,2.0910939953559176,-0.1559962712596912,0.2114641872502534,5,red,1.8901173903589166,-2.2265360146347586
0.3500367873847808,-0.5663588852728438,0.1711930561927986,-0.0490009380892759,1.8416616542487705,1.780838167010482,1.5607398157618233,7,red,-0.4037753222500654,-1.6667274343889336
-2.164515281109809,-0.6108057283628731,2.965561452719629,0.3287105323194595,2.0910939953559176,-0.1559962712596912,0.2114641872502534,5,red,1.8365302903342233,-2.2265360146347586
-1.3489848805169689,-0.7219228360879458,1.554812359327443,0.4534902145080523,-0.0290809040548305,0.3783028841251838,-0.8848222609153978,6,red,1.5696114136485928,-1.221371747377963
-0.6693762133562691,-0.7219228360879458,0.5781399100559292,0.6052492874401529,1.8416616542487705,0.4450902785482933,-0.8848222609153978,6,red,-0.18307870942498203,-1.082713368820528
-0.6014153466401989,-0.6108057283628731,0.5238803295408452,0.7839877511156865,-0.0914389893316186,0.3115154897020743,-0.8848222609153978,6,red,1.3583750018881504,-0.529954548211183
-0.7373370800723391,-0.7885931007229895,0.333971797738051,0.015075114926499,-0.4032294157155512,0.0443659120096371,-0.6318330805694778,6,red,1.2091692677792072,-2.3433388277484393
-0.397532746491989,-0.6774759929979167,-0.127234636640164,0.1904411547591128,-0.4655875009923394,1.7140507725873726,0.2957939140322263,6,red,-0.09380828806704263,-0.9005749196514682
0.2820759206687107,-0.6996994145429313,0.2254526367078827,-0.1164494149479707,0.282709522329102,0.0443659120096371,0.5487830943781448,7,red,0.34961818445879583,-2.2911653641558227
0.4859585208169208,-0.7219228360879458,0.3068420074805089,0.2106756978167437,0.7815742045433964,1.0461768283562778,0.9704317282880104,8,red,1.0609801571080995,-2.2265360146347586
-0.873258813504479,0.1670140257126366,1.473422988554817,1.4314931289592383,-0.5279455862691249,0.1111533064327466,-0.9691519876973708,5,red,3.1026215473349192,-0.356984718281546
0.9616845878294108,-0.6552525714529022,0.469620749025761,0.2713793269895615,1.093364630927329,2.1147751391260288,0.3801236408141991,7,red,0.05857155240505547,-1.1130312669693905
1.5733323882740409,-0.7441462576329604,2.151667744993368,1.0065677247494016,0.7815742045433964,2.7158616889340133,-0.4631736270055321,5,red,3.0185584792158062,-1.0133841795418101
0.7578019876812007,-0.6774759929979167,0.3882313782531347,-0.0860976003615431,1.4051550573112643,2.248349927972248,0.5487830943781448,7,red,-0.35120484566320775,-1.7593247621800336
-2.028593547677669,-0.6552525714529022,0.5781399100559292,0.1499720686438885,0.7815742045433964,0.5786650673945123,-0.1258547198776393,6,red,1.0631376400334196,-2.1097332015210775
-1.145102280368759,-0.6552525714529022,0.5238803295408452,0.3927865853352345,0.5944999487130347,0.5786650673945123,-1.0534817144793436,5,red,0.07330122473334731,-1.0803634489417013
0.6898411209651306,-0.6996994145429313,0.3882313782531347,0.6929323073564411,-0.4655875009923394,1.4469011948949346,-0.0415249930956665,6,red,1.4287250211168068,-2.25379770637048
0.9616845878294108,-0.6996994145429313,0.6595292808285554,0.5883871682254792,-0.777377927376272,-0.3563584545290197,-0.1258547198776393,6,red,1.540089950967184,-2.263903672420101
0.9616845878294108,-0.6552525714529022,1.0393463444341442,0.1162478302145411,0.2203514370523139,0.1779407008558561,0.6331128211601191,6,red,0.5376813462641403,-1.4587398665527807
-0.0577284129116391,-0.6774759929979167,0.6052697003134714,0.7536359365292963,0.4074256928826756,1.0461768283562778,-0.8848222609153978,6,red,1.316343467828594,-1.2331213467720965
0.3500367873847808,-0.6996994145429313,0.0084143146475463,-0.1535460772202752,0.0332771812219549,1.847625561433592,1.2234209086339305,6,red,0.5103794845328751,0.015279286503251655
-0.0577284129116391,-0.6996994145429313,0.6866590710860949,0.4939593006232766,0.095635266498743,1.0461768283562778,0.0428047336863063,6,red,0.7625686888902138,-1.9976302281650493
0.553919387532991,-0.8330399438130187,-0.3442729587005004,0.0825235917851937,-0.153797074608404,1.98120035027981,0.2957939140322263,6,red,1.1492339550282038,-0.9985783737345358
1.3694497881258307,-0.7219228360879458,2.0431485839632,0.9458640955765838,0.3450676076058875,1.5804759837411535,0.8017722747240648,6,red,1.8731681170804813,-1.3910543106185753
-0.6693762133562691,-0.6330291499078875,0.5781399100559292,0.7570083603722161,0.2203514370523139,-0.4899332433752383,-0.800492534133425,6,red,1.2553915316397546,-0.19505820121172807
1.0296454545454805,-0.6330291499078875,0.469620749025761,0.6221114066548266,0.0332771812219549,1.5136885893180445,1.2234209086339305,6,red,1.8269458532199334,-1.9703685364293275
1.1655671879776206,-0.5663588852728438,0.6323994905710134,1.5731349303625048,-0.9644521832066338,1.9144129558567,-0.2101844466596121,6,red,3.0783695559171615,-2.0474537718788395
-0.6014153466401989,-0.5441354637278293,0.930827183403976,1.5798797780483818,-0.4655875009923394,-0.1559962712596912,-0.9691519876973708,5,red,1.5506288934944854,-0.9402924973156375
-1.960632680961599,-0.2107841405526109,0.6323994905710134,0.4669799098798062,-1.2762426095905663,-0.4231458489521292,-1.1378114412613178,5,red,1.1440266017893772,-0.9689667621199876
-0.465493613208059,-0.6774759929979167,1.2835144567520225,1.0638989300792996,0.282709522329102,1.2465390116256063,-0.800492534133425,5,red,1.9478331021597761,-2.034997885950392
-2.164515281109809,-0.7219228360879458,-0.3442729587005004,-1.0000244617969918,2.839391018677359,1.3133264060487158,2.5726965371455,7,red,-0.8145683437561649,-0.8032777521027146
-0.1936501463437792,-0.6552525714529022,0.496750539283303,0.8919053140896056,1.093364630927329,0.7122398562407312,-0.8848222609153978,5,red,0.5671406909207235,-1.037589664864391
0.146154187236571,-0.5219120421828147,0.2525824269654248,0.0555442010417233,0.90629037509697,1.6472633781642632,1.0547614550699849,6,red,-0.4300605605434943,-1.2961070629486482
-2.0965544143937387,-0.5441354637278293,0.469620749025761,0.5647802013249286,0.9686484603737554,0.5786650673945123,0.2114641872502534,5,red,2.292528952263033,0.41316134967925844
0.3500367873847808,-0.6330291499078875,0.0084143146475463,0.5411732344243779,0.0332771812219549,-0.2895710601059102,-1.0534817144793436,4,red,1.1197746103716193,-1.6098541310386634
-2.0965544143937387,-0.6330291499078875,0.0626738951626302,-0.7133684351475016,1.0310065456505435,-0.8906576099138948,1.898058722889716,6,red,1.6442142807030635,-1.953212810743227
0.0102324538044309,1.7448769554086707,-0.0729750561250798,0.3995314330211115,0.4697837781594611,0.1779407008558561,0.8017722747240648,4,red,-0.7105682500699332,-0.9684915358615576
-2.164515281109809,-0.7441462576329604,0.361101587995593,0.6929323073564411,0.2203514370523139,0.7122398562407312,-0.9691519876973708,6,red,1.1786932996847879,-2.124539007328351
-2.164515281109809,-0.5663588852728438,0.6595292808285554,1.161699221524422,0.9686484603737554,-0.4899332433752383,-0.800492534133425,4,red,2.096022212830883,-1.8387599175083722
-2.164515281109809,-0.1663372974625817,0.0084143146475463,0.1162478302145411,1.4051550573112643,0.1779407008558561,1.0547614550699849,4,red,0.9864394080784531,-1.9283010388863318
-0.8052979467884089,-0.7441462576329604,0.5238803295408452,0.136482373272172,-0.777377927376272,-0.8906576099138948,-1.0534817144793436,5,red,1.2701212039680465,-0.43712616014419875
0.4859585208169208,-0.5663588852728438,0.6052697003134714,0.9290019763619102,-0.4032294157155512,0.3783028841251838,-0.6318330805694778,5,red,1.4938676871066374,-0.6925873518153152
0.6218802542490606,-0.6774759929979167,0.0355441049050855,-0.1333115341626444,-0.0290809040548305,0.4450902785482933,1.392080362197876,6,red,1.1912654890877603,-1.520313009660704
-0.6693762133562691,-0.5885823068178585,0.6866590710860949,1.269616784498341,0.90629037509697,0.5786650673945123,-0.8848222609153978,5,red,1.4886603338678113,-1.1459301452729638
-0.465493613208059,1.855994063133744,0.2797122172229668,0.9020225856184396,0.6568580339898229,0.0443659120096371,-0.2101844466596121,6,red,-0.9322814863328521,2.2382952286106486
-0.873258813504479,-0.7219228360879458,0.6866590710860949,0.6794426119847247,1.6545873984184116,0.9793894339331692,-0.0415249930956665,5,red,0.9643448995860149,-1.5950483252313892
-1.6887892140973189,-0.7441462576329604,0.7951782321162655,0.1634617640156424,-0.6526617568226984,-0.3563584545290197,-0.4631736270055321,5,red,1.7629440467175876,-1.4206659222331237
0.0781933205205009,-0.6330291499078875,0.6595292808285554,0.1229926779004181,1.1557227162041173,1.4469011948949346,0.464453367596172,6,red,0.107967922628758,-1.2921135097253091
-2.0965544143937387,-0.6108057283628731,0.6052697003134714,0.2039308501308667,1.093364630927329,0.5118776729714027,0.2957939140322263,6,red,1.0137412698097168,-1.2002224684685232
-1.2130631470848288,-0.6330291499078875,0.5510101197983872,0.5951320159113187,0.3450676076058875,0.3783028841251838,-0.6318330805694778,5,red,1.1440266017893772,-0.7945843591217221
-2.164515281109809,-0.7219228360879458,1.7989804716453213,0.585014744382522,1.4051550573112643,0.3115154897020743,-0.6318330805694778,5,red,1.5181196785243942,-2.2016242427778634
-2.164515281109809,-0.810816522268004,1.0664761346916862,0.3894141614922773,1.2804388867576908,0.3115154897020743,-0.8848222609153978,5,red,1.694627274364602,-2.2140801287063105
-1.756750080813389,-0.6996994145429313,0.6052697003134714,0.5883871682254792,1.093364630927329,1.0461768283562778,0.2957939140322263,5,red,1.8091663105781344,-1.384004550982095
-2.028593547677669,-0.5885823068178585,0.333971797738051,-0.3221672693670121,1.529871227864838,-0.5567206377983478,0.3801236408141991,5,red,0.64599640580101,-1.008684339784157
-0.6693762133562691,-0.7219228360879458,0.6866590710860949,0.1533444924868457,-0.777377927376272,-0.7570828210676762,-1.1378114412613178,5,red,1.1860581358489337,-0.1591031164950138
-0.2616110130598489,-0.0552201897375089,0.7680484418587238,0.6052492874401529,0.5944999487130347,1.1129642227793872,0.3801236408141991,6,red,0.8760911016659108,-1.2782450507282332
-2.164515281109809,-0.5219120421828147,1.7989804716453213,0.2848690223613154,1.342796972034476,0.6454524618176217,0.6331128211601191,6,red,1.021106105973863,-1.6075042111598368
2.4568236555829506,-0.7219228360879458,9.395321743757092,0.6018768635971957,-1.2762426095905663,4.118396971819311,-1.0534817144793436,5,red,1.9646581393885634,-1.1621485241488665
-2.164515281109809,-0.6774759929979167,0.7137888613436396,-0.0557457857751529,2.2781682511862766,0.1111533064327466,0.5487830943781448,4,red,2.350368900113542,-1.640172029187526
0.4179976541008508,-0.5663588852728438,0.6595292808285554,0.9188847048331136,-0.4655875009923394,0.3115154897020743,-0.6318330805694778,5,red,1.830119959583089,-0.44182599990185195
-2.164515281109809,-0.6330291499078875,0.8765676028888917,1.1009955923516042,0.90629037509697,-0.4899332433752383,-0.800492534133425,4,red,2.359766983153359,-1.774130567987308
0.0102324538044309,-0.7219228360879458,0.2525824269654248,0.008330267240622,0.9686484603737554,1.2465390116256063,1.0547614550699849,6,red,0.7972353867856244,-0.9464049101419192
-1.824710947529459,-0.6108057283628731,0.6595292808285554,0.3725520422776036,0.9686484603737554,0.4450902785482933,-0.2101844466596121,6,red,0.941233767655741,-1.5304189757103248
1.2335280546936906,-0.6108057283628731,0.3068420074805089,0.4939593006232766,-0.777377927376272,2.248349927972248,0.717442547942092,6,red,2.0675794916121357,-1.8613217694864408
-0.0577284129116391,-0.6774759929979167,0.6052697003134714,0.7232841219428687,1.529871227864838,0.1111533064327466,-0.8848222609153978,6,red,0.107967922628758,-1.1449927984627655
-1.960632680961599,-0.7219228360879458,-0.3442729587005004,-1.259701097702974,1.716945483695197,1.9144129558567,2.910015444273393,8,red,-0.3059992052404964,-0.41855786138946943
-2.0965544143937387,-0.7663696791779749,-0.2357537976703321,-1.24621140233122,2.964107189230933,1.4469011948949346,2.910015444273393,6,red,-1.0362815800190837,-0.8343019367858914
-0.8052979467884089,-0.7663696791779749,-0.20862400741279,-0.3491466601104825,0.9686484603737554,0.2447280952789648,0.9704317282880104,6,red,0.4484109249062003,-0.8639135484004398
-2.164515281109809,-0.6996994145429313,0.5510101197983872,-0.2311118256077667,1.716945483695197,-0.0224214824134723,0.5487830943781448,5,red,-0.2177454073203923,-1.0733136893052213
-0.8052979467884089,-0.6774759929979167,0.4424909587682189,0.136482373272172,-0.777377927376272,-0.6902954266445667,-1.0534817144793436,5,red,1.1440266017893772,-0.7158554903276979
-1.2810240138008988,-0.6552525714529022,1.2292548762369382,-0.0456285142463562,0.095635266498743,-0.0224214824134723,0.5487830943781448,6,red,1.3047879018634567,-1.4907013980461556
-0.6693762133562691,-0.6108057283628731,0.496750539283303,0.7907325988015634,0.095635266498743,0.0443659120096371,-0.8848222609153978,6,red,1.9793878117168557,-1.0890568419226938
0.553919387532991,0.2781311334377095,-0.1814942171552479,0.3792968899634806,0.3450676076058875,0.1779407008558561,1.2234209086339305,4,red,0.923329988964294,-2.370600519484161
-2.164515281109809,-0.6996994145429313,1.554812359327443,0.6153665589689497,0.7815742045433964,0.4450902785482933,-0.7161628073514522,6,red,1.338437976321032,-2.370600519484161
0.4859585208169208,-0.7441462576329604,0.1440632659352565,0.0892684394710707,-0.5279455862691249,0.2447280952789648,0.8017722747240648,7,red,1.1996469486897423,-2.383056405412608
-0.8052979467884089,-0.6996994145429313,0.5510101197983872,0.3590623469058871,0.90629037509697,0.7122398562407312,-0.1258547198776393,6,red,0.4252997929759267,-0.8296020970282381
-2.164515281109809,-0.6774759929979167,0.7409186516011818,0.5580353536390517,0.6568580339898229,0.9793894339331692,0.2957939140322263,6,red,2.1359583819899446,-1.9828244223577751
-0.2616110130598489,-0.5219120421828147,1.0664761346916862,0.9458640955765838,0.2203514370523139,0.6454524618176217,-0.2945141734415865,6,red,1.9972294723834785,-1.079657162407387
-0.873258813504479,-0.6108057283628731,0.3882313782531347,0.0757787440993168,1.0310065456505435,0.1779407008558561,0.2957939140322263,5,red,0.20358655671300752,-1.4509838203819863
1.2335280546936906,-0.7219228360879458,0.9036973931464336,0.9458640955765838,-0.4655875009923394,0.2447280952789648,-0.0415249930956665,5,red,2.2976741874770363,-1.234533919840725
0.8257628543972707,-0.5663588852728438,0.3068420074805089,-0.4233399846550542,0.7815742045433964,0.0443659120096371,1.5607398157618233,6,red,-0.8356462288107669,-1.5529808276883932
-1.6208283473812488,-0.5441354637278293,-0.0187154756099985,-0.5649817860583581,-0.0290809040548305,-1.0910197931832233,2.0667181764536617,5,red,1.4960251700319562,-2.4079681772695034
-0.1256892796277091,-0.1218904543725526,0.3068420074805089,1.5529003873049114,0.4697837781594611,4.25197176066553,-0.2945141734415865,5,red,0.9601541697850237,-0.4498131063485303
-2.164515281109809,-0.6996994145429313,1.1749952957218546,0.2275378170314174,0.8439322898201819,0.3783028841251838,0.3801236408141991,5,red,1.8701182467669737,-2.2265360146347586
-1.484906613949109,-0.6552525714529022,0.4424909587682189,0.6221114066548266,0.4074256928826756,1.4469011948949346,0.2957939140322263,6,red,1.7503097392897902,-0.8740195144500607
-1.2810240138008988,-0.5885823068178585,-0.0187154756099985,-0.3086775739952956,2.4652425070166384,0.9126020395100596,1.5607398157618233,6,red,-0.49095037870750924,-1.7095012184662437
-2.164515281109809,-0.6996994145429313,0.7409186516011818,0.7367738173146227,0.7192161192666082,-0.2895710601059102,-0.7161628073514522,4,red,1.879578447831615,-2.2265360146347586
-2.164515281109809,-0.1663372974625817,0.98508676391906,0.3523174992200102,-0.153797074608404,-0.5567206377983478,-0.8848222609153978,5,red,0.8719003718649199,0.37661550856617215
-1.2130631470848288,-0.6552525714529022,0.1983228464503406,-0.4402021038697654,0.7815742045433964,0.5118776729714027,1.3077506354159032,6,red,0.7731076314175154,-1.6573277548736272
-2.164515281109809,-0.810816522268004,0.1711930561927986,-0.8853620511371957,1.4051550573112643,0.1779407008558561,1.392080362197876,6,red,0.2635218694640111,-1.953212810743227
-2.164515281109809,-0.6552525714529022,2.1787975352509075,0.0757787440993168,1.716945483695197,-0.8906576099138948,0.2957939140322263,3,red,5.400767107769717,-2.30362125008427
-2.164515281109809,-0.6441408606803949,0.6323994905710134,-0.0321388188746022,3.4629718714452244,0.5118776729714027,1.6450695425437962,6,red,0.18472827260854927,-1.6697836408020743
-1.6887892140973189,-0.6774759929979167,1.1749952957218546,0.4872144529373997,2.340526336463065,1.3801138004718252,0.9704317282880104,6,red,1.892212755259412,-1.1099750605562497
0.0102324538044309,-0.6552525714529022,0.1983228464503406,0.4130211283928279,0.4697837781594611,1.780838167010482,0.5487830943781448,6,red,1.1187579869337838,-2.268603512177754
0.8257628543972707,-0.7219228360879458,0.6595292808285554,0.1600893401726852,0.8439322898201819,0.8458146450869501,0.5487830943781448,5,red,0.15101608012615012,-0.6552196940299725
-0.7373370800723391,-0.6108057283628731,0.8223080223738075,0.3253381084765397,-0.6526617568226984,-0.6235080322214572,-1.1378114412613178,5,red,2.0802759170647556,-0.9332427376791574
-0.397532746491989,-0.6996994145429313,0.4424909587682189,0.534428386738501,0.4697837781594611,-0.0224214824134723,-0.6318330805694778,5,red,1.2701212039680465,-0.564972286117699
0.0102324538044309,-0.5663588852728438,0.8494378126313497,1.1347198307809516,0.4074256928826756,0.5786650673945123,-0.3788439002235593,5,red,2.7852896769877495,-0.6070397836606949
-1.552867480665179,-0.25523098364264,0.3068420074805089,0.2376550885602141,1.1557227162041173,-0.0892088768365817,0.464453367596172,4,red,1.1892322422120891,-1.6573277548736272
-1.484906613949109,-0.810816522268004,0.3882313782531347,0.4939593006232766,0.3450676076058875,0.5118776729714027,-1.1378114412613178,5,red,1.0442172379041368,-0.7572167013363794
-1.145102280368759,-0.455241777547771,0.1983228464503406,-0.5514920906866042,0.6568580339898229,0.3783028841251838,1.898058722889716,6,red,0.3139348631255495,-1.8013922597230296
-0.7373370800723391,-0.6996994145429313,0.7137888613436396,0.2646344793036845,0.7192161192666082,-0.4231458489521292,-0.0415249930956665,5,red,3.9338541454862304,-1.5475747013964258
-0.7373370800723391,-0.6108057283628731,0.7951782321162655,0.3523174992200102,1.093364630927329,0.0443659120096371,-0.3788439002235593,6,red,-0.04860264764433118,-1.0103279731286694
-0.7373370800723391,-0.5885823068178585,0.7951782321162655,0.3455726515341332,1.093364630927329,-0.0224214824134723,-0.3788439002235593,6,red,-0.04860264764433118,-0.8016341187582021
-0.3295718797759189,-0.6774759929979167,0.7137888613436396,0.547918082110255,0.2203514370523139,0.3115154897020743,-0.6318330805694778,6,red,1.3541842720871595,-0.8056276719815412
-2.164515281109809,-0.8552633653580332,-0.4256623294731292,-0.6594096536605233,4.897207832811319,0.3783028841251838,1.6450695425437962,6,red,0.6912020462237222,-1.4058601164258495
0.9616845878294108,-0.6330291499078875,0.930827183403976,0.6221114066548266,-0.2785132451619777,1.0461768283562778,1.1390911818519576,6,red,1.841675525548226,-1.706445012053103
2.4568236555829506,-0.7441462576329604,9.693749436590055,0.6693253404558904,-2.024539632912008,5.320570071435282,-1.2221411680432908,6,red,2.7579878152564854,-1.1022190143854553
0.146154187236571,-0.5441354637278293,1.012216554176602,1.154954373838545,0.2203514370523139,0.8458146450869501,-0.3788439002235593,5,red,2.6591950748090802,-1.0415832180877302
-2.164515281109809,-0.8552633653580332,-0.4256623294731292,-0.6594096536605233,4.897207832811319,0.3783028841251838,1.6450695425437962,6,red,0.47685364612494885,-1.4058601164258495
0.6898411209651306,-0.7219228360879458,0.0355441049050855,-0.2075048587072161,-0.2785132451619777,0.1111533064327466,0.717442547942092,5,red,0.9926633847551146,-2.0326479660715653
0.4859585208169208,-0.7219228360879458,0.0898036854201723,0.1398547971150917,-0.2785132451619777,1.9144129558567,0.3801236408141991,7,red,1.0767264528742273,-1.0951692547489755
-0.5334544799241291,-0.7441462576329604,0.5510101197983872,0.0892684394710707,1.0310065456505435,0.4450902785482933,0.0428047336863063,6,red,0.21095139287715378,-1.4758955922388814
-1.416945747233039,-0.7219228360879458,0.4424909587682189,0.3253381084765397,0.7192161192666082,-0.0892088768365817,-1.0534817144793436,5,red,0.3559663971851059,-1.6246599368459376
-0.397532746491989,-0.6552525714529022,0.7137888613436396,0.547918082110255,0.4074256928826756,0.1779407008558561,-0.6318330805694778,6,red,1.174502569883797,-0.8056276719815412
-0.397532746491989,-0.2774544051876546,1.3649038275246486,0.7232841219428687,0.2203514370523139,-0.4899332433752383,-1.1378114412613178,5,red,2.523702389590594,-0.5485228469659124
-1.484906613949109,-0.7441462576329604,0.496750539283303,0.4298832476075016,-0.8397360126530602,-0.6902954266445667,-0.7161628073514522,6,red,0.8277113548800443,-2.0646094975649403
-0.6693762133562691,-0.6330291499078875,0.6052697003134714,1.0335471154929097,-0.2785132451619777,-0.1559962712596912,-0.800492534133425,5,red,2.8210351163458203,-1.5398186552256314
-2.164515281109809,-0.6774759929979167,2.965561452719629,0.5209386913667471,1.0310065456505435,-0.0892088768365817,-0.4631736270055321,5,red,2.0550694202339868,-2.3184270558915445
-2.028593547677669,-0.5885823068178585,0.333971797738051,-0.2243669779218897,0.9686484603737554,0.8458146450869501,1.729399269325769,6,red,0.6617427015671375,-1.361442699004027
-2.164515281109809,-0.810816522268004,0.0084143146475463,-0.0186491235028483,0.8439322898201819,-0.5567206377983478,-0.8848222609153978,5,red,0.003967828942526432,-1.6946954126589695
-2.028593547677669,-0.7441462576329604,0.7409186516011818,0.2848690223613154,0.8439322898201819,0.0443659120096371,-0.0415249930956665,6,red,0.8498058633724822,-1.7118511383450705
-2.028593547677669,-0.7441462576329604,0.7680484418587238,0.4568626383510095,0.90629037509697,-0.1559962712596912,-0.1258547198776393,6,red,1.0294875655758446,-1.5529808276883932
1.0976063212615506,-0.5441354637278293,0.5510101197983872,1.3438101090429129,-0.8397360126530602,-0.0224214824134723,0.3801236408141991,5,red,2.615006057824205,-2.0474537718788395
-0.5334544799241291,-0.6108057283628731,0.1711930561927986,0.5378008105814207,0.1579933517755285,-0.0224214824134723,-0.2945141734415865,6,red,0.9306948251284395,-1.8683715291229208
-2.0965544143937387,-0.6552525714529022,-0.0187154756099985,0.0622890487276003,1.8416616542487705,0.1779407008558561,0.717442547942092,5,red,0.4358387355032277,-2.25379770637048
-1.960632680961599,-0.7219228360879458,0.5781399100559292,0.4501177906651325,0.7192161192666082,-0.9574450043370044,-0.8848222609153978,5,red,1.298501807161971,-2.1868184369705888
-2.164515281109809,-0.4996886206378002,0.6595292808285554,0.2174205455025832,1.1557227162041173,-0.0892088768365817,0.2114641872502534,5,red,0.7804724675816611,-1.269551657747241
-0.1936501463437792,-0.6774759929979167,0.333971797738051,0.6760701881417674,0.7192161192666082,0.2447280952789648,-0.4631736270055321,5,red,2.031896170278889,-0.4340699537310578
-2.0965544143937387,-0.6108057283628731,0.2254526367078827,-0.4098502892833378,0.5944999487130347,-0.1559962712596912,1.0547614550699849,6,red,1.1513914379535233,-1.7236007377392037
-1.960632680961599,-0.6996994145429313,0.7951782321162655,0.7974774464874405,0.90629037509697,-0.4899332433752383,-0.2101844466596121,5,red,1.4708186732011874,-1.3482805265412652
-1.960632680961599,-0.6108057283628731,0.5510101197983872,0.3860417376493575,0.7815742045433964,-0.0892088768365817,-0.4631736270055321,5,red,0.9832653017152975,-1.9875242621154285
-0.465493613208059,-0.7219228360879458,0.7951782321162655,0.0353096579840924,0.8439322898201819,-0.6235080322214572,-0.3788439002235593,5,red,-0.6990126841047966,-2.017135873729977
-0.465493613208059,-0.7219228360879458,0.7409186516011818,0.0353096579840924,0.8439322898201819,-0.6235080322214572,-0.3788439002235593,5,red,-0.6149496159856835,-2.1066769951079367
-0.5334544799241291,-0.5663588852728438,0.5781399100559292,0.655835645084174,2.340526336463065,0.3783028841251838,0.464453367596172,6,red,0.4063793908466438,-0.7073931576225894
-1.0091805469366188,0.0781203395325785,3.019821033234714,0.9526089432624608,0.3450676076058875,-0.2227836656828007,-0.8848222609153978,5,red,1.342628706122023,0.671678747763516
0.553919387532991,-0.810816522268004,0.930827183403976,0.8446913802885417,-0.9644521832066338,0.7790272506638407,-0.4350637180782363,6,red,2.8997665951764584,-2.027241839779598
-0.0577284129116391,-0.6108057283628731,1.5005527788123565,0.827829261073868,0.095635266498743,0.1779407008558561,0.2957939140322263,5,red,1.886881165970937,-1.7040950921742761
-1.2130631470848288,-0.5663588852728438,0.98508676391906,0.9121398571472364,0.8439322898201819,0.0443659120096371,-0.3788439002235593,5,red,2.7075748215949482,-1.4253657619907774
-0.3295718797759189,-0.6774759929979167,0.6323994905710134,0.6693253404558904,0.4074256928826756,-0.3563584545290197,-0.6318330805694778,4,red,2.4627504534017546,-1.3926979439630878
-2.028593547677669,-0.6996994145429313,1.0664761346916862,0.1567169163297654,1.46751314258805,-0.0224214824134723,1.0547614550699849,6,red,1.0883441368641886,-1.8310038713375782
-1.552867480665179,-0.6330291499078875,1.5819421495849852,0.8649259233461352,-0.2785132451619777,0.5786650673945123,-0.8848222609153978,5,red,0.9685356293870053,-1.6939891261246554
-1.6208283473812488,-0.7441462576329604,1.012216554176602,0.4130211283928279,0.095635266498743,-0.2227836656828007,-0.6318330805694778,5,red,1.709356946692894,-1.6566214683393126
-0.1256892796277091,-0.6330291499078875,0.8494378126313497,0.9155122809901562,0.1579933517755285,4.31875915508864,-0.0415249930956665,6,red,0.6543778654029921,-0.9489858902966298
0.0102324538044309,-0.6552525714529022,0.6052697003134714,0.6828150358276444,0.282709522329102,-0.2227836656828007,-0.6318330805694778,6,red,2.210561249044416,-1.0570953104293186
-2.164515281109809,-0.7663696791779749,0.333971797738051,-0.1940151633354996,0.6568580339898229,-1.0910197931832233,-0.1258547198776393,4,red,0.7878373037458068,-2.355794713676887
1.3014889214097607,-0.7441462576329604,9.7208792268476,0.5715250490107681,-1.40095878014414,4.25197176066553,-1.1378114412613178,5,red,2.6277024832768254,-1.315612708513576
1.641293254990111,-0.4330183560027564,2.6128741793715826,0.0757787440993168,-0.0914389893316186,3.316948238741998,0.8861020015060377,6,red,1.1440266017893772,-2.241341820442033
-0.3295718797759189,-0.2774544051876546,1.4462931982972749,0.7097944265711148,0.095635266498743,-0.5567206377983478,-1.0534817144793436,5,red,1.9657368808512234,-0.15534062354755873
-2.164515281109809,-0.8552633653580332,5.705670268731376,0.0589166248846431,0.5944999487130347,-0.1559962712596912,-0.6318330805694778,3,red,1.7566579520161008,-1.6176101772094578
-0.397532746491989,-0.6774759929979167,0.7137888613436396,0.4467453668221753,0.2203514370523139,-0.0892088768365817,-0.547503353787505,5,red,0.899202233596185,-0.8523950092821906
-0.8052979467884089,-0.810816522268004,0.7951782321162655,0.0218199626123759,-0.7150198420994867,-0.4899332433752383,-0.4631736270055321,5,red,2.8010980907787015,-1.9501566043300858
-0.397532746491989,-0.6108057283628731,0.9036973931464336,0.2578896316178076,3.0264652745077183,0.5786650673945123,1.392080362197876,6,red,-0.466760505314576,-0.7790722667801337
-1.145102280368759,-0.6774759929979167,0.5781399100559292,0.5243111152097042,0.4074256928826756,-0.1559962712596912,-0.547503353787505,6,red,0.4368553589410637,-1.8683715291229208
-2.028593547677669,-0.5441354637278293,0.5510101197983872,0.348945075377053,0.8439322898201819,0.5786650673945123,0.2114641872502534,6,red,1.1019950677298207,-1.7414627499596187
-1.552867480665179,-0.7219228360879458,0.469620749025761,0.2713793269895615,0.9686484603737554,-0.5567206377983478,-0.800492534133425,5,red,1.8197052531054354,-2.144044652893279
-0.6693762133562691,-0.6552525714529022,0.6323994905710134,0.5378008105814207,0.4697837781594611,-0.2895710601059102,-0.547503353787505,5,red,1.4960251700319562,-0.31350464766992153
-1.145102280368759,-0.7219228360879458,1.3649038275246486,0.470352333722726,-0.2161551598851922,-0.2227836656828007,-0.8848222609153978,5,red,1.665230047732842,-0.7736661404881662
-0.465493613208059,-0.3663480913677128,0.5238803295408452,0.7232841219428687,-0.2161551598851922,-0.7570828210676762,-1.1378114412613178,5,red,2.378687385282642,-0.20516416726134878
-1.6887892140973189,-0.7219228360879458,1.1749952957218546,0.527683539052624,0.4697837781594611,0.3115154897020743,-0.800492534133425,5,red,1.342628706122023,-2.0100861140934967
-0.0577284129116391,0.2336842903476803,0.7137888613436396,0.8919053140896056,0.7815742045433964,0.9793894339331692,-0.2101844466596121,5,red,0.9139319059244764,-1.7259506576180303
-2.028593547677669,-0.6330291499078875,0.6323994905710134,0.2376550885602141,-0.777377927376272,-0.0224214824134723,-0.7161628073514522,5,red,0.2950144609962665,0.19812402220662553
-2.164515281109809,-0.6108057283628731,0.3068420074805089,-0.5447472430007273,2.2158101659094918,0.3783028841251838,1.6450695425437962,6,red,-0.038063705117030076,-1.6075042111598368
-0.6693762133562691,-0.5885823068178585,1.012216554176602,0.534428386738501,0.90629037509697,0.3115154897020743,0.3801236408141991,5,red,1.6641513062701823,-2.0046799878015293
-1.756750080813389,-0.8330399438130187,0.361101587995593,-0.1130769911050509,-0.3408713304387659,-0.3563584545290197,-0.6318330805694778,5,red,1.0978043379288298,-2.2662535922989275
-0.465493613208059,-0.6774759929979167,0.5781399100559292,0.534428386738501,0.4697837781594611,-0.3563584545290197,-0.2945141734415865,5,red,1.159772897555505,-1.1247808663635237
-1.2130631470848288,-0.25523098364264,0.361101587995593,0.7266565457857885,0.5944999487130347,-0.3563584545290197,-1.1378114412613178,5,red,0.5125369674581948,-0.6326578420519041
-1.484906613949109,-0.7663696791779749,0.957956973661518,0.982960757848851,0.5321418634362493,0.7790272506638407,-0.8426573975244107,6,red,2.174815809686346,-2.345688747627266
-1.484906613949109,-0.7663696791779749,0.9036973931464336,0.982960757848851,0.5321418634362493,0.7790272506638407,-0.8426573975244107,5,red,2.1863713756514827,-2.3184270558915445
-0.397532746491989,-0.6774759929979167,0.6323994905710134,0.4400005191362984,0.3450676076058875,-0.0892088768365817,-0.547503353787505,5,red,1.078883935799547,-0.6437011549117233
-1.3489848805169689,-0.6330291499078875,0.7137888613436396,0.6963047311993983,1.8416616542487705,0.5786650673945123,-0.2945141734415865,7,red,0.9601541697850237,-1.749218796130413
-2.164515281109809,-0.6330291499078875,0.3068420074805089,0.3590623469058871,1.2180808014809026,1.2465390116256063,0.464453367596172,6,red,1.361549108251306,-1.9181950728367108
-0.7373370800723391,-0.6552525714529022,0.6323994905710134,0.5614077774819713,0.1579933517755285,-0.1559962712596912,-0.547503353787505,5,red,1.8207218765432713,0.4526478670675437
0.6898411209651306,-0.6774759929979167,-0.127234636640164,0.5951320159113187,1.342796972034476,1.9144129558567,1.1390911818519576,6,red,0.020730748146489515,-2.077065383493388
0.0781933205205009,-0.7441462576329604,0.1169334756777144,0.4939593006232766,0.0332771812219549,3.784459999703765,-0.4631736270055321,8,red,-0.06752304977361367,-2.3332328616988187
0.4859585208169208,-0.5441354637278293,0.6866590710860949,1.3370652613570733,1.2804388867576908,0.5786650673945123,0.1271344604682791,6,red,1.075709829436392,-1.5647304270825266
-0.1256892796277091,-0.6774759929979167,0.1440632659352565,0.2241653931884602,0.3450676076058875,2.448712111241576,0.6331128211601191,7,red,-0.009745219947929614,-1.4758955922388814
0.146154187236571,0.0114500748975346,0.1440632659352565,0.9660986386341772,-0.0290809040548305,2.7158616889340133,0.2957939140322263,6,red,0.09006414393731037,-2.0225420000219447
-2.164515281109809,-0.6552525714529022,0.1983228464503406,0.1567169163297654,1.966377824802344,2.6490742945109047,0.1271344604682791,6,red,0.04599936300208305,-0.3529911650582069
0.2820759206687107,-0.6330291499078875,-0.2357537976703321,0.1567169163297654,0.282709522329102,3.18337344989578,1.5607398157618233,7,red,0.24663471421039945,-0.5640349393075007
-2.164515281109809,-0.7219228360879458,0.6866590710860949,-0.3154224216811351,1.716945483695197,-0.6235080322214572,1.1390911818519576,6,red,2.2589409958302826,-2.2164300485851376
0.553919387532991,-0.5885823068178585,0.3882313782531347,0.5951320159113187,2.0910939953559176,1.3133264060487158,0.0428047336863063,6,red,0.09222162686263034,-2.059909657807287
-0.465493613208059,-0.6774759929979167,1.2835144567520225,0.5951320159113187,-1.1515264390369928,2.448712111241576,-0.3788439002235593,5,red,2.3880854683224593,-1.0291273321592826
1.8451758551383204,-0.6330291499078875,0.5510101197983872,1.6405834072211996,-0.153797074608404,1.6472633781642632,-0.800492534133425,5,red,1.3908842168582414,-2.3083210898419235
-2.164515281109809,-0.7663696791779749,0.2254526367078827,0.6963047311993983,2.0910939953559176,2.0479877447029198,-0.9691519876973708,5,red,0.4473943014683647,-2.0723655437357347
0.0781933205205009,-0.5663588852728438,0.1983228464503406,0.2241653931884602,0.7815742045433964,1.5804759837411535,1.3077506354159032,7,red,0.02809558431063586,-1.319375201461031
-2.0965544143937387,-0.7663696791779749,0.5510101197983872,0.1567169163297654,-0.4032294157155512,-0.4899332433752383,-0.6318330805694778,5,red,1.0946302315656748,-2.258497546128133
-0.7373370800723391,-0.6330291499078875,0.5510101197983872,0.3590623469058871,0.282709522329102,-0.5567206377983478,-0.547503353787505,5,red,1.5033900061961025,0.3132832019757941
-0.941219680220549,-0.7663696791779749,0.6052697003134714,0.6625804927700509,0.7192161192666082,0.3115154897020743,-0.9691519876973708,5,red,0.3874589887173612,-0.9386488639711249
-2.164515281109809,-0.6552525714529022,0.6052697003134714,0.3590623469058871,1.0310065456505435,2.0479877447029198,0.717442547942092,6,red,0.7079649654276853,-0.38025285679392873
-1.552867480665179,-0.25523098364264,1.7989804716453213,0.7637532080580931,1.716945483695197,0.9126020395100596,0.3801236408141991,4,red,0.3444108312199692,-1.6721335606809011
0.3500367873847808,-0.810816522268004,0.5238803295408452,0.9660986386341772,0.2203514370523139,1.1129642227793872,-0.800492534133425,6,red,0.2277143120811174,-2.0100861140934967
0.3500367873847808,-0.7219228360879458,-0.2900133781854162,0.8649259233461352,1.1557227162041173,1.1797516172024969,1.3077506354159032,6,red,-0.219902890245712,-0.9534546697783992
0.0781933205205009,-0.5663588852728438,0.5781399100559292,0.3927865853352345,0.4697837781594611,0.3115154897020743,0.5487830943781448,5,red,0.4830776228016105,-2.0895212694218355
-2.164515281109809,-0.6996994145429313,0.4153611685106768,0.5614077774819713,0.5321418634362493,0.6454524618176217,0.3801236408141991,5,red,1.5569771062207958,-0.85686378876396
0.553919387532991,-0.6330291499078875,-0.20862400741279,0.4939593006232766,0.6568580339898229,2.6490742945109047,0.6331128211601191,5,red,-0.32288636049410757,-0.2704998033167274
-0.5334544799241291,-0.7219228360879458,0.2525824269654248,0.3590623469058871,0.90629037509697,0.5786650673945123,-0.1258547198776393,5,red,0.3759034227522244,-1.3139690751690636
-0.0577284129116391,-0.6552525714529022,0.333971797738051,0.4265108237645819,0.2203514370523139,0.0443659120096371,-0.547503353787505,6,red,0.5671406909207235,-1.1762480434218265
-2.164515281109809,-0.7663696791779749,-0.3985325392155843,-0.0456285142463562,1.5922293131416234,2.1147751391260288,0.9704317282880104,6,red,-0.30180847543950523,-2.358144633555714
-1.077141413652689,-0.7219228360879458,0.333971797738051,0.3253381084765397,1.2180808014809026,1.3801138004718252,-0.3788439002235593,7,red,-0.3627604116283448,-1.8660216092440942
0.3500367873847808,2.300462494034035,4.267791385081648,3.0873532358403666,-0.2785132451619777,1.5804759837411535,-1.3064708948252637,6,red,2.4227521662178693,0.753463822970681
0.4179976541008508,-0.7663696791779749,3.046950823492253,1.5529003873049114,-0.4655875009923394,0.7790272506638407,-1.7281195287351292,5,red,1.64307342121558,-0.42090778126829603
-0.1936501463437792,-0.0552201897375089,0.361101587995593,0.4163935522357851,1.904019739525556,0.0443659120096371,0.464453367596172,5,red,2.1769732926116654,-1.5327688955891512
-2.164515281109809,-0.7441462576329604,-0.127234636640164,0.4939593006232766,1.1557227162041173,-0.4231458489521292,-0.2101844466596121,5,red,0.9181226357254674,-2.3955122913410563
-2.028593547677669,-0.6330291499078875,0.4153611685106768,0.3792968899634806,0.5944999487130347,0.9793894339331692,0.4363434586688746,6,red,1.415136208275999,-0.23712569875472395
0.0102324538044309,-0.6774759929979167,0.1440632659352565,0.0555442010417233,0.0332771812219549,1.3133264060487158,0.6331128211601191,7,red,0.10060308646461198,-1.6697836408020743
-0.873258813504479,0.0336734964425493,1.012216554176602,0.8750431948749319,-0.4032294157155512,-0.0892088768365817,-0.8286024430607463,6,red,1.9520859499855918,-0.63900131515407
-2.028593547677669,-0.6996994145429313,0.5781399100559292,0.8716707710320122,1.093364630927329,1.4469011948949346,-0.6318330805694778,5,red,1.032661671939,-1.5257191359526714
-0.8052979467884089,-0.7330345468604531,0.0355441049050855,-0.4435745277126851,0.9686484603737554,-0.2895710601059102,0.9704317282880104,5,red,0.8225040016412176,-2.0225420000219447
-2.028593547677669,-0.6330291499078875,0.4153611685106768,0.3792968899634806,0.5944999487130347,0.9793894339331692,0.464453367596172,6,red,1.415136208275999,-0.23712569875472395
-0.873258813504479,0.0336734964425493,1.012216554176602,0.8750431948749319,-0.4032294157155512,-0.0892088768365817,-0.800492534133425,6,red,1.9520859499855918,-0.63900131515407
-2.164515281109809,-0.6996994145429313,0.6323994905710134,0.8345741087597076,1.093364630927329,1.3801138004718252,-0.7161628073514522,5,red,1.1472007081525328,-1.2547458519399664
-2.0965544143937387,-0.6996994145429313,0.6323994905710134,0.7738704795868898,1.093364630927329,1.3133264060487158,-0.7161628073514522,5,red,0.8225040016412176,-0.3529911650582069
-0.0577284129116391,-0.6774759929979167,-0.0187154756099985,0.0622890487276003,0.0332771812219549,1.5136885893180445,0.6331128211601191,8,red,0.14263462052416848,-1.6573277548736272
0.8257628543972707,-0.5219120421828147,1.2835144567520225,0.9391192478907068,0.6568580339898229,1.6472633781642632,0.3801236408141991,7,red,0.2119680163149892,-2.0848214296641823
-2.028593547677669,-0.6774759929979167,0.1440632659352565,-0.2682084878800713,0.7815742045433964,1.5136885893180445,0.8861020015060377,7,red,0.6617427015671375,-0.4845997839791622
0.0781933205205009,-0.6996994145429313,0.469620749025761,0.8514362279743812,1.1557227162041173,0.3115154897020743,-1.3064708948252637,5,red,0.8193298952780621,-0.4831872109105337
2.117019322002601,-0.6330291499078875,0.4424909587682189,1.7552458178809958,-0.0914389893316186,1.0461768283562778,0.2957939140322263,6,red,2.84827486005226,-2.049803691757666
-2.164515281109809,-0.7663696791779749,-0.127234636640164,0.0454269295129266,1.716945483695197,0.6454524618176217,0.2957939140322263,6,red,1.9531646914482514,-2.045103852000013
-1.756750080813389,-0.7219228360879458,-0.1814942171552479,-0.733602978205095,0.4697837781594611,-0.2227836656828007,0.0006398702953206,6,red,0.17209396518075246,0.003529687109118319
0.553919387532991,-0.7441462576329604,0.2797122172229668,0.5040765721520734,1.0310065456505435,0.4450902785482933,-0.0415249930956665,5,red,0.4073960142844797,-2.0474537718788395
0.2141150539526407,-0.7441462576329604,-0.0729750561250798,0.015075114926499,0.5944999487130347,1.780838167010482,1.1390911818519576,7,red,-0.2388232923749947,-2.1494507791852464
-1.552867480665179,-0.6108057283628731,-0.0729750561250798,0.9121398571472364,1.1557227162041173,0.9793894339331692,-0.1258547198776393,6,red,-0.11793604343515197,-0.46673777175874703
-2.164515281109809,-0.6552525714529022,0.0898036854201723,0.7097944265711148,2.2781682511862766,0.5118776729714027,-0.4631736270055321,4,red,1.3090407496892724,-2.2140801287063105
-1.960632680961599,-0.6108057283628731,0.496750539283303,0.3084759892618286,0.8439322898201819,0.3115154897020743,-0.1258547198776393,6,red,1.021106105973863,-1.6721335606809011
-2.0965544143937387,-0.5885823068178585,0.5238803295408452,0.2309102408743371,0.7192161192666082,-0.0224214824134723,0.2114641872502534,6,red,1.032661671939,-1.5724864732533206
-1.484906613949109,-0.7441462576329604,0.1711930561927986,0.4265108237645819,1.1557227162041173,0.9126020395100596,-0.7161628073514522,5,red,0.8109484356760808,-0.60375251697167
0.0102324538044309,-0.6552525714529022,0.1440632659352565,0.9256295525189904,0.4697837781594611,0.7790272506638407,-0.4631736270055321,7,red,0.616537061144426,-0.7104493640357303
-1.6208283473812488,-0.6108057283628731,0.2797122172229668,0.655835645084174,1.8416616542487705,0.2447280952789648,0.3801236408141991,4,red,2.6487803683314275,-1.4610897864316073
-1.824710947529459,-0.6552525714529022,0.1169334756777144,0.8480638041314615,0.5321418634362493,0.1111533064327466,-0.7161628073514522,3,red,2.7181137641222484,-1.20962214798383
-1.416945747233039,-0.810816522268004,0.7409186516011818,0.4197659760787049,-2.1492558034655813,-0.4231458489521292,-0.7161628073514522,5,red,2.9460509770618297,-1.9976302281650493
-1.6208283473812488,-0.2885661159601618,0.2797122172229668,-0.4031054415974608,1.2804388867576908,-0.0892088768365817,1.729399269325769,5,red,1.2197082103065087,-2.0972773155926294
1.9131367218543904,-0.5441354637278293,0.4424909587682189,0.6828150358276444,0.9686484603737554,1.7140507725873726,0.464453367596172,6,red,0.23088841844427174,-1.1527488446335599
-1.6208283473812488,-0.7219228360879458,0.3882313782531347,-0.3963605939115838,0.9686484603737554,0.0443659120096371,0.3801236408141991,5,red,0.477870269562784,-1.4977511576826354
1.2335280546936906,1.9448877493138017,4.0236232727637695,2.659055407787648,-0.4032294157155512,1.4469011948949346,-1.475130348389209,5,red,2.0938647299055644,0.3135142622516781
-1.416945747233039,-0.6330291499078875,-0.2357537976703321,-0.9157138657235858,1.966377824802344,2.315137322395357,2.544586628218203,7,red,-0.4972364734089959,-0.8702570215026055
-1.416945747233039,-0.6330291499078875,-0.2357537976703321,-0.9157138657235858,1.966377824802344,2.315137322395357,2.5726965371455,7,red,-0.4972364734089959,-0.8702570215026055
-1.824710947529459,0.1447906041676221,0.6866590710860949,1.1954234599537694,1.093364630927329,-0.0892088768365817,-0.2945141734415865,3,red,2.169608456447519,-2.320776975770371
1.9131367218543904,-0.455241777547771,1.2835144567520225,1.262871936812464,1.0310065456505435,0.9793894339331692,0.0428047336863063,5,red,0.2581902801755364,-1.943106844693606
-1.960632680961599,-0.7885931007229895,0.6323994905710134,0.1499720686438885,2.714674848123786,0.5786650673945123,-0.3788439002235593,4,red,0.29399783755843056,-2.2140801287063105
1.5053715215579708,-0.6552525714529022,1.554812359327443,0.8952777379325628,0.6568580339898229,0.2447280952789648,-0.2101844466596121,4,red,0.9832653017152975,-2.383056405412608
0.8257628543972707,-0.7885931007229895,-0.3985325392155843,0.2983587177330319,0.7815742045433964,0.5118776729714027,0.1271344604682791,5,red,0.4147608504486255,-2.2265360146347586
-1.756750080813389,-0.6774759929979167,0.0898036854201723,0.4669799098798062,1.904019739525556,0.7122398562407312,0.2957939140322263,4,red,2.1559575255818872,-2.3184270558915445
-1.077141413652689,-0.6552525714529022,0.469620749025761,0.5141938436808701,0.90629037509697,0.1111533064327466,-0.7161628073514522,5,red,1.1913276071125845,-1.985174342236602
-0.7373370800723391,-0.6552525714529022,0.361101587995593,0.3118484131047858,0.9686484603737554,0.4450902785482933,-0.2101844466596121,5,red,1.1892322422120891,-1.9703685364293275
-1.824710947529459,-0.6996994145429313,0.2525824269654248,0.1432272209580115,1.8416616542487705,1.6472633781642632,0.0428047336863063,5,red,0.5924093057763169,-2.045103852000013
-1.892671814245529,-0.7441462576329604,-0.20862400741279,-0.1130769911050509,3.0888233597845063,0.3115154897020743,0.717442547942092,5,red,-0.042254434918020854,-2.25379770637048
-1.484906613949109,-0.6552525714529022,-0.2357537976703321,-0.0186491235028483,1.342796972034476,1.5136885893180445,0.2114641872502534,6,red,0.40536276740880817,-2.3184270558915445
1.1655671879776206,-0.7219228360879458,-0.4799219099882105,-0.3693812031681134,1.0310065456505435,0.1779407008558561,1.5607398157618233,6,red,-0.5834570244534283,-2.0723655437357347
-1.756750080813389,-0.7663696791779749,-0.1814942171552479,-0.3558915077963595,2.1534520806327038,0.0443659120096371,1.1812560452429433,5,red,0.7416150398852601,-2.151800699064073
-0.397532746491989,-0.6996994145429313,0.8765676028888917,0.6153665589689497,0.2203514370523139,0.3783028841251838,-0.7161628073514522,5,red,1.0830746656005383,0.1302074059965363
-1.552867480665179,-0.810816522268004,0.2525824269654248,0.0184475387694187,1.2180808014809026,1.1129642227793872,-0.4631736270055321,7,red,-0.5802829180902729,-1.6697836408020743
-2.028593547677669,-0.6996994145429313,0.6323994905710134,0.129737525586295,0.7815742045433964,1.847625561433592,0.0428047336863063,6,red,0.24561809077256408,-1.6697836408020743
-1.960632680961599,-0.6108057283628731,-0.0729750561250798,0.1836963070732359,1.4051550573112643,0.6454524618176217,0.8017722747240648,6,red,1.4950085465941212,-2.136994893256799
-1.892671814245529,-0.6108057283628731,0.3068420074805089,0.4332556714504588,1.904019739525556,0.3115154897020743,0.2114641872502534,6,red,1.9857360244431659,-2.174362551042141
-1.892671814245529,-0.7885931007229895,0.5238803295408452,0.1836963070732359,0.2203514370523139,-0.0224214824134723,-0.800492534133425,5,red,1.7534838456529458,-2.1097332015210775
-0.1936501463437792,-0.1663372974625817,0.7137888613436396,0.6356011020265431,-0.4032294157155512,-0.0224214824134723,-0.9691519876973708,5,red,2.313544719292811,-0.9830662813929476
-0.941219680220549,-0.5885823068178585,0.5781399100559292,0.6221114066548266,0.5321418634362493,0.0443659120096371,-0.6318330805694778,5,red,1.0578681687697686,-1.2711952910917534
0.4859585208169208,-0.5663588852728438,0.5510101197983872,0.3422002276912134,1.7793035689719825,1.0461768283562778,0.3801236408141991,6,red,-0.14104717536542552,-2.2016242427778634
1.7092541217061803,-0.6108057283628731,1.3377740372671063,0.5108214198379504,0.8439322898201819,0.1111533064327466,0.717442547942092,6,red,0.30339592059824816,-2.2662535922989275
-2.028593547677669,-0.7219228360879458,0.5781399100559292,0.4939593006232766,2.0287359100791296,0.6454524618176217,-0.5053384903965193,3,red,1.4718974146638473,-2.2265360146347586
-1.824710947529459,-0.6774759929979167,0.361101587995593,0.3658071945917266,1.7793035689719825,0.8458146450869501,0.2114641872502534,6,red,1.735642184986323,-2.2016242427778634
1.9131367218543904,-0.6552525714529022,0.469620749025761,1.2156580030114004,0.9686484603737554,1.2465390116256063,0.0428047336863063,6,red,-0.3732993541556459,-1.6277161432590783
0.553919387532991,-0.7219228360879458,0.1440632659352565,-0.1468012295343983,0.3450676076058875,1.1129642227793872,0.464453367596172,5,red,-0.32288636049410757,-2.0871713495430084
-0.7373370800723391,-0.6330291499078875,-0.2628835879278742,0.6996771550423181,1.529871227864838,1.5804759837411535,-0.7161628073514522,6,red,-0.3701252477924907,-0.9837725679272618
-1.892671814245529,-0.6552525714529022,0.3068420074805089,0.8716707710320122,1.342796972034476,0.9126020395100596,-0.6318330805694778,5,red,1.392025076345725,-1.5233692160738448
-1.892671814245529,-0.6330291499078875,0.1169334756777144,0.4534902145080523,1.904019739525556,0.7790272506638407,-0.1258547198776393,6,red,1.4372307167684368,-1.965668696671674
-1.145102280368759,-0.7219228360879458,0.5781399100559292,-0.5380023953148503,0.6568580339898229,0.4450902785482933,-0.0415249930956665,6,red,0.4705054333986388,-1.1294807061211771
-0.7373370800723391,-0.2107841405526109,0.469620749025761,1.3100858706135654,1.904019739525556,1.2465390116256063,-1.1097015323339952,6,red,1.9153238871896856,-1.1691982837853465
-0.7373370800723391,-0.2107841405526109,0.469620749025761,1.3100858706135654,1.904019739525556,1.2465390116256063,-1.0956465778703306,6,red,1.9153238871896856,-1.1691982837853465
-0.465493613208059,-0.6108057283628731,0.3882313782531347,0.6052492874401529,1.2180808014809026,2.9162238722033416,0.0428047336863063,5,red,-0.6990126841047966,-0.9783664416352942
-1.756750080813389,-0.6774759929979167,0.1711930561927986,0.1196202540574983,0.9686484603737554,1.98120035027981,-0.2101844466596121,6,red,0.3979979312446623,-0.9144433786485442
0.9616845878294108,-0.6330291499078875,1.554812359327443,0.6524632212412168,0.5944999487130347,0.6454524618176217,-0.0415249930956665,5,red,0.628092627109563,-2.0871713495430084
-1.6208283473812488,-0.5441354637278293,1.3377740372671063,0.713166850414072,1.342796972034476,0.3115154897020743,-0.2945141734415865,5,red,1.166121110281815,-1.721957104394691
-0.8052979467884089,-0.6996994145429313,0.6866590710860949,0.4433729429792555,1.0310065456505435,-0.6902954266445667,-1.2643060314342762,4,red,0.4021886610456531,-1.9703685364293275
-0.465493613208059,-0.6774759929979167,0.5238803295408452,0.2578896316178076,0.7192161192666082,0.4450902785482933,-0.1258547198776393,5,red,0.3486015610209596,-0.7026933178649359
-0.873258813504479,-0.6774759929979167,0.496750539283303,0.2309102408743371,1.0310065456505435,1.6472633781642632,-0.4631736270055321,6,red,-0.3322844435339253,-1.1550987645123865
-1.6208283473812488,-0.6552525714529022,0.1983228464503406,0.3320829561623793,0.6568580339898229,0.7122398562407312,-0.7161628073514522,5,red,0.2950144609962665,-1.4758955922388814
-1.6208283473812488,-0.6330291499078875,0.1983228464503406,0.3354553800053365,0.4697837781594611,0.7790272506638407,-0.800492534133425,6,red,0.30657002696140323,-1.4260720485250913
-1.6887892140973189,-0.7441462576329604,0.3882313782531347,0.1904411547591128,0.4074256928826756,0.8458146450869501,0.2114641872502534,6,red,0.7195205313928218,-1.7196071845158643
1.1655671879776206,-0.6330291499078875,1.0664761346916862,0.8784156187178891,0.5321418634362493,0.9126020395100596,-0.3788439002235593,6,red,0.1394605141610133,-1.0453457110351851
-1.6208283473812488,-0.6552525714529022,0.1711930561927986,0.5209386913667471,1.2180808014809026,0.4450902785482933,-0.2945141734415865,6,red,1.392025076345725,-0.2984677815867634
-1.552867480665179,-0.6330291499078875,0.1711930561927986,-0.0321388188746022,1.2180808014809026,1.0461768283562778,0.6331128211601191,6,red,0.07330122473334731,-2.0326479660715653
-1.484906613949109,-0.4996886206378002,0.6595292808285554,0.5985044397542759,2.340526336463065,0.8458146450869501,-0.2945141734415865,5,red,0.9192013771881263,-1.749218796130413
-1.2810240138008988,-0.6774759929979167,0.0355441049050855,0.4029038568640312,-0.0914389893316186,0.9793894339331692,-0.547503353787505,6,red,0.7731076314175154,-1.6253662233802517
-0.1256892796277091,-0.6996994145429313,0.469620749025761,0.8885328902466858,1.0310065456505435,0.5118776729714027,-1.3064708948252637,5,red,0.613362954781271,-0.2970552085181349
-1.2130631470848288,-0.5885823068178585,0.1983228464503406,-0.1906427394925424,1.2180808014809026,0.5786650673945123,0.9704317282880104,7,red,0.577679633448025,-1.7367629102019657
-1.2810240138008988,-0.6330291499078875,0.496750539283303,0.4602350621939293,0.8439322898201819,0.3783028841251838,-0.7161628073514522,6,red,0.7499964994872417,-1.5825924393029416
-1.6208283473812488,-0.6996994145429313,0.5510101197983872,0.251144783931968,2.340526336463065,0.9793894339331692,-0.2101844466596121,6,red,0.18364953114588897,-1.1005753810409429
-1.6208283473812488,-0.6996994145429313,0.0626738951626302,0.1027581348427872,1.716945483695197,0.7122398562407312,-0.2945141734415865,6,red,0.018697501270818574,-1.4338280946958855
-1.552867480665179,-0.5663588852728438,0.6595292808285554,0.2848690223613154,2.1534520806327038,0.6454524618176217,1.2234209086339305,5,red,0.6995835058257036,-1.6946954126589695
0.0102324538044309,-0.7219228360879458,0.2254526367078827,0.8784156187178891,1.46751314258805,1.6472633781642632,-0.547503353787505,5,red,0.18466615458372496,-0.5165613154725373
-1.6208283473812488,-0.1441138759175671,0.3882313782531347,0.649090797398297,2.0910939953559176,0.6454524618176217,0.8861020015060377,6,red,0.19520509711102615,-1.7788304077449615
-0.1936501463437792,-0.6330291499078875,-0.0729750561250798,0.7165392742569917,1.093364630927329,1.5136885893180445,0.2957939140322263,7,red,-0.2966011222006788,-1.2493397256479992
-2.028593547677669,-0.6996994145429313,0.1983228464503406,0.0622890487276003,0.4697837781594611,0.1779407008558561,0.1692993238592663,6,red,1.8711969882296338,-0.9891786942192292
0.6898411209651306,-0.6330291499078875,0.1983228464503406,1.0268022678070323,0.1579933517755285,0.2447280952789648,-0.1258547198776393,6,red,2.4847207258445443,-1.8216041918222714
0.7578019876812007,-0.6108057283628731,0.1711930561927986,0.3253381084765397,-0.3408713304387659,1.847625561433592,0.5487830943781448,7,red,0.7436482867609313,-1.90103934715061
0.0781933205205009,-0.7219228360879458,0.0626738951626302,0.2612620554607648,0.8439322898201819,0.7122398562407312,-0.3788439002235593,6,red,0.8183132718402268,-1.6300660631379051
-2.028593547677669,-0.6774759929979167,0.4153611685106768,0.4096487045499082,0.8439322898201819,0.5118776729714027,-0.2945141734415865,5,red,0.8340595676063542,-1.6152602573306307
-1.484906613949109,-0.7663696791779749,-0.2357537976703321,-0.4975333091996259,2.0287359100791296,-0.1559962712596912,1.3077506354159032,5,red,0.5850444696121706,-1.8138481456514772
1.2335280546936906,-0.6774759929979167,1.1478655054643123,1.1111128638804009,-0.777377927376272,0.3115154897020743,-0.1258547198776393,5,red,2.370181689631012,-1.2368838397195514
-0.1256892796277091,-0.7219228360879458,0.469620749025761,-0.1164494149479707,0.095635266498743,1.1129642227793872,0.717442547942092,8,red,0.16574575245444204,-1.640172029187526
-2.164515281109809,-0.6108057283628731,0.8223080223738075,1.1111128638804009,1.4051550573112643,-0.0224214824134723,-0.8848222609153978,5,red,1.3499935422861689,-1.6152602573306307
-2.164515281109809,-0.6108057283628731,0.7137888613436396,1.0605265062363798,1.342796972034476,0.0443659120096371,-0.9691519876973708,5,red,1.3079620082266126,-1.563086793738014
-2.0965544143937387,-0.2996778267326691,1.2563846664944802,0.4467453668221753,1.7793035689719825,0.8458146450869501,0.6331128211601191,6,red,0.9212967420886227,-0.6707317863715611
-2.164515281109809,-0.6330291499078875,0.6323994905710134,1.050409234707583,1.1557227162041173,0.4450902785482933,-0.9691519876973708,5,red,1.6883411796631156,-1.5506309078095666
-2.028593547677669,-0.5885823068178585,0.1440632659352565,0.585014744382522,1.966377824802344,0.4450902785482933,0.3801236408141991,6,red,1.8176098882049403,-1.7320630704443118
-1.0091805469366188,-0.7441462576329604,0.2254526367078827,0.2039308501308667,1.342796972034476,0.9793894339331692,0.0006398702953206,7,red,0.7920280335467983,-1.7196071845158643
-1.892671814245529,-0.6330291499078875,0.2525824269654248,0.6153665589689497,1.904019739525556,0.1779407008558561,-0.547503353787505,5,red,1.9226887233538315,-1.8885834612221624
0.0781933205205009,0.3670248196177678,4.8375169804900295,1.124602559252155,-0.0290809040548305,0.1779407008558561,-0.8848222609153978,5,red,1.032661671939,1.4394748958454937
-0.397532746491989,-0.6774759929979167,0.6323994905710134,0.5681526251678484,-0.0914389893316186,-0.0892088768365817,-0.547503353787505,5,red,1.3888509699825697,0.24865385245472982
-1.2810240138008988,-0.6774759929979167,0.5238803295408452,0.3118484131047858,0.4074256928826756,0.0443659120096371,-0.3788439002235593,5,red,1.4666279434001965,-1.8885834612221624
-2.028593547677669,-0.6996994145429313,0.1169334756777144,0.1196202540574983,1.0310065456505435,1.9144129558567,0.2957939140322263,6,red,1.0936136081278398,-1.0585078834979469
2.1849801887186704,-0.6552525714529022,0.0626738951626302,0.136482373272172,0.7192161192666082,1.1797516172024969,0.5487830943781448,6,red,-1.0499946289095397,-1.0133841795418101
-1.2810240138008988,-0.7663696791779749,0.5510101197983872,0.591759592068399,0.7192161192666082,0.3783028841251838,-1.1378114412613178,5,red,0.7920280335467983,-1.0982254611621163
-1.2130631470848288,-0.6996994145429313,-0.0187154756099985,-0.1940151633354996,1.5922293131416234,0.2447280952789648,0.8017722747240648,6,red,0.15317356305146976,-1.5950483252313892
1.4374106548419008,-0.6330291499078875,4.701868029202321,-0.3828708985398674,0.90629037509697,2.6490742945109047,1.5607398157618233,6,red,-0.3701252477924907,-1.4237221286462645
-1.2130631470848288,-0.6330291499078875,-0.5070517002457526,0.2039308501308667,1.342796972034476,0.7790272506638407,0.464453367596172,6,red,-0.28606217967337766,-1.707151298587417
0.0102324538044309,-0.6330291499078875,0.333971797738051,0.6018768635971957,0.6568580339898229,-0.1559962712596912,-0.8848222609153978,5,red,1.4991992763951114,0.07121524304332354
-0.8052979467884089,-0.5885823068178585,0.496750539283303,0.0454269295129266,2.2158101659094918,0.9126020395100596,1.6450695425437962,6,red,0.34022010141897796,-1.3957541503762285
3.1364323227436506,1.9671111708588167,0.469620749025761,0.7536359365292963,1.0310065456505435,-0.3563584545290197,-0.0415249930956665,6,red,-1.0089797182878195,-0.5548663200680781
0.553919387532991,-0.6330291499078875,0.0898036854201723,0.0690338964134398,0.2203514370523139,0.7122398562407312,1.0547614550699849,6,red,0.8918373974320386,-1.8885834612221624
2.117019322002601,-0.7663696791779749,0.6595292808285554,0.4534902145080523,0.4697837781594611,1.6472633781642632,0.2114641872502534,6,red,0.2350791482452628,-1.6176101772094578
-1.145102280368759,0.0114500748975346,0.5238803295408452,0.5681526251678484,1.966377824802344,0.4450902785482933,1.1390911818519576,6,red,0.9517727101830422,-1.7616746820588605
-1.145102280368759,-0.7219228360879458,1.663331520357611,0.2916138700471549,1.2180808014809026,0.9126020395100596,0.6331128211601191,6,red,1.1472007081525328,-1.8488658835579932
-1.552867480665179,-0.7441462576329604,-0.1001048463826219,-0.1737806202778687,1.966377824802344,0.4450902785482933,0.6331128211601191,5,red,0.3633312333492522,-1.2625018981107607
0.0781933205205009,-0.5885823068178585,0.3068420074805089,0.0555442010417233,0.8439322898201819,0.4450902785482933,1.1390911818519576,6,red,0.12371421839488562,-1.933000878643985
-1.484906613949109,-0.5441354637278293,-0.1001048463826219,-0.3086775739952956,2.1534520806327038,-0.2227836656828007,1.1390911818519576,5,red,0.9612329112476835,-1.7616746820588605
-0.1936501463437792,-0.6552525714529022,0.469620749025761,0.4197659760787049,0.6568580339898229,0.5786650673945123,-0.6318330805694778,5,red,-0.05698410724631255,-0.12267280551986949
0.8257628543972707,-0.5885823068178585,0.1169334756777144,0.1027581348427872,0.4074256928826756,1.780838167010482,0.8861020015060377,7,red,-0.3774900839566366,-1.2375901262538658
0.8257628543972707,-0.5441354637278293,0.2525824269654248,0.136482373272172,0.4697837781594611,2.0479877447029198,0.8017722747240648,6,red,0.18466615458372496,-1.1426428785839389
0.6218802542490606,-0.5885823068178585,0.2254526367078827,0.129737525586295,0.7192161192666082,2.1147751391260288,0.717442547942092,6,red,0.009175182181353,-0.5165613154725373
-1.416945747233039,-0.7219228360879458,0.2525824269654248,0.0993857109998674,2.0287359100791296,0.8458146450869501,0.2957939140322263,6,red,0.35914050354826077,-1.5506309078095666
0.0781933205205009,-0.5663588852728438,0.3068420074805089,-0.1333115341626444,0.282709522329102,1.6472633781642632,1.898058722889716,6,red,1.319517574191749,0.006585893522259235
-0.8052979467884089,0.611482456612928,0.4424909587682189,1.067271353922257,0.4074256928826756,0.0443659120096371,-1.1378114412613178,5,red,1.2711999454307061,-0.47848737115288037
-1.145102280368759,-0.7219228360879458,0.5510101197983872,-0.4705539184561556,0.5944999487130347,1.9144129558567,0.8861020015060377,6,red,0.3748867993143886,-1.1456990849970796
-1.552867480665179,-0.7441462576329604,0.8765676028888917,-0.1737806202778687,2.7770329334005712,0.1779407008558561,0.8861020015060377,6,red,0.6912020462237222,-1.6549778349948001
-1.2810240138008988,-0.6108057283628731,0.5238803295408452,0.406276280706951,1.2180808014809026,1.4469011948949346,0.3801236408141991,6,red,0.20676066307616278,-0.9642669223623341
-1.6208283473812488,-0.6996994145429313,0.3068420074805089,0.6659529166129707,1.2180808014809026,1.9144129558567,-0.8848222609153978,6,red,0.9370430378547501,-1.0288962718833985
-1.6208283473812488,-0.6774759929979167,0.9036973931464336,0.1229926779004181,1.4051550573112643,0.3115154897020743,-0.0415249930956665,5,red,0.5314573695874776,-0.7952906456560365
-1.484906613949109,-0.6330291499078875,0.1440632659352565,0.1971860024449898,1.8416616542487705,1.5136885893180445,0.5487830943781448,6,red,0.16053839921561583,-0.43007640050771867
-1.3489848805169689,-0.6774759929979167,0.496750539283303,0.3152208369477056,2.1534520806327038,1.1797516172024969,-0.2945141734415865,5,red,0.5598379727814022,-0.7952906456560365
1.0296454545454805,-0.3219012482776837,0.2797122172229668,0.3219656846335825,1.0310065456505435,0.8458146450869501,0.3801236408141991,6,red,-0.7946313181890461,-1.3762485048113011
0.2820759206687107,3.478303835919806,-0.3171431684429583,2.180171222090795,-1.40095878014414,-0.5567206377983478,-1.475130348389209,6,white,-0.426886454180339,1.2904794909625534
0.146154187236571,-0.7663696791779749,-0.20862400741279,-0.1805254679637457,0.4697837781594611,-0.2895710601059102,-0.8848222609153978,6,white,-0.6759015521745229,-0.41408908190770016
0.553919387532991,0.411471662707797,-0.1814942171552479,0.1904411547591128,0.2203514370523139,-0.6235080322214572,-0.3788439002235593,6,white,0.20460318015084325,-0.21456384677665546
0.0102324538044309,0.76704640742803,0.0355441049050855,0.3590623469058871,-0.2161551598851922,-0.8906576099138948,-0.547503353787505,6,white,-0.48783839036917825,1.5692088211460524
-1.077141413652689,0.4336950842528115,-0.3171431684429583,0.1229926779004181,-0.2785132451619777,-0.4231458489521292,-0.800492534133425,6,white,-0.6454255840801029,0.2712157044327983
0.7578019876812007,-0.7885931007229895,-0.3442729587005004,-0.2479739448224404,-0.0290809040548305,-0.5567206377983478,0.3801236408141991,6,white,-0.047586024206495624,0.10458934760532702
0.6218802542490606,-0.7997048114954968,-0.6427006515334628,-1.259701097702974,-1.4633168654209254,0.1779407008558561,1.2234209086339305,5,white,0.16257164609128674,-1.3926979439630878
0.553919387532991,-0.1885607190075962,-0.5884410710183786,0.0555442010417233,-0.5279455862691249,-0.0224214824134723,-0.7161628073514522,5,white,0.26238100997652714,-0.5814217252694855
0.3500367873847808,-0.8552633653580332,-0.4527921197306684,-0.855010236550768,-0.2785132451619777,0.6454524618176217,0.2114641872502534,5,white,-0.32288636049410757,-1.044639424500871
0.553919387532991,-0.7885931007229895,-0.3442729587005004,-1.1248041439855845,1.966377824802344,-0.0892088768365817,1.5607398157618233,7,white,-1.1035817289342333,1.0733233038869776
2.0490584552865303,3.1560642235170957,-0.4527921197306684,1.910377314656016,-1.5256749506977136,0.9126020395100596,-0.7161628073514522,5,white,0.9002188570340205,1.1565209521627713
0.4179976541008508,-0.7885931007229895,-0.6698304417910048,-1.0573556671268898,0.1579933517755285,0.1111533064327466,0.717442547942092,7,white,-1.0615501948746768,-0.107160713178281
-1.892671814245529,-0.8774867869030477,-0.2900133781854162,-0.5852163291159516,0.095635266498743,-1.1578071876063327,-0.800492534133425,6,white,0.08066606089749316,-0.18965207491976038
1.0976063212615506,-0.8552633653580332,-0.7512198125636337,-1.7992889125726068,0.6568580339898229,-0.9574450043370044,1.898058722889716,8,white,0.7836465739448164,-0.5283109148666706
0.6898411209651306,-0.8774867869030477,-0.6427006515334628,-0.9561829518388102,-0.6526617568226984,-0.0224214824134723,0.6331128211601191,6,white,0.08168268433532941,0.1908432022942615
-1.2130631470848288,0.5448121919778843,-0.3442729587005004,0.3253381084765397,-0.0290809040548305,-0.2227836656828007,-0.8848222609153978,5,white,-0.5266958180655796,0.3927183573041327
0.4179976541008508,-0.4774651990927857,-0.5070517002457526,-1.1248041439855845,-0.3408713304387659,-1.2245945820294422,0.3801236408141991,7,white,-0.5802829180902729,-0.5891777714402798
0.6898411209651306,-0.7441462576329604,-0.20862400741279,-0.5177678522572569,1.529871227864838,-0.3563584545290197,-0.0415249930956665,8,white,-0.5760921882892822,0.5337266557403947
-1.2130631470848288,-0.7885931007229895,0.469620749025761,-0.2816981832517878,-1.0891683537602077,-0.1559962712596912,-1.0534817144793436,5,white,1.5758975083500788,0.47121616582227294
0.6218802542490606,-0.8330399438130187,-0.127234636640164,0.1904411547591128,1.2180808014809026,-0.4231458489521292,-0.4631736270055321,6,white,-0.6412348542791123,-0.2100950672948863
0.0102324538044309,0.8781635151531028,-0.2900133781854162,0.3253381084765397,0.1579933517755285,-0.2227836656828007,-0.1258547198776393,6,white,-0.510949522299452,2.6615642899019805
0.2141150539526407,-0.8997102084480624,-0.127234636640164,-0.5177678522572569,1.4051550573112643,-0.6235080322214572,-0.4631736270055321,6,white,-0.6065681563837017,0.5943624520381199
0.4859585208169208,0.8114932505180589,-0.154364426897706,0.527683539052624,0.9686484603737554,-0.0224214824134723,-0.0415249930956665,6,white,-0.3848549201207825,0.41293028940337445
1.0976063212615506,-0.8774867869030477,-0.2628835879278742,-1.0573556671268898,-0.2161551598851922,-0.2895710601059102,0.8861020015060377,6,white,-0.2125380540815658,-0.2949363489151923
0.2820759206687107,-0.6774759929979167,-0.6427006515334628,-1.3271495745616686,-0.777377927376272,1.1797516172024969,1.4764100889798504,7,white,-0.10955458383317018,0.2752092576561374
0.4859585208169208,1.1892914167833066,-0.3442729587005004,0.9660986386341772,-0.153797074608404,-0.0224214824134723,-0.4631736270055321,6,white,0.25082544401139056,-0.05122475663820931
0.146154187236571,-0.8774867869030477,-0.3985325392155843,-0.3828708985398674,1.529871227864838,-0.8906576099138948,-0.2945141734415865,6,white,-0.27666409663355995,-1.7508624294749253
0.2820759206687107,-0.6663642822254094,-0.1814942171552479,-0.855010236550768,-0.2161551598851922,-0.6235080322214572,0.2114641872502534,6,white,-0.2966011222006788,-0.13747861132714367
0.146154187236571,-0.7885931007229895,-0.3171431684429583,-0.214249706393093,1.2180808014809026,-0.1559962712596912,-1.3064708948252637,6,white,-1.486056265271232,0.5508823814264956
-0.8052979467884089,2.2004570970814687,-0.3442729587005004,0.5614077774819713,0.90629037509697,-1.0910197931832233,-0.2945141734415865,5,white,-1.0699316544766584,0.4890781780426879
0.7578019876812007,-0.7441462576329604,0.6323994905710134,-1.360873812991016,-0.2161551598851922,-0.7570828210676762,1.898058722889716,5,white,-0.22409362004670286,-0.2481690116145431
-0.6014153466401989,0.0781203395325785,-0.154364426897706,-0.3828708985398674,0.095635266498743,-1.2245945820294422,-0.4631736270055321,5,white,-0.19044354558912807,0.2345543331817699
0.0102324538044309,-0.8552633653580332,-0.1001048463826219,-1.3271495745616686,-0.590303671545913,-1.6921063429912078,0.5487830943781448,6,white,-0.17469724982300033,0.6138680976030474
0.4859585208169208,2.867159743431906,0.0084143146475463,1.809204599367974,-0.0914389893316186,-1.1578071876063327,-1.6437898019531565,5,white,-0.39221975628492883,1.0289058864651552
0.4859585208169208,-0.5663588852728438,3.128340194264881,-0.2816981832517878,-0.7150198420994867,-1.1578071876063327,-0.9691519876973708,6,white,-0.7557738904926447,1.8559252577762297
0.4859585208169208,-0.4774651990927857,3.155469984522423,-0.2816981832517878,-0.777377927376272,-1.2913819764525514,-0.9691519876973708,6,white,-0.7137423564330883,1.8434693718477821
-0.397532746491989,0.5225887704328698,0.333971797738051,0.2916138700471549,-0.590303671545913,-0.4899332433752383,-0.6318330805694778,6,white,-0.2587603179421133,0.49072181138720056
-0.3295718797759189,-0.810816522268004,0.0084143146475463,-0.3828708985398674,-0.0290809040548305,0.1779407008558561,-0.8848222609153978,6,white,-0.7673294564577818,0.5896626122804665
-0.397532746491989,-0.810816522268004,0.0898036854201723,-0.3828708985398674,0.095635266498743,0.1779407008558561,-0.8848222609153978,6,white,-0.7557738904926447,0.6145743841373615
-0.0577284129116391,-0.810816522268004,0.0355441049050855,-0.4840436138279095,-0.4032294157155512,-0.0224214824134723,-0.4631736270055321,7,white,-0.5908218606175739,0.9750887895280258
-0.397532746491989,-0.1441138759175671,0.1711930561927986,-0.1805254679637457,0.282709522329102,-0.0892088768365817,-0.6318330805694778,4,white,-0.09901564130586905,2.4538077823417117
-0.465493613208059,-0.1441138759175671,0.2525824269654248,-0.214249706393093,0.1579933517755285,-0.0892088768365817,-0.6318330805694778,5,white,-0.05698410724631255,2.4265460906059895
0.2141150539526407,-0.0107733466474797,0.2797122172229668,0.1567169163297654,0.8439322898201819,-0.3563584545290197,-0.6318330805694778,5,white,-0.8167258266814839,0.5250332627594022
-0.0577284129116391,-0.7663696791779749,0.1440632659352565,-0.9561829518388102,0.7815742045433964,-0.6235080322214572,0.9704317282880104,6,white,-0.655964526607404,0.7718010614495262
-0.1936501463437792,-0.8774867869030477,0.3068420074805089,-1.0573556671268898,0.7192161192666082,0.3115154897020743,0.3801236408141991,7,white,-0.7252979223982253,0.4792032722689512
0.0781933205205009,-0.8774867869030477,0.0084143146475463,-1.1922526208442792,0.5944999487130347,-0.4899332433752383,0.2957939140322263,7,white,-1.317930129033006,-0.758860334680892
0.2141150539526407,-0.8997102084480624,-0.3171431684429583,-1.1585283824149315,0.5321418634362493,-1.2245945820294422,0.2957939140322263,6,white,-1.1266928608645068,0.27990909741379083
1.8451758551383204,-0.9219336299930768,2.4500954378263304,-0.5177678522572569,-1.0891683537602077,-1.0242323987601136,-1.2221411680432908,6,white,-0.8282813926466209,0.5391327820323621
0.2141150539526407,-0.8330399438130187,-0.4799219099882105,-1.259701097702974,-0.590303671545913,-0.0892088768365817,0.3801236408141991,6,white,-0.5645366223241451,0.9165718528332436
0.146154187236571,1.5226427399585252,-0.3714027489580425,0.5614077774819713,-0.8397360126530602,-0.2227836656828007,-0.800492534133425,6,white,-0.5719014584882912,1.5083419645724432
-0.397532746491989,1.633759847683598,-0.2357537976703321,0.8986501617754825,0.4697837781594611,-1.1578071876063327,-1.3908006216072364,6,white,-1.2990097269037235,1.2025820029291063
-1.145102280368759,-0.0996670328275381,-0.3442729587005004,-0.4840436138279095,-0.7150198420994867,-1.0242323987601136,-0.2945141734415865,6,white,-0.17888797962399147,-0.6498135677380051
0.2820759206687107,-0.8552633653580332,-0.5070517002457526,-0.6526648059746464,0.8439322898201819,-1.2913819764525514,-0.547503353787505,6,white,-0.5067587924984611,0.5158646435199797
-0.5334544799241291,-0.0329967681924942,0.957956973661518,0.1904411547591128,-1.213884524313781,-0.4899332433752383,-1.6437898019531565,6,white,-0.744218324527508,0.10928918736298036
-1.6887892140973189,-0.8774867869030477,-0.5884410710183786,-1.1922526208442792,-1.2762426095905663,-1.2913819764525514,-0.0415249930956665,5,white,0.41374422701078983,-0.058274516274689166
-0.3295718797759189,-0.810816522268004,-0.5070517002457526,-0.618940567545299,-0.4655875009923394,-0.4899332433752383,-0.2101844466596121,6,white,-0.4458068563096219,0.13655087909870206
-1.960632680961599,-0.8552633653580332,0.1983228464503406,-0.3828708985398674,-0.0290809040548305,0.0443659120096371,-1.2221411680432908,5,white,-0.5193309819014337,0.032203951913468504
-0.5334544799241291,0.3003545549827242,-0.4527921197306684,-1.4283222898497483,-0.0290809040548305,-0.2895710601059102,1.729399269325769,7,white,-0.790440588388055,0.0025923402989200023
-1.2810240138008988,-0.8552633653580332,-0.4256623294731292,-0.855010236550768,-0.5279455862691249,-0.7570828210676762,-0.6318330805694778,5,white,-0.6717108223735317,2.7701358305864376
-0.0577284129116391,-0.6552525714529022,-0.2900133781854162,-0.6526648059746464,0.6568580339898229,0.7122398562407312,0.1271344604682791,8,white,-0.7557738904926447,-0.227019732705103
-0.1936501463437792,1.122621152148263,-0.1814942171552479,0.5614077774819713,-0.590303671545913,-1.2245945820294422,-0.8848222609153978,5,white,-0.3386326562602353,-0.47237495832659865
0.7578019876812007,0.611482456612928,-0.0187154756099985,0.3590623469058871,-0.777377927376272,-0.1559962712596912,-1.3064708948252637,6,white,-0.8555832543778852,2.331367782660178
-0.6014153466401989,-0.0996670328275381,0.1169334756777144,0.4265108237645819,0.5944999487130347,0.4450902785482933,-0.8848222609153978,5,white,-0.40796605205105646,2.36215435421414
-0.2616110130598489,-0.0552201897375089,0.1711930561927986,0.6288562543406662,2.9017491039541445,1.1797516172024969,-0.4631736270055321,5,white,-0.9627574544272719,1.1205658674460572
0.9616845878294108,-0.8997102084480624,-0.0729750561250798,-0.1468012295343983,-1.7127492065280725,-0.2895710601059102,-1.2221411680432908,6,white,0.26238100997652714,-1.3600301259353986
0.2820759206687107,-0.810816522268004,-0.3714027489580425,-1.5969434819964852,0.2203514370523139,-1.0910197931832233,1.8137289961077416,7,white,-0.7515831606916541,-0.29940512839696165
0.146154187236571,-0.8330399438130187,-0.3985325392155843,-1.1248041439855845,0.5321418634362493,0.7790272506638407,1.2234209086339305,7,white,-0.21672878388255684,-0.9605044294148792
-0.1256892796277091,0.8337166720630738,0.1983228464503406,0.527683539052624,-1.7751072918048607,0.1779407008558561,-1.0534817144793436,5,white,-0.5908218606175739,-0.29869884186264734
-0.2616110130598489,0.0781203395325785,0.0898036854201723,0.1229926779004181,0.282709522329102,-1.0910197931832233,-1.3064708948252637,5,white,0.5472036653536055,-0.47237495832659865
-0.0577284129116391,-0.810816522268004,-0.1001048463826219,-0.5514920906866042,1.0310065456505435,1.5804759837411535,0.0428047336863063,6,white,-0.744218324527508,0.15605652466362968
0.146154187236571,2.433803023304122,-0.1814942171552479,1.3370652613570733,-0.0914389893316186,0.4450902785482933,-1.1378114412613178,6,white,-0.6675200925725412,1.4789614132337787
-0.8052979467884089,0.2336842903476803,0.1711930561927986,0.0218199626123759,-0.3408713304387659,-0.7570828210676762,-0.4631736270055321,5,white,-0.0790786157387507,1.2951793307202069
-0.1256892796277091,0.7003761427929861,-0.2628835879278742,0.6963047311993983,0.6568580339898229,-0.4899332433752383,-0.8848222609153978,6,white,-0.4762828244040417,1.6321945373226043
1.9810975885704605,1.5004193184135106,-0.3171431684429583,0.9660986386341772,-0.7150198420994867,-0.5567206377983478,-1.5594600751711836,5,white,0.2992051907972572,1.4610994010133638
2.0490584552865303,1.5004193184135106,-0.3442729587005004,0.999822877063562,-0.6526617568226984,-0.4899332433752383,-1.5594600751711836,6,white,0.3412367248568137,1.3442965878996826
2.117019322002601,1.322631946053394,-0.3442729587005004,0.9660986386341772,-0.8397360126530602,-0.6235080322214572,-1.5594600751711836,6,white,0.18466615458372496,1.5132728646059808
-0.0577284129116391,1.833770641588729,-0.1814942171552479,0.8986501617754825,-0.0290809040548305,-0.3563584545290197,-0.7161628073514522,6,white,-0.6181237223488387,2.6422897046129368
0.7578019876812007,0.5448121919778843,-0.20862400741279,0.3927865853352345,-0.6526617568226984,-0.4231458489521292,-1.3064708948252637,5,white,-0.9091703544025787,2.9941107170226084
0.0781933205205009,-0.7441462576329604,-0.5884410710183786,-1.5294950051377902,0.2203514370523139,-0.8906576099138948,1.729399269325769,7,white,-0.6065681563837017,0.9464145247236757
0.0781933205205009,-0.7219228360879458,-0.6155708612759208,-1.5632192435671377,0.1579933517755285,-0.8238702154907857,1.729399269325769,7,white,-0.7326627585623711,0.9861321023878449
0.0102324538044309,-0.7441462576329604,-0.4527921197306684,-0.9899071902681577,-0.0914389893316186,-0.6235080322214572,0.8017722747240648,7,white,-0.5792662946524373,1.2547554665217233
-0.1936501463437792,1.633759847683598,-0.3442729587005004,0.7974774464874405,-1.1515264390369928,-0.7570828210676762,-1.1378114412613178,6,white,-0.4153308882152024,2.8375903262447584
2.3209019221508105,2.411579601759108,-0.2900133781854162,1.1347198307809516,-0.5279455862691249,-0.2227836656828007,-1.475130348389209,6,white,-0.6685367160103767,0.46111019977265216
0.2820759206687107,-0.8552633653580332,-0.6155708612759208,-1.091079905556237,-1.7127492065280725,-1.1578071876063327,0.717442547942092,7,white,0.4094913791849747,-1.0220775725228026
0.9616845878294108,1.2115148383283212,-0.5070517002457526,0.3590623469058871,-2.0868977181887933,-1.5585315541449891,-0.3788439002235593,4,white,1.451836153047081,-1.421603269043322
0.3500367873847808,1.8782174846787576,0.0898036854201723,0.999822877063562,-1.40095878014414,-0.6235080322214572,-1.2221411680432908,5,white,-0.2966011222006788,1.8425320250375843
0.0102324538044309,1.01150404442319,-0.0729750561250798,0.5614077774819713,1.093364630927329,-0.8238702154907857,-0.9691519876973708,5,white,-1.0037723650489927,1.9454663791541893
-0.5334544799241291,1.567089583048554,-0.1814942171552479,0.8312016849167878,0.7192161192666082,-0.9574450043370044,-0.9691519876973708,5,white,-1.2149466587846107,1.6129199520335609
0.553919387532991,3.078282248109544,0.0626738951626302,1.8429288377973208,-1.4633168654209254,-0.4899332433752383,-1.3064708948252637,5,white,-0.011840584848425198,1.2507619132983843
0.0102324538044309,2.078228278583889,-0.154364426897706,0.9660986386341772,-0.153797074608404,-1.2245945820294422,-1.1378114412613178,6,white,-0.8545666309400498,0.09377709502139198
0.2141150539526407,2.544920131029195,-0.4527921197306684,1.50568645350381,-0.4032294157155512,0.3783028841251838,-1.2221411680432908,6,white,-0.5414254903938718,1.8986990418535399
-0.2616110130598489,-0.8330399438130187,-0.154364426897706,-0.618940567545299,0.282709522329102,0.4450902785482933,-0.2101844466596121,5,white,-0.22828434984769347,1.1844889304328072
1.5053715215579708,0.76704640742803,0.6866590710860949,0.4602350621939293,-2.0868977181887933,-0.9574450043370044,-1.475130348389209,6,white,-1.1151372948993699,1.9579222650826367
0.9616845878294108,3.0449471157920227,-0.127234636640164,1.8429288377973208,-1.1515264390369928,-0.0892088768365817,-1.3908006216072364,5,white,-0.3197122541309524,2.3492297948805936
1.2335280546936906,1.833770641588729,-0.0187154756099985,1.2358925460689938,-1.3386006948673546,-0.4231458489521292,-1.1378114412613178,5,white,-0.1515861178927267,2.5153809254496355
0.146154187236571,0.9226103582431318,-0.20862400741279,0.7637532080580931,-0.0290809040548305,-0.1559962712596912,-1.2221411680432908,5,white,0.0007937225793713612,0.40588052976689454
-2.164515281109809,-0.7885931007229895,0.2254526367078827,-0.1805254679637457,2.527600592293424,-0.8906576099138948,-0.7161628073514522,4,white,-0.32701497227027454,-1.0136152398176943
-0.5334544799241291,-0.3885715129127274,-0.4256623294731292,-1.0573556671268898,0.5321418634362493,-0.6235080322214572,0.6331128211601191,6,white,-0.7946313181890461,0.1598190176110846
0.553919387532991,-0.7441462576329604,-0.5884410710183786,-1.1585283824149315,-0.2161551598851922,-0.7570828210676762,1.0547614550699849,6,white,-0.9732963969545729,-0.9200805652163957
1.0976063212615506,1.833770641588729,0.0898036854201723,1.2358925460689938,-1.1515264390369928,-0.2227836656828007,-1.1378114412613178,5,white,-0.055967483808477145,2.0909434570722203
-1.892671814245529,0.1447906041676221,-0.2900133781854162,-0.3828708985398674,-0.0290809040548305,-0.1559962712596912,-0.2945141734415865,5,white,-0.638060747915957,-0.6965809050386544
0.0102324538044309,1.5893130045935686,-0.0729750561250798,1.3033410229276885,-1.3386006948673546,0.0443659120096371,-1.475130348389209,5,white,-0.1242842561614625,0.7727384082597244
-0.0577284129116391,0.4003599519352895,0.0626738951626302,0.2241653931884602,0.4074256928826756,-1.2913819764525514,-0.7161628073514522,5,white,-0.6748849287366867,0.24865385245472982
-0.2616110130598489,-0.0107733466474797,0.0355441049050855,0.2241653931884602,0.4074256928826756,-1.1578071876063327,-1.2221411680432908,6,white,-0.8167258266814839,-0.23970667890943465
1.0296454545454805,-0.7663696791779749,0.957956973661518,-0.5852163291159516,-0.0914389893316186,-1.1578071876063327,-0.6318330805694778,6,white,-1.3368505311622891,0.9424209715003365
0.2820759206687107,-0.8774867869030477,-0.8326091833362572,-1.1248041439855845,0.282709522329102,-0.3563584545290197,0.3801236408141991,6,white,-0.9239000267308705,1.6690869688495167
-0.6014153466401989,0.4336950842528115,-0.6427006515334628,-0.1805254679637457,-0.5279455862691249,-0.7570828210676762,-0.0415249930956665,5,white,0.29184035463311153,0.10693926748415371
0.0102324538044309,0.5670356135228988,-0.5070517002457526,0.4265108237645819,1.4051550573112643,0.0443659120096371,-0.7161628073514522,7,white,-0.820916556482475,1.8206764595938298
1.641293254990111,-0.4996886206378002,-0.3442729587005004,-0.7201132828333785,0.4697837781594611,0.2447280952789648,0.2957939140322263,7,white,-0.7830757522239096,1.4820176196469195
1.641293254990111,-0.5219120421828147,-0.2900133781854162,-0.7201132828333785,0.5321418634362493,0.2447280952789648,0.2957939140322263,6,white,-0.7830757522239096,1.504579471624988
-0.465493613208059,1.1892914167833066,-0.9953879248815094,-0.1805254679637457,1.0310065456505435,-1.0910197931832233,0.0428047336863063,5,white,-1.1655502885609081,-1.62630357019045
0.553919387532991,1.7893237984987,-0.5070517002457526,1.1347198307809516,0.0332771812219549,0.2447280952789648,-1.3064708948252637,5,white,-0.04333317638068054,2.7308934791806982
-0.3295718797759189,2.389356180214093,-0.5884410710183786,1.2358925460689938,0.095635266498743,-0.1559962712596912,-1.1378114412613178,5,white,-0.7673294564577818,1.5544030153387782
-0.6693762133562691,0.6781527212479715,-0.6155708612759208,0.527683539052624,-0.2161551598851922,-0.0892088768365817,-1.3908006216072364,5,white,-0.5340606542297257,2.0986995032430147
-0.0577284129116391,2.367132758669078,-0.5613112807608368,1.1347198307809516,0.2203514370523139,0.1779407008558561,-0.800492534133425,5,white,-0.5876477542544187,1.3628648866544117
0.553919387532991,-0.8552633653580332,-0.8054793930787151,-0.855010236550768,-0.6526617568226984,-1.0242323987601136,0.1271344604682791,6,white,0.04803260987775402,0.32268288149110086
2.3888627888668807,1.2115148383283212,-0.3171431684429583,0.999822877063562,-0.4032294157155512,-0.6235080322214572,-1.5594600751711836,5,white,0.047015986439918445,1.2625115126925175
0.2820759206687107,-0.6996994145429313,-0.5884410710183786,-0.9561829518388102,-0.4655875009923394,0.0443659120096371,0.2114641872502534,7,white,-0.8703129267061773,-0.227019732705103
0.4859585208169208,-0.6996994145429313,-0.7512198125636337,-0.7538375212627259,0.0332771812219549,-0.0892088768365817,1.0547614550699849,6,white,0.20460318015084325,-0.9153807254587425
0.146154187236571,-0.6330291499078875,-0.3171431684429583,-0.618940567545299,0.4697837781594611,-0.6902954266445667,-0.2945141734415865,5,white,-0.6338700181149663,-0.8608573419872989
0.553919387532991,-0.8552633653580332,-0.4799219099882105,-0.855010236550768,-0.0914389893316186,0.0443659120096371,0.2114641872502534,6,white,-0.1967917583154383,0.22773563382117398
0.6218802542490606,-0.1663372974625817,-0.5613112807608368,0.0555442010417233,-0.2785132451619777,-0.0224214824134723,-0.7161628073514522,6,white,0.12473084183272119,-0.42795754090477606
0.553919387532991,-0.6774759929979167,-0.5341814905032947,-0.8212859981214207,-0.6526617568226984,0.0443659120096371,0.5487830943781448,6,white,-0.13164909232560854,-0.7760160603669929
0.3500367873847808,-0.8774867869030477,-0.4527921197306684,-1.360873812991016,-1.40095878014414,-0.9574450043370044,0.2957939140322263,6,white,-0.8650434554425269,0.2752092576561374
-0.3295718797759189,-0.810816522268004,-0.3442729587005004,-0.9224587134094628,0.3450676076058875,-1.0910197931832233,-0.3788439002235593,6,white,-1.6394527291811662,1.5833083404190125
-1.2130631470848288,0.0336734964425493,0.0355441049050855,0.1904411547591128,0.9686484603737554,-1.1578071876063327,-1.3064708948252637,4,white,0.617615802607086,-0.8103275117391946
0.0781933205205009,-0.0996670328275381,-0.6155708612759208,-0.9561829518388102,0.9686484603737554,0.3115154897020743,1.2234209086339305,7,white,-0.5077754159362969,-0.8632072618661256
-0.1256892796277091,-0.2107841405526109,-0.0729750561250798,-0.1805254679637457,-1.4633168654209254,-1.0242323987601136,-0.9691519876973708,6,white,-0.5645366223241451,-0.2559250577853373
0.4179976541008508,0.6559292997029571,-0.3714027489580425,-0.3828708985398674,-0.6526617568226984,-1.4249567652987702,0.8017722747240648,7,white,-0.1547602242558818,1.1059911219146672
0.9616845878294108,1.1448445736932773,-0.0458452658675378,0.7637532080580931,-0.5279455862691249,-0.6902954266445667,-0.547503353787505,6,white,-0.48364766056818786,1.3708519931010903
0.6218802542490606,-0.8552633653580332,-0.2357537976703321,-0.8887344749801154,-0.5279455862691249,-0.5567206377983478,-0.1258547198776393,5,white,-0.6979960606669605,0.2223295075292064
0.553919387532991,0.5448121919778843,-0.20862400741279,0.6963047311993983,-1.0268102684834193,2.0479877447029198,-0.7161628073514522,6,white,0.04803260987775402,-1.1910538492291005
0.6898411209651306,1.9893345924038308,0.2525824269654248,1.1347198307809516,-2.0868977181887933,-0.7570828210676762,-1.3908006216072364,6,white,-0.3386326562602353,1.7583970299515919
-0.5334544799241291,-0.7885931007229895,-0.5613112807608368,-1.5969434819964852,0.4074256928826756,-0.7570828210676762,1.5607398157618233,7,white,-0.6990126841047966,0.43948569460478193
-1.892671814245529,-0.810816522268004,-0.5613112807608368,-1.731840435713912,0.8439322898201819,-1.3581693708756608,1.3077506354159032,8,white,-0.6769181756123581,0.5757941532833907
1.641293254990111,2.100451700128904,-0.0458452658675378,1.1684440692102989,-1.5256749506977136,-0.8906576099138948,-1.2221411680432908,5,white,-0.9585667246262809,0.4385483477945838
-0.1256892796277091,-0.0552201897375089,-0.20862400741279,-0.4503193753985621,0.3450676076058875,-0.9574450043370044,0.0428047336863063,5,white,-0.42371234781718425,-0.9995157205447343
0.2141150539526407,1.7893237984987,-0.1814942171552479,0.8312016849167878,-0.4655875009923394,-0.2227836656828007,-0.8848222609153978,5,white,-0.7137423564330883,2.481069474077433
0.2820759206687107,1.7671003769536853,-0.154364426897706,0.8986501617754825,-0.4032294157155512,-0.2895710601059102,-0.6318330805694778,5,white,-0.5950125904185649,2.4500452893942564
0.9616845878294108,0.8114932505180589,-0.2357537976703321,0.9660986386341772,-0.5279455862691249,0.3783028841251838,-0.800492534133425,6,white,0.32333294616536695,1.388482945045621
-0.941219680220549,-0.5885823068178585,-0.6155708612759208,-1.66439195885518,-0.9020940979298456,-0.6235080322214572,1.729399269325769,7,white,0.21095139287715378,-0.4006958491690544
-0.0577284129116391,0.8670518043805953,-0.0458452658675378,0.7637532080580931,-0.9020940979298456,0.0443659120096371,-1.0534817144793436,5,white,-0.07488788593775998,0.06087821671781856
1.0976063212615506,1.0670625982857265,-0.6155708612759208,0.4265108237645819,-2.211613888742367,-1.6253189485680986,-0.4631736270055321,5,white,1.7040253574044197,-1.0455767713110693
0.9616845878294108,-0.7885931007229895,0.2525824269654248,-1.3271495745616686,-0.6526617568226984,0.0443659120096371,1.8137289961077416,6,white,-0.24720475197697675,0.1941304689832864
0.8937237211133408,-0.7885931007229895,-0.3171431684429583,-0.9561829518388102,-0.590303671545913,-0.9574450043370044,0.3801236408141991,6,white,-0.28085482643455106,-0.7433482423393035
0.3500367873847808,-0.9441570515380916,-0.5341814905032947,-1.4620465282790955,-1.213884524313781,-0.9574450043370044,0.717442547942092,4,white,0.7772983612185056,-1.209853208259714
0.7578019876812007,-0.1107787436000453,-0.5070517002457526,-0.9224587134094628,0.7815742045433964,-1.3581693708756608,0.8017722747240648,7,white,-1.0121538246509745,0.23619796652628228
-0.0577284129116391,2.8116011895693696,-0.154364426897706,1.50568645350381,-0.8397360126530602,0.7122398562407312,-0.2945141734415865,5,white,-0.1589509540568727,0.8512362167778647
0.553919387532991,0.5448121919778843,-0.4527921197306684,-0.618940567545299,-0.7150198420994867,-1.7588937374143172,0.717442547942092,6,white,-0.648599690443258,1.2524055466428965
1.0296454545454805,0.0114500748975346,-0.3442729587005004,-1.1922526208442792,-1.213884524313781,-0.8238702154907857,1.729399269325769,4,white,-0.10955458383317018,-1.0500455507928386
-0.1256892796277091,1.7448769554086707,-0.0729750561250798,0.8986501617754825,0.3450676076058875,-0.9574450043370044,-0.9691519876973708,5,white,-1.1844706906901907,1.7670904229325846
-1.6887892140973189,-0.8552633653580332,0.0898036854201723,-0.4840436138279095,-0.7150198420994867,-1.2245945820294422,-1.5594600751711836,4,white,0.7185039079549866,-0.9116182325112873
0.0102324538044309,0.100343761077593,-0.20862400741279,0.1567169163297654,-0.2161551598851922,0.9793894339331692,-1.1378114412613178,6,white,-0.8324721224476115,1.2063444958765615
-0.0577284129116391,0.100343761077593,-0.2357537976703321,0.1904411547591128,-0.2161551598851922,0.8458146450869501,-1.0534817144793436,6,white,-0.4962198499711598,1.2086944157553883
-1.145102280368759,-0.8552633653580332,-0.1001048463826219,-0.3154224216811351,-0.8397360126530602,-0.6902954266445667,-1.1378114412613178,5,white,-0.0790786157387507,2.0878872506590795
0.553919387532991,3.767208316004996,-0.2357537976703321,2.180171222090795,-1.8374653770816465,-0.2227836656828007,-1.5594600751711836,5,white,-0.49202912017016914,1.3722645661697184
0.553919387532991,1.9893345924038308,-0.1814942171552479,1.1347198307809516,-0.2785132451619777,0.3115154897020743,-0.800492534133425,6,white,-0.4804735542050321,2.755098964503279
1.641293254990111,1.5226427399585252,-0.3714027489580425,0.8312016849167878,-1.2762426095905663,0.6454524618176217,-1.0534817144793436,5,white,-0.5760921882892822,2.7426430785748313
1.641293254990111,1.5226427399585252,-0.3714027489580425,0.8986501617754825,-1.2762426095905663,0.6454524618176217,-1.0534817144793436,5,white,-0.4499975861106129,2.8719017776169604
0.6218802542490606,0.9670572013331612,-0.4527921197306684,0.2916138700471549,-0.6526617568226984,0.5118776729714027,-0.547503353787505,6,white,-0.7137423564330883,1.3995262579054404
-0.6014153466401989,-0.1885607190075962,-0.5070517002457526,-0.7201132828333785,-0.4655875009923394,-0.2227836656828007,0.3801236408141991,5,white,-0.8902499522732956,0.5360765756192214
0.2141150539526407,-0.2774544051876546,-0.6155708612759208,-1.3271495745616686,0.2203514370523139,0.2447280952789648,1.8137289961077416,8,white,0.5587592313187421,-0.22396352629196215
-0.2616110130598489,0.76704640742803,-0.2628835879278742,0.5614077774819713,-0.8397360126530602,0.0443659120096371,-1.3908006216072364,4,white,-0.6527904202442489,2.1461731270779785
-0.2616110130598489,0.76704640742803,-0.127234636640164,0.5614077774819713,-0.8397360126530602,0.1111533064327466,-1.3908006216072364,6,white,-0.5992033202195558,2.1983465906705946
0.2820759206687107,0.6559292997029571,-0.3171431684429583,-0.5852163291159516,-1.2762426095905663,-1.0910197931832233,0.717442547942092,6,white,-0.49202912017016914,0.02985403203464181
0.146154187236571,0.0114500748975346,-0.0458452658675378,-0.1130769911050509,0.8439322898201819,-0.7570828210676762,-0.800492534133425,5,white,-1.1456132629937898,0.29307126987655246
0.8257628543972707,-0.3219012482776837,3.887974321476059,-0.1130769911050509,-1.2762426095905663,-0.8238702154907857,-1.2221411680432908,5,white,-0.6643459862093858,2.6190215661005545
0.8937237211133408,-0.3441246698226982,3.8065849507034297,-0.1130769911050509,-1.2762426095905663,-0.9574450043370044,-1.2221411680432908,6,white,-0.6223144521498294,2.6462832578362763
0.8257628543972707,-0.3219012482776837,3.8065849507034297,-0.1130769911050509,-1.3386006948673546,-1.0242323987601136,-1.2221411680432908,5,white,-0.6643459862093858,2.6439333379574492
-0.5334544799241291,0.611482456612928,-0.127234636640164,0.527683539052624,-0.590303671545913,-0.4231458489521292,-1.3908006216072364,5,white,-0.5760921882892822,2.1959966707917684
-0.5334544799241291,1.7893237984987,-0.1814942171552479,1.1684440692102989,-0.777377927376272,-0.2895710601059102,-1.475130348389209,5,white,-0.16314168385786373,1.9920026561789546
-0.397532746491989,2.4560264448491367,-0.20862400741279,1.3033410229276885,-0.4655875009923394,-0.2227836656828007,-1.0534817144793436,5,white,-0.5340606542297257,2.011508301743882
0.0102324538044309,1.8115472200437144,-0.1814942171552479,0.93237440020483,-0.153797074608404,-0.2227836656828007,-0.800492534133425,5,white,0.6543778654029921,2.430308583553445
0.146154187236571,1.9671111708588167,-0.6155708612759208,0.1229926779004181,0.6568580339898229,-0.0224214824134723,1.2234209086339305,6,white,-0.5760921882892822,0.6037621315534265
0.2141150539526407,-0.6108057283628731,-0.1001048463826219,-0.7201132828333785,0.3450676076058875,-0.2227836656828007,-0.2945141734415865,4,white,-1.0279001204171019,0.23549167999196816
1.2335280546936906,1.4559724753234813,-0.3985325392155843,0.8986501617754825,-0.4655875009923394,-0.6902954266445667,-1.475130348389209,5,white,-1.0005982586858375,1.0787294301789454
0.0102324538044309,0.722599564338001,-0.3171431684429583,0.4265108237645819,-0.0914389893316186,-1.2913819764525514,-1.1378114412613178,5,white,-0.88923332883546,0.46439746646167707
3.816040989904351,0.255907711892695,-0.20862400741279,0.7637532080580931,-1.4633168654209254,-0.1559962712596912,-0.547503353787505,4,white,2.0024368256223046,-0.2754307033502649
-0.1936501463437792,-0.6330291499078875,-0.4527921197306684,-0.2479739448224404,0.5944999487130347,1.3801138004718252,-0.2945141734415865,5,white,0.7268853675569676,-1.0594452303081452
-0.0577284129116391,-0.9219336299930768,-0.2357537976703321,-0.5177678522572569,-0.0290809040548305,1.5804759837411535,-0.8848222609153978,6,white,-0.3627604116283448,0.41669278235082957
-0.465493613208059,1.0337274659682043,-0.6698304417910048,-0.1805254679637457,0.5321418634362493,-1.2913819764525514,-0.0415249930956665,5,white,-1.2821846896749365,-1.2907009366566808
0.4179976541008508,-0.810816522268004,-0.5070517002457526,-0.9224587134094628,0.5944999487130347,0.3783028841251838,0.5487830943781448,7,white,-0.9123444607657338,0.1584064445424563
-0.1936501463437792,0.0558969179875638,-0.154364426897706,-0.0456285142463562,1.342796972034476,-1.0910197931832233,-0.7161628073514522,6,white,-1.1760892310882094,0.13655087909870206
-0.465493613208059,-0.810816522268004,-0.724090022306089,-1.1248041439855845,0.4697837781594611,-0.6235080322214572,0.464453367596172,7,white,-0.9396463224969982,0.0836711289717711
-0.5334544799241291,0.9226103582431318,-0.3442729587005004,0.527683539052624,0.5321418634362493,-1.0242323987601136,-0.9691519876973708,5,white,-1.111963188536215,1.4634493208921904
0.2820759206687107,0.4336950842528115,-0.5613112807608368,-0.214249706393093,-1.213884524313781,-1.3581693708756608,0.3801236408141991,5,white,-0.1589509540568727,1.215744175391868
-0.5334544799241291,2.7671543464793404,-0.3442729587005004,1.471962215074463,0.5321418634362493,-0.6235080322214572,-0.9691519876973708,5,white,-1.0814872204417951,1.8488754981397495
0.2820759206687107,0.4336950842528115,-0.5613112807608368,-0.2479739448224404,-1.1515264390369928,-1.4249567652987702,0.3801236408141991,5,white,-0.32707709029509857,1.098941362278187
-0.7373370800723391,0.9892806228781756,0.361101587995593,0.8649259233461352,-1.40095878014414,0.1111533064327466,-1.2221411680432908,6,white,1.424596409340641,0.838780330849417
-0.1256892796277091,-0.9441570515380916,-0.3714027489580425,-0.3154224216811351,1.2180808014809026,-0.9574450043370044,-1.2221411680432908,6,white,-1.031074226780257,0.49001552485288624
-0.6693762133562691,-0.7219228360879458,-0.2900133781854162,-0.5514920906866042,1.0310065456505435,0.0443659120096371,-0.1258547198776393,6,white,0.14371336198682802,0.36075682581075763
0.6218802542490606,2.8338246111143843,-0.2900133781854162,1.7754803609386265,0.5944999487130347,-0.9574450043370044,-1.5594600751711836,5,white,-0.49939395633431544,0.7407768767663494
0.0102324538044309,-0.5885823068178585,-0.2357537976703321,-0.2479739448224404,1.716945483695197,-0.2227836656828007,-0.7161628073514522,6,white,-1.168724394924063,1.5052857581593022
0.0102324538044309,1.1670679952382923,-0.4256623294731292,0.7974774464874405,-0.3408713304387659,-0.0892088768365817,-1.2221411680432908,6,white,-0.45736242227475893,3.3950489866117564
-1.6208283473812488,1.0337274659682043,0.1440632659352565,0.8986501617754825,0.90629037509697,-0.4899332433752383,-1.3908006216072364,4,white,1.021106105973863,0.18708070934680637
0.553919387532991,0.611482456612928,-0.4256623294731292,1.0335471154929097,0.7192161192666082,-0.1559962712596912,-0.800492534133425,6,white,0.31177738020023044,1.3113977095961094
0.4859585208169208,0.611482456612928,-0.4799219099882105,1.0335471154929097,0.5321418634362493,-0.1559962712596912,-0.8848222609153978,6,white,0.21615874611597988,1.9226734669002368
0.4179976541008508,2.0560048570388747,0.0355441049050855,1.1347198307809516,-0.8397360126530602,-0.6235080322214572,-1.3064708948252637,6,white,-0.48783839036917825,1.9865965298869868
0.0102324538044309,1.8115472200437144,-0.3442729587005004,0.8986501617754825,0.282709522329102,-0.2227836656828007,-0.800492534133425,6,white,0.5167276972591857,2.283187872290901
1.8451758551383204,-0.810816522268004,-0.5341814905032947,-0.9224587134094628,0.7192161192666082,-0.8238702154907857,0.464453367596172,7,white,-0.4689179882398955,0.4690973062193304
-0.7373370800723391,2.3337976263515565,-0.4799219099882105,1.2358925460689938,1.5922293131416234,0.7122398562407312,-0.800492534133425,6,white,-0.9396463224969982,0.47826592545875307
-0.6014153466401989,1.922664327768787,-0.1814942171552479,1.3370652613570733,-0.153797074608404,-0.4899332433752383,-1.5594600751711836,5,white,-0.055967483808477145,1.7856587216873139
-0.397532746491989,0.611482456612928,-0.696960232048547,-0.0456285142463562,-0.590303671545913,-0.2227836656828007,-0.1258547198776393,5,white,0.11634938223073958,-0.5797780919249731
0.3500367873847808,-0.5885823068178585,-0.8326091833362572,-1.4283222898497483,-0.4655875009923394,-1.0242323987601136,0.717442547942092,7,white,-0.6254885585129848,-0.4552192326404978
0.146154187236571,-0.5219120421828147,-0.2628835879278742,-0.3828708985398674,0.4697837781594611,0.3115154897020743,-0.7161628073514522,6,white,-0.6601552564083952,2.6690827229435596
1.641293254990111,1.367078789143423,-0.3714027489580425,0.999822877063562,-0.5279455862691249,-0.4899332433752383,-1.5594600751711836,5,white,0.06593638856920171,0.743126796645176
0.2820759206687107,-0.6774759929979167,-0.5070517002457526,-0.7538375212627259,0.90629037509697,1.7140507725873726,0.6331128211601191,6,white,-1.287454160938587,1.2877829806699004
-0.3295718797759189,-0.6552525714529022,-0.724090022306089,-1.5294950051377902,-0.4032294157155512,0.5118776729714027,1.729399269325769,7,white,-0.7862498585870645,0.1497130515614638
-0.3295718797759189,-0.810816522268004,-0.696960232048547,-1.360873812991016,0.1579933517755285,-1.1578071876063327,0.2957939140322263,7,white,-1.3641523928935537,-1.1785979633006531
-0.397532746491989,-0.810816522268004,-0.724090022306089,-1.360873812991016,0.1579933517755285,-1.0910197931832233,0.2957939140322263,7,white,-1.513358127002497,-1.1910538492291005
-1.2130631470848288,1.1892914167833066,-0.5341814905032947,0.4939593006232766,0.9686484603737554,-0.5567206377983478,-0.4631736270055321,5,white,-0.32072887756878854,-0.417145288320841
-0.2616110130598489,-0.0996670328275381,-0.1001048463826219,0.6288562543406662,3.0888233597845063,1.1129642227793872,-0.4631736270055321,4,white,-1.2685337588093037,1.4531122945666857
-0.7373370800723391,2.478249866394151,0.469620749025761,1.1684440692102989,-1.2762426095905663,-0.2227836656828007,-0.6318330805694778,3,white,0.3348885121305036,1.4679181003739596
0.8257628543972707,-0.3441246698226982,-0.7512198125636337,-1.091079905556237,1.904019739525556,-0.6902954266445667,0.9704317282880104,3,white,-1.196026256655328,-1.058032657239517
0.4859585208169208,-0.7885931007229895,-0.0729750561250798,-0.4503193753985621,-0.0914389893316186,-0.0892088768365817,-1.0534817144793436,6,white,-1.196026256655328,0.8232682385078287
0.4859585208169208,-0.8774867869030477,-0.4527921197306684,-0.3491466601104825,0.5944999487130347,0.3115154897020743,-0.800492534133425,8,white,-0.6296792883139752,1.0039941146082603
-0.1256892796277091,0.1447906041676221,-0.5884410710183786,-0.618940567545299,0.282709522329102,-0.8238702154907857,0.3801236408141991,7,white,-0.46574388187674065,-1.0883505553883794
0.4859585208169208,-0.7219228360879458,-0.6698304417910048,-1.1248041439855845,0.5944999487130347,-0.2227836656828007,1.0547614550699849,6,white,-0.9165351905667244,-0.23101328592844222
0.4179976541008508,-0.9219336299930768,-0.5341814905032947,-1.3945980514204008,0.3450676076058875,-1.2913819764525514,0.717442547942092,4,white,-0.6916478479406506,-1.5609679341350715
0.2141150539526407,0.0781203395325785,-0.2357537976703321,-0.214249706393093,0.5944999487130347,-0.7570828210676762,-0.2945141734415865,6,white,-1.1319623321281573,0.16075636442128294
0.553919387532991,3.2005110666071244,-0.3714027489580425,1.7080318840799318,-1.8374653770816465,-0.4231458489521292,-1.3908006216072364,5,white,-0.39641048608591944,0.7586388889867645
0.553919387532991,0.7003761427929861,-0.5613112807608368,-0.0456285142463562,-0.3408713304387659,-1.3581693708756608,-0.2945141734415865,5,white,-0.4384420201454756,-0.8352392835960897
0.553919387532991,1.9004409062237728,-0.3171431684429583,1.067271353922257,-0.9020940979298456,0.3783028841251838,-0.800492534133425,6,white,-0.23564918601183968,2.8843576635454076
0.2141150539526407,-0.8552633653580332,-0.5070517002457526,-1.1248041439855845,-0.777377927376272,-0.3563584545290197,0.0428047336863063,6,white,-0.9816778565565547,0.3396075469013176
-0.397532746491989,0.722599564338001,-0.1001048463826219,0.6625804927700509,0.1579933517755285,-0.1559962712596912,-1.1378114412613178,6,white,-0.2703158839072499,0.8987098406128281
-1.6887892140973189,0.411471662707797,-0.3714027489580425,-0.0456285142463562,0.7192161192666082,0.2447280952789648,-0.7161628073514522,5,white,-0.034889598753875005,0.5920125321592933
-1.6887892140973189,0.4559185057978259,-0.3442729587005004,-0.0119042758169713,0.7192161192666082,0.2447280952789648,-0.7161628073514522,6,white,-0.01387383172409675,0.5421889884455031
-1.6887892140973189,0.4336950842528115,-0.3171431684429583,-0.0456285142463562,0.7192161192666082,0.2447280952789648,-0.7161628073514522,6,white,0.06072903533037519,0.6465359156307366
-1.6887892140973189,0.4336950842528115,-0.3442729587005004,-0.0456285142463562,0.6568580339898229,0.3115154897020743,-0.7161628073514522,5,white,-0.004413630659455123,0.5273831826382288
-0.397532746491989,1.7893237984987,-0.154364426897706,0.8986501617754825,0.4074256928826756,-1.0242323987601136,-1.0534817144793436,5,white,-1.1539947225957714,0.9767324228725385
-0.1256892796277091,0.0114500748975346,0.0084143146475463,0.1229926779004181,0.095635266498743,-1.0242323987601136,-1.3064708948252637,5,white,0.6617427015671375,0.10928918736298036
1.5053715215579708,1.25596168141835,-0.2900133781854162,0.6963047311993983,-1.0891683537602077,0.5118776729714027,-0.8848222609153978,5,white,-0.3428233860612263,2.643702277681565
0.6218802542490606,0.8559400936080883,-0.2900133781854162,0.2916138700471549,-0.5279455862691249,0.2447280952789648,-0.6318330805694778,6,white,-0.977487126755564,1.5163290710191215
0.6218802542490606,0.9003869366981172,-0.3442729587005004,0.2916138700471549,-0.5279455862691249,0.3115154897020743,-0.6318330805694778,6,white,-0.8818684926713141,1.4392438355696096
0.553919387532991,-0.8774867869030477,-0.3985325392155843,-1.0236314286975048,-2.0868977181887933,-0.2227836656828007,0.0428047336863063,5,white,-0.09380828806704263,-1.509500757076769
0.146154187236571,-0.8552633653580332,-0.3442729587005004,-0.8887344749801154,-1.0891683537602077,-0.4231458489521292,0.0428047336863063,4,white,-0.32390298393194344,-1.2237216672567899
1.1655671879776206,-0.0774436112825234,-0.5613112807608368,-0.9899071902681577,0.2203514370523139,0.9793894339331692,1.5607398157618233,7,white,-0.3007918520016698,-0.6312452689832757
0.2820759206687107,-0.4996886206378002,-0.6155708612759208,-1.5294950051377902,-0.2161551598851922,-1.0242323987601136,1.729399269325769,8,white,-0.5529810563590085,-0.34546617916329664
1.7772149884222503,-0.0107733466474797,-0.4799219099882105,-1.2259768592736269,0.4697837781594611,0.4450902785482933,1.4764100889798504,8,white,-0.7410442181643531,0.23549167999196816
0.3500367873847808,0.0114500748975346,-0.2628835879278742,-0.2479739448224404,-0.9020940979298456,0.7790272506638407,-0.0415249930956665,4,white,0.18047542478273396,1.7163295324085963
-0.1256892796277091,2.344909337124064,-0.0729750561250798,1.2358925460689938,-0.2161551598851922,-0.2895710601059102,-1.0534817144793436,5,white,-0.29342701583752356,1.8526379910872048
-0.5334544799241291,2.300462494034035,-0.0458452658675378,1.4382379766451154,-0.6526617568226984,-0.2895710601059102,-1.475130348389209,5,white,-0.037047081679194495,1.6789618746232535
-0.465493613208059,0.4781419273428406,-0.0187154756099985,0.527683539052624,-0.9020940979298456,-0.4231458489521292,-1.475130348389209,5,white,-0.055967483808477145,1.494473505575367
0.0781933205205009,2.367132758669078,-0.1001048463826219,1.1009955923516042,-0.0290809040548305,-0.1559962712596912,-0.7161628073514522,6,white,-0.6527904202442489,1.7779026755165195
0.4859585208169208,2.0337814354938595,0.0355441049050855,1.1347198307809516,-1.5256749506977136,-0.3563584545290197,-1.3064708948252637,7,white,-0.48783839036917825,1.7233792920450763
-0.0577284129116391,0.1670140257126366,-0.4256623294731292,-0.0119042758169713,1.8416616542487705,-0.4899332433752383,-0.0415249930956665,6,white,-1.5207229631666423,1.4213818233491946
0.6898411209651306,3.2782930420146754,0.2525824269654248,1.8429288377973208,-1.6503911212512872,-0.6235080322214572,-1.2221411680432908,5,white,-0.1705065200220093,1.9196172604870962
-0.6693762133562691,0.5003653488878551,-0.4256623294731292,0.3927865853352345,1.342796972034476,0.7122398562407312,-0.6318330805694778,7,white,-0.8135517203183287,0.37391899827351943
0.4179976541008508,-0.7663696791779749,0.2525824269654248,0.7637532080580931,0.0332771812219549,-1.0242323987601136,-1.7281195287351292,3,white,2.0434517362440254,1.0030567677980617
-0.3295718797759189,-0.8552633653580332,-0.2900133781854162,-0.3828708985398674,0.90629037509697,0.0443659120096371,-0.9691519876973708,6,white,-0.5498069499958534,0.915865566298929
2.59274538901509,1.2337382598733355,-0.3171431684429583,1.0335471154929097,-0.8397360126530602,0.2447280952789648,-0.9691519876973708,5,white,0.7741242548553513,0.8014126730640745
0.9616845878294108,-0.2774544051876546,-0.4256623294731292,-0.4503193753985621,-0.2161551598851922,0.4450902785482933,0.5487830943781448,7,white,-0.655964526607404,2.9717799253204245
0.8257628543972707,1.3893022106884378,-0.2900133781854162,0.8312016849167878,-0.3408713304387659,-0.5567206377983478,-0.4631736270055321,6,white,-0.5792662946524373,1.785889781963198
1.2335280546936906,-0.6552525714529022,-0.3714027489580425,-0.7538375212627259,-0.4655875009923394,-0.5567206377983478,-0.2101844466596121,6,white,-1.0079630948499834,-0.022319431557974997
-2.164515281109809,-0.7663696791779749,0.1711930561927986,-1.0573556671268898,0.282709522329102,0.9126020395100596,0.2114641872502534,6,white,-0.32072887756878854,-0.10081724007611535
0.2141150539526407,-0.9219336299930768,-0.1814942171552479,-0.855010236550768,-0.590303671545913,-1.0242323987601136,-0.0415249930956665,6,white,-0.02447489227622137,-1.2159656210859957
-0.7373370800723391,-0.8330399438130187,-0.0458452658675378,-1.0573556671268898,0.5944999487130347,-0.6902954266445667,0.464453367596172,6,white,-0.8786943863081591,1.1464149861131503
-0.5334544799241291,0.3892482411627823,0.0084143146475463,0.1229926779004181,-0.153797074608404,-0.8238702154907857,-0.547503353787505,6,white,0.32231632272753086,1.0444179788067434
-0.5334544799241291,0.3670248196177678,0.0355441049050855,0.1567169163297654,-0.153797074608404,-0.8238702154907857,-0.547503353787505,5,white,0.35279229082195074,1.0047004011425742
-0.5334544799241291,0.3670248196177678,0.0355441049050855,0.1567169163297654,-0.153797074608404,-0.8238702154907857,-0.547503353787505,6,white,0.28028478866797457,1.0817856365920862
-0.3295718797759189,-0.0329967681924942,-0.5613112807608368,-0.618940567545299,-0.153797074608404,-0.7570828210676762,-0.1258547198776393,7,white,-0.6033940500205465,0.2463039325759032
-0.397532746491989,-0.0552201897375089,-0.5341814905032947,-0.5852163291159516,-0.0914389893316186,-0.8238702154907857,-0.1258547198776393,6,white,-0.6874571181396594,0.6589918015591842
-0.3295718797759189,-0.6552525714529022,-0.5884410710183786,-0.9561829518388102,1.093364630927329,1.1797516172024969,0.8017722747240648,7,white,-0.5308865478665709,-0.7332422762896826
-1.2130631470848288,0.722599564338001,-0.6698304417910048,-0.9224587134094628,1.904019739525556,-0.1559962712596912,1.6450695425437962,8,white,-0.3217455010066238,0.8185683987501755
0.6218802542490606,-0.2996778267326691,-0.3985325392155843,0.2916138700471549,0.8439322898201819,-0.5567206377983478,-0.4631736270055321,6,white,-0.082252722101906,0.711165265151801
-0.7373370800723391,0.3670248196177678,-0.5070517002457526,-0.1468012295343983,0.4074256928826756,0.6454524618176217,-0.4631736270055321,6,white,-0.7452349479653437,1.4789614132337787
-0.7373370800723391,0.3448013980727531,-0.4527921197306684,-0.1468012295343983,0.4074256928826756,0.5786650673945123,-0.4631736270055321,5,white,-0.7757109160597633,1.451699721498057
1.9131367218543904,-0.8774867869030477,2.0431485839632,-0.3828708985398674,-0.8397360126530602,-0.6235080322214572,-1.2221411680432908,6,white,-0.49202912017016914,0.6357236630468016
0.146154187236571,-0.0774436112825234,-0.696960232048547,-0.618940567545299,-0.0914389893316186,-1.0242323987601136,0.0428047336863063,6,white,-0.6181237223488387,0.4051742432325802
0.2141150539526407,0.5892590350679134,-0.696960232048547,-0.2479739448224404,-0.2161551598851922,-1.0910197931832233,-0.0415249930956665,5,white,-0.7673294564577818,0.4970652844893662
1.0296454545454805,0.6225941673854352,-0.724090022306089,-0.4165951369692147,1.8416616542487705,-0.6902954266445667,0.8017722747240648,7,white,-0.8902499522732956,-0.2030453076584063
-0.465493613208059,-0.3885715129127274,-0.4527921197306684,-0.3828708985398674,1.966377824802344,0.3783028841251838,-0.3788439002235593,6,white,-1.5186275982661475,-1.357680206056572
-0.5334544799241291,-0.8774867869030477,-0.4256623294731292,-0.618940567545299,2.4028844217398504,0.5118776729714027,-0.2101844466596121,7,white,-1.6772935334397316,-1.2089158614495157
0.8257628543972707,0.9448337797881466,-0.696960232048547,0.0218199626123759,-0.4032294157155512,-1.1578071876063327,-0.1258547198776393,6,white,-0.49202912017016914,0.4822594786820921
1.3014889214097607,-0.6774759929979167,-0.2900133781854162,-0.5177678522572569,-1.2762426095905663,0.1111533064327466,0.717442547942092,5,white,0.8581873229744641,0.40094962973335696
-0.0577284129116391,0.1670140257126366,0.0084143146475463,0.0218199626123759,-0.2785132451619777,0.3783028841251838,-0.0415249930956665,5,white,-0.1589509540568727,6.4873828578491075
0.6218802542490606,2.2449039401714987,-0.4527921197306684,1.0335471154929097,-1.6503911212512872,0.4450902785482933,-0.4631736270055321,6,white,0.013365911982344084,1.5854272000219551
-0.6014153466401989,0.2781311334377095,-0.4799219099882105,-0.0456285142463562,-0.2161551598851922,0.7790272506638407,-0.4631736270055321,6,white,-0.4541883159116033,0.6364299495811157
0.2141150539526407,2.300462494034035,-0.3985325392155843,1.1009955923516042,0.0332771812219549,-0.2227836656828007,-0.800492534133425,6,white,-0.6527904202442489,1.9990524158154348
0.6218802542490606,-0.8330399438130187,-0.5613112807608368,-0.855010236550768,-0.3408713304387659,-0.1559962712596912,-0.1258547198776393,5,white,-0.5719014584882912,-0.24488174492551812
0.2141150539526407,-0.0552201897375089,-0.724090022306089,-1.1248041439855845,0.8439322898201819,0.4450902785482933,1.6450695425437962,8,white,-0.5382513840307164,-0.005869992406188278
0.146154187236571,-0.0996670328275381,-0.6698304417910048,-0.618940567545299,-0.153797074608404,-0.9574450043370044,0.0428047336863063,5,white,-0.6601552564083952,0.5367828621535354
-0.1256892796277091,-0.7219228360879458,-0.6427006515334628,-1.3271495745616686,0.3450676076058875,-0.8906576099138948,1.0547614550699849,6,white,-0.970122290591418,-0.8453452496457106
0.146154187236571,1.078174309058234,-0.5070517002457526,0.2916138700471549,-0.7150198420994867,-0.6235080322214572,-0.6318330805694778,5,white,-0.6527904202442489,0.23384804664745568
-0.397532746491989,0.1447906041676221,-0.696960232048547,-0.7538375212627259,0.1579933517755285,-1.0242323987601136,0.2114641872502534,5,white,-1.2191373885856016,-1.1412303055153106
0.0781933205205009,-0.7885931007229895,-0.5613112807608368,-1.1922526208442792,0.5944999487130347,-0.7570828210676762,0.5487830943781448,6,white,-0.970122290591418,-0.7106804243116143
-0.3295718797759189,1.6115364261385836,-0.3171431684429583,0.8986501617754825,0.3450676076058875,-0.7570828210676762,-1.0534817144793436,6,white,-1.0699316544766584,1.6876552676042462
0.553919387532991,-0.8330399438130187,-0.2628835879278742,-0.0119042758169713,1.4051550573112643,-0.0224214824134723,-0.1258547198776393,5,white,-1.0583760885115214,-0.406333035736906
0.2141150539526407,-0.7885931007229895,-0.20862400741279,-0.3828708985398674,1.2804388867576908,2.1147751391260288,-0.2945141734415865,7,white,-1.0195186608151205,1.088129109694252
0.7578019876812007,0.611482456612928,-0.3171431684429583,0.6288562543406662,-0.2161551598851922,0.1111533064327466,-1.3064708948252637,7,white,-0.5067587924984611,0.36381303222389855
0.2820759206687107,-0.7885931007229895,-0.2628835879278742,0.0892684394710707,-0.153797074608404,0.0443659120096371,-0.4631736270055321,6,white,-0.01711005611207591,-0.3323040067005349
0.6898411209651306,1.0337274659682043,-0.3442729587005004,0.5614077774819713,-0.2785132451619777,-0.4231458489521292,-1.2221411680432908,6,white,-0.790440588388055,0.32103924814658846
1.0296454545454805,-0.455241777547771,-0.1001048463826219,-0.4840436138279095,0.4074256928826756,1.5136885893180445,-0.4631736270055321,5,white,-1.1161539183372056,1.0063440344870869
1.0296454545454805,-0.455241777547771,-0.127234636640164,-0.5177678522572569,0.4074256928826756,1.4469011948949346,-0.4631736270055321,6,white,-1.2002169864563186,1.0585174980797036
0.0781933205205009,-0.0996670328275381,-0.1814942171552479,-0.1130769911050509,0.3450676076058875,-0.8906576099138948,-0.800492534133425,6,white,-0.8986935299001018,0.32808900778306826
-1.484906613949109,-0.8330399438130187,-0.696960232048547,-1.3271495745616686,0.8439322898201819,-0.1559962712596912,0.5487830943781448,7,white,-0.88288511610915,-0.9729603153433267
0.6218802542490606,2.344909337124064,-0.0187154756099985,1.6743076456505843,-0.153797074608404,-0.6235080322214572,-1.475130348389209,6,white,-0.9239000267308705,2.2951685319609183
0.9616845878294108,1.9004409062237728,-0.127234636640164,1.1684440692102989,-0.4655875009923394,-0.2227836656828007,-0.4631736270055321,6,white,-0.37647346051880115,0.3647503790340968
0.8937237211133408,1.367078789143423,-0.0729750561250798,0.8312016849167878,-0.4655875009923394,-0.4231458489521292,-0.4631736270055321,5,white,-0.5256791946277443,1.3163286096296467
0.2820759206687107,-0.6552525714529022,-0.3442729587005004,-1.0573556671268898,0.282709522329102,1.3801138004718252,0.717442547942092,7,white,-1.4324691652465391,1.0709733840081512
0.553919387532991,0.4003599519352895,-0.5070517002457526,-0.855010236550768,-1.213884524313781,-1.5585315541449891,1.1390911818519576,7,white,-0.013935949748920642,0.37556263161803183
-0.1256892796277091,-0.5663588852728438,0.3882313782531347,-0.7201132828333785,-0.5279455862691249,-0.1559962712596912,-0.800492534133425,6,white,-0.9574879831636213,0.052415884012710155
0.6898411209651306,-0.1441138759175671,-0.2628835879278742,-0.2816981832517878,0.1579933517755285,0.2447280952789648,-0.800492534133425,6,white,-0.5235217117024246,1.9665066807790181
0.3500367873847808,2.0560048570388747,0.1711930561927986,1.1009955923516042,-2.0868977181887933,-1.0242323987601136,-1.3064708948252637,6,white,-0.4762828244040417,1.6712058284524596
0.0781933205205009,-0.8774867869030477,-0.1814942171552479,-0.618940567545299,-0.4655875009923394,1.6472633781642632,-0.8848222609153978,6,white,-0.5308865478665709,0.44395447408655125
0.4859585208169208,-0.810816522268004,-0.1814942171552479,-0.1805254679637457,-1.40095878014414,-0.7570828210676762,-0.1258547198776393,6,white,0.8865058081435638,0.03361652498209688
0.146154187236571,-0.0774436112825234,-0.4527921197306684,-0.3491466601104825,-0.153797074608404,0.3783028841251838,0.0428047336863063,6,white,-0.6065681563837017,1.098941362278187
0.0102324538044309,2.1893453863089625,-0.2628835879278742,0.7637532080580931,0.3450676076058875,-0.2227836656828007,-0.2945141734415865,6,white,-0.874503656507168,1.5482906025124965
-1.2130631470848288,-0.8552633653580332,-0.0458452658675378,-0.1468012295343983,-0.4655875009923394,-0.6902954266445667,-1.3908006216072364,5,white,0.02600021941014022,-0.6147958298314891
-0.1256892796277091,0.0558969179875638,-0.1814942171552479,-0.1130769911050509,1.093364630927329,-0.9574450043370044,-0.7161628073514522,6,white,-1.0384390629444031,0.556288507718463
0.553919387532991,-0.6108057283628731,-0.5341814905032947,-0.7538375212627259,1.6545873984184116,-0.7570828210676762,0.717442547942092,7,white,-0.9964075288848466,-0.6288953491044491
0.0102324538044309,-0.3441246698226982,-0.7783496028211758,-1.1248041439855845,1.093364630927329,1.1797516172024969,1.4764100889798504,7,white,-1.0047889884868284,-0.05498724958566417
-0.3295718797759189,-0.7885931007229895,0.8765676028888917,-0.7538375212627259,1.6545873984184116,0.5786650673945123,0.2114641872502534,6,white,-1.34104126096328,0.7555826825736236
-0.7373370800723391,-0.8997102084480624,-0.1001048463826219,-0.618940567545299,-0.6526617568226984,-0.5567206377983478,-0.9691519876973708,6,white,-0.22828434984769347,0.7781445345516921
1.0976063212615506,-0.6108057283628731,-0.20862400741279,-0.4840436138279095,-0.3408713304387659,0.7122398562407312,0.0428047336863063,6,white,0.032286314111626586,1.0326683794126101
0.2141150539526407,1.6559832692286125,-0.3442729587005004,-0.1468012295343983,-0.3408713304387659,-1.6253189485680986,0.8861020015060377,5,white,0.1310790545590314,-0.684831305644521
-0.873258813504479,-0.9441570515380916,-0.2357537976703321,-0.3828708985398674,0.7192161192666082,0.1779407008558561,-0.4631736270055321,5,white,2.027767558502722,0.60188743793303
-0.3295718797759189,-0.5885823068178585,-0.2357537976703321,-0.3154224216811351,-0.777377927376272,-0.1559962712596912,-1.1378114412613178,6,white,-0.3197122541309524,0.43314222150261633
-0.6693762133562691,-0.7663696791779749,-0.8054793930787151,-1.7655646741432591,1.7793035689719825,-1.0242323987601136,1.6450695425437962,7,white,-1.1928521502921727,-0.7908218661742671
-0.2616110130598489,-0.7885931007229895,-0.5341814905032947,-0.8887344749801154,0.5944999487130347,-0.1559962712596912,-0.1258547198776393,7,white,-0.5802829180902729,-0.6554507543058566
0.8257628543972707,-0.810816522268004,-0.3171431684429583,-0.7201132828333785,-0.4655875009923394,-0.4899332433752383,-0.4631736270055321,7,white,-0.5603458925231546,-0.5595661598257315
1.2335280546936906,-0.5441354637278293,-0.20862400741279,-0.618940567545299,-0.0290809040548305,0.7122398562407312,-0.4631736270055321,6,white,-0.9133610842035693,-0.008450972560899061
-0.397532746491989,1.6559832692286125,-0.2900133781854162,0.999822877063562,-0.777377927376272,-0.0892088768365817,-1.3064708948252637,6,white,-0.2776807200713959,1.5217351973110886
-0.2616110130598489,1.01150404442319,-0.154364426897706,0.7974774464874405,-0.6526617568226984,-0.0224214824134723,-1.1378114412613178,6,white,0.17730131841957872,0.37391899827351943
0.4859585208169208,-0.4107949344577419,-0.8054793930787151,-1.1922526208442792,0.9686484603737554,-0.9574450043370044,0.6331128211601191,7,white,-0.584473647891264,-0.26297481742181733
1.641293254990111,-0.7885931007229895,-0.8326091833362572,-1.3271495745616686,1.5922293131416234,-0.9574450043370044,0.2114641872502534,7,white,-1.918943795269769,-0.22866336604961554
0.2141150539526407,0.1892374472576513,-0.4527921197306684,-0.1468012295343983,-0.6526617568226984,0.8458146450869501,-0.3788439002235593,5,white,-0.29761774563851473,3.9009183869291792
0.0102324538044309,0.0781203395325785,-0.2628835879278742,0.1567169163297654,1.0310065456505435,-0.4899332433752383,-0.7161628073514522,6,white,-0.8398369586117577,0.2813216704824192
0.4179976541008508,2.1893453863089625,-0.6698304417910048,1.269616784498341,-0.2785132451619777,0.5118776729714027,-1.0534817144793436,7,white,-0.3007918520016698,2.023257901138015
0.0102324538044309,-0.8774867869030477,-0.696960232048547,-0.9899071902681577,-0.777377927376272,-0.4899332433752383,0.0428047336863063,5,white,-0.31653814776779754,-1.2758951308494066
-1.145102280368759,1.0559508875132193,-0.696960232048547,0.3927865853352345,0.8439322898201819,-0.4231458489521292,-0.2945141734415865,6,white,0.267712599265002,-0.3026923950859865
0.7578019876812007,-0.6774759929979167,-0.9682581346239671,-1.5294950051377902,-0.9020940979298456,0.1779407008558561,1.392080362197876,6,white,-0.39221975628492883,-0.9605044294148792
1.3014889214097607,1.5004193184135106,-0.3442729587005004,1.0335471154929097,-0.2161551598851922,-0.6235080322214572,-1.475130348389209,5,white,-0.1137453136341613,1.8784871097542983
-1.3489848805169689,-0.8330399438130187,-0.4527921197306684,-0.855010236550768,-0.2785132451619777,-0.8238702154907857,-0.4631736270055321,5,white,-0.5340606542297257,2.9337059810007675
0.6898411209651306,-0.7219228360879458,-0.696960232048547,-0.9561829518388102,-0.8397360126530602,-0.9574450043370044,0.717442547942092,5,white,0.2581902801755364,-0.2643873904904456
0.553919387532991,-0.7885931007229895,-0.5341814905032947,-0.9561829518388102,1.46751314258805,-0.2227836656828007,0.717442547942092,6,white,-1.0962168927700875,0.10858290082866616
-0.3295718797759189,2.922718297294442,-0.2357537976703321,1.6068591687918523,0.7815742045433964,-0.6235080322214572,-0.9691519876973708,5,white,-1.0583760885115214,1.5435907627548433
0.6898411209651306,-0.4774651990927857,-0.6698304417910048,-1.259701097702974,0.4697837781594611,-0.8238702154907857,0.9704317282880104,6,white,-1.08466132680495,-0.3095110944465824
-1.6887892140973189,-0.810816522268004,0.333971797738051,-0.3828708985398674,0.0332771812219549,-0.0892088768365817,-1.1378114412613178,5,white,-0.5729180819261273,-0.3952897228770868
-0.0577284129116391,2.922718297294442,-0.2900133781854162,1.8429288377973208,-0.9644521832066338,0.1779407008558561,-1.5594600751711836,5,white,-0.3732993541556459,2.709037913736944
-0.0577284129116391,0.2781311334377095,-0.5884410710183786,-0.9224587134094628,0.095635266498743,0.8458146450869501,1.729399269325769,6,white,-0.744218324527508,0.8138685589925221
0.146154187236571,-0.2330075620976254,-0.696960232048547,-1.66439195885518,1.0310065456505435,-0.9574450043370044,1.898058722889716,7,white,-1.0279001204171019,0.2075237017219322
-0.5334544799241291,-0.8552633653580332,-0.20862400741279,-0.4503193753985621,-0.3408713304387659,-0.1559962712596912,-0.9691519876973708,5,white,0.4442201951052096,-0.5409978610710023
0.4859585208169208,-0.8552633653580332,-0.3442729587005004,-0.855010236550768,0.2203514370523139,-0.0224214824134723,-0.2101844466596121,6,white,-1.348406097127426,-0.13677232479282944
0.4859585208169208,3.089393958882052,-0.5070517002457526,1.809204599367974,-1.588033035974499,-0.4231458489521292,-1.3064708948252637,6,white,-0.4037753222500654,0.9844884690433325
0.2820759206687107,1.7004301123186414,-0.4527921197306684,1.1684440692102989,0.4697837781594611,1.7140507725873726,-0.800492534133425,6,white,-0.22409362004670286,0.6387798694599425
0.4859585208169208,-0.8552633653580332,-0.5613112807608368,-0.9224587134094628,-0.4032294157155512,-0.2227836656828007,-0.0415249930956665,5,white,-0.655964526607404,-0.28459932258968734
-0.3295718797759189,-0.8552633653580332,-0.4256623294731292,-0.618940567545299,-0.2161551598851922,-1.3581693708756608,-0.6318330805694778,6,white,-0.46472725843890467,-0.3088048079122682
-0.6693762133562691,0.5892590350679134,-0.2628835879278742,0.4602350621939293,-0.777377927376272,-0.4231458489521292,-1.3064708948252637,5,white,-0.5760921882892822,2.2653258600704858
-0.2616110130598489,-0.7663696791779749,-0.1814942171552479,-0.5514920906866042,0.5321418634362493,0.1779407008558561,-0.0415249930956665,6,white,-0.04441191784334011,0.40282432335375357
-0.0577284129116391,-0.5219120421828147,-0.724090022306089,-1.5969434819964852,-0.4032294157155512,-1.0910197931832233,1.8137289961077416,7,white,-0.6370441244781214,0.70810905873866
-0.2616110130598489,0.8114932505180589,-0.3171431684429583,0.2916138700471549,0.1579933517755285,0.0443659120096371,-0.1258547198776393,6,white,-0.6790756585376779,1.6204449379284707
-0.2616110130598489,0.7892698289730444,-0.3171431684429583,0.2916138700471549,0.1579933517755285,0.0443659120096371,-0.1258547198776393,6,white,-0.6790756585376779,1.6079890520000233
0.4179976541008508,0.722599564338001,-0.2628835879278742,0.2916138700471549,0.7192161192666082,-0.0892088768365817,-0.0415249930956665,7,white,-0.648599690443258,1.2702675588633117
1.2335280546936906,1.833770641588729,-0.1001048463826219,0.9660986386341772,-0.8397360126530602,-0.5567206377983478,-0.9691519876973708,5,white,-0.4499975861106129,1.708573486237802
-0.3295718797759189,-0.8552633653580332,-0.154364426897706,-0.3154224216811351,-1.0268102684834193,-0.4899332433752383,-1.2221411680432908,5,white,-0.25037885834013185,-0.7113867108459286
1.0296454545454805,1.9004409062237728,-0.0187154756099985,1.1009955923516042,-0.777377927376272,-0.2895710601059102,-1.0534817144793436,5,white,-0.20517321791742024,1.9842466100081602
-1.484906613949109,-0.8774867869030477,-0.2357537976703321,-0.618940567545299,-0.0914389893316186,-1.0242323987601136,-0.6318330805694778,5,white,-0.4541883159116033,-0.8133837181523353
0.146154187236571,-0.6108057283628731,-0.3171431684429583,-0.3828708985398674,-0.2785132451619777,0.5118776729714027,-0.547503353787505,7,white,-0.6959006957664651,2.970489435243069
-1.552867480665179,-0.7885931007229895,1.3920336177821906,-0.2479739448224404,-0.9644521832066338,0.2447280952789648,-1.1378114412613178,4,white,0.8571706995366284,-0.09799209393885845
0.2820759206687107,0.4559185057978259,-0.7783496028211758,-0.7875617596920733,0.7815742045433964,-0.4231458489521292,1.3077506354159032,8,white,-0.5950125904185649,-0.08765506761335354
0.3500367873847808,0.255907711892695,-0.8054793930787151,-0.855010236550768,0.9686484603737554,-0.2895710601059102,1.392080362197876,7,white,-0.7746942926219275,-0.45286931276167114
0.0102324538044309,-0.5663588852728438,-0.3985325392155843,-0.3491466601104825,0.282709522329102,0.4450902785482933,-0.6318330805694778,5,white,-0.8671388203430221,1.0208032498805348
0.0102324538044309,-0.810816522268004,-0.5884410710183786,-1.3271495745616686,0.7815742045433964,0.7122398562407312,1.5607398157618233,8,white,-1.1035817289342333,1.648643976474391
-1.892671814245529,-0.8552633653580332,0.0898036854201723,-0.3828708985398674,0.2203514370523139,0.0443659120096371,-1.1378114412613178,5,white,-0.5193309819014337,-0.3555721452129175
0.3500367873847808,-0.7663696791779749,-0.7783496028211758,-1.091079905556237,0.4074256928826756,0.3783028841251838,0.8861020015060377,7,white,-0.7978054245522012,-0.39058988311943343
-0.8052979467884089,0.3448013980727531,-0.6427006515334628,-0.2479739448224404,0.4697837781594611,1.0461768283562778,-0.1258547198776393,6,white,-0.44682347974745784,0.08508370204039946
-0.2616110130598489,-0.6330291499078875,-0.8326091833362572,-1.5969434819964852,1.2804388867576908,0.7790272506638407,1.982388449671689,8,white,-1.046820522546385,1.0998787090883855
0.8257628543972707,1.5893130045935686,-0.2357537976703321,0.999822877063562,0.2203514370523139,0.0443659120096371,-1.0534817144793436,6,white,0.409553497209799,2.582129134573642
0.2820759206687107,3.5005272574648214,-0.696960232048547,0.999822877063562,-0.153797074608404,-1.3581693708756608,0.3801236408141991,6,white,-0.6065681563837017,0.7057591388598334
0.0102324538044309,1.322631946053394,-0.5070517002457526,-0.2816981832517878,0.095635266498743,-0.8906576099138948,0.8017722747240648,3,white,-0.16314168385786373,-1.156742397856899
-0.3295718797759189,-0.5441354637278293,-0.0729750561250798,-1.0573556671268898,1.904019739525556,-0.7570828210676762,1.5607398157618233,5,white,-1.0279001204171019,0.520333423001749
-0.5334544799241291,1.9893345924038308,-0.2357537976703321,1.2358925460689938,1.342796972034476,-0.0224214824134723,-0.6318330805694778,6,white,-0.10638047747001524,-0.25357513790651054
-0.1936501463437792,-0.7663696791779749,-0.127234636640164,-0.5514920906866042,1.5922293131416234,0.1779407008558561,-0.0415249930956665,7,white,-0.706377520268942,0.31798304173344755
-0.8052979467884089,1.078174309058234,0.361101587995593,0.8649259233461352,-1.213884524313781,0.0443659120096371,-1.2221411680432908,5,white,1.0673283698344103,0.3870811707362812
-0.465493613208059,-0.8552633653580332,-0.5070517002457526,-0.8212859981214207,0.095635266498743,-0.6235080322214572,-0.3788439002235593,5,white,-1.203391092819474,0.33043892766189503
-1.2130631470848288,-0.5219120421828147,-0.3985325392155843,-0.4840436138279095,1.46751314258805,-0.1559962712596912,0.0428047336863063,7,white,-0.2177454073203923,0.4510042337230313
-0.3295718797759189,-0.7663696791779749,-0.2900133781854162,-0.7201132828333785,1.1557227162041173,-0.1559962712596912,-0.0415249930956665,7,white,-0.9627574544272719,0.06416548340684357
-0.5334544799241291,1.9893345924038308,-0.2357537976703321,1.2358925460689938,1.342796972034476,-0.0224214824134723,-0.6318330805694778,6,white,-0.15996757749470839,-0.25357513790651054
-0.0577284129116391,-0.7885931007229895,-0.9411283443664252,-1.7992889125726068,0.4697837781594611,-0.8906576099138948,1.982388449671689,7,white,-0.970122290591418,-1.1560361113225848
-0.3295718797759189,0.7892698289730444,-0.0187154756099985,0.3590623469058871,-1.7127492065280725,-0.0892088768365817,-0.8848222609153978,5,white,-0.6254885585129848,-0.19905175443506706
0.0102324538044309,-0.8997102084480624,-0.1001048463826219,-0.7201132828333785,0.4074256928826756,1.2465390116256063,-0.6318330805694778,6,white,-0.5424421138317075,1.338543871193889
0.2141150539526407,0.9003869366981172,0.0626738951626302,0.8649259233461352,0.90629037509697,-0.2227836656828007,-1.7281195287351292,5,white,-0.2366658094496756,3.7837624305483413
-0.1936501463437792,2.256015650944005,-0.2628835879278742,1.2358925460689938,-0.0290809040548305,-0.5567206377983478,-1.0534817144793436,5,white,-0.510949522299452,1.1043474885701545
-0.873258813504479,1.633759847683598,-0.2628835879278742,0.93237440020483,0.7815742045433964,-1.0242323987601136,-0.8848222609153978,5,white,-1.100407622571078,1.3894202918558194
-0.7373370800723391,-0.6330291499078875,-0.3442729587005004,-0.4503193753985621,-0.3408713304387659,-0.9574450043370044,-0.9691519876973708,6,white,-0.32390298393194344,-1.1715482036641731
2.0490584552865303,1.322631946053394,-0.2628835879278742,1.0335471154929097,-0.4032294157155512,-0.2227836656828007,-1.5594600751711836,5,white,0.18466615458372496,2.2241957093376885
1.7772149884222503,1.1003977306032484,0.6595292808285554,0.5614077774819713,-1.7127492065280725,-0.4899332433752383,-1.3908006216072364,5,white,-1.054185358710531,0.30552715580500006
0.0102324538044309,0.8781635151531028,-0.4799219099882105,0.3590623469058871,-0.0290809040548305,-0.6902954266445667,-0.9691519876973708,6,white,-0.9732963969545729,1.2867169980150983
1.4374106548419008,2.911606586521935,-0.2628835879278742,1.5731349303625048,-0.8397360126530602,-0.0892088768365817,-0.800492534133425,5,white,-0.23564918601183968,1.9959962094022934
2.59274538901509,1.5782012938210617,-0.4799219099882105,1.269616784498341,-1.40095878014414,1.3133264060487158,-1.0534817144793436,6,white,0.8508224868103174,0.18778699588112052
0.146154187236571,-0.3663480913677128,-0.5613112807608368,-0.2816981832517878,-0.5279455862691249,1.5136885893180445,-0.4631736270055321,5,white,-0.23247507964868455,1.2272627145101174
-0.1936501463437792,-0.6774759929979167,-0.9139985541088832,-1.5294950051377902,0.1579933517755285,-0.5567206377983478,1.6450695425437962,6,white,-0.7673294564577818,-0.7884719462954404
-0.0577284129116391,-0.0552201897375089,-0.6155708612759208,-0.0456285142463562,0.8439322898201819,-0.3563584545290197,-0.800492534133425,7,white,-0.8472017947759036,0.3802624713756852
-0.6693762133562691,-0.1218904543725526,-0.724090022306089,-0.2479739448224404,0.095635266498743,-1.1578071876063327,-0.9691519876973708,6,white,-1.693039829205859,-0.1522844171344178
1.3014889214097607,1.322631946053394,-0.7512198125636337,0.6625804927700509,-1.213884524313781,0.5118776729714027,-0.8848222609153978,5,white,-0.5529810563590085,2.3976407655257552
0.2820759206687107,-0.8774867869030477,-0.7783496028211758,-1.7655646741432591,-1.4633168654209254,-0.9574450043370044,1.5607398157618233,7,white,-0.1705065200220093,0.361694172620956
-0.2616110130598489,-0.7885931007229895,-0.5341814905032947,-0.618940567545299,-0.7150198420994867,0.1111533064327466,-0.0415249930956665,6,white,-0.6370441244781214,-0.030075477728769177
-1.2810240138008988,-0.7441462576329604,0.4424909587682189,-0.1805254679637457,-1.588033035974499,0.3115154897020743,-1.1378114412613178,6,white,0.8035835995119348,0.27497819738025325
0.0781933205205009,-0.7441462576329604,-0.4256623294731292,-0.5852163291159516,0.5944999487130347,0.1779407008558561,-0.1258547198776393,6,white,-1.0121538246509745,2.089530884003592
0.146154187236571,0.8559400936080883,-0.3714027489580425,0.6288562543406662,-0.0290809040548305,0.4450902785482933,-1.1378114412613178,5,white,0.2529829269367101,0.7593451755210786
0.6218802542490606,-0.8330399438130187,-0.2628835879278742,-0.9561829518388102,0.6568580339898229,-0.1559962712596912,0.0428047336863063,6,white,-0.638060747915957,0.46839101968501623
-0.5334544799241291,1.833770641588729,-0.3442729587005004,0.8986501617754825,0.7192161192666082,-0.7570828210676762,-0.8848222609153978,5,white,-1.1539947225957714,0.7205649446671076
-0.1256892796277091,0.3448013980727531,7.848923699077197,0.2916138700471549,0.4074256928826756,0.3115154897020743,-0.800492534133425,5,white,-0.43526791378232077,3.014553709397734
0.4179976541008508,-0.7885931007229895,-0.7783496028211758,-0.5177678522572569,1.529871227864838,0.0443659120096371,-0.7161628073514522,6,white,-1.2338670609138933,0.2728593377773107
0.3500367873847808,-0.7885931007229895,-0.8597389735937991,-0.5852163291159516,1.46751314258805,-0.1559962712596912,-0.7161628073514522,6,white,-1.4251043290823928,0.5508823814264956
-0.2616110130598489,-0.8330399438130187,-0.5884410710183786,-0.9899071902681577,-0.777377927376272,-0.7570828210676762,0.1271344604682791,6,white,-0.3470141158622171,-0.2223198929474497
-0.1936501463437792,-0.7663696791779749,-0.3171431684429583,-0.3154224216811351,0.7192161192666082,0.9793894339331692,-0.0415249930956665,6,white,-0.1284749859624531,1.732778971560383
-0.0577284129116391,0.5670356135228988,-0.2628835879278742,0.5614077774819713,-0.590303671545913,-0.5567206377983478,-1.3908006216072364,6,white,-0.2545695881411223,1.655693736110871
0.2820759206687107,-0.8997102084480624,-0.5884410710183786,-1.5632192435671377,-0.8397360126530602,-0.4899332433752383,1.3077506354159032,6,white,-0.3848549201207825,-1.424659475456463
0.4859585208169208,-0.7663696791779749,-0.6698304417910048,-1.5969434819964852,0.1579933517755285,-0.8906576099138948,1.8137289961077416,7,white,-0.5414254903938718,-1.3280685944420236
-0.397532746491989,0.8559400936080883,-0.4799219099882105,0.4939593006232766,-0.2785132451619777,-0.4899332433752383,-0.547503353787505,6,white,-0.33444192645924464,1.3207973891114158
-0.2616110130598489,-0.7219228360879458,-0.9411283443664252,-1.2934253361323214,-0.153797074608404,0.7122398562407312,0.717442547942092,6,white,-1.1382484268296438,0.4658100395303055
0.4179976541008508,-0.0774436112825234,-0.4527921197306684,-0.1805254679637457,0.90629037509697,0.3115154897020743,0.1271344604682791,6,white,-0.8282813926466209,-0.25898126419847806
-1.2810240138008988,0.4336950842528115,-0.8597389735937991,-1.091079905556237,0.6568580339898229,-0.3563584545290197,1.6450695425437962,6,white,-0.40898267548889194,0.6526483284570185
2.0490584552865303,1.278185102963365,-0.4256623294731292,1.0335471154929097,-0.9020940979298456,-0.2895710601059102,-1.6437898019531565,4,white,0.2266976886432815,2.5200807652072887
0.0102324538044309,-0.7663696791779749,-0.8326091833362572,-1.3945980514204008,0.4074256928826756,0.0443659120096371,1.6450695425437962,6,white,-0.7021867904679515,0.9245589592799216
0.146154187236571,-0.8997102084480624,-0.4527921197306684,-0.855010236550768,0.282709522329102,0.8458146450869501,-0.4631736270055321,5,white,-0.8503137831142347,0.06934054942292693
1.5053715215579708,2.589366974119224,-0.3171431684429583,1.50568645350381,-0.9020940979298456,-0.2895710601059102,-0.8848222609153978,6,white,-0.2776807200713959,2.021614267793503
1.7772149884222503,2.0337814354938595,-0.5070517002457526,0.999822877063562,-0.6526617568226984,-0.3563584545290197,-0.800492534133425,6,white,-0.8703129267061773,1.4540496413768838
-0.1256892796277091,-0.6219174391353803,-0.5070517002457526,-0.2816981832517878,-0.153797074608404,0.5786650673945123,-0.547503353787505,6,white,-0.6223144521498294,0.3191645545261919
-0.1936501463437792,-0.6219174391353803,-0.5341814905032947,-0.2816981832517878,-0.2161551598851922,0.5786650673945123,-0.547503353787505,5,white,-0.5687273521251361,0.3191645545261919
-0.0577284129116391,1.5893130045935686,-0.1001048463826219,1.1684440692102989,-1.0268102684834193,-0.0224214824134723,-1.3908006216072364,6,white,-0.37647346051880115,0.9565204907732967
-0.397532746491989,-0.3885715129127274,0.9036973931464336,-0.0456285142463562,-1.3386006948673546,-0.0892088768365817,-1.475130348389209,5,white,0.7426316633230956,-0.6547444677715424
-0.3295718797759189,-0.6996994145429313,-0.2357537976703321,-0.2479739448224404,2.589958677570212,0.0443659120096371,-0.4631736270055321,7,white,-1.0888520566059414,1.0918916026417071
-0.2616110130598489,-0.3441246698226982,-0.4799219099882105,-1.2934253361323214,1.342796972034476,-0.6235080322214572,1.2234209086339305,6,white,0.45475913763251086,1.4634493208921904
-1.3489848805169689,-0.8330399438130187,-0.4256623294731292,-0.8212859981214207,-0.0914389893316186,-0.7570828210676762,-0.4631736270055321,6,white,-0.5876477542544187,1.56708996154311
0.2141150539526407,-0.7219228360879458,-0.3985325392155843,-1.259701097702974,-0.7150198420994867,-0.8238702154907857,1.3077506354159032,6,white,0.29603108443410225,-0.21643854039705218
0.2820759206687107,0.0336734964425493,-0.4527921197306684,-0.4840436138279095,-0.4032294157155512,0.3783028841251838,0.3801236408141991,6,white,-0.3081566881658158,0.37321271173920517
0.0781933205205009,-0.810816522268004,-0.8597389735937991,-1.0236314286975048,-0.0914389893316186,-1.3581693708756608,0.5487830943781448,6,white,0.16574575245444204,-0.85686378876396
0.0102324538044309,0.8781635151531028,-0.5613112807608368,0.2241653931884602,-0.3408713304387659,-0.9574450043370044,-0.2101844466596121,7,white,0.04384188007676352,0.16851241059207714
-0.397532746491989,-0.6330291499078875,-0.154364426897706,-0.6526648059746464,0.90629037509697,-0.4231458489521292,-0.1258547198776393,6,white,-0.7410442181643531,0.5779130128863332
0.3500367873847808,-0.7663696791779749,-0.0458452658675378,-0.3828708985398674,-0.9020940979298456,-0.5567206377983478,-1.2221411680432908,5,white,-0.9123444607657338,1.1706204714357313
0.6898411209651306,-0.7441462576329604,-0.3171431684429583,-0.855010236550768,-1.40095878014414,0.4450902785482933,-0.1258547198776393,6,white,-0.7169164627962434,1.2500556267640701
-0.2616110130598489,-0.6996994145429313,-0.1814942171552479,-0.9224587134094628,1.2804388867576908,0.7122398562407312,0.2114641872502534,6,white,-1.6047860312857554,-0.8484014560588515
0.146154187236571,1.678206690773627,-0.2357537976703321,-0.1130769911050509,-0.2161551598851922,-0.8906576099138948,0.9704317282880104,5,white,-0.02549151571405718,-1.8255977450456105
-0.397532746491989,-0.6552525714529022,-0.4799219099882105,-0.1130769911050509,-1.0891683537602077,1.3801138004718252,-0.6318330805694778,5,white,-0.28085482643455106,-0.5153798026797931
0.553919387532991,-0.8330399438130187,-0.5070517002457526,-1.495770766708443,-1.213884524313781,-0.9574450043370044,0.717442547942092,6,white,-0.5645366223241451,-0.48248092437621953
0.0102324538044309,-0.7441462576329604,-0.6427006515334628,-1.5969434819964852,-1.213884524313781,-1.0242323987601136,0.5487830943781448,6,white,-0.6916478479406506,-0.5447603540184572
0.3500367873847808,-0.8997102084480624,-0.5070517002457526,-1.4620465282790955,0.90629037509697,-1.2913819764525514,0.717442547942092,5,white,-0.8408535820495937,-1.4791828589279064
0.4859585208169208,-0.3885715129127274,1.554812359327443,-0.3828708985398674,-0.8397360126530602,-0.5567206377983478,-1.1378114412613178,6,white,-0.8061868841541826,0.08273378216157277
0.9616845878294108,-0.0107733466474797,-0.4527921197306684,-1.3271495745616686,-1.1515264390369928,-0.0224214824134723,1.6450695425437962,4,white,-0.1515861178927267,-2.133938686843658
-0.6693762133562691,-0.7219228360879458,-0.6155708612759208,-1.5969434819964852,0.8439322898201819,-0.6235080322214572,1.729399269325769,6,white,-0.8671388203430221,0.10153314119218611
-2.028593547677669,-0.7663696791779749,-0.696960232048547,-1.66439195885518,1.342796972034476,-1.2245945820294422,1.392080362197876,6,white,-1.01317044808881,-0.3656781112625384
1.0296454545454805,-0.1218904543725526,-0.724090022306089,-0.7875617596920733,2.0910939953559176,-0.5567206377983478,0.5487830943781448,6,white,-1.513358127002497,-0.4646189121558044
0.2141150539526407,-0.0329967681924942,-0.2357537976703321,0.0555442010417233,1.2804388867576908,1.7140507725873726,-0.7161628073514522,6,white,-1.4629451333409584,-0.10011095354180105
1.0976063212615506,-0.2330075620976254,3.50815725787047,-0.0119042758169713,-1.0268102684834193,-0.8906576099138948,-1.0534817144793436,5,white,-1.1266928608645068,1.7959957480128188
0.2820759206687107,1.8115472200437144,0.2797122172229668,1.0335471154929097,-1.3386006948673546,-0.3563584545290197,-1.3064708948252637,6,white,-0.2966011222006788,1.7078671997034878
1.3014889214097607,2.27823907248902,-0.2628835879278742,1.404513738215768,-0.8397360126530602,-0.1559962712596912,-1.2221411680432908,5,white,0.37063395148857375,1.6603935758685244
-0.1256892796277091,-0.7885931007229895,-0.3171431684429583,-0.855010236550768,0.5321418634362493,0.0443659120096371,-0.1258547198776393,5,white,-1.0352649565812482,-0.9807163615141209
-0.5334544799241291,-0.1107787436000453,-0.1001048463826219,0.3253381084765397,0.90629037509697,0.9126020395100596,-0.8848222609153978,6,white,-0.6181237223488387,1.6423005033722249
-0.0577284129116391,1.078174309058234,-0.4527921197306684,0.2578896316178076,1.46751314258805,0.1111533064327466,0.717442547942092,4,white,-0.4195216180161931,-0.037356297641133414
2.2529410554347407,1.1892914167833066,-0.1814942171552479,1.0335471154929097,-0.4032294157155512,-0.7570828210676762,-1.5594600751711836,5,white,0.4788868930006202,2.7957538889776465
0.2141150539526407,-0.8774867869030477,-0.3171431684429583,-0.855010236550768,0.7192161192666082,0.9793894339331692,-0.547503353787505,6,white,-0.8944406820742867,0.021866925587963482
0.6218802542490606,0.8114932505180589,-0.5613112807608368,0.2241653931884602,-0.0290809040548305,0.5786650673945123,-0.547503353787505,6,white,-0.7137423564330883,0.3809687579099995
-1.0091805469366188,1.9671111708588167,-0.2628835879278742,1.269616784498341,-0.0914389893316186,-0.1559962712596912,-1.3064708948252637,6,white,-0.49202912017016914,1.3497027141916502
-0.6693762133562691,-0.810816522268004,-0.4527921197306684,-0.4165951369692147,1.6545873984184116,0.3115154897020743,-0.4631736270055321,6,white,-1.2107559289836194,0.8700355758084781
-0.5334544799241291,0.4781419273428406,-0.4799219099882105,0.4265108237645819,1.6545873984184116,0.7122398562407312,-0.7161628073514522,6,white,-0.8440276884127487,1.0373682191702636
0.6898411209651306,-0.6996994145429313,-0.127234636640164,-0.7875617596920733,0.4697837781594611,-0.2895710601059102,1.0547614550699849,6,white,-0.2619344243052685,-1.1334742593445164
-0.0577284129116391,-0.7441462576329604,-0.3442729587005004,-0.5852163291159516,1.6545873984184116,-0.2227836656828007,-0.2945141734415865,7,white,-1.0731057608398136,0.1591127310767705
1.3014889214097607,1.9004409062237728,-0.1814942171552479,1.0335471154929097,-0.9644521832066338,-0.0892088768365817,-0.800492534133425,7,white,-0.3007918520016698,1.066979830784812
0.146154187236571,-0.8552633653580332,-0.8326091833362572,-0.9899071902681577,-1.8374653770816465,-1.0910197931832233,0.6331128211601191,7,white,0.6679666782437996,-0.2246698128262764
0.146154187236571,-0.7663696791779749,-0.7783496028211758,-1.495770766708443,-1.40095878014414,-1.0242323987601136,1.3077506354159032,7,white,0.04384188007676352,0.12644491304908118
2.66070625573116,1.5893130045935686,-0.2900133781854162,1.2358925460689938,-1.5256749506977136,0.7790272506638407,-0.9691519876973708,5,white,0.6595852186418184,0.2524163454021849
-0.5334544799241291,-0.7663696791779749,-0.20862400741279,-0.5177678522572569,0.5944999487130347,-0.2227836656828007,-0.1258547198776393,6,white,-0.32072887756878854,-0.2723744969371239
-0.5334544799241291,1.567089583048554,-0.3442729587005004,0.7974774464874405,0.1579933517755285,-0.9574450043370044,-0.8848222609153978,5,white,-1.2685337588093037,1.54594068263367
0.8257628543972707,-0.1885607190075962,-0.2628835879278742,-1.1922526208442792,-1.3386006948673546,1.5136885893180445,1.4764100889798504,6,white,-0.02549151571405718,1.204931922807933
0.6898411209651306,0.9003869366981172,-0.20862400741279,0.2578896316178076,-0.6526617568226984,1.3801138004718252,-0.547503353787505,7,white,-0.8398369586117577,0.485315685095233
-1.484906613949109,-0.7663696791779749,0.0084143146475463,-0.7201132828333785,0.095635266498743,-0.3563584545290197,-0.3788439002235593,5,white,-0.5960292138564005,0.5290268159827414
-0.3295718797759189,0.8337166720630738,0.1711930561927986,0.7974774464874405,-0.8397360126530602,0.6454524618176217,-1.1378114412613178,6,white,0.2424439844094091,1.2265564279758032
-0.6693762133562691,-0.810816522268004,-0.2900133781854162,-0.5852163291159516,-0.9020940979298456,1.5804759837411535,-0.1258547198776393,7,white,-0.08644345190289661,-0.29728626879401904
-0.1256892796277091,-0.1885607190075962,0.2525824269654248,-0.0119042758169713,-0.153797074608404,-0.7570828210676762,-1.2221411680432908,5,white,0.47469616319962926,0.9501770176711308
0.4179976541008508,1.1670679952382923,0.0626738951626302,0.7300289696287456,-0.6526617568226984,-0.4231458489521292,-0.4631736270055321,6,white,-0.20834732428057537,-0.26908723024809894
0.146154187236571,1.633759847683598,-0.154364426897706,-0.0456285142463562,-0.590303671545913,-0.9574450043370044,0.8017722747240648,6,white,0.01654001834549904,-1.91513886642357
1.2335280546936906,-0.6330291499078875,-0.2357537976703321,-0.5852163291159516,-0.9020940979298456,0.5118776729714027,-0.6318330805694778,5,white,-1.0047889884868284,1.634775517477315
1.3014889214097607,-0.6330291499078875,-0.1814942171552479,-0.5514920906866042,-0.9020940979298456,0.4450902785482933,-0.6318330805694778,6,white,-0.9512018884621352,1.726666558734101
-0.3295718797759189,0.0336734964425493,-0.4527921197306684,0.0892684394710707,-0.2161551598851922,1.0461768283562778,-0.9691519876973708,6,white,-0.6527904202442489,1.3628648866544117
2.3209019221508105,1.278185102963365,-0.154364426897706,1.0335471154929097,-1.0891683537602077,-0.4899332433752383,-1.5594600751711836,5,white,0.3759034227522244,2.8603832384987107
-0.1936501463437792,-0.5219120421828147,-0.5070517002457526,-1.1248041439855845,0.5944999487130347,-0.8238702154907857,0.8861020015060377,7,white,-0.6527904202442489,-0.2488752981488572
1.5053715215579708,2.500473287939166,-0.2628835879278742,1.404513738215768,-1.1515264390369928,0.1779407008558561,-1.475130348389209,5,white,-0.29342701583752356,1.387776658511307
0.146154187236571,-0.5219120421828147,-0.6698304417910048,-1.5294950051377902,-0.4032294157155512,-0.9574450043370044,1.8137289961077416,7,white,-0.6139329925478476,1.2126879689787273
0.0781933205205009,-0.6996994145429313,-0.5884410710183786,-1.1922526208442792,-0.3408713304387659,-0.6235080322214572,0.9704317282880104,7,white,-0.5067587924984611,0.6535856752672167
-0.1256892796277091,-0.7219228360879458,-0.2628835879278742,-0.4165951369692147,-0.590303671545913,-0.2227836656828007,-0.2945141734415865,6,white,0.006001075818197512,1.5567529352176048
-0.1936501463437792,-0.7219228360879458,-0.2628835879278742,-0.4165951369692147,-0.590303671545913,-0.2227836656828007,-0.2945141734415865,6,white,0.04803260987775402,1.5816647070744998
0.0781933205205009,-0.4996886206378002,-0.6427006515334628,-1.5632192435671377,-0.4655875009923394,-1.0242323987601136,1.8137289961077416,7,white,-0.5834570244534283,1.197882163171453
-0.397532746491989,0.2114608688026658,-0.6155708612759208,-1.1248041439855845,0.9686484603737554,-1.0242323987601136,1.4764100889798504,7,white,-0.500410579772151,0.7229148645459342
-0.6693762133562691,-0.1885607190075962,-0.3985325392155843,-0.1805254679637457,0.7815742045433964,-0.9574450043370044,-0.9691519876973708,5,white,-1.5018025610373598,-0.23876933209923637
-0.6693762133562691,0.3003545549827242,-0.0187154756099985,0.0555442010417233,-0.590303671545913,-1.2245945820294422,-0.3788439002235593,6,white,-0.14003055192759017,1.225850141441489
-0.6693762133562691,1.25596168141835,-0.3985325392155843,0.2916138700471549,-2.273971974019155,-1.1578071876063327,-0.7161628073514522,6,white,-0.3386326562602353,-0.5727283322884932
-0.1256892796277091,-0.7663696791779749,-0.2900133781854162,-0.5177678522572569,1.2180808014809026,-0.1559962712596912,-0.3788439002235593,7,white,-0.7252979223982253,0.32573908790424166
-0.1256892796277091,0.6337058781579427,-0.20862400741279,0.5951320159113187,-0.590303671545913,-0.3563584545290197,-1.3908006216072364,6,white,-0.2545695881411223,0.8505299302435505
-0.465493613208059,-0.7441462576329604,-0.6155708612759208,-0.855010236550768,1.529871227864838,-0.2227836656828007,0.2114641872502534,7,white,-0.6990126841047966,0.5492387480819829
-0.3295718797759189,-0.6552525714529022,-0.5613112807608368,-0.6526648059746464,1.2180808014809026,-0.2895710601059102,0.2114641872502534,7,white,-0.4384420201454756,0.5609883474761164
0.0781933205205009,0.1670140257126366,-0.4527921197306684,0.1567169163297654,-0.2161551598851922,0.3115154897020743,-0.8848222609153978,6,white,-0.5950125904185649,0.07262781611195186
1.2335280546936906,2.100451700128904,0.0626738951626302,1.269616784498341,-1.7751072918048607,-0.6235080322214572,-1.2221411680432908,5,white,-0.20517321791742024,-0.5325355283658939
0.3500367873847808,-0.8552633653580332,-0.5341814905032947,-0.855010236550768,0.5944999487130347,-0.2895710601059102,0.2957939140322263,6,white,-0.5603458925231546,0.7743820416042368
0.0781933205205009,1.122621152148263,-0.3714027489580425,0.7637532080580931,-0.153797074608404,-0.0892088768365817,-0.9691519876973708,5,white,0.107967922628758,0.39107472395962034
-1.6887892140973189,-0.8774867869030477,-0.724090022306089,-1.360873812991016,-1.588033035974499,-1.6921063429912078,0.2114641872502534,5,white,0.008158558743517544,-0.5854152784928249
-1.756750080813389,-0.8997102084480624,-0.724090022306089,-1.3945980514204008,-1.588033035974499,-1.6253189485680986,0.2114641872502534,5,white,0.1132373938924086,-0.6251328561569941
0.4179976541008508,-0.9219336299930768,-0.154364426897706,-0.6526648059746464,1.4051550573112643,-0.2227836656828007,-0.0415249930956665,7,white,-0.8019961543531922,-0.5924650381293046
0.3500367873847808,-0.0329967681924942,-0.6155708612759208,-0.5852163291159516,-0.3408713304387659,-0.6235080322214572,0.2114641872502534,6,white,-0.3428233860612263,0.00024242042009341527
-0.1936501463437792,1.4115256322334524,-0.5613112807608368,0.1229926779004181,0.7815742045433964,-0.3563584545290197,-0.0415249930956665,8,white,-1.016344554451965,0.04935967759956931
0.553919387532991,-0.810816522268004,-0.5613112807608368,-1.2259768592736269,-0.9020940979298456,0.9793894339331692,0.8017722747240648,7,white,-0.8167258266814839,-1.3731922983981604
0.2141150539526407,-0.810816522268004,3.345378516325218,-0.2816981832517878,-0.7150198420994867,0.0443659120096371,-0.9691519876973708,6,white,-0.4615531520757496,0.8084624327005545
0.553919387532991,-0.810816522268004,-0.3171431684429583,-1.0573556671268898,-2.1492558034655813,-1.0242323987601136,0.2114641872502534,6,white,-0.4458068563096219,-0.06274329575645844
1.1655671879776206,-0.7885931007229895,-0.127234636640164,-0.7201132828333785,-1.4633168654209254,0.5118776729714027,-0.6318330805694778,6,white,-0.8440276884127487,0.4051742432325802
-0.1936501463437792,0.5448121919778843,-0.20862400741279,0.6625804927700509,1.2804388867576908,-1.0242323987601136,-0.800492534133425,5,white,-0.3501882222253723,0.8629858161719981
-0.465493613208059,2.8227129003418767,-0.3442729587005004,1.6068591687918523,0.7192161192666082,-0.3563584545290197,-0.8848222609153978,5,white,-0.8671388203430221,1.2975292505990332
0.2141150539526407,0.1447906041676221,0.1169334756777144,0.6625804927700509,1.5922293131416234,1.0461768283562778,0.1271344604682791,6,white,0.20777728651399854,-0.966847902517045
-0.2616110130598489,-0.4107949344577419,-0.5341814905032947,-1.259701097702974,0.1579933517755285,0.7790272506638407,1.5607398157618233,8,white,-0.31653814776779754,0.019748065985020966
0.553919387532991,-0.1663372974625817,-0.6698304417910048,-0.855010236550768,-0.8397360126530602,-0.9574450043370044,0.464453367596172,6,white,-0.3386326562602353,-1.0735447495811052
2.4568236555829506,1.322631946053394,-0.2628835879278742,1.1009955923516042,-1.4633168654209254,-1.0242323987601136,-1.475130348389209,5,white,-0.32707709029509857,0.5118710902966404
2.4568236555829506,1.3004085245083796,-0.3171431684429583,1.1009955923516042,-1.40095878014414,-1.1578071876063327,-1.5594600751711836,5,white,-0.4111401584142116,0.5515886679608097
0.0781933205205009,-0.5885823068178585,-0.5341814905032947,-1.1248041439855845,-0.0914389893316186,0.7790272506638407,0.9704317282880104,7,white,0.2119680163149892,-0.6413512350328966
-0.3295718797759189,-0.6996994145429313,-0.154364426897706,-0.5852163291159516,0.0332771812219549,-0.2227836656828007,0.2957939140322263,6,white,-0.0402211880423495,1.879899682822927
-0.3295718797759189,-0.7219228360879458,-0.154364426897706,-0.5852163291159516,0.0332771812219549,-0.2227836656828007,0.2114641872502534,6,white,-0.17787135618615565,1.8176202531806889
-0.1256892796277091,-0.810816522268004,0.0084143146475463,-0.5177678522572569,-0.6526617568226984,-0.2227836656828007,-0.800492534133425,6,white,-0.5487903265580174,0.37791255149685843
0.6218802542490606,2.611590395664239,0.7409186516011818,1.6068591687918523,-0.2785132451619777,0.3115154897020743,-1.3064708948252637,5,white,0.10377719282776719,2.494231646540195
0.7578019876812007,0.8559400936080883,0.7137888613436396,0.6625804927700509,-2.3363300592959404,-0.2227836656828007,-1.3064708948252637,5,white,-0.736853488363362,1.5015232652118473
-1.3489848805169689,0.3448013980727531,-0.3714027489580425,-0.2816981832517878,0.8439322898201819,0.4450902785482933,-0.1258547198776393,6,white,-1.1277094843023425,0.01575451276168176
0.146154187236571,-0.8774867869030477,-0.3171431684429583,-1.091079905556237,0.0332771812219549,-0.1559962712596912,0.717442547942092,5,white,-0.4458068563096219,-1.6979826793479944
-1.756750080813389,-0.810816522268004,0.2525824269654248,-0.3828708985398674,0.2203514370523139,0.1111533064327466,-1.0534817144793436,5,white,-0.584473647891264,0.052415884012710155
-0.1936501463437792,1.833770641588729,-0.4799219099882105,0.2241653931884602,0.6568580339898229,-0.4899332433752383,0.3801236408141991,8,white,-0.9816778565565547,0.9511143644813291
-1.3489848805169689,1.1892914167833066,1.0664761346916862,1.269616784498341,0.5944999487130347,-0.5567206377983478,-1.2221411680432908,4,white,1.1135506336949577,0.4641664061857929
-0.5334544799241291,0.255907711892695,-0.2357537976703321,0.3927865853352345,0.0332771812219549,0.5786650673945123,-0.9691519876973708,6,white,-0.21672878388255684,1.4568747875141406
0.0781933205205009,-0.8552633653580332,-0.5613112807608368,-0.9899071902681577,-0.2785132451619777,0.4450902785482933,-0.0415249930956665,6,white,-0.9018055182384328,-0.46767511856894534
0.6898411209651306,2.8893831649769206,-0.1814942171552479,1.809204599367974,-0.0290809040548305,-0.7570828210676762,-1.475130348389209,5,white,-0.5950125904185649,0.5694506801812248
0.0781933205205009,-0.0552201897375089,-0.4527921197306684,-0.3154224216811351,0.2203514370523139,0.7122398562407312,0.1271344604682791,6,white,-0.6065681563837017,-0.3471098125078092
-0.8052979467884089,1.678206690773627,-0.3171431684429583,0.8986501617754825,0.6568580339898229,-0.7570828210676762,-0.8848222609153978,5,white,-0.8786943863081591,1.5022295517461615
-0.2616110130598489,-0.1218904543725526,-0.6427006515334628,-0.4165951369692147,1.2804388867576908,-0.2895710601059102,0.2957939140322263,6,white,-1.3294856949981433,1.081079350057772
-0.465493613208059,-0.1218904543725526,-0.8054793930787151,-0.3828708985398674,1.6545873984184116,-0.1559962712596912,0.2114641872502534,6,white,-1.5627544972261986,0.47990955880326547
-0.2616110130598489,-0.0774436112825234,-0.5341814905032947,-0.4840436138279095,1.1557227162041173,-0.4899332433752383,0.2114641872502534,7,white,-1.2758985949734496,0.591306245624979
-0.465493613208059,1.5226427399585252,-0.1001048463826219,1.0335471154929097,-0.777377927376272,0.5786650673945123,-1.1378114412613178,5,white,-0.1705065200220093,0.22209844725332237
-1.2130631470848288,-0.0107733466474797,-0.2900133781854162,-0.2816981832517878,0.4697837781594611,1.1797516172024969,-0.2101844466596121,5,white,-0.8408535820495937,1.7583970299515919
-1.2130631470848288,0.1670140257126366,-0.2900133781854162,-0.2816981832517878,0.4697837781594611,1.1797516172024969,-0.2101844466596121,5,white,-0.7967266830895415,1.7856587216873139
-0.1936501463437792,-0.8552633653580332,-0.2628835879278742,-1.1922526208442792,0.7192161192666082,-0.2227836656828007,0.3801236408141991,7,white,-1.324216223734493,0.2782654640692782
-0.465493613208059,1.7448769554086707,-0.0729750561250798,1.1347198307809516,0.1579933517755285,-0.6902954266445667,-1.3064708948252637,4,white,-0.8671388203430221,1.0902479692971945
0.0781933205205009,1.9671111708588167,-0.2900133781854162,0.8649259233461352,0.8439322898201819,-0.2227836656828007,-0.1258547198776393,6,white,-1.054185358710531,2.3160867505944744
-0.2616110130598489,1.4337490537784667,-0.1814942171552479,0.7974774464874405,0.5321418634362493,-0.5567206377983478,-0.8848222609153978,5,white,-0.874503656507168,0.7663949351575586
-0.1936501463437792,1.4115256322334524,-0.154364426897706,0.7637532080580931,0.5321418634362493,-0.5567206377983478,-0.8848222609153978,5,white,-0.874503656507168,0.7243274376145628
-0.465493613208059,0.611482456612928,0.0355441049050855,0.527683539052624,0.095635266498743,-0.8238702154907857,-1.3064708948252637,5,white,-0.8440276884127487,1.2009383695845939
2.7286671224472303,-0.8774867869030477,0.1169334756777144,-0.5177678522572569,-0.8397360126530602,0.2447280952789648,-0.8848222609153978,4,white,-0.4426327499464667,-0.4554502929163817
0.146154187236571,1.5893130045935686,-0.1814942171552479,0.93237440020483,-0.4032294157155512,-1.0910197931832233,-1.3064708948252637,6,white,-0.9060583660642474,1.4681491606498438
-1.3489848805169689,0.1892374472576513,-0.4256623294731292,-0.0456285142463562,-0.4032294157155512,1.2465390116256063,-0.4631736270055321,5,white,-0.7525997841294896,1.1027038552256418
0.146154187236571,2.078228278583889,0.2797122172229668,1.3707894997864207,-0.9644521832066338,-0.0224214824134723,-1.2221411680432908,7,white,-0.4153308882152024,1.1299655469613636
-0.397532746491989,1.6115364261385836,-0.1001048463826219,0.8986501617754825,0.7192161192666082,-0.5567206377983478,-0.8848222609153978,6,white,-1.1424391566306344,0.4051742432325802
0.3500367873847808,-0.5663588852728438,-0.2357537976703321,-0.9561829518388102,0.6568580339898229,1.4469011948949346,0.717442547942092,7,white,-0.9470111586611443,1.8848305828564644
0.2141150539526407,0.0558969179875638,-0.724090022306089,-0.855010236550768,-0.7150198420994867,-0.7570828210676762,1.392080362197876,6,white,-0.051776754007486124,0.034553871792295174
0.2141150539526407,-0.0329967681924942,-0.7783496028211758,-0.4503193753985621,-1.1515264390369928,-0.8906576099138948,0.6331128211601191,6,white,0.6448555463135264,-0.3586283516260584
-0.7373370800723391,-0.4107949344577419,-0.1814942171552479,-0.3154224216811351,0.1579933517755285,-0.6235080322214572,-0.2945141734415865,5,white,0.02809558431063586,-0.36426553819391005
-0.465493613208059,-0.4330183560027564,-0.127234636640164,-1.0236314286975048,0.095635266498743,-0.8906576099138948,0.6331128211601191,5,white,-0.6412348542791123,1.355815127017932
-1.077141413652689,-0.810816522268004,-0.5070517002457526,-0.7875617596920733,-0.4655875009923394,-0.4231458489521292,-0.4631736270055321,4,white,-0.4499975861106129,5.171996402320538
-0.397532746491989,-0.6996994145429313,-0.20862400741279,-0.3828708985398674,-0.4655875009923394,-1.0242323987601136,-0.9691519876973708,5,white,-0.3312678200960894,-1.0664949899446252
0.146154187236571,1.9893345924038308,-0.6698304417910048,0.2241653931884602,0.90629037509697,-0.2227836656828007,1.392080362197876,7,white,-0.6181237223488387,0.9090468669383331
-1.484906613949109,0.722599564338001,1.012216554176602,0.8986501617754825,1.093364630927329,-0.4231458489521292,-1.1378114412613178,4,white,0.8340595676063542,0.640898729062885
0.4179976541008508,0.5225887704328698,-0.127234636640164,0.4265108237645819,0.7815742045433964,-0.0892088768365817,-0.800492534133425,6,white,-0.7936146947512105,1.5988204327606008
-0.6693762133562691,-0.810816522268004,-0.0187154756099985,-0.0456285142463562,0.3450676076058875,-0.3563584545290197,-0.8848222609153978,5,white,0.04384188007676352,-0.04182507712290257
0.3500367873847808,-0.7441462576329604,-0.5613112807608368,-1.259701097702974,0.7815742045433964,1.2465390116256063,1.6450695425437962,6,white,-0.744218324527508,1.3238535955245572
-0.465493613208059,-0.8330399438130187,-0.2628835879278742,-0.6863890444039937,0.7815742045433964,-0.4899332433752383,-0.4631736270055321,6,white,-1.4555802971768126,1.0101065274345418
1.2335280546936906,1.4559724753234813,-0.2628835879278742,0.6963047311993983,-0.2785132451619777,0.2447280952789648,-1.0534817144793436,5,white,-0.874503656507168,2.396934478991441
-0.397532746491989,0.9226103582431318,0.0355441049050855,0.8986501617754825,-0.5279455862691249,0.1111533064327466,-1.0534817144793436,6,white,0.6322833569105536,1.21480682858167
0.2820759206687107,-0.7441462576329604,-0.5070517002457526,-1.1248041439855845,0.4074256928826756,0.2447280952789648,0.8861020015060377,6,white,-0.5992033202195558,-0.48248092437621953
0.146154187236571,2.100451700128904,-0.4799219099882105,0.1567169163297654,0.9686484603737554,-0.2227836656828007,1.6450695425437962,8,white,-0.16314168385786373,1.081079350057772
-0.1256892796277091,-0.6552525714529022,-0.5070517002457526,-0.5852163291159516,0.8439322898201819,0.6454524618176217,0.0428047336863063,6,white,-0.4195216180161931,-0.2801305431079182
1.2335280546936906,1.25596168141835,-0.2628835879278742,0.7637532080580931,-0.9020940979298456,0.4450902785482933,-0.9691519876973708,5,white,-0.5382513840307164,2.215502316356696
-0.465493613208059,0.411471662707797,-0.0187154756099985,0.3253381084765397,-0.2161551598851922,-0.8906576099138948,-1.2221411680432908,6,white,-0.8671388203430221,1.6368943770802575
-0.465493613208059,1.5448661615035395,0.0084143146475463,1.2021683076396463,0.0332771812219549,-0.8238702154907857,-1.3064708948252637,6,white,-0.9322814863328521,2.0822500640912276
0.4179976541008508,-0.0663319005100162,-0.6427006515334628,-1.1922526208442792,1.2180808014809026,-0.7570828210676762,1.0547614550699849,7,white,-0.8597739841788763,-0.529954548211183
0.4179976541008508,-0.0663319005100162,-0.6427006515334628,-1.1922526208442792,1.2180808014809026,-0.7570828210676762,1.0547614550699849,7,white,-0.9133610842035693,-0.529954548211183
-1.2130631470848288,-0.810816522268004,-0.3714027489580425,-0.855010236550768,-0.3408713304387659,-0.9574450043370044,-0.4631736270055321,5,white,-0.5456162201948622,1.9080987213688467
2.52478452229902,-0.8330399438130187,0.0355441049050855,-0.4840436138279095,-1.0268102684834193,-0.4231458489521292,-0.7161628073514522,5,white,-0.23983991581283046,-0.007744686026584912
-0.465493613208059,1.3893022106884378,-0.127234636640164,0.8312016849167878,0.095635266498743,-0.6235080322214572,-0.8848222609153978,6,white,-1.100407622571078,0.6324363963577767
0.0102324538044309,-0.1218904543725526,4.97316593177774,0.0892684394710707,-0.6526617568226984,-0.3563584545290197,-0.9691519876973708,5,white,-0.7484090543284985,1.9757842773030516
-0.0577284129116391,-0.7441462576329604,-0.127234636640164,-0.7538375212627259,-1.213884524313781,-0.7570828210676762,0.5487830943781448,5,white,0.9611707932228594,1.6509938963532176
-0.397532746491989,1.8115472200437144,-0.154364426897706,1.0335471154929097,0.1579933517755285,-0.4899332433752383,-1.3064708948252637,5,white,-0.4772994478418773,2.0340701537219505
0.2141150539526407,0.100343761077593,-0.3714027489580425,-0.2479739448224404,0.4697837781594611,-0.0224214824134723,0.1271344604682791,7,white,-0.744218324527508,-0.36027198497057084
-0.1256892796277091,1.7671003769536853,6.3296554446548425,1.3033410229276885,-0.9020940979298456,0.9126020395100596,-1.3064708948252637,4,white,1.1472007081525328,0.6634605810409535
-0.1256892796277091,1.25596168141835,-0.3442729587005004,0.8986501617754825,-0.5279455862691249,-0.2227836656828007,-1.2221411680432908,6,white,-0.2776807200713959,2.5736668018685327
0.3500367873847808,-0.6774759929979167,-0.4799219099882105,-0.7875617596920733,0.2203514370523139,0.4450902785482933,0.2114641872502534,7,white,-1.0079630948499834,0.29307126987655246
0.146154187236571,-0.6996994145429313,-0.3714027489580425,-0.3491466601104825,0.5321418634362493,0.4450902785482933,-0.3788439002235593,4,white,-0.7746942926219275,0.07262781611195186
-1.077141413652689,0.3003545549827242,-0.5341814905032947,-0.0456285142463562,-0.3408713304387659,0.5786650673945123,-0.547503353787505,6,white,-0.5308865478665709,1.281786097981561
-1.077141413652689,0.2781311334377095,-0.5613112807608368,-0.1130769911050509,-0.3408713304387659,0.5786650673945123,-0.6318330805694778,5,white,-0.584473647891264,1.1945948964824284
-1.2130631470848288,0.2781311334377095,-0.5613112807608368,-0.0456285142463562,-0.3408713304387659,0.6454524618176217,-0.6318330805694778,5,white,-0.5960292138564005,1.0404244255834043
1.7772149884222503,2.7671543464793404,-0.4256623294731292,1.7417561225092792,-0.4032294157155512,0.8458146450869501,-0.8848222609153978,6,white,-0.021300785913066965,2.213858683012183
-0.2616110130598489,2.1448985432189325,-0.2628835879278742,1.067271353922257,0.0332771812219549,-0.4899332433752383,-0.8848222609153978,5,white,-0.5077754159362969,1.7981146076157615
0.146154187236571,-0.8997102084480624,-0.9411283443664252,-1.1248041439855845,0.0332771812219549,0.2447280952789648,0.464453367596172,6,white,-0.9239000267308705,-0.5696721258753523
1.3014889214097607,2.1671219647639477,-0.4799219099882105,1.2358925460689938,-1.0268102684834193,0.4450902785482933,-0.8848222609153978,5,white,0.009175182181353,2.389178432820647
1.0976063212615506,2.0337814354938595,-0.3985325392155843,1.269616784498341,-1.0268102684834193,0.3783028841251838,-0.9691519876973708,5,white,-0.04441191784334011,2.389178432820647
2.59274538901509,1.7893237984987,-0.3985325392155843,1.1684440692102989,-1.0268102684834193,0.7122398562407312,-0.7161628073514522,5,white,0.8697428889396008,0.9913071684039285
-0.6693762133562691,-0.5885823068178585,-0.724090022306089,-1.731840435713912,1.1557227162041173,1.6472633781642632,2.82568571749142,7,white,-0.7221238160350697,-0.17813353580151126
-0.941219680220549,-0.8552633653580332,-0.3985325392155843,-0.618940567545299,-0.0290809040548305,-0.5567206377983478,-0.3788439002235593,4,white,-0.17888797962399147,-0.7736661404881662
-0.2616110130598489,-0.8774867869030477,-0.5070517002457526,-0.9561829518388102,-0.6526617568226984,-0.7570828210676762,-0.0415249930956665,6,white,-0.4962198499711598,-0.0526373297068375
-0.397532746491989,-0.3219012482776837,-0.5341814905032947,-1.3945980514204008,1.2180808014809026,-0.2227836656828007,1.729399269325769,6,white,-1.2611689226451581,-0.4669688320346312
0.9616845878294108,0.2336842903476803,-0.6698304417910048,-0.5177678522572569,-2.0868977181887933,-1.2913819764525514,0.2957939140322263,5,white,0.430507146214753,-1.5872922790605952
-0.7373370800723391,0.2781311334377095,-0.4256623294731292,-0.1468012295343983,-0.4655875009923394,0.4450902785482933,-0.4631736270055321,5,white,-0.6874571181396594,2.086949903848881
0.8937237211133408,-0.1441138759175671,-0.2900133781854162,-0.0793527526757035,-0.590303671545913,0.5786650673945123,0.5487830943781448,6,white,-0.6979960606669605,1.7172668792187944
0.8257628543972707,1.9671111708588167,-0.1814942171552479,1.3539273805717469,-0.7150198420994867,-0.3563584545290197,-0.4631736270055321,6,white,-0.3459974924243814,0.7525264761604827
-0.7373370800723391,-0.8997102084480624,-0.3442729587005004,-0.3660087793251562,-0.5279455862691249,-0.4899332433752383,-1.1378114412613178,5,white,-0.014952573186756265,-0.8773067811390858
-0.5334544799241291,1.567089583048554,-0.2900133781854162,1.1684440692102989,0.7815742045433964,-0.5567206377983478,-0.8848222609153978,5,white,-0.9932334225216917,1.5536967288044639
0.7578019876812007,-0.7663696791779749,-0.5884410710183786,-0.9899071902681577,-0.777377927376272,-0.2227836656828007,1.4764100889798504,6,white,0.21615874611597988,0.2112861946693872
0.4859585208169208,0.5448121919778843,-0.4527921197306684,0.072406320256397,0.5944999487130347,-0.6902954266445667,-0.4631736270055321,5,white,-0.5802829180902729,2.3026935178558285
-0.397532746491989,-0.5219120421828147,-0.5070517002457526,-0.4334572561838884,1.1557227162041173,-0.2227836656828007,0.2114641872502534,6,white,-0.45837904571259447,1.2639240857611458
-0.3295718797759189,-0.7441462576329604,-0.5070517002457526,-0.4165951369692147,1.6545873984184116,1.1797516172024969,-0.0415249930956665,7,white,-1.107772458735224,0.8824914617369256
-0.0577284129116391,0.9226103582431318,-0.2357537976703321,0.7974774464874405,-1.0268102684834193,0.5118776729714027,-1.1378114412613178,6,white,0.5786962568858605,1.0122253870374842
0.6218802542490606,3.0449471157920227,-0.3985325392155843,1.910377314656016,-1.6503911212512872,-0.2227836656828007,-1.2221411680432908,5,white,-0.426886454180339,0.6916596195868735
1.2335280546936906,-0.7219228360879458,-0.3985325392155843,-0.2816981832517878,1.4051550573112643,-0.2227836656828007,-0.2945141734415865,7,white,-0.1284749859624531,0.3577006193976168
0.8257628543972707,0.8781635151531028,-0.1001048463826219,0.7806153272727667,-1.2762426095905663,-0.5567206377983478,-1.3908006216072364,5,white,-0.5571717861599996,2.0653253986810114
0.8257628543972707,-0.7885931007229895,-0.2900133781854162,0.0049578433977022,1.716945483695197,-0.0892088768365817,-0.1258547198776393,5,white,-0.8366628522486026,0.24842279217884572
0.146154187236571,-0.7663696791779749,-0.6698304417910048,-0.9561829518388102,0.90629037509697,-0.4231458489521292,0.9704317282880104,6,white,-0.31234741796680643,-0.10645442664396694
-0.0577284129116391,-0.8330399438130187,-0.9953879248815094,-1.4114601706350745,0.2203514370523139,-0.6235080322214572,1.5607398157618233,8,white,-0.3890456499217736,-0.353928511868405
0.553919387532991,-0.7219228360879458,-0.7783496028211758,-1.0573556671268898,-0.5279455862691249,-0.9574450043370044,0.2957939140322263,7,white,0.1279049481958762,-0.18118974221465206
-0.7373370800723391,-0.8552633653580332,-0.4256623294731292,-0.7706996404773996,-0.4655875009923394,-0.4899332433752383,-0.2945141734415865,5,white,-0.2440306456138212,0.46980359275364453
-0.0577284129116391,-0.4996886206378002,-0.5070517002457526,-1.0067693094828312,0.90629037509697,0.8458146450869501,0.9704317282880104,7,white,-0.874503656507168,0.4340795683128145
0.146154187236571,0.6559292997029571,0.0084143146475463,0.2916138700471549,-1.4633168654209254,0.3783028841251838,-0.9691519876973708,5,white,-0.6790756585376779,-0.6016336573687273
-0.0577284129116391,0.0558969179875638,-0.3714027489580425,0.0049578433977022,0.7815742045433964,-0.4231458489521292,-0.0415249930956665,5,white,-1.2107559289836194,1.0094002409002276
-0.3295718797759189,-0.9441570515380916,3.481027467612928,-0.7201132828333785,-0.6526617568226984,0.5786650673945123,-0.9691519876973708,5,white,-0.7105682500699332,0.20400537475702313
0.0781933205205009,1.9448877493138017,-0.3985325392155843,0.8143395657021141,0.7815742045433964,0.1779407008558561,-0.1258547198776393,6,white,-0.8629480905420313,0.10999547389729449
1.0976063212615506,1.1003977306032484,-0.3442729587005004,0.6794426119847247,0.1579933517755285,-0.4231458489521292,-0.8848222609153978,6,white,-0.9396463224969982,3.4730715688714664
0.8937237211133408,0.2114608688026658,-0.9411283443664252,-0.3828708985398674,-1.3386006948673546,-1.3581693708756608,0.464453367596172,7,white,0.5797128803236968,-1.4479276139688455
-0.1256892796277091,2.078228278583889,-0.127234636640164,1.1684440692102989,-1.2762426095905663,-0.2227836656828007,-1.2221411680432908,6,white,-0.7252979223982253,1.253818119711525
-0.465493613208059,1.0559508875132193,-0.4527921197306684,0.8649259233461352,0.3450676076058875,0.5118776729714027,-1.1378114412613178,5,white,-0.01812667954991131,0.8768542751690743
-0.1256892796277091,0.100343761077593,-0.5070517002457526,0.0892684394710707,-0.5279455862691249,-0.2895710601059102,-0.800492534133425,6,white,-0.8324721224476115,-0.41173916202887345
-0.0577284129116391,-0.2774544051876546,-0.9682581346239671,-0.8044238789067469,-0.3408713304387659,-0.9574450043370044,0.2114641872502534,7,white,-0.6254885585129848,0.743126796645176
0.553919387532991,-0.0996670328275381,-0.9411283443664252,-1.0236314286975048,0.5321418634362493,-1.0910197931832233,1.729399269325769,3,white,0.02390485450964517,-2.179062390799795
-0.1256892796277091,-0.7885931007229895,-0.696960232048547,-1.141666263200258,1.342796972034476,0.1111533064327466,0.3801236408141991,6,white,-1.3641523928935537,-1.0702574828920803
0.3500367873847808,-0.6774759929979167,-0.724090022306089,-0.4503193753985621,0.3450676076058875,0.5118776729714027,-0.2945141734415865,6,white,-0.7211071925972343,0.11234539377612117
-0.465493613208059,1.6559832692286125,-0.6155708612759208,1.067271353922257,0.6568580339898229,-0.6902954266445667,-0.9691519876973708,5,white,-1.0583760885115214,0.788250500601313
-0.3295718797759189,0.5448121919778843,-0.4256623294731292,0.2747517508324812,-0.3408713304387659,-0.6902954266445667,-0.4631736270055321,5,white,0.24980882057355505,0.33185150073052344
9.116988593757808,-0.6552525714529022,-0.9411283443664252,-0.9730450710534838,0.2203514370523139,0.1111533064327466,1.392080362197876,6,white,-0.5067587924984611,0.14360063873518214
0.146154187236571,0.76704640742803,-0.6427006515334628,0.2578896316178076,-0.0290809040548305,0.1779407008558561,-0.0415249930956665,6,white,-0.6790756585376779,1.768271935725329
0.553919387532991,0.5670356135228988,-0.8868687638513413,-0.5852163291159516,-1.1515264390369928,-1.4249567652987702,0.8017722747240648,6,white,-0.23564918601183968,1.814564046767548
0.4179976541008508,0.6781527212479715,-0.20862400741279,0.4265108237645819,0.4697837781594611,0.0443659120096371,-0.6318330805694778,6,white,-0.8587573607410404,1.3254972288690694
0.6898411209651306,0.5114770596603624,-0.8597389735937991,-0.5852163291159516,-1.1515264390369928,-1.4249567652987702,0.717442547942092,6,white,-0.14003055192759017,1.5910643865898066
1.2335280546936906,1.1003977306032484,-0.5613112807608368,0.6288562543406662,-0.4655875009923394,0.1111533064327466,-0.2945141734415865,6,white,-0.7746942926219275,2.5637918960947967
0.6898411209651306,1.9893345924038308,-0.5070517002457526,1.404513738215768,-0.4032294157155512,-0.2227836656828007,-0.9691519876973708,6,white,-0.8818684926713141,2.6751885829165105
1.0296454545454805,-0.6330291499078875,1.4462931982972749,-0.4503193753985621,-0.8397360126530602,-0.2227836656828007,-1.2221411680432908,5,white,-0.6800922819755134,-0.339353766337015
0.8257628543972707,-0.7219228360879458,-0.6698304417910048,-1.2934253361323214,0.1579933517755285,-0.3563584545290197,1.392080362197876,7,white,-0.3312678200960894,-0.010569832163841646
-0.2616110130598489,1.3448553675984083,-0.0187154756099985,1.0166849962782358,1.2180808014809026,-0.6902954266445667,-0.8848222609153978,5,white,-1.1539947225957714,1.352758920604791
0.3500367873847808,2.256015650944005,-0.154364426897706,1.623721288006526,1.093364630927329,2.1147751391260288,-1.0534817144793436,6,white,-0.744218324527508,2.303630864666027
0.553919387532991,-0.8552633653580332,-0.154364426897706,-0.4503193753985621,0.4697837781594611,2.849436477780232,-0.6318330805694778,7,white,-0.9197092969298798,1.26415514603703
0.553919387532991,-0.8552633653580332,-0.2628835879278742,-0.4503193753985621,0.4697837781594611,2.9162238722033416,-0.6318330805694778,7,white,-0.9617408309894364,1.1995257965159656
0.4179976541008508,0.6781527212479715,-0.1814942171552479,0.4433729429792555,0.4697837781594611,0.0443659120096371,-0.6318330805694778,6,white,-0.7211071925972343,1.2086944157553883
1.1655671879776206,3.167175934289603,0.0084143146475463,2.028412149158769,-1.40095878014414,0.1779407008558561,-1.5594600751711836,5,white,-0.6601552564083952,2.6467584840947067
-1.892671814245529,3.0116119834745008,-0.4799219099882105,1.3370652613570733,0.90629037509697,0.2447280952789648,-0.2945141734415865,6,white,-0.7840923756617448,0.4893092383185721
-0.2616110130598489,-0.0107733466474797,-0.3985325392155843,0.1735790355444391,-0.0290809040548305,1.0461768283562778,-0.8848222609153978,6,white,-0.6759015521745229,0.9081095201281347
0.6898411209651306,-0.7663696791779749,-0.1814942171552479,-0.855010236550768,-1.7751072918048607,-0.4899332433752383,0.3801236408141991,6,white,-0.3197122541309524,0.45734770682519704
2.117019322002601,1.855994063133744,0.5781399100559292,1.4382379766451154,-0.9020940979298456,-0.6235080322214572,-1.1378114412613178,5,white,0.3790775291153795,3.5673125300070803
0.2820759206687107,-0.7663696791779749,-0.7783496028211758,-0.9393208326241363,-0.0914389893316186,0.4450902785482933,0.2957939140322263,6,white,-0.8282813926466209,-1.7633183154033727
0.146154187236571,0.8337166720630738,-0.3714027489580425,0.5614077774819713,1.2180808014809026,-0.8906576099138948,-1.0534817144793436,7,white,-1.2601522992073224,0.421623682384367
-0.0577284129116391,0.0336734964425493,-0.3171431684429583,-0.1130769911050509,1.1557227162041173,-0.4899332433752383,-0.6318330805694778,7,white,-1.1645336651230724,0.032203951913468504
1.7092541217061803,-0.8774867869030477,1.988889003448116,-0.618940567545299,-0.6526617568226984,-0.9574450043370044,-1.0534817144793436,7,white,-1.1035817289342333,1.4331314227433278
1.9131367218543904,-0.8774867869030477,2.124537954735826,-0.618940567545299,-0.6526617568226984,-0.9574450043370044,-1.0534817144793436,7,white,-0.8934240586364512,1.6021076994496255
-0.1256892796277091,2.589366974119224,-0.4799219099882105,1.7923424801533003,1.093364630927329,-0.5567206377983478,-0.9691519876973708,5,white,-0.9091703544025787,1.4742615734761255
0.8937237211133408,1.2337382598733355,-0.5884410710183786,0.8312016849167878,-0.153797074608404,-0.4899332433752383,-0.1258547198776393,9,white,0.6984426463382194,0.042309917963089284
1.0976063212615506,-0.6330291499078875,1.5819421495849852,-0.9224587134094628,0.095635266498743,0.3115154897020743,1.3077506354159032,6,white,-0.9375509575965026,-0.167090222941692
0.8937237211133408,-0.7885931007229895,-0.4799219099882105,-0.8044238789067469,-1.2762426095905663,0.1779407008558561,0.3801236408141991,6,white,-0.27666409663355995,-0.6787188928182393
-0.873258813504479,1.922664327768787,-0.127234636640164,1.3876516190010943,-0.6526617568226984,-0.0224214824134723,-1.3064708948252637,5,white,-0.48783839036917825,1.7062235663589753
0.3500367873847808,2.2115688078539764,-0.1001048463826219,1.5731349303625048,0.90629037509697,1.9144129558567,-0.8848222609153978,7,white,-0.6906312245028146,1.9461726656885032
0.8257628543972707,2.0115580139488456,-0.1001048463826219,2.0452742683734053,0.3450676076058875,1.4469011948949346,-1.475130348389209,8,white,-0.2577436945042778,0.8996471874230265
-2.164515281109809,-0.810816522268004,-0.3985325392155843,-1.0742177863415634,0.90629037509697,-1.0242323987601136,0.5487830943781448,4,white,-0.4373632786828162,-1.6512153420473452
-0.6693762133562691,0.9892806228781756,-0.0187154756099985,0.8817880425608089,-0.9020940979298456,0.5118776729714027,-1.0534817144793436,6,white,0.08587341413631973,1.7863650082216282
-0.3295718797759189,1.2337382598733355,-0.4799219099882105,1.21903042685432,0.282709522329102,-1.5585315541449891,-1.0534817144793436,6,white,0.020730748146489515,0.09918322131335945
-0.2616110130598489,1.322631946053394,-0.4527921197306684,1.21903042685432,0.282709522329102,-1.6253189485680986,-1.1378114412613178,6,white,0.2424439844094091,0.07427144945646437
-1.077141413652689,0.4336950842528115,-0.5341814905032947,0.1229926779004181,1.46751314258805,-0.5567206377983478,-0.4631736270055321,7,white,-0.7757109160597633,-0.13677232479282944
-0.1256892796277091,-0.6774759929979167,-0.6427006515334628,-0.7706996404773996,1.0310065456505435,1.0461768283562778,0.2957939140322263,7,white,-1.1424391566306344,-0.35627843174723167
-1.6208283473812488,-0.0329967681924942,-0.2900133781854162,-0.0287663950316825,-0.777377927376272,0.1779407008558561,-0.4631736270055321,5,white,0.05019009280307405,0.5297331025170555
-0.3295718797759189,-0.810816522268004,-0.20862400741279,-0.399733017754541,-1.213884524313781,-0.0892088768365817,-1.0534817144793436,5,white,-0.002380383783783599,1.0498241050987112
-0.397532746491989,0.5003653488878551,-0.1814942171552479,0.5782698966966451,-0.8397360126530602,-0.6902954266445667,-1.3064708948252637,5,white,-0.1515861178927267,0.8108123525793812
-0.6014153466401989,0.8337166720630738,-0.0729750561250798,0.8649259233461352,-1.2762426095905663,0.3115154897020743,-1.1378114412613178,6,white,0.6322833569105536,1.7318416247501842
0.0781933205205009,1.6559832692286125,-0.2900133781854162,1.269616784498341,0.3450676076058875,1.5804759837411535,-0.800492534133425,6,white,-0.6065681563837017,1.158164585507284
-0.5334544799241291,-0.0552201897375089,-0.4256623294731292,-0.0287663950316825,1.2180808014809026,-0.8906576099138948,-0.9691519876973708,6,white,-1.6625638611114393,-0.015269671921494903
-0.0577284129116391,-0.810816522268004,-0.5613112807608368,-1.2428389784883005,0.7192161192666082,0.3115154897020743,0.464453367596172,8,white,-1.34104126096328,-1.1240745798292096
1.7772149884222503,1.367078789143423,-0.5613112807608368,1.067271353922257,-1.0268102684834193,-0.8238702154907857,-1.3908006216072364,6,white,0.001810346017207012,1.1386589399423563
1.1655671879776206,0.3892482411627823,-0.2357537976703321,0.2578896316178076,-0.2161551598851922,-0.4231458489521292,-1.0534817144793436,5,white,-0.9207259203677154,2.5736668018685327
0.2141150539526407,1.4559724753234813,-0.3442729587005004,1.0841334731369303,-0.9644521832066338,-0.0224214824134723,-1.0534817144793436,5,white,-0.029682245515048326,2.3898847193549613
-0.0577284129116391,1.4115256322334524,-0.4799219099882105,1.1515819499956252,1.1557227162041173,-0.6235080322214572,-0.6318330805694778,7,white,-0.8934240586364512,1.267917638984485
0.146154187236571,0.3448013980727531,-0.6698304417910048,0.1735790355444391,-0.0290809040548305,-0.4899332433752383,-0.6318330805694778,6,white,-0.055967483808477145,-0.2660310238349581
-0.397532746491989,1.8115472200437144,-0.2900133781854162,0.999822877063562,-0.3408713304387659,-0.8238702154907857,-0.800492534133425,5,white,-0.5802829180902729,2.203046430428248
-0.397532746491989,1.7893237984987,-0.2900133781854162,0.982960757848851,-0.4032294157155512,-0.8238702154907857,-0.800492534133425,6,white,-0.7715201862587724,2.1111553891714623
-1.0091805469366188,1.5448661615035395,-0.2900133781854162,1.0335471154929097,-0.4655875009923394,-1.0242323987601136,-1.3064708948252637,6,white,-0.45837904571259447,3.0314783748079512
-0.397532746491989,1.855994063133744,-0.2900133781854162,1.0841334731369303,-0.3408713304387659,-0.6902954266445667,-0.8848222609153978,6,white,-0.7294886521992159,2.215502316356696
-1.824710947529459,-0.7885931007229895,0.1711930561927986,-0.4503193753985621,-0.0914389893316186,0.1779407008558561,-1.1378114412613178,6,white,-0.3743159775934817,-0.4444069800565627
-0.2616110130598489,-0.8774867869030477,-0.0458452658675378,-0.163663348749072,1.2180808014809026,-0.2227836656828007,-1.2221411680432908,7,white,-0.41215678185204707,-0.2639121642320155
0.0102324538044309,2.544920131029195,-0.3171431684429583,1.8429288377973208,0.9686484603737554,-0.4899332433752383,-0.8848222609153978,6,white,-0.736853488363362,1.2009383695845939
-0.5334544799241291,2.344909337124064,0.4153611685106768,1.117857711566278,-1.213884524313781,0.3783028841251838,-0.0415249930956665,6,white,0.39164971851835206,1.985659183076789
-1.0091805469366188,-0.4996886206378002,-0.4527921197306684,-0.214249706393093,-1.3386006948673546,-0.4899332433752383,-1.3064708948252637,5,white,-0.7294886521992159,-0.1041045067651402
0.6898411209651306,0.0114500748975346,-0.5613112807608368,-0.214249706393093,-0.4032294157155512,-0.0892088768365817,0.9704317282880104,5,white,-0.05495086037064125,-1.3771858516214992
-0.6693762133562691,0.8559400936080883,-0.6155708612759208,0.7468910888434194,-0.153797074608404,-0.1559962712596912,-1.2221411680432908,5,white,0.577679633448025,0.11469531365494783
-0.1936501463437792,-0.7663696791779749,-0.9682581346239671,-1.6475298396405065,1.1557227162041173,0.5118776729714027,1.5607398157618233,9,white,-0.26295104774310446,-0.6023399439030415
-0.8052979467884089,1.1448445736932773,0.3882313782531347,0.8649259233461352,-1.6503911212512872,0.3115154897020743,-1.1378114412613178,6,white,1.352088907186664,1.1384278796664722
-0.7373370800723391,0.0781203395325785,-0.1001048463826219,-0.0287663950316825,0.4697837781594611,-0.6902954266445667,-0.9691519876973708,5,white,-0.9123444607657338,0.03149766537915429
-0.6014153466401989,0.255907711892695,-0.2628835879278742,-0.0119042758169713,0.7192161192666082,-0.6902954266445667,-0.800492534133425,6,white,-0.9239000267308705,0.2728593377773107
0.3500367873847808,0.4781419273428406,-0.3985325392155843,0.4265108237645819,0.2203514370523139,0.1779407008558561,-0.6318330805694778,6,white,-0.6790756585376779,0.8956536341996872
0.4179976541008508,0.6781527212479715,-0.2900133781854162,0.3590623469058871,0.6568580339898229,0.3783028841251838,-0.2945141734415865,6,white,-0.6181237223488387,0.2695720710882858
0.2820759206687107,-0.6774759929979167,-0.696960232048547,-1.3440116937763424,0.3450676076058875,-0.3563584545290197,1.6450695425437962,9,white,-0.3386326562602353,0.18943062922563306
0.2820759206687107,1.25596168141835,-0.3442729587005004,0.4602350621939293,-0.4032294157155512,-0.6235080322214572,0.2957939140322263,7,white,-0.8356462288107669,-0.698930824917481
0.2820759206687107,-0.8552633653580332,-0.3714027489580425,-0.6863890444039937,-0.4032294157155512,-0.7570828210676762,0.3801236408141991,7,white,-0.8356462288107669,-0.6592132472533117
-0.0577284129116391,-0.7441462576329604,0.0898036854201723,0.5951320159113187,3.0888233597845063,1.0461768283562778,-0.0415249930956665,6,white,-0.5393301254933764,0.10623298094983953
0.553919387532991,0.100343761077593,-0.5341814905032947,-0.3491466601104825,-1.0891683537602077,0.5786650673945123,0.8017722747240648,4,white,-0.6328533946771304,0.7414831633006637
0.146154187236571,-0.5219120421828147,-0.3442729587005004,-1.1753905016296056,0.8439322898201819,-0.0224214824134723,1.898058722889716,8,white,-0.14003055192759017,0.08132120909294445
0.146154187236571,-0.8330399438130187,-0.5884410710183786,-1.3777359322056897,-0.2785132451619777,-0.6235080322214572,1.392080362197876,6,white,-0.5645366223241451,-0.5205548686958764
0.146154187236571,-0.1663372974625817,-0.4527921197306684,-1.0067693094828312,-0.5279455862691249,-0.5567206377983478,1.898058722889716,8,white,0.47152205683647386,0.08132120909294445
0.2820759206687107,-0.6552525714529022,-0.6155708612759208,-1.2428389784883005,0.1579933517755285,-0.8906576099138948,1.1390911818519576,8,white,-0.3501882222253723,0.7819070274991471
0.2141150539526407,0.2114608688026658,-0.6155708612759208,-0.7201132828333785,-0.4032294157155512,-0.9574450043370044,1.2234209086339305,7,white,0.13526978436002252,-0.5682595528067239
0.2141150539526407,0.2781311334377095,-0.5613112807608368,-0.7201132828333785,-0.4032294157155512,-0.9574450043370044,1.2234209086339305,7,white,0.14682535032515903,-0.5682595528067239
0.0102324538044309,1.855994063133744,-0.3442729587005004,1.7586182417239529,-0.6526617568226984,-0.4231458489521292,-1.475130348389209,7,white,0.3159681100012204,0.8808478283924132
0.2141150539526407,-0.7441462576329604,-0.5613112807608368,-0.4671814946132358,-0.0914389893316186,0.0443659120096371,0.2114641872502534,7,white,-0.8167258266814839,-0.04558757007035762
-0.1936501463437792,-0.7663696791779749,-0.6155708612759208,-0.9561829518388102,0.4697837781594611,-0.2227836656828007,0.3801236408141991,8,white,-0.5183143584635982,0.007292180056573425
0.3500367873847808,2.300462494034035,-0.5884410710183786,1.320203142142362,-1.2762426095905663,-0.8906576099138948,-1.0534817144793436,5,white,-0.8513925245768947,1.753928250469823
-0.3295718797759189,-0.8552633653580332,-0.8326091833362572,-0.8212859981214207,-0.9020940979298456,-0.9574450043370044,0.2114641872502534,5,white,1.046250484779808,-1.0298336186935968
-0.5334544799241291,-0.7219228360879458,-0.724090022306089,-1.2259768592736269,0.5321418634362493,-0.4231458489521292,0.8017722747240648,6,white,-1.2569781928441672,-0.11491675934907518
1.1655671879776206,1.9004409062237728,-0.3985325392155843,1.3539273805717469,-0.777377927376272,0.0443659120096371,-0.9691519876973708,5,white,0.6785056207711008,1.7569844568829638
0.2820759206687107,-0.8330399438130187,-0.5613112807608368,-0.3828708985398674,0.282709522329102,2.7826490833571227,-0.8848222609153978,7,white,-0.8587573607410404,0.43172964843398776
1.7772149884222503,1.3448553675984083,-0.4799219099882105,1.1009955923516042,-1.0268102684834193,-0.2895710601059102,-1.6437898019531565,5,white,0.2424439844094091,0.8949473476653731
0.2141150539526407,-0.6552525714529022,-0.5070517002457526,0.1229926779004181,1.6545873984184116,1.5804759837411535,-0.2101844466596121,7,white,-0.5067587924984611,0.022097985863847633
1.0976063212615506,1.922664327768787,-0.3985325392155843,1.3707894997864207,-0.777377927376272,-0.0892088768365817,-0.9691519876973708,5,white,0.7625686888902138,1.8340696923324755
0.4859585208169208,1.1448445736932773,-0.5070517002457526,0.9155122809901562,-0.3408713304387659,0.0443659120096371,-0.4631736270055321,7,white,-0.7978054245522012,1.624669551427694
-0.1256892796277091,-0.0552201897375089,3.074080613749798,0.0218199626123759,-0.2785132451619777,-0.4231458489521292,-0.9691519876973708,5,white,-0.5151402521004431,1.8364196122113021
0.2141150539526407,-0.7441462576329604,-0.724090022306089,-0.66952692518932,-0.0290809040548305,0.6454524618176217,-0.1258547198776393,8,white,0.16257164609128674,0.17791209010738385
0.6898411209651306,2.0337814354938595,-0.4256623294731292,1.7080318840799318,0.4074256928826756,1.4469011948949346,-1.2221411680432908,7,white,-0.3501882222253723,1.9165610540739548
-2.164515281109809,0.3225779765277387,-0.7783496028211758,-0.214249706393093,0.8439322898201819,0.5118776729714027,-0.547503353787505,6,white,-1.311581916306696,0.7266773574933892
0.0781933205205009,-0.7441462576329604,-0.7512198125636337,-1.5294950051377902,0.095635266498743,-0.2227836656828007,1.3077506354159032,6,white,-0.8135517203183287,-0.2784869097634056
-2.164515281109809,0.3225779765277387,-0.7783496028211758,-0.2816981832517878,0.7815742045433964,0.5118776729714027,-0.547503353787505,5,white,-1.3536134503662525,0.7663949351575586
0.0781933205205009,-0.6330291499078875,-0.9682581346239671,-2.001634343148691,-0.6526617568226984,-1.5585315541449891,1.6450695425437962,6,white,-0.9091703544025787,-0.12431643886438191
0.9616845878294108,1.678206690773627,-0.3985325392155843,1.8429288377973208,0.095635266498743,1.5136885893180445,-1.7281195287351292,8,white,-0.37647346051880115,0.7953002602377928
0.6898411209651306,2.078228278583889,-0.4527921197306684,1.6405834072211996,0.3450676076058875,1.9144129558567,-1.3064708948252637,7,white,-0.22409362004670286,1.4867174594045731
-0.1936501463437792,-0.8552633653580332,-0.5341814905032947,-0.6526648059746464,-0.2161551598851922,1.1129642227793872,-0.3788439002235593,6,white,-0.39221975628492883,0.06345919687252928
2.2529410554347407,1.0337274659682043,0.6323994905710134,0.3590623469058871,-1.1515264390369928,-0.3563584545290197,-0.9691519876973708,5,white,-0.20618984135525578,-0.19693289483212456
-0.7373370800723391,-0.2330075620976254,-0.724090022306089,-1.0236314286975048,-1.0268102684834193,-1.2913819764525514,0.1271344604682791,6,white,-0.8440276884127487,-0.1041045067651402
1.0296454545454805,-0.810816522268004,-0.5341814905032947,-0.214249706393093,-2.0868977181887933,-1.6921063429912078,-0.800492534133425,3,white,0.9211725060389747,-2.0046799878015293
-0.1936501463437792,-0.8330399438130187,-0.7512198125636337,-0.4503193753985621,0.7815742045433964,-0.9574450043370044,-0.3788439002235593,5,white,-0.5561551627221637,-1.4199596356988096
0.0102324538044309,-0.6330291499078875,-0.5341814905032947,-0.5177678522572569,-0.153797074608404,0.2447280952789648,-0.4631736270055321,7,white,-0.6254885585129848,0.25405997874669745
0.146154187236571,-0.1885607190075962,-1.0496475053965937,-1.5969434819964852,0.3450676076058875,-1.1578071876063327,1.8137289961077416,9,white,-0.1021897476690243,1.1318402405817602
0.146154187236571,-0.7663696791779749,1.6904613106151531,-0.8212859981214207,-0.2161551598851922,-1.0242323987601136,-0.2945141734415865,6,white,-0.9207259203677154,-0.00821991228501506
1.5053715215579708,-0.810816522268004,1.880369842417948,-0.4503193753985621,0.0332771812219549,-1.0910197931832233,-1.3908006216072364,6,white,-1.317930129033006,0.22538571394234727
0.2820759206687107,-0.6330291499078875,-0.5341814905032947,-0.8887344749801154,1.1557227162041173,1.9144129558567,1.1390911818519576,8,white,-1.110946565098379,-0.5167923757484213
0.8257628543972707,-0.6996994145429313,-0.4527921197306684,0.2578896316178076,-0.2161551598851922,-0.3563584545290197,-0.547503353787505,6,white,0.9159651528001482,-0.7496917154414693
0.7578019876812007,0.2114608688026658,-0.9411283443664252,-0.5852163291159516,-0.590303671545913,0.1111533064327466,0.8017722747240648,6,white,-0.2545695881411223,-0.18353966209347874
-0.1936501463437792,1.5893130045935686,-0.5884410710183786,1.0335471154929097,0.7815742045433964,-0.0892088768365817,-0.6318330805694778,6,white,-0.7021867904679515,1.8345449185909057
-0.3295718797759189,-0.5441354637278293,-0.8868687638513413,-1.3271495745616686,1.093364630927329,0.9126020395100596,1.392080362197876,7,white,-0.6149496159856835,-0.512092535990768
-0.0577284129116391,-0.7663696791779749,-0.4527921197306684,-0.9224587134094628,-0.2161551598851922,-0.1559962712596912,0.717442547942092,6,white,-0.3081566881658158,1.0895416827628803
0.0102324538044309,-0.6774759929979167,-0.3442729587005004,-0.9055965941947892,0.90629037509697,0.9793894339331692,0.3801236408141991,7,white,-0.5687273521251361,-0.14288473761911114
-2.164515281109809,0.3003545549827242,-0.2900133781854162,-0.1805254679637457,0.4697837781594611,0.6454524618176217,-0.547503353787505,6,white,-1.3305023184359788,1.1612207919204247
-0.941219680220549,-0.8552633653580332,-0.696960232048547,-1.259701097702974,1.2180808014809026,-0.8906576099138948,0.3801236408141991,7,white,-1.111963188536215,0.39436199064864524
-0.1256892796277091,-0.8997102084480624,-0.5613112807608368,-0.5852163291159516,2.2158101659094918,-0.3563584545290197,-0.9691519876973708,5,white,-1.0583760885115214,0.31492683532030674
-0.1936501463437792,-0.810816522268004,-0.5341814905032947,-1.66439195885518,-0.6526617568226984,-1.1578071876063327,1.392080362197876,7,white,-0.2587603179421133,0.2907213499977257
0.4859585208169208,-0.8774867869030477,-0.3714027489580425,-0.9224587134094628,0.0332771812219549,-0.0224214824134723,-0.2101844466596121,6,white,-1.513358127002497,-1.104568934264282
-0.2616110130598489,0.8114932505180589,-0.2628835879278742,0.2241653931884602,-0.0290809040548305,-0.0224214824134723,-0.0415249930956665,6,white,-0.9123444607657338,2.4653263214599606
-0.397532746491989,-0.7663696791779749,-0.3442729587005004,-0.7538375212627259,-0.9020940979298456,-0.4899332433752383,-0.0415249930956665,6,white,-0.3428233860612263,-1.0540391040161778
-0.1936501463437792,-0.810816522268004,-0.4799219099882105,-1.0236314286975048,-1.0891683537602077,-0.2895710601059102,0.2957939140322263,6,white,-0.6832663883386688,-1.2634392449209593
-0.2616110130598489,0.76704640742803,-0.2628835879278742,0.2241653931884602,-0.0290809040548305,-0.0224214824134723,-0.0415249930956665,6,white,-0.9123444607657338,2.4653263214599606
0.4179976541008508,0.6337058781579427,-0.127234636640164,0.0555442010417233,0.5944999487130347,0.1779407008558561,0.3801236408141991,7,white,-0.9354555926960075,0.38331867778882617
-0.1936501463437792,1.8115472200437144,-0.2900133781854162,1.269616784498341,0.1579933517755285,-1.0910197931832233,-0.7161628073514522,6,white,0.19304761418570632,-0.17413998257817198
0.2141150539526407,1.7226535338636564,-0.2357537976703321,0.999822877063562,-0.9020940979298456,-0.8906576099138948,-1.3908006216072364,5,white,-0.8671388203430221,2.740293158696005
-0.1256892796277091,0.5892590350679134,-0.2628835879278742,0.1567169163297654,-0.153797074608404,-0.9574450043370044,-0.800492534133425,6,white,-0.8482184182137391,2.3346550493492035
-0.2616110130598489,-0.5885823068178585,-0.0187154756099985,-0.0456285142463562,-1.2762426095905663,-0.4231458489521292,-1.475130348389209,8,white,-0.7326627585623711,1.3123350564063077
0.6898411209651306,-0.7663696791779749,-0.2628835879278742,-0.1805254679637457,-1.0268102684834193,0.7790272506638407,0.464453367596172,4,white,-0.012919326311084741,-0.99880943401042
0.8937237211133408,-0.8330399438130187,-0.2357537976703321,-0.0456285142463562,-0.9020940979298456,0.5118776729714027,-0.2101844466596121,4,white,0.26974584614067393,-1.399747703599568
0.4859585208169208,-0.6552525714529022,-0.5613112807608368,-1.259701097702974,0.3450676076058875,-0.6902954266445667,1.392080362197876,8,white,-0.45736242227475893,0.12174507329142784
0.3500367873847808,1.01150404442319,-0.0729750561250798,1.1515819499956252,0.5944999487130347,-0.4231458489521292,-0.6318330805694778,4,white,-0.05914159017163225,0.2796780371379067
-0.0577284129116391,1.7671003769536853,-0.20862400741279,1.3370652613570733,-0.9020940979298456,-0.0224214824134723,-1.475130348389209,5,white,-0.2850455562355422,1.9156237072637565
-0.8052979467884089,0.1670140257126366,-0.4527921197306684,-0.0962148718903772,-0.4655875009923394,0.6454524618176217,-0.547503353787505,5,white,-0.5498069499958534,0.1325573258753629
-0.873258813504479,0.1225671826226075,-0.3985325392155843,-0.0962148718903772,-0.4655875009923394,0.6454524618176217,-0.547503353787505,5,white,-0.6033940500205465,0.04066628461857679
-0.873258813504479,0.1670140257126366,-0.4256623294731292,-0.0793527526757035,-0.4655875009923394,0.6454524618176217,-0.547503353787505,5,white,-0.5077754159362969,0.06557805647547192
-1.824710947529459,-0.9441570515380916,-0.5070517002457526,-0.7201132828333785,0.8439322898201819,-1.2245945820294422,-1.1378114412613178,5,white,-0.9858685863575457,-1.8037421796018562
-0.397532746491989,-0.8552633653580332,-0.1814942171552479,0.0218199626123759,0.095635266498743,-1.0910197931832233,-0.8848222609153978,4,white,0.31914221636437584,-1.061442006919815
-1.824710947529459,-0.9441570515380916,-0.5070517002457526,-0.7201132828333785,0.8439322898201819,-1.2245945820294422,-1.1378114412613178,5,white,-1.0930427864069325,-1.8037421796018562
0.4859585208169208,-0.0774436112825234,-0.3985325392155843,0.1567169163297654,0.8439322898201819,0.1779407008558561,-0.2101844466596121,7,white,-0.8009795309153562,0.5219770563462613
0.0102324538044309,-0.7663696791779749,-0.5341814905032947,-0.8887344749801154,-1.8374653770816465,-1.3581693708756608,0.3801236408141991,6,white,0.07431784817118307,-0.1562779703577571
0.146154187236571,-0.810816522268004,-0.696960232048547,-1.5294950051377902,-1.0268102684834193,-0.9574450043370044,1.1390911818519576,6,white,-0.5529810563590085,-0.20915772048468795
0.553919387532991,-0.8774867869030477,-0.4527921197306684,-0.7538375212627259,-1.7751072918048607,-1.4249567652987702,-0.2945141734415865,7,white,0.0522233396787448,-0.48718076413387285
0.0102324538044309,-0.0996670328275381,0.0084143146475463,0.3590623469058871,2.0287359100791296,-0.6235080322214572,-0.9691519876973708,7,white,-1.0993909991332425,1.5226725441212872
2.0490584552865303,1.2337382598733355,-0.5613112807608368,1.1009955923516042,-0.590303671545913,-0.6235080322214572,-1.3908006216072364,6,white,0.15838091629029608,1.5156227844848074
-0.3295718797759189,1.7448769554086707,-0.3442729587005004,0.7300289696287456,-0.3408713304387659,-0.6902954266445667,-0.4631736270055321,6,white,-0.736853488363362,2.804216221682754
0.6218802542490606,-0.6774759929979167,-0.3442729587005004,-0.3828708985398674,1.4051550573112643,-0.2895710601059102,0.1271344604682791,8,white,0.0974289801014571,1.264861432571344
-0.6014153466401989,-0.4774651990927857,-0.2628835879278742,-0.3154224216811351,0.3450676076058875,-0.6902954266445667,-0.6318330805694778,5,white,-0.8019961543531922,-0.8523950092821906
-1.484906613949109,-0.4996886206378002,-0.3985325392155843,-0.4503193753985621,0.8439322898201819,-1.0242323987601136,-1.0534817144793436,5,white,0.08174480236015334,-0.5851842182169407
0.0781933205205009,-0.4774651990927857,0.0084143146475463,-0.3828708985398674,-1.2762426095905663,-0.3563584545290197,-0.8848222609153978,7,white,-0.6717108223735317,1.6058701923970808
0.2141150539526407,1.5448661615035395,-0.0458452658675378,1.1684440692102989,2.2158101659094918,-0.4231458489521292,-0.4631736270055321,5,white,-0.7788850224229185,1.4820176196469195
1.7772149884222503,2.2115688078539764,-0.3442729587005004,1.1009955923516042,-0.4655875009923394,-0.1559962712596912,-1.3064708948252637,5,white,-0.5308865478665709,0.4862530319054313
1.3694497881258307,0.1892374472576513,-1.0767772956541355,-0.5514920906866042,-0.5279455862691249,-0.8906576099138948,1.1390911818519576,7,white,-0.4720920946030507,-0.7339485628239969
0.7578019876812007,1.678206690773627,-0.6427006515334628,0.9660986386341772,-0.9020940979298456,-1.0242323987601136,-1.3908006216072364,5,white,-0.790440588388055,2.7924666222886216
-0.2616110130598489,1.6559832692286125,-0.2900133781854162,0.7806153272727667,-0.2785132451619777,-0.8238702154907857,-0.4631736270055321,6,white,-0.736853488363362,3.3656684352730917
0.0781933205205009,0.5225887704328698,-0.5341814905032947,0.1398547971150917,0.2203514370523139,-0.8238702154907857,-0.800492534133425,5,white,-0.9322814863328521,2.2427640080924176
0.7578019876812007,1.7671003769536853,-0.4799219099882105,0.982960757848851,-0.9020940979298456,-1.0242323987601136,-1.3908006216072364,5,white,-0.8135517203183287,2.829834280073964
0.8257628543972707,0.3670248196177678,-0.4256623294731292,0.1735790355444391,-0.6526617568226984,-0.8906576099138948,-1.3908006216072364,5,white,-0.9091703544025787,2.6733138892961135
0.0102324538044309,-0.810816522268004,-0.2357537976703321,-0.855010236550768,-0.9020940979298456,-0.8238702154907857,0.717442547942092,5,white,-0.07590450937559541,-1.382591977913467
-0.1936501463437792,0.5003653488878551,-0.3442729587005004,0.3590623469058871,0.8439322898201819,0.1111533064327466,-0.4631736270055321,6,white,-0.5193309819014337,2.649108403973533
-0.1936501463437792,2.27823907248902,-0.3442729587005004,1.2358925460689938,-1.0268102684834193,-0.4231458489521292,-0.800492534133425,7,white,-0.17787135618615565,1.3511152872602785
-0.2616110130598489,0.5448121919778843,-0.6155708612759208,0.1061305586857444,-0.5279455862691249,0.4450902785482933,-0.7161628073514522,5,white,-0.56136251596099,1.4282005227097905
0.9616845878294108,1.4893076076410032,-0.5341814905032947,0.8649259233461352,0.1579933517755285,-0.0224214824134723,-0.8848222609153978,6,white,-0.8019961543531922,2.4491079425840576
-0.873258813504479,-0.7663696791779749,-0.4799219099882105,-0.6358026867599726,1.966377824802344,-0.8238702154907857,-0.4631736270055321,7,white,-0.6748228107118628,-0.4458195531251911
0.2820759206687107,-0.3441246698226982,-0.724090022306089,-1.3945980514204008,-0.5279455862691249,-1.0242323987601136,1.392080362197876,7,white,0.4021886610456531,0.2984773961685199
0.0781933205205009,0.6559292997029571,-0.154364426897706,0.6625804927700509,0.3450676076058875,-0.6235080322214572,-1.5594600751711836,7,white,-1.0731057608398136,-0.3471098125078092
-0.1936501463437792,-0.0107733466474797,0.0355441049050855,0.0218199626123759,1.8416616542487705,-0.6235080322214572,-0.2945141734415865,7,white,-1.0920261629690964,-0.19435191467741372
4.631571390497189,2.922718297294442,-0.2628835879278742,1.7248940032946054,-1.6503911212512872,-0.6902954266445667,-0.800492534133425,5,white,0.5313952515626531,2.12361127509991
0.2141150539526407,-0.7663696791779749,-0.4799219099882105,-0.3491466601104825,-1.6503911212512872,-1.1578071876063327,-0.4631736270055321,5,white,-0.0854268284650609,0.16992498366070558
-0.465493613208059,-0.4107949344577419,-0.2357537976703321,0.4939593006232766,0.8439322898201819,-0.0892088768365817,-0.8848222609153978,4,white,1.2943110773609794,-1.5071508371979423
0.4859585208169208,0.3003545549827242,-0.6155708612759208,-0.1130769911050509,-0.2785132451619777,-0.4899332433752383,0.8017722747240648,5,white,-0.3501882222253723,-1.2502770724581973
-0.397532746491989,-0.6996994145429313,-0.3714027489580425,-0.3154224216811351,-0.9020940979298456,-1.0242323987601136,-0.8848222609153978,5,white,0.20987265141449346,-0.34945973238663586
0.146154187236571,1.0337274659682043,-0.5884410710183786,0.6625804927700509,-0.9020940979298456,-0.2895710601059102,-0.6318330805694778,6,white,-0.31552152432996206,0.19953659527525391
0.0781933205205009,-0.810816522268004,-0.7783496028211758,-0.5852163291159516,0.0332771812219549,0.1111533064327466,-0.3788439002235593,6,white,-1.1151372948993699,-0.8251333175464688
0.3500367873847808,-0.8330399438130187,-0.3985325392155843,-0.5852163291159516,-1.4633168654209254,-1.1578071876063327,-0.4631736270055321,5,white,0.04803260987775402,0.39201207076981853
-0.397532746491989,-0.7219228360879458,-0.3985325392155843,-0.2479739448224404,-0.9644521832066338,-1.0242323987601136,-0.8848222609153978,5,white,0.05120671624090951,-0.44135077364342207
0.0102324538044309,-0.9219336299930768,-0.4256623294731292,-0.6526648059746464,1.0310065456505435,0.0443659120096371,-0.2945141734415865,7,white,-0.8093609905173382,-0.6373576818095575
0.0102324538044309,-0.8774867869030477,-0.4799219099882105,-0.6526648059746464,1.0310065456505435,0.0443659120096371,-0.2945141734415865,7,white,-0.9354555926960075,-0.6498135677380051
0.146154187236571,2.300462494034035,-0.1814942171552479,1.269616784498341,-1.213884524313781,-0.7570828210676762,-1.3064708948252637,6,white,-0.39221975628492883,1.0622799910271588
0.2820759206687107,-0.0107733466474797,-0.5341814905032947,-0.855010236550768,-0.590303671545913,0.2447280952789648,1.4764100889798504,7,white,0.7394575569599402,-0.005869992406188278
-0.465493613208059,-0.2330075620976254,-0.9139985541088832,-0.7538375212627259,0.90629037509697,-0.1559962712596912,0.8861020015060377,6,white,-1.2454226268790303,-0.30574860149912736
-0.7373370800723391,1.6559832692286125,-0.6155708612759208,0.8986501617754825,0.3450676076058875,-0.6902954266445667,-0.8848222609153978,6,white,-1.0583760885115214,0.7088153452729743
0.7578019876812007,-0.4107949344577419,-0.5884410710183786,-0.5852163291159516,-0.4655875009923394,-1.1578071876063327,0.8017722747240648,5,white,0.10161970990244805,-0.8002215456895737
-0.2616110130598489,-0.7219228360879458,-0.4256623294731292,-0.5852163291159516,-0.590303671545913,-1.0910197931832233,-0.800492534133425,6,white,-0.40060121588691017,1.4352502823462703
0.2141150539526407,2.7671543464793404,-0.4799219099882105,1.6405834072211996,0.095635266498743,-0.7570828210676762,-1.3064708948252637,6,white,-0.744218324527508,0.8007063865297604
0.0781933205205009,-0.6996994145429313,-0.7783496028211758,-1.1922526208442792,0.7192161192666082,1.1129642227793872,1.2234209086339305,7,white,-1.493421101435378,-0.5424104341396305
-1.552867480665179,-0.7663696791779749,-1.0225177151390514,-1.3271495745616686,0.6568580339898229,-0.1559962712596912,0.717442547942092,7,white,-0.6002199436573916,-1.0523954706716652
-2.0965544143937387,-0.7885931007229895,-1.0767772956541355,-1.731840435713912,0.9686484603737554,-1.1578071876063327,1.4764100889798504,7,white,-0.8145683437561649,-0.3508723054552642
-0.873258813504479,-0.7441462576329604,-0.9953879248815094,-1.5969434819964852,0.5944999487130347,-0.4231458489521292,1.729399269325769,7,white,-0.9627574544272719,-0.29094279569185316
0.4179976541008508,-0.7219228360879458,-0.2900133781854162,-0.6863890444039937,0.5944999487130347,2.448712111241576,0.9704317282880104,6,white,-0.9617408309894364,-0.6382950286197557
-0.465493613208059,-0.1663372974625817,-0.0729750561250798,0.3590623469058871,-0.6526617568226984,-0.2895710601059102,-1.1378114412613178,5,white,0.020730748146489515,-0.3579220650917442
-0.1256892796277091,-0.0329967681924942,0.0355441049050855,0.0218199626123759,1.7793035689719825,-0.5567206377983478,-0.2101844466596121,6,white,-1.2296763311129029,0.8841350950814381
0.0781933205205009,0.5670356135228988,-0.1814942171552479,0.6963047311993983,0.1579933517755285,-0.2895710601059102,-1.6437898019531565,5,white,-1.2412318970780392,1.8448819449164107
0.0781933205205009,0.3670248196177678,-0.5341814905032947,0.1904411547591128,1.0310065456505435,0.5786650673945123,0.1271344604682791,7,white,-0.009745219947929614,0.5873126924016399
2.66070625573116,-0.7663696791779749,2.5314848085989565,-0.618940567545299,-0.6526617568226984,-0.4231458489521292,-0.6318330805694778,5,white,-1.2569781928441672,-1.544518494983285
2.66070625573116,-0.7885931007229895,2.5857443891140406,-0.618940567545299,-0.6526617568226984,-0.4899332433752383,-0.6318330805694778,6,white,-1.2990097269037235,-1.5717801867190069
-0.7373370800723391,-0.7441462576329604,-0.8054793930787151,-1.731840435713912,1.716945483695197,-0.5567206377983478,1.6450695425437962,6,white,-0.9406629459348341,-1.121724659950383
0.146154187236571,-0.1885607190075962,-0.8326091833362572,-1.2934253361323214,1.1557227162041173,-0.5567206377983478,1.1390911818519576,6,white,-0.7452349479653437,-0.8211397643231297
0.0781933205205009,-0.7663696791779749,-0.3714027489580425,-0.6863890444039937,1.342796972034476,-0.0892088768365817,0.2114641872502534,5,white,-0.8167258266814839,1.743822284420202
-0.7373370800723391,-0.6996994145429313,-0.1814942171552479,-0.5852163291159516,1.2180808014809026,-0.0892088768365817,-0.0415249930956665,6,white,-0.3743159775934817,0.05711572377036357
-0.1256892796277091,0.0558969179875638,-0.0729750561250798,-0.1468012295343983,-0.6526617568226984,-0.3563584545290197,-0.2101844466596121,6,white,-0.1705065200220093,1.1386589399423563
-0.1256892796277091,0.0336734964425493,-0.1001048463826219,-0.1468012295343983,-0.6526617568226984,-0.5567206377983478,-0.2101844466596121,6,white,-0.08644345190289661,1.2032882894634205
0.4859585208169208,0.8559400936080883,-0.5613112807608368,-0.3491466601104825,-1.0268102684834193,-1.0242323987601136,1.2234209086339305,7,white,-0.009745219947929614,-0.8392328368194288
0.4179976541008508,-0.3663480913677128,-0.4527921197306684,-0.4503193753985621,-1.7127492065280725,-0.9574450043370044,-0.2945141734415865,6,white,-0.031839728440368,0.7953002602377928
0.8257628543972707,-0.8330399438130187,-0.2900133781854162,-0.0456285142463562,-0.5279455862691249,0.5786650673945123,-0.2945141734415865,4,white,0.17412721205642337,-1.4768329390490795
-0.3295718797759189,2.256015650944005,-0.20862400741279,0.8986501617754825,-0.2161551598851922,-0.9574450043370044,-0.547503353787505,5,white,-0.7788850224229185,3.0674334595246657
-0.941219680220549,-0.8330399438130187,-0.2900133781854162,-0.1805254679637457,0.9686484603737554,-0.4231458489521292,-0.3788439002235593,4,white,-0.5529810563590085,-1.4845889852198737
0.2820759206687107,-0.7219228360879458,-0.4527921197306684,0.3590623469058871,0.1579933517755285,0.1111533064327466,-0.8848222609153978,6,white,0.0522233396787448,0.6681604207986067
0.146154187236571,-0.7663696791779749,-0.2900133781854162,-0.618940567545299,-1.0891683537602077,-0.5567206377983478,-0.0415249930956665,6,white,0.001810346017207012,0.37626891815234614
0.146154187236571,-0.8330399438130187,-0.2900133781854162,-0.7201132828333785,0.4074256928826756,0.6454524618176217,-0.1258547198776393,5,white,-1.0047889884868284,-2.014785953851151
-0.3295718797759189,1.0559508875132193,0.1440632659352565,0.6963047311993983,0.5321418634362493,-0.4231458489521292,-0.8848222609153978,6,white,-1.0352649565812482,0.5896626122804665
-0.1256892796277091,2.756042635706833,-0.0187154756099985,1.7417561225092792,-1.0891683537602077,-0.2227836656828007,-1.1378114412613178,6,white,-0.01711005611207591,1.3854267386324803
1.9131367218543904,-0.6552525714529022,-0.2900133781854162,-0.3154224216811351,-1.0891683537602077,0.0443659120096371,-0.3788439002235593,7,white,-0.35755305838951856,1.3076352166486542
0.2820759206687107,-0.7219228360879458,-0.1814942171552479,-0.3154224216811351,-0.4655875009923394,-0.5567206377983478,-0.6318330805694778,7,white,-0.22726772640985807,-0.9325364511448432
0.6218802542490606,0.3892482411627823,-0.3171431684429583,0.2241653931884602,-0.8397360126530602,-0.4899332433752383,-0.9691519876973708,5,white,-0.706377520268942,2.498931486297848
0.7578019876812007,0.4559185057978259,-0.3171431684429583,0.2241653931884602,-0.8397360126530602,-0.5567206377983478,-0.9691519876973708,6,white,-0.706377520268942,2.521493338275916
0.4859585208169208,-0.8330399438130187,0.1711930561927986,-0.5852163291159516,0.5321418634362493,-0.3563584545290197,-0.1258547198776393,7,white,-0.6065681563837017,-0.205395227537233
-0.397532746491989,-0.3885715129127274,-0.5070517002457526,-1.1585283824149315,0.7192161192666082,0.1111533064327466,0.6331128211601191,6,white,-0.6916478479406506,0.8801415418580989
-0.2616110130598489,-0.3885715129127274,-0.3442729587005004,-0.5177678522572569,1.2180808014809026,0.7122398562407312,0.2114641872502534,6,white,-1.0195186608151205,-0.765910094317372
-1.756750080813389,-0.5219120421828147,-0.127234636640164,-0.4503193753985621,0.5944999487130347,-0.6902954266445667,-1.0534817144793436,5,white,-0.3942530031606002,-0.4387697934887111
0.3500367873847808,-0.8552633653580332,0.0626738951626302,-0.5177678522572569,0.90629037509697,0.1111533064327466,-0.2101844466596121,7,white,-0.8513925245768947,1.651700182887532
0.4859585208169208,-0.8330399438130187,-0.0458452658675378,-0.5177678522572569,-0.9020940979298456,-0.9574450043370044,-0.0415249930956665,6,white,-0.2346325625740037,0.47520971904561216
0.8257628543972707,-0.810816522268004,-0.3714027489580425,-0.4503193753985621,-0.7150198420994867,1.4469011948949346,-0.2101844466596121,6,white,-0.5677107286873007,-0.2636811039561314
0.6218802542490606,-0.7441462576329604,-0.2357537976703321,-0.4503193753985621,0.095635266498743,0.8458146450869501,0.5487830943781448,7,white,-0.5141236286626071,1.9236108137104349
1.0976063212615506,-0.7441462576329604,0.0084143146475463,-0.0793527526757035,-0.4655875009923394,-0.8238702154907857,-0.2101844466596121,6,white,-0.19260102851444708,-0.16239038318403876
1.0296454545454805,1.4559724753234813,-0.2357537976703321,0.7637532080580931,-0.2161551598851922,-0.2227836656828007,-0.8848222609153978,5,white,-0.9396463224969982,2.4639137483913327
-0.3295718797759189,1.678206690773627,0.1983228464503406,1.6405834072211996,2.714674848123786,-0.6902954266445667,-1.3908006216072364,5,white,-1.3715172290576996,1.90574880149002
-0.6693762133562691,-0.4996886206378002,-0.5613112807608368,-0.6526648059746464,-1.213884524313781,-1.6253189485680986,-0.2945141734415865,5,white,0.3990145546824977,-0.4521630262273569
1.0296454545454805,1.367078789143423,0.3882313782531347,0.7637532080580931,-1.5256749506977136,2.315137322395357,-1.1378114412613178,5,white,-0.1137453136341613,0.827261791731168
0.6898411209651306,-0.810816522268004,-0.3171431684429583,-0.9899071902681577,-1.7127492065280725,-1.4917441597218797,-0.0415249930956665,6,white,-0.7515831606916541,1.2079881292210741
-0.397532746491989,-0.7885931007229895,-0.20862400741279,0.0218199626123759,-0.0914389893316186,0.5786650673945123,-0.8848222609153978,6,white,-0.27666409663355995,1.9640346779089184
0.6898411209651306,-0.7885931007229895,-0.4256623294731292,-0.6863890444039937,-0.7150198420994867,-0.2895710601059102,0.717442547942092,7,white,0.1362864077978577,0.33278884754072174
0.0102324538044309,0.4448067950253187,-1.0225177151390514,-0.3491466601104825,0.1579933517755285,-1.0910197931832233,0.464453367596172,8,white,-0.8703129267061773,1.8721436366521325
0.4179976541008508,1.2337382598733355,0.0898036854201723,0.5614077774819713,-0.590303671545913,-1.0242323987601136,-0.0415249930956665,6,white,-0.44161612650863136,1.4594557676688513
2.8645888558793704,-0.4996886206378002,0.8494378126313497,-0.5852163291159516,1.7793035689719825,1.1129642227793872,1.2234209086339305,6,white,-0.23983991581283046,0.6035310712775424
0.9616845878294108,-0.7663696791779749,-0.4799219099882105,-0.5177678522572569,0.9686484603737554,-0.1559962712596912,-0.7161628073514522,6,white,-1.3599616630925626,0.4270298086763345
0.8257628543972707,-0.7663696791779749,-0.3985325392155843,-0.5177678522572569,0.5944999487130347,-0.1559962712596912,-0.2945141734415865,6,white,-1.1876447970533461,0.9962380684374659
-1.0091805469366188,0.7003761427929861,-0.4527921197306684,0.3590623469058871,-0.8397360126530602,-1.5585315541449891,-0.8848222609153978,4,white,1.2858674997341744,-1.350630446420092
0.2141150539526407,-0.7885931007229895,-0.127234636640164,-0.1468012295343983,1.1557227162041173,0.3783028841251838,-0.1258547198776393,7,white,-0.5529810563590085,1.0056377479527725
0.8257628543972707,1.322631946053394,-0.1814942171552479,0.8986501617754825,-0.2161551598851922,0.2447280952789648,-1.0534817144793436,4,white,0.5850444696121706,2.4232588239169646
0.6218802542490606,-0.6552525714529022,-0.0729750561250798,0.0892684394710707,1.5922293131416234,0.5786650673945123,-0.0415249930956665,6,white,-0.6675200925725412,0.4065868163012087
-0.1936501463437792,0.5670356135228988,-0.2628835879278742,0.3253381084765397,0.7815742045433964,0.5786650673945123,-0.4631736270055321,6,white,-0.56136251596099,2.0627444185263
0.2820759206687107,0.3892482411627823,-0.0458452658675378,0.8986501617754825,1.6545873984184116,0.7122398562407312,-0.2945141734415865,6,white,-0.24720475197697675,2.0677974015511107
0.9616845878294108,1.2337382598733355,5.081685092807908,1.269616784498341,-2.211613888742367,1.3801138004718252,-1.2221411680432908,3,white,1.6105642062454895,1.5238540569140313
0.4179976541008508,-0.7219228360879458,-0.4527921197306684,-0.1130769911050509,-0.4032294157155512,0.9126020395100596,-0.2945141734415865,6,white,0.11736600566857579,0.7781445345516921
0.3500367873847808,-0.7885931007229895,0.0898036854201723,-0.3154224216811351,1.966377824802344,2.315137322395357,0.1271344604682791,5,white,-0.5792662946524373,-0.9652042691725325
-0.5334544799241291,0.2114608688026658,-0.3442729587005004,0.3590623469058871,-0.0914389893316186,0.1779407008558561,-0.7161628073514522,5,white,0.46733132703548297,-1.2183155409648223
0.146154187236571,0.0558969179875638,-0.6155708612759208,0.2578896316178076,0.90629037509697,-0.0892088768365817,-1.0534817144793436,7,white,-0.8776777628703235,-0.00821991228501506
0.146154187236571,-0.810816522268004,-0.5884410710183786,-0.9224587134094628,-1.0891683537602077,1.3801138004718252,0.3801236408141991,5,white,-0.5792662946524373,-0.8274832374252956
-0.1256892796277091,-0.6552525714529022,-0.2628835879278742,0.1567169163297654,-0.0290809040548305,1.1797516172024969,0.2114641872502534,4,white,1.9394516425577948,-0.22020103334450714
-0.1256892796277091,-0.8997102084480624,-0.4799219099882105,-0.855010236550768,-1.3386006948673546,0.1779407008558561,0.1271344604682791,5,white,-0.030760986977707926,-0.9254866915083633
0.0102324538044309,0.0336734964425493,-0.3714027489580425,0.2241653931884602,0.095635266498743,-0.5567206377983478,0.1271344604682791,4,white,0.6585685952039825,-0.603983577247554
1.0976063212615506,3.2005110666071244,-0.2357537976703321,2.180171222090795,-1.7127492065280725,-0.8906576099138948,-1.475130348389209,5,white,0.09323825030046602,2.596934940380916
0.3500367873847808,-0.7663696791779749,-0.20862400741279,-0.7201132828333785,-0.4032294157155512,-0.3563584545290197,0.2957939140322263,7,white,-0.5719014584882912,-0.529954548211183
0.553919387532991,-0.6774759929979167,-0.1814942171552479,-0.4503193753985621,-0.5279455862691249,-0.5567206377983478,-0.0415249930956665,5,white,-0.7705035628209369,-0.5151487424039088
-1.484906613949109,-0.8330399438130187,-0.2900133781854162,-0.2816981832517878,0.4074256928826756,-0.5567206377983478,-0.4631736270055321,5,white,-1.031074226780257,-0.368028031141365
1.3694497881258307,-0.7441462576329604,-0.7512198125636337,-0.9224587134094628,-0.9644521832066338,-0.6902954266445667,-0.1258547198776393,5,white,-0.2587603179421133,-1.6559151818049984
0.4179976541008508,-0.8774867869030477,-0.5070517002457526,-0.3828708985398674,-1.213884524313781,-0.6902954266445667,-1.1378114412613178,5,white,0.8161557889149078,-1.0843570021650404
0.2820759206687107,-0.0774436112825234,-0.5884410710183786,-1.1922526208442792,0.5321418634362493,0.5786650673945123,1.729399269325769,6,white,-0.48885501380701435,0.26040345184886315
0.146154187236571,0.5448121919778843,-0.2357537976703321,0.5614077774819713,-0.777377927376272,0.0443659120096371,-1.3064708948252637,5,white,-0.39221975628492883,0.4307923016237896
3.3403149228918605,-0.8774867869030477,2.1787975352509075,-0.4503193753985621,-1.213884524313781,-0.9574450043370044,-1.1378114412613178,6,white,-0.7326627585623711,0.9830758959747042
0.6898411209651306,-0.8330399438130187,-0.5884410710183786,-1.259701097702974,-1.4633168654209254,-0.9574450043370044,0.6331128211601191,5,white,-0.021300785913066965,-0.8281895239596097
1.5733323882740409,-0.6330291499078875,-0.1814942171552479,0.5614077774819713,-0.6526617568226984,1.0461768283562778,-0.2101844466596121,4,white,0.9432670145314124,-0.45686286598501025
0.6218802542490606,-0.6330291499078875,-0.20862400741279,-0.1468012295343983,-1.6503911212512872,-0.6235080322214572,-0.4631736270055321,5,white,0.3884756121551965,-0.07989902144255925
0.146154187236571,-0.8552633653580332,0.0898036854201723,-0.4840436138279095,1.7793035689719825,-0.4231458489521292,0.1271344604682791,6,white,-0.4111401584142116,-0.19905175443506706
-0.5334544799241291,1.1003977306032484,0.98508676391906,1.2021683076396463,1.1557227162041173,-0.4231458489521292,-1.3064708948252637,5,white,0.6890445632984026,1.229612634388944
-0.8052979467884089,-0.8774867869030477,0.5510101197983872,-0.0456285142463562,0.4697837781594611,0.0443659120096371,-1.5594600751711836,4,white,-1.2117725524214555,1.359808680241271
0.2820759206687107,-0.6774759929979167,-0.0729750561250798,-0.855010236550768,-0.8397360126530602,1.2465390116256063,0.8861020015060377,7,white,0.06695301200703711,0.08437741550608531
-0.2616110130598489,0.5448121919778843,0.361101587995593,0.6963047311993983,0.7192161192666082,0.1111533064327466,-0.9691519876973708,5,white,-0.6790756585376779,1.4773177798892663
-0.397532746491989,-0.2330075620976254,0.6052697003134714,0.3590623469058871,0.5321418634362493,0.9793894339331692,-0.8848222609153978,5,white,-0.6296792883139752,1.4861332558615319
-0.397532746491989,-0.2107841405526109,0.4424909587682189,0.3590623469058871,0.4697837781594611,0.9126020395100596,-0.8848222609153978,5,white,-0.6296792883139752,1.3316096416953511
0.3500367873847808,-0.6996994145429313,0.4153611685106768,0.1229926779004181,0.90629037509697,1.1129642227793872,0.2957939140322263,6,white,0.12054011203173025,1.2726174787421383
0.4179976541008508,2.1671219647639477,-0.0729750561250798,1.910377314656016,-0.0290809040548305,-0.2227836656828007,-0.7161628073514522,5,white,0.059588175842891535,0.22609200047666148
1.3014889214097607,0.100343761077593,-0.2357537976703321,-0.1130769911050509,-0.9020940979298456,-0.5567206377983478,-1.2221411680432908,6,white,-0.6223144521498294,1.990590083110326
0.146154187236571,-0.5441354637278293,-0.5341814905032947,-0.7538375212627259,-0.777377927376272,-0.2895710601059102,0.464453367596172,7,white,-0.4952032265333244,0.25335369221238313
0.8257628543972707,0.2892428442102167,-0.8868687638513413,-0.9561829518388102,-1.6503911212512872,-0.8906576099138948,1.729399269325769,7,white,0.789870550621479,-1.1731918370086856
0.2820759206687107,-0.7885931007229895,-0.696960232048547,-0.4840436138279095,0.7815742045433964,0.1779407008558561,0.3801236408141991,6,white,-0.7746942926219275,0.7259710709590752
0.0102324538044309,-0.7663696791779749,-0.4527921197306684,-0.855010236550768,-1.40095878014414,0.1111533064327466,0.6331128211601191,7,white,0.529299886662158,0.7243274376145628
0.0781933205205009,0.9003869366981172,-0.5613112807608368,0.2578896316178076,-1.6503911212512872,-0.8906576099138948,0.2957939140322263,7,white,0.30022181423509264,-0.03242539760759586
-0.1256892796277091,0.6559292997029571,-0.2357537976703321,0.1904411547591128,-1.588033035974499,-0.4231458489521292,0.2957939140322263,5,white,0.2424439844094091,0.7701574281050139
0.8937237211133408,1.5448661615035395,-0.20862400741279,0.9660986386341772,-0.3408713304387659,-0.2227836656828007,-1.0534817144793436,6,white,0.3212996992896956,0.7748572678626671
-0.873258813504479,-0.4107949344577419,-0.6427006515334628,-1.3945980514204008,-0.0290809040548305,0.0443659120096371,1.8137289961077416,7,white,-0.20199911155426467,0.042309917963089284
0.0781933205205009,0.5892590350679134,-0.2357537976703321,0.9660986386341772,0.90629037509697,0.3783028841251838,-0.3788439002235593,6,white,-0.11691941999731618,1.2958856172545208
0.8257628543972707,-0.8330399438130187,-0.5341814905032947,-0.0456285142463562,-0.2785132451619777,0.7790272506638407,-0.4631736270055321,5,white,-0.0402211880423495,0.7377206703532085
0.146154187236571,2.500473287939166,-0.154364426897706,1.9778257915147108,1.6545873984184116,-0.7570828210676762,-0.6318330805694778,5,white,-0.736853488363362,2.063681765336499
-0.1936501463437792,0.255907711892695,-0.2900133781854162,0.2241653931884602,0.4074256928826756,-0.0224214824134723,-0.3788439002235593,6,white,-0.5077754159362969,1.3649837462573544
0.0781933205205009,-0.0774436112825234,0.0626738951626302,0.3590623469058871,1.2804388867576908,-0.9574450043370044,-1.3064708948252637,7,white,-1.0384390629444031,0.08672733538491191
-0.465493613208059,0.1670140257126366,-0.5070517002457526,0.1567169163297654,0.3450676076058875,-1.0242323987601136,-0.9691519876973708,6,white,-0.8019961543531922,1.3816642456850254
0.3500367873847808,2.6449255279817603,-0.2357537976703321,1.6743076456505843,-1.213884524313781,-0.7570828210676762,-1.1378114412613178,6,white,-0.5067587924984611,1.4601620542031655
-0.7373370800723391,0.0114500748975346,-0.5884410710183786,-0.1130769911050509,0.8439322898201819,-1.3581693708756608,-0.3788439002235593,7,white,-0.970122290591418,0.3062334423393142
2.52478452229902,1.1448445736932773,-0.4256623294731292,1.067271353922257,-1.0268102684834193,-0.5567206377983478,-1.6437898019531565,5,white,-0.09799901786803365,1.6822491413122784
0.8937237211133408,-0.2774544051876546,-0.8054793930787151,-0.855010236550768,2.0287359100791296,-0.2895710601059102,0.5487830943781448,8,white,-1.5175488568034874,-0.18588958197230548
0.0102324538044309,-0.8330399438130187,-0.5341814905032947,-0.855010236550768,-0.3408713304387659,-0.7570828210676762,0.5487830943781448,8,white,-0.5529810563590085,0.4667473863405038
0.0781933205205009,-0.2330075620976254,-0.6155708612759208,-0.3828708985398674,-0.2161551598851922,-0.9574450043370044,0.0428047336863063,7,white,-0.8472017947759036,-0.35721577855743
1.7772149884222503,2.6782606602992827,-0.20862400741279,2.0452742683734053,-1.3386006948673546,-0.1559962712596912,-1.0534817144793436,6,white,0.017556641783335027,2.501281406176675
0.2141150539526407,2.100451700128904,-0.2357537976703321,1.2358925460689938,-1.0891683537602077,-0.4231458489521292,-1.3908006216072364,6,white,-0.5719014584882912,0.992950801748441
0.553919387532991,-0.8552633653580332,0.333971797738051,-0.5852163291159516,1.2180808014809026,-0.6902954266445667,0.0428047336863063,6,white,-0.6254885585129848,0.2820279570167334
-0.0577284129116391,0.3670248196177678,-0.5070517002457526,-0.0119042758169713,-0.777377927376272,-1.4249567652987702,0.0428047336863063,7,white,-0.09698239443019764,0.18167458305483886
-0.0577284129116391,0.7448229858830154,-0.3171431684429583,0.5951320159113187,-0.8397360126530602,-1.4249567652987702,-1.475130348389209,5,white,-0.3386326562602353,1.7304290516815564
0.0781933205205009,-0.8330399438130187,-0.6427006515334628,-1.3271495745616686,2.2781682511862766,-1.0242323987601136,0.3801236408141991,8,white,-1.4639617567787944,-0.41315173509750186
-0.397532746491989,0.8337166720630738,-0.4527921197306684,0.3590623469058871,0.5944999487130347,-1.0910197931832233,-0.2945141734415865,6,white,-0.6527904202442489,0.8646294495165106
-0.465493613208059,1.2337382598733355,-0.4799219099882105,0.5614077774819713,0.5321418634362493,-1.2913819764525514,-0.3788439002235593,6,white,-0.6107588861846927,0.15135668490597626
-0.7373370800723391,-0.5441354637278293,-0.8597389735937991,-1.731840435713912,1.0310065456505435,1.7140507725873726,2.910015444273393,7,white,-0.9858685863575457,-0.6429948683774092
0.6898411209651306,-0.4996886206378002,-0.7783496028211758,-1.259701097702974,0.282709522329102,-0.6902954266445667,1.0547614550699849,6,white,-1.2223114949487568,0.5057586774703589
0.553919387532991,-0.7663696791779749,-0.6427006515334628,-1.0573556671268898,1.342796972034476,-0.0224214824134723,0.717442547942092,5,white,-1.264343029008313,1.5724960878350773
0.4859585208169208,0.3670248196177678,-0.5613112807608368,-0.2479739448224404,-0.6526617568226984,-0.7570828210676762,0.1271344604682791,5,white,0.1394605141610133,-0.9186679921477674
0.8937237211133408,-0.0329967681924942,-0.7783496028211758,-0.7875617596920733,1.7793035689719825,-0.2895710601059102,0.8017722747240648,7,white,-1.020535284252956,0.7577015421765665
-1.145102280368759,-0.6774759929979167,-0.7512198125636337,-1.4283222898497483,0.4697837781594611,0.3783028841251838,1.729399269325769,7,white,0.10060308646461198,-0.4582754390536387
-0.3295718797759189,-0.7441462576329604,-0.8868687638513413,-1.7655646741432591,-0.0914389893316186,-0.1559962712596912,1.729399269325769,7,white,-0.825107286283466,-1.1513362715649316
0.553919387532991,-0.5885823068178585,-0.0729750561250798,0.2241653931884602,-1.1515264390369928,-0.4899332433752383,-1.0534817144793436,4,white,0.5418720760651303,-0.018556938610519946
0.3500367873847808,-0.8330399438130187,-0.4527921197306684,-1.1248041439855845,-1.0268102684834193,0.5118776729714027,1.3077506354159032,6,white,-0.26929926046941455,-0.8227833976676421
0.146154187236571,1.5448661615035395,-0.1001048463826219,1.269616784498341,1.8416616542487705,-0.6235080322214572,-0.547503353787505,6,white,-0.9049796246015878,1.7748464691033787
0.553919387532991,-0.7663696791779749,-0.2628835879278742,-0.2816981832517878,0.3450676076058875,-0.6235080322214572,0.1271344604682791,5,white,-0.5908218606175739,-0.470025038447772
-1.0091805469366188,-0.810816522268004,-0.2628835879278742,-0.4503193753985621,0.2203514370523139,-1.4249567652987702,-0.4631736270055321,4,white,0.3559663971851059,-2.091871189300662
0.4179976541008508,-0.6330291499078875,-0.2628835879278742,-0.5852163291159516,-0.590303671545913,-0.9574450043370044,-0.1258547198776393,8,white,-0.9312648628950166,-0.10786699971259534
-1.2810240138008988,-0.810816522268004,-0.4527921197306684,-0.7875617596920733,0.4074256928826756,-0.0892088768365817,-0.0415249930956665,5,white,-0.4068873105883965,-1.3802420580346402
0.146154187236571,0.722599564338001,-0.5341814905032947,1.0335471154929097,0.5321418634362493,0.7122398562407312,-0.7161628073514522,5,white,0.9191392591633029,1.3868393117011086
-1.2810240138008988,-0.810816522268004,-0.4527921197306684,-0.7875617596920733,0.4074256928826756,-0.0892088768365817,-0.0415249930956665,5,white,-0.4604744106130901,-1.3802420580346402
-1.077141413652689,1.7448769554086707,-0.3985325392155843,0.9660986386341772,0.3450676076058875,-1.3581693708756608,-1.3064708948252637,5,white,0.21831622904129974,0.13725716563301626
0.0102324538044309,1.633759847683598,-0.154364426897706,1.1684440692102989,1.966377824802344,-0.5567206377983478,-1.1378114412613178,6,white,-1.2811680662371006,0.05640943723604939
-0.1256892796277091,-0.7663696791779749,-0.2628835879278742,-0.4840436138279095,-0.3408713304387659,-0.3563584545290197,-0.3788439002235593,6,white,-0.41634751165303796,0.034553871792295174
0.4859585208169208,-0.7997048114954968,-0.4527921197306684,-1.1585283824149315,0.7815742045433964,-0.8906576099138948,0.717442547942092,7,white,-0.7252979223982253,0.08296484243745682
0.8937237211133408,-0.7663696791779749,-0.3985325392155843,-0.0456285142463562,-1.8374653770816465,-0.4899332433752383,0.2114641872502534,5,white,1.451836153047081,-0.6328889023277884
0.553919387532991,-0.7885931007229895,-0.3442729587005004,-0.2816981832517878,-1.6503911212512872,-0.2895710601059102,0.2957939140322263,5,white,0.79825201022346,-0.17813353580151126
0.8937237211133408,1.7671003769536853,-0.2628835879278742,0.9660986386341772,-0.153797074608404,-0.4899332433752383,-1.1378114412613178,6,white,0.3748867993143886,0.9633391901338924
-0.1936501463437792,-0.688587703770424,-0.5070517002457526,-1.8667373894313013,-0.6526617568226984,-1.8924685262605363,1.982388449671689,7,white,-1.3463107322269308,2.3527481218455026
-0.1936501463437792,0.1781257364851439,-0.3985325392155843,-0.855010236550768,0.0332771812219549,-1.4249567652987702,1.2234209086339305,7,white,-1.3578662981920673,-0.42795754090477606
-0.3295718797759189,-0.8330399438130187,-0.2628835879278742,-0.5852163291159516,0.282709522329102,-0.4899332433752383,-0.8848222609153978,5,white,-1.8380548335138114,-0.5346543879688364
-0.1936501463437792,0.0558969179875638,-0.696960232048547,-0.9224587134094628,-1.0268102684834193,-1.4249567652987702,1.0547614550699849,7,white,-0.028665622077212426,0.15370660478480286
-0.2616110130598489,-0.8552633653580332,-0.2357537976703321,-0.3154224216811351,-0.2161551598851922,-0.6902954266445667,-1.2221411680432908,6,white,-0.7746942926219275,0.796006546772107
0.146154187236571,-0.2330075620976254,-0.2628835879278742,-0.0456285142463562,-0.153797074608404,-0.0892088768365817,-0.7161628073514522,6,white,-0.648599690443258,-0.06673684897979766
-0.0577284129116391,2.067116567811382,-0.3714027489580425,1.4382379766451154,-0.3408713304387659,0.0443659120096371,-1.2221411680432908,5,white,-0.029682245515048326,0.5156335832440956
0.6898411209651306,-0.6108057283628731,-0.1001048463826219,-0.1805254679637457,-1.4633168654209254,-0.6902954266445667,-0.4631736270055321,5,white,0.2739365759416639,-0.1219665189855552
0.146154187236571,-0.0774436112825234,-0.3985325392155843,0.2578896316178076,0.1579933517755285,-0.7570828210676762,-0.1258547198776393,5,white,0.3759034227522244,-0.2777806232290915
0.146154187236571,1.733765244636163,-0.2357537976703321,1.3707894997864207,1.342796972034476,-0.4231458489521292,-0.8848222609153978,6,white,-0.6717108223735317,0.5826128526439867
0.6898411209651306,0.0336734964425493,-0.8054793930787151,-1.0573556671268898,1.093364630927329,-0.8906576099138948,1.4764100889798504,8,white,-1.0047889884868284,2.3830660199943656
0.3500367873847808,0.7448229858830154,-0.696960232048547,-0.3828708985398674,1.2180808014809026,-0.8906576099138948,0.9704317282880104,8,white,-0.7410442181643531,2.2834189325667857
0.9616845878294108,-0.4107949344577419,0.0355441049050855,0.4939593006232766,-0.5279455862691249,0.3115154897020743,-0.8848222609153978,5,white,0.7940612804224692,0.591306245624979
1.1655671879776206,0.411471662707797,-0.6155708612759208,-0.2816981832517878,-1.4633168654209254,-1.2913819764525514,0.8017722747240648,5,white,0.8129816825517522,-0.44816947300401777
0.0781933205205009,-0.8997102084480624,0.5238803295408452,-0.8212859981214207,-0.5279455862691249,-0.4899332433752383,0.0428047336863063,6,white,-0.0854268284650609,-1.2291277935487575
1.1655671879776206,0.5003653488878551,-0.127234636640164,1.1684440692102989,-0.3408713304387659,0.5118776729714027,-0.2945141734415865,5,white,1.0998375848045019,0.3957745637172737
-0.1256892796277091,-0.7663696791779749,-0.2357537976703321,-0.4165951369692147,0.1579933517755285,-0.5567206377983478,-0.0415249930956665,5,white,-0.4458068563096219,0.08978354179805274
0.0102324538044309,-0.7885931007229895,-0.2628835879278742,-0.4165951369692147,0.2203514370523139,-0.6235080322214572,-0.0415249930956665,5,white,-0.4037753222500654,0.10223942772650028
-0.941219680220549,0.5448121919778843,-0.4256623294731292,0.4602350621939293,-0.5279455862691249,-0.8238702154907857,-1.3908006216072364,5,white,-0.32390298393194344,2.9832984644386737
0.0102324538044309,-0.8774867869030477,-0.696960232048547,-0.3154224216811351,-1.213884524313781,-0.8238702154907857,0.0428047336863063,5,white,0.6984426463382194,-0.13770967160302772
0.0102324538044309,-0.8330399438130187,-0.4256623294731292,0.2578896316178076,-0.3408713304387659,-0.2895710601059102,-0.8848222609153978,5,white,0.8854891847057286,0.20400537475702313
0.3500367873847808,0.1447906041676221,-0.8597389735937991,-0.2479739448224404,-0.153797074608404,-0.2895710601059102,0.2114641872502534,6,white,-0.8472017947759036,-0.07989902144255925
-0.6014153466401989,0.4781419273428406,-0.5070517002457526,0.2241653931884602,-0.5279455862691249,-1.2245945820294422,-0.8848222609153978,5,white,-0.6717108223735317,2.5487550300116384
-1.0091805469366188,0.5670356135228988,-0.3985325392155843,0.4602350621939293,-0.590303671545913,-0.8906576099138948,-1.3908006216072364,5,white,-0.2703158839072499,2.8540397653965446
-2.164515281109809,-0.8330399438130187,-0.3985325392155843,-0.2816981832517878,0.5321418634362493,-1.0242323987601136,-0.9691519876973708,4,white,0.477870269562784,-0.6770752594737268
-1.6887892140973189,-0.8330399438130187,-0.5884410710183786,-0.855010236550768,1.716945483695197,-1.2245945820294422,0.0428047336863063,6,white,-0.8124729788556692,-0.3111547277910949
-0.1256892796277091,-0.0552201897375089,-0.5341814905032947,0.7300289696287456,1.529871227864838,-0.6235080322214572,-1.3064708948252637,4,white,-0.40694942861322037,0.9851947555776467
0.2820759206687107,-0.6552525714529022,-0.6155708612759208,-0.0456285142463562,1.2180808014809026,-0.3563584545290197,-0.0415249930956665,4,white,0.14682535032515903,0.5607572872002323
-0.1936501463437792,2.622702106436746,-0.0729750561250798,1.7754803609386265,-0.4032294157155512,-1.0242323987601136,-1.3064708948252637,6,white,0.1279049481958762,-0.019263225144834206
-0.3295718797759189,-0.2107841405526109,3.915104111733601,-0.1130769911050509,0.282709522329102,-1.0242323987601136,-0.9691519876973708,6,white,-1.1655502885609081,2.6653202299961043
0.146154187236571,-0.8330399438130187,-0.0458452658675378,-0.0119042758169713,0.4074256928826756,1.780838167010482,-0.800492534133425,6,white,-0.7053608968311066,1.2773173184997917
0.6218802542490606,0.5225887704328698,-0.3714027489580425,0.0218199626123759,-0.4655875009923394,0.4450902785482933,-0.2945141734415865,7,white,-0.7252979223982253,0.4183364156953421
1.1655671879776206,-0.9219336299930768,0.0084143146475463,-0.5852163291159516,-0.9644521832066338,-1.0242323987601136,-0.1258547198776393,6,white,0.04803260987775402,-1.1092687740219354
0.0102324538044309,0.2781311334377095,-0.724090022306089,0.0218199626123759,1.8416616542487705,-0.8238702154907857,-0.1258547198776393,5,white,-1.0888520566059414,0.34289481359034263
-0.3295718797759189,-0.9441570515380916,-0.4799219099882105,-0.618940567545299,0.0332771812219549,-1.4249567652987702,-0.8848222609153978,5,white,-0.15260274133056265,-1.0766009559942462
0.7578019876812007,-0.810816522268004,-0.3442729587005004,-0.2479739448224404,-0.0290809040548305,0.5786650673945123,0.0428047336863063,6,white,-0.38066419031979165,-0.3330102932348491
0.4179976541008508,-0.8997102084480624,-0.5341814905032947,-0.9224587134094628,-0.0914389893316186,-1.0910197931832233,0.3801236408141991,5,white,-0.6139329925478476,-0.8585074221084723
0.7578019876812007,-0.1218904543725526,0.1440632659352565,0.6963047311993983,0.9686484603737554,-0.2227836656828007,-0.547503353787505,6,white,-0.13583982212659915,-0.38753367670629263
0.8937237211133408,0.0781203395325785,-0.724090022306089,0.2916138700471549,-0.5279455862691249,-1.2913819764525514,-0.800492534133425,5,white,1.645230904140899,-0.5487539072417964
0.8257628543972707,-0.6996994145429313,-0.5613112807608368,-1.091079905556237,-1.3386006948673546,1.1129642227793872,1.898058722889716,6,white,-0.35755305838951856,-0.7348859096341952
0.0781933205205009,-0.6774759929979167,-0.3171431684429583,-0.4840436138279095,1.2180808014809026,0.1111533064327466,0.717442547942092,5,white,-0.42269572437934816,-0.12502272539869608
-0.397532746491989,1.7004301123186414,-0.5613112807608368,1.3707894997864207,1.1557227162041173,-0.2227836656828007,-0.4631736270055321,6,white,-0.3617437881905089,1.997408782470922
0.6218802542490606,0.7892698289730444,-0.3985325392155843,0.6625804927700509,-1.40095878014414,-0.6235080322214572,-1.2221411680432908,5,white,-0.8324721224476115,1.8044580807179271
0.2141150539526407,1.3448553675984083,-0.4799219099882105,1.3033410229276885,0.8439322898201819,-0.2227836656828007,-0.9691519876973708,7,white,-0.5918384840554098,1.0037630543323761
-0.1936501463437792,-0.6774759929979167,-0.3985325392155843,0.2241653931884602,1.46751314258805,0.0443659120096371,-0.2945141734415865,6,white,-0.6181237223488387,0.4944843043346555
0.553919387532991,-0.4996886206378002,-0.5613112807608368,0.3590623469058871,-1.588033035974499,-0.9574450043370044,-1.1378114412613178,5,white,1.7880884255235328,0.8559360565355181
-0.465493613208059,-0.1218904543725526,-0.3442729587005004,0.1229926779004181,0.0332771812219549,-1.1578071876063327,-0.9691519876973708,5,white,-0.6139329925478476,-0.025375637971115843
0.8937237211133408,0.9003869366981172,-0.7512198125636337,0.4939593006232766,-0.6526617568226984,-1.1578071876063327,-0.3788439002235593,6,white,0.47152205683647386,-0.26297481742181733
-0.1256892796277091,-0.6330291499078875,-0.8597389735937991,-0.855010236550768,-0.0914389893316186,-0.4231458489521292,0.0428047336863063,6,white,-0.790440588388055,0.3654566655684109
0.0102324538044309,-0.2107841405526109,-0.6427006515334628,-1.1248041439855845,-0.2785132451619777,-0.6235080322214572,1.898058722889716,7,white,0.8539965931734732,0.6933032529313858
2.1849801887186704,1.5004193184135106,0.2254526367078827,1.1009955923516042,-0.6526617568226984,-0.1559962712596912,-1.3908006216072364,5,white,-0.10638047747001524,2.7699047703105526
0.3500367873847808,-0.8552633653580332,-0.2357537976703321,-0.2479739448224404,-0.8397360126530602,-0.6902954266445667,-1.0534817144793436,5,white,0.05120671624090951,0.5513576076849256
0.4179976541008508,-0.6330291499078875,-0.8326091833362572,-1.0573556671268898,0.1579933517755285,-0.8906576099138948,0.464453367596172,8,white,-0.8934240586364512,0.26980313136416983
-0.1256892796277091,-0.810816522268004,-0.5341814905032947,-0.4503193753985621,-0.590303671545913,-1.3581693708756608,-0.547503353787505,6,white,-0.6254885585129848,0.9541705708944699
1.0296454545454805,-0.7663696791779749,0.3068420074805089,-0.0456285142463562,-0.777377927376272,-0.5567206377983478,-0.800492534133425,5,white,-0.1473953880917362,-1.730650497375684
-0.397532746491989,0.0336734964425493,-0.8868687638513413,0.0892684394710707,-0.4032294157155512,1.2465390116256063,0.1271344604682791,7,white,-0.5645366223241451,0.4970652844893662
0.0102324538044309,2.089339989356396,0.469620749025761,1.1684440692102989,-1.6503911212512872,-0.7570828210676762,-1.1378114412613178,6,white,-0.4153308882152024,-0.1297225651563494
0.553919387532991,2.15601025399144,-0.3985325392155843,1.7754803609386265,0.8439322898201819,-0.8238702154907857,-1.2221411680432908,7,white,-0.4762828244040417,0.7661573220283435
-0.6693762133562691,0.722599564338001,-0.8597389735937991,0.6288562543406662,0.6568580339898229,0.4450902785482933,-0.800492534133425,6,white,-0.43526791378232077,1.5059920446936166
0.8937237211133408,2.0337814354938595,-0.5070517002457526,1.5731349303625048,-1.213884524313781,-0.4899332433752383,-1.1378114412613178,6,white,-0.1547602242558818,1.2469994203509291
0.3500367873847808,0.411471662707797,-0.9953879248815094,-0.214249706393093,-1.40095878014414,-0.3563584545290197,0.1271344604682791,7,white,-0.2966011222006788,-0.8998686331171539
0.3500367873847808,-0.7885931007229895,-0.8054793930787151,-0.855010236550768,0.4697837781594611,-0.5567206377983478,0.2114641872502534,6,white,-0.9123444607657338,0.013635653158739148
0.3500367873847808,-0.7885931007229895,-0.7783496028211758,-0.7875617596920733,0.4697837781594611,-0.4899332433752383,0.2114641872502534,7,white,-0.8472017947759036,-0.6474636478591784
0.4179976541008508,0.611482456612928,-0.2900133781854162,0.3253381084765397,-0.777377927376272,-1.0910197931832233,-1.3064708948252637,5,white,-0.6223144521498294,1.1673332047467064
-1.077141413652689,-0.7885931007229895,-0.20862400741279,-0.9561829518388102,1.5922293131416234,-0.6235080322214572,0.1271344604682791,6,white,-1.2464392503168658,-1.0089154000600409
0.0102324538044309,-0.7885931007229895,-0.2628835879278742,0.2916138700471549,-0.2161551598851922,-0.4899332433752383,-0.9691519876973708,5,white,0.8434576506461721,0.31375842823422423
0.9616845878294108,2.3337976263515565,-0.5341814905032947,1.3707894997864207,-1.7751072918048607,-1.2245945820294422,-1.475130348389209,6,white,-0.4689179882398955,1.9384166195177088
0.553919387532991,-0.7441462576329604,-0.696960232048547,-0.9561829518388102,1.2180808014809026,-0.2895710601059102,0.8017722747240648,6,white,-1.054185358710531,0.9612203305309497
0.9616845878294108,-0.7885931007229895,-0.724090022306089,-1.2934253361323214,0.0332771812219549,-0.4231458489521292,1.6450695425437962,6,white,-0.05914159017163225,0.13420095921987546
0.6218802542490606,-0.8997102084480624,-0.3985325392155843,-0.7875617596920733,-1.6503911212512872,-1.8924685262605363,-0.0415249930956665,6,white,0.7940612804224692,-1.32336875468437
0.4859585208169208,0.3670248196177678,0.1983228464503406,0.4265108237645819,0.4074256928826756,-1.5585315541449891,-0.7161628073514522,5,white,-0.2661251541062593,0.8394866173837314
0.2820759206687107,-0.7663696791779749,-0.4527921197306684,-0.5177678522572569,0.0332771812219549,-0.0892088768365817,0.6331128211601191,6,white,0.10479381626560254,0.5873126924016399
0.8937237211133408,-0.8552633653580332,-0.6427006515334628,-0.6526648059746464,-3.022268997340594,-0.4231458489521292,0.2114641872502534,6,white,0.8938706443077093,-1.442521487676878
0.6898411209651306,0.4559185057978259,-0.3171431684429583,0.4602350621939293,-0.3408713304387659,-0.6902954266445667,0.0428047336863063,5,white,0.15101608012615012,1.1191532943774287
0.2820759206687107,-0.8997102084480624,-0.6155708612759208,-1.3271495745616686,-1.1515264390369928,-1.4249567652987702,0.9704317282880104,8,white,0.6364740867115443,-0.7807159001246462
0.4179976541008508,1.567089583048554,6.628083137487805,1.6068591687918523,-1.7751072918048607,-0.3563584545290197,-1.1378114412613178,5,white,1.538056704091513,1.0792046564373754
0.8257628543972707,0.4559185057978259,-0.8054793930787151,-0.5177678522572569,-1.2762426095905663,-1.2913819764525514,0.464453367596172,8,white,-0.3617437881905089,-0.0519310431725234
0.0781933205205009,-0.8663750761305405,-0.3442729587005004,-0.855010236550768,0.6568580339898229,-0.6235080322214572,0.3801236408141991,6,white,-0.9165351905667244,0.7104655314708177
0.0102324538044309,0.2114608688026658,-0.6155708612759208,-0.855010236550768,1.7793035689719825,0.3115154897020743,1.6450695425437962,7,white,-0.469934611677731,0.9534642843601557
0.4859585208169208,-0.8552633653580332,-0.5070517002457526,-0.1805254679637457,-0.4032294157155512,0.9126020395100596,-0.4631736270055321,6,white,-0.06333231997262316,-0.34781609904212335
0.4859585208169208,-0.6108057283628731,-0.6427006515334628,-1.259701097702974,0.2203514370523139,0.0443659120096371,1.4764100889798504,7,white,-0.48783839036917825,-0.19200199479858707
0.3500367873847808,-0.3663480913677128,-0.9139985541088832,-1.4620465282790955,-0.5279455862691249,-0.0224214824134723,1.8137289961077416,6,white,-0.32390298393194344,-0.7760160603669929
0.4179976541008508,0.3225779765277387,-0.4799219099882105,-0.0793527526757035,-0.777377927376272,-0.7570828210676762,-0.0415249930956665,5,white,-0.8587573607410404,-0.4498131063485303
1.4374106548419008,-0.8552633653580332,-0.2628835879278742,-0.8212859981214207,0.0332771812219549,-1.6921063429912078,1.6450695425437962,6,white,0.8171724123527431,-0.2636811039561314
0.6898411209651306,-0.8663750761305405,-0.6427006515334628,-1.1585283824149315,-0.153797074608404,-1.4249567652987702,1.5607398157618233,3,white,0.5219350504980126,-0.7036306646751344
-0.1256892796277091,1.7671003769536853,-0.3714027489580425,1.3707894997864207,-1.0268102684834193,-0.8238702154907857,-1.5594600751711836,6,white,-0.18206208598714665,2.177197311761155
0.3500367873847808,-0.1218904543725526,-0.724090022306089,-0.855010236550768,-0.3408713304387659,0.0443659120096371,1.5607398157618233,7,white,0.6438389228756908,0.39436199064864524
0.3500367873847808,0.1781257364851439,-0.6427006515334628,-0.855010236550768,-0.4032294157155512,0.0443659120096371,1.729399269325769,7,white,0.7699335250543602,-0.38354012348295347
-0.1256892796277091,0.0336734964425493,-0.5341814905032947,-0.0793527526757035,0.9686484603737554,-0.6235080322214572,0.3801236408141991,6,white,0.45260165470719127,0.16921869712639132
-0.0577284129116391,-0.8330399438130187,-0.3714027489580425,-0.2816981832517878,1.2180808014809026,-0.2227836656828007,-0.3788439002235593,6,white,-0.09380828806704263,1.183076357364179
-0.0577284129116391,-0.7441462576329604,-0.5613112807608368,-0.5177678522572569,-1.213884524313781,-0.3563584545290197,-0.0415249930956665,5,white,0.2119680163149892,1.6415942168379112
0.4859585208169208,-0.3219012482776837,-0.8868687638513413,-0.5852163291159516,-0.3408713304387659,-0.1559962712596912,0.2957939140322263,5,white,-0.39221975628492883,0.22068587418469393
0.3500367873847808,-0.5219120421828147,-0.4256623294731292,-1.66439195885518,-0.9644521832066338,-0.6902954266445667,2.4883668103635275,7,white,0.3412367248568137,0.3701565053260643
1.0976063212615506,-0.6330291499078875,-0.3985325392155843,1.1684440692102989,-0.2161551598851922,0.3783028841251838,-0.7161628073514522,5,white,1.2574247785154262,0.5405453551009907
-0.2616110130598489,-0.7219228360879458,-0.4256623294731292,0.2916138700471549,1.4051550573112643,-0.6902954266445667,-1.1378114412613178,6,white,-0.49101249673233327,1.3504090007259644
0.6898411209651306,-0.6552525714529022,-0.5613112807608368,-0.2479739448224404,1.093364630927329,-0.8238702154907857,0.0428047336863063,7,white,-0.5908218606175739,1.0256186197761301
0.6898411209651306,0.3448013980727531,-0.6427006515334628,-0.9224587134094628,-1.5256749506977136,-0.9574450043370044,2.3197073567995816,7,white,0.83507619104419,0.5718006000600514
-0.6693762133562691,0.0114500748975346,-0.5341814905032947,-0.0456285142463562,0.4074256928826756,-1.4249567652987702,-0.3788439002235593,5,white,-0.790440588388055,-0.06908676885862435
2.7286671224472303,2.778266057251848,-0.3985325392155843,1.809204599367974,-1.8998234623584345,0.9793894339331692,-0.9691519876973708,4,white,1.7482143743892953,2.7503991247456256
0.553919387532991,0.0336734964425493,-0.0458452658675378,0.2578896316178076,-0.2785132451619777,-0.8906576099138948,0.0428047336863063,7,white,-0.18523619235030167,1.0942415225205337
0.146154187236571,-0.8774867869030477,-0.2900133781854162,-0.855010236550768,0.1579933517755285,-0.8906576099138948,0.6331128211601191,6,white,-0.5719014584882912,-0.6249017958811101
-0.0577284129116391,-0.8774867869030477,-0.3171431684429583,-0.6863890444039937,0.5944999487130347,-0.8906576099138948,0.2114641872502534,7,white,-0.6979960606669605,-0.9106808857010891
0.8257628543972707,1.25596168141835,-0.154364426897706,1.2021683076396463,-0.4655875009923394,-0.1559962712596912,-0.1258547198776393,5,white,1.5842789679520604,1.6415942168379112
-0.6014153466401989,0.0225617856700421,-0.6155708612759208,0.2241653931884602,3.712404212552372,-0.1559962712596912,-0.0415249930956665,7,white,-1.3798986886596813,1.2850733646705856
0.0781933205205009,-0.8774867869030477,-0.20862400741279,-0.618940567545299,-0.590303671545913,-0.7570828210676762,-1.0534817144793436,5,white,-1.2285975896502428,0.36616295210272526
0.0102324538044309,-0.8774867869030477,-0.2628835879278742,-0.618940567545299,-0.6526617568226984,-0.7570828210676762,-1.0534817144793436,6,white,-1.2821846896749365,0.23220441330294322
0.6218802542490606,-0.7219228360879458,-0.5341814905032947,-1.1585283824149315,0.4074256928826756,-0.9574450043370044,1.392080362197876,7,white,-0.3501882222253723,1.5062231049695005
2.7966279891633,-0.8997102084480624,2.2059273255084526,-0.3154224216811351,-0.9020940979298456,-1.5585315541449891,-1.1378114412613178,5,white,-0.88923332883546,1.5576902820278034
0.146154187236571,-0.7219228360879458,0.0084143146475463,0.4602350621939293,3.650046127275586,0.2447280952789648,-0.2101844466596121,6,white,-0.9585667246262809,-0.167090222941692
2.2529410554347407,-0.810816522268004,-0.2900133781854162,0.0218199626123759,0.6568580339898229,0.5786650673945123,-0.9691519876973708,6,white,-0.6444089606422675,0.453354153601858
-0.3295718797759189,0.3670248196177678,-0.5613112807608368,0.0892684394710707,0.3450676076058875,-1.2245945820294422,-0.2945141734415865,6,white,-1.168724394924063,3.658497284729551
-1.077141413652689,0.3892482411627823,-0.6155708612759208,0.3253381084765397,-0.9020940979298456,-0.9574450043370044,-1.3064708948252637,6,white,-0.39641048608591944,2.607978253240735
0.4179976541008508,0.3892482411627823,-0.5613112807608368,0.1904411547591128,-1.0268102684834193,-1.1578071876063327,-1.0534817144793436,6,white,-1.107772458735224,2.9793049112153347
-0.1256892796277091,0.4559185057978259,-0.5341814905032947,0.2241653931884602,-1.0268102684834193,-1.2913819764525514,-1.1378114412613178,6,white,-0.9165351905667244,2.8274843601951374
2.4568236555829506,-0.7885931007229895,-0.1814942171552479,0.0218199626123759,0.5944999487130347,0.7122398562407312,-0.9691519876973708,6,white,-0.602377426582711,0.5600510006659182
0.9616845878294108,-0.7997048114954968,-0.4799219099882105,-0.0456285142463562,-1.8998234623584345,-0.4899332433752383,-0.8848222609153978,6,white,1.0504412145807986,3.2414627192557743
0.2141150539526407,-0.8552633653580332,-0.5613112807608368,-0.2479739448224404,1.46751314258805,-0.9574450043370044,-0.547503353787505,5,white,-0.8661221969051862,-1.1092687740219354
0.146154187236571,0.5225887704328698,0.0626738951626302,0.5951320159113187,1.46751314258805,0.5786650673945123,0.464453367596172,7,white,-0.31234741796680643,0.9828448356988201
0.146154187236571,-0.1885607190075962,-0.7783496028211758,-1.1922526208442792,-1.4633168654209254,-0.8238702154907857,1.4764100889798504,8,white,-0.11691941999731618,0.26040345184886315
0.6898411209651306,2.1226751216739186,-0.3442729587005004,1.9441015530853636,-0.0914389893316186,1.0461768283562778,-1.6437898019531565,7,white,-0.10117312423118875,1.2032882894634205
-0.1936501463437792,1.2115148383283212,-0.4527921197306684,0.6963047311993983,-1.1515264390369928,-1.2245945820294422,-0.9691519876973708,5,white,0.06276228220604603,0.025860478811302646
1.641293254990111,1.9448877493138017,-0.2357537976703321,1.6068591687918523,-0.9644521832066338,0.3115154897020743,-0.9691519876973708,6,white,0.6595852186418184,1.9367729861731966
1.0296454545454805,-0.8774867869030477,-0.5341814905032947,-0.2479739448224404,-0.0914389893316186,-0.7570828210676762,0.2957939140322263,5,white,1.129296929461085,-0.13136619850086192
-0.0577284129116391,0.0558969179875638,3.046950823492253,0.6625804927700509,-0.153797074608404,-0.3563584545290197,-0.9691519876973708,5,white,0.07749195453433831,0.6745038939007726
-0.3295718797759189,-0.7885931007229895,0.1983228464503406,-0.2479739448224404,-0.0290809040548305,-0.4899332433752383,-1.1378114412613178,6,white,-1.0657409246756675,-0.17578361592268463
0.2820759206687107,-0.0329967681924942,0.7137888613436396,-0.1130769911050509,0.6568580339898229,-1.0910197931832233,0.2114641872502534,6,white,-0.5529810563590085,-0.5605035066359298
-0.1256892796277091,-0.6996994145429313,-0.8597389735937991,-0.5852163291159516,0.4074256928826756,0.5786650673945123,-0.0415249930956665,6,white,-0.6412348542791123,-0.15251547741030191
0.6218802542490606,-0.7441462576329604,-0.8326091833362572,-1.1922526208442792,-1.2762426095905663,1.6472633781642632,1.6450695425437962,6,white,-0.46053652863791394,0.2813216704824192
0.146154187236571,-0.7219228360879458,-0.7783496028211758,-1.1585283824149315,-1.4633168654209254,-0.3563584545290197,1.3077506354159032,7,white,-0.051776754007486124,0.5109337434864422
2.8645888558793704,1.25596168141835,-0.4799219099882105,1.067271353922257,-1.2762426095905663,-0.6902954266445667,-1.5594600751711836,5,white,-0.04441191784334011,1.2422995805932757
0.2820759206687107,0.8337166720630738,-0.8326091833362572,-0.618940567545299,-0.9644521832066338,-1.8924685262605363,1.8137289961077416,8,white,0.8655521591386097,1.2524055466428965
-0.1936501463437792,-0.7219228360879458,-0.1814942171552479,-1.1248041439855845,-1.0268102684834193,-0.6235080322214572,0.717442547942092,7,white,-1.1035817289342333,0.8054062262874138
0.553919387532991,-0.7663696791779749,-0.6698304417910048,-1.2934253361323214,-1.2762426095905663,0.4450902785482933,1.982388449671689,7,white,0.017556641783335027,0.1459505586140088
0.0781933205205009,-0.810816522268004,-0.7512198125636337,-1.4620465282790955,-0.4655875009923394,-0.1559962712596912,1.898058722889716,7,white,-0.10955458383317018,-0.10481079329945432
-0.1256892796277091,-0.7663696791779749,-0.6155708612759208,-0.855010236550768,0.9686484603737554,-0.6235080322214572,0.5487830943781448,6,white,-1.1035817289342333,-1.0469893443796978
0.0781933205205009,-0.7885931007229895,-0.6427006515334628,-0.1805254679637457,-0.5279455862691249,-0.7570828210676762,-0.7161628073514522,6,white,-0.13901392848975405,-0.7581540481465778
0.0102324538044309,0.9226103582431318,-0.5070517002457526,0.6963047311993983,-1.1515264390369928,0.1779407008558561,-0.7161628073514522,6,white,-0.32707709029509857,1.9095112944374755
-0.1256892796277091,-0.8774867869030477,-0.5341814905032947,-0.5177678522572569,1.716945483695197,0.0443659120096371,-0.2101844466596121,6,white,-1.2758985949734496,-1.0742510361154194
-0.6693762133562691,-0.1663372974625817,-0.724090022306089,-0.5177678522572569,-1.40095878014414,2.248349927972248,0.8861020015060377,4,white,0.02390485450964517,-0.9466359704178033
-0.6693762133562691,-0.1885607190075962,-0.696960232048547,-0.5177678522572569,-1.40095878014414,2.181562533549138,0.8861020015060377,4,white,0.107967922628758,-0.9466359704178033
0.0781933205205009,-0.0107733466474797,-0.3171431684429583,-0.1130769911050509,0.5944999487130347,-0.6235080322214572,0.2957939140322263,6,white,0.30339592059824816,0.2089362747905606
0.4179976541008508,0.3892482411627823,-0.3171431684429583,-0.6863890444039937,-0.2161551598851922,-1.0910197931832233,1.729399269325769,7,white,0.36434785678708725,0.05711572377036357
0.4859585208169208,0.0336734964425493,-0.4527921197306684,-0.6863890444039937,0.4697837781594611,-0.4231458489521292,1.5607398157618233,6,white,0.02809558431063586,1.2032882894634205
-0.2616110130598489,-0.0663319005100162,-0.3985325392155843,-0.5852163291159516,-1.6503911212512872,-0.8906576099138948,0.8017722747240648,5,white,-0.16631579022101886,1.2406559472487633
0.4179976541008508,0.1892374472576513,-0.3171431684429583,0.1567169163297654,-1.8374653770816465,-1.2245945820294422,-0.2945141734415865,6,white,0.5397767111646352,1.4314877893988154
0.553919387532991,0.5892590350679134,-0.6698304417910048,-0.214249706393093,-0.0290809040548305,-1.7588937374143172,0.717442547942092,5,white,-0.7746942926219275,1.6035202725182542
0.6898411209651306,0.3003545549827242,0.2797122172229668,0.4265108237645819,0.4697837781594611,-1.3581693708756608,-0.800492534133425,6,white,-0.5487903265580174,1.5753212339723341
0.2820759206687107,0.6781527212479715,-0.5884410710183786,0.2241653931884602,-1.0891683537602077,-1.5585315541449891,-0.2101844466596121,6,white,-0.07806199230091539,1.7990519544259596
2.66070625573116,2.733819214161819,-0.5070517002457526,1.8429288377973208,-1.7127492065280725,1.4469011948949346,-1.0534817144793436,5,white,1.4539936359724,2.6484021174392183
0.8937237211133408,-0.7219228360879458,-0.1814942171552479,0.0892684394710707,0.6568580339898229,-0.2895710601059102,0.1271344604682791,7,white,-0.49101249673233327,-0.5191422956272479
0.553919387532991,-0.7219228360879458,-0.2628835879278742,-1.5294950051377902,-0.590303671545913,-0.2895710601059102,1.898058722889716,8,white,-0.6601552564083952,0.04395355130760186
1.8451758551383204,-0.7885931007229895,-0.20862400741279,0.4265108237645819,-1.5256749506977136,0.5786650673945123,-0.8848222609153978,5,white,0.47355530371214505,0.06792797635429852
2.4568236555829506,-0.7663696791779749,-0.2900133781854162,0.0892684394710707,-1.2762426095905663,-0.5567206377983478,-0.1258547198776393,6,white,0.24765133764823508,-0.12126023245124114
1.5733323882740409,-0.7663696791779749,-0.20862400741279,0.1229926779004181,-1.2762426095905663,0.5118776729714027,-0.2101844466596121,6,white,0.43888860581673506,-0.8874127471887064
-1.6208283473812488,1.8782174846787576,-0.4256623294731292,0.8312016849167878,1.46751314258805,-0.9574450043370044,-0.547503353787505,6,white,-0.9921546810590317,0.6239740636526682
-0.6693762133562691,-0.2885661159601618,-0.4799219099882105,-0.618940567545299,0.0332771812219549,-0.2227836656828007,0.1271344604682791,6,white,-0.970122290591418,0.3001210295130324
1.5053715215579708,-0.8330399438130187,-0.4527921197306684,-0.2479739448224404,-1.7751072918048607,-0.6902954266445667,-0.0415249930956665,5,white,0.8823150783425728,0.01411087941716931
0.6898411209651306,-0.8330399438130187,-0.2900133781854162,0.1229926779004181,-0.9020940979298456,-0.3563584545290197,-0.800492534133425,5,white,0.962187416660695,0.2585287582284666
0.553919387532991,0.255907711892695,-0.4527921197306684,0.2578896316178076,-0.4655875009923394,-0.4899332433752383,-1.0534817144793436,6,white,-0.5802829180902729,1.317741182698275
0.2820759206687107,1.0337274659682043,-0.3442729587005004,0.8312016849167878,-0.777377927376272,-0.4899332433752383,-0.4631736270055321,6,white,-0.13164909232560854,1.90574880149002
-0.397532746491989,-0.6774759929979167,-0.8326091833362572,-0.4503193753985621,-1.1515264390369928,-0.9574450043370044,0.5487830943781448,6,white,-0.007649855047434226,1.3410093212106575
0.146154187236571,-0.810816522268004,-0.4799219099882105,-0.618940567545299,0.5944999487130347,0.5786650673945123,0.2114641872502534,5,white,-0.9312648628950166,0.42444882852162363
-0.0577284129116391,-0.8774867869030477,-0.3442729587005004,-0.4503193753985621,1.966377824802344,-0.1559962712596912,-0.2101844466596121,6,white,-1.2527874630431761,-0.4256076210259494
1.4374106548419008,0.3448013980727531,-0.5070517002457526,0.3253381084765397,-1.213884524313781,-0.7570828210676762,-1.475130348389209,5,white,-0.8324721224476115,2.643702277681565
0.6898411209651306,-0.7885931007229895,-0.3442729587005004,-1.0573556671268898,-1.1515264390369928,1.3801138004718252,1.898058722889716,6,white,-0.44161612650863136,-0.95603564993311
0.3500367873847808,-0.0996670328275381,-0.7783496028211758,-1.1922526208442792,0.0332771812219549,-0.6902954266445667,2.235377630017608,6,white,0.4063793908466438,-0.5191422956272479
-0.1256892796277091,-0.9219336299930768,-0.5341814905032947,-0.855010236550768,1.966377824802344,0.1779407008558561,-0.3788439002235593,6,white,-1.2769152184112857,0.39107472395962034
-0.397532746491989,-0.7441462576329604,0.98508676391906,-0.7201132828333785,1.342796972034476,0.8458146450869501,0.3801236408141991,5,white,-1.1498039927947803,0.9797886292856792
0.2141150539526407,-0.8330399438130187,-0.3714027489580425,-0.618940567545299,0.1579933517755285,0.5786650673945123,0.2114641872502534,6,white,-0.9428204288601532,0.4867282581638613
1.0976063212615506,-0.6108057283628731,-0.4527921197306684,-1.1585283824149315,-0.153797074608404,-0.0892088768365817,1.898058722889716,7,white,0.15838091629029608,-0.08224894132138592
2.7286671224472303,0.3892482411627823,-0.3985325392155843,0.4265108237645819,-0.6526617568226984,-1.1578071876063327,-1.1378114412613178,6,white,-0.9049796246015878,0.7889567871356269
0.0781933205205009,-0.7885931007229895,-0.2628835879278742,-0.5852163291159516,-0.6526617568226984,-0.6235080322214572,-0.0415249930956665,6,white,-0.5760921882892822,1.2133942555130415
0.0781933205205009,-0.8552633653580332,-0.7783496028211758,-1.4620465282790955,0.90629037509697,-1.0242323987601136,0.9704317282880104,6,white,-0.9711389140292535,-1.0890568419226938
0.7578019876812007,-0.6552525714529022,-0.127234636640164,-0.1805254679637457,-2.3363300592959404,-0.4899332433752383,-0.8848222609153978,5,white,-0.012919326311084741,-0.5245484219192156
0.6218802542490606,-0.6330291499078875,-0.1814942171552479,-0.1805254679637457,-2.3363300592959404,-0.5567206377983478,-0.8848222609153978,5,white,0.017556641783335027,-0.31585456754874824
0.0102324538044309,0.8337166720630738,0.0355441049050855,0.8986501617754825,1.093364630927329,-0.8906576099138948,-1.475130348389209,6,white,-1.0384390629444031,-0.29094279569185316
2.1849801887186704,2.6560372387542674,-0.1814942171552479,1.9778257915147108,-0.4655875009923394,-0.1559962712596912,-1.0534817144793436,7,white,-0.40694942861322037,2.741936792040517
0.4859585208169208,-0.7219228360879458,-0.6155708612759208,-1.1922526208442792,-0.8397360126530602,1.4469011948949346,1.729399269325769,8,white,-0.25037885834013185,2.090237170537906
1.2335280546936906,-0.8552633653580332,-0.2357537976703321,-0.9224587134094628,-0.0914389893316186,-1.2913819764525514,1.5607398157618233,6,white,0.5187609441348568,-0.2488752981488572
-0.5334544799241291,-0.6108057283628731,-0.2628835879278742,0.1567169163297654,2.652316762846997,1.2465390116256063,-0.3788439002235593,6,white,-1.3757079588586905,2.1229049885655953
0.2820759206687107,0.4336950842528115,-0.3985325392155843,-0.1468012295343983,0.2203514370523139,-1.0910197931832233,0.5487830943781448,8,white,0.08587341413631973,0.9003534739573407
-0.1256892796277091,0.3003545549827242,-0.2357537976703321,0.3590623469058871,0.4074256928826756,-0.0892088768365817,-0.4631736270055321,5,white,-0.965931560790427,2.100818362845957
-0.3295718797759189,1.5782012938210617,-0.6427006515334628,0.4602350621939293,-1.4633168654209254,-0.9574450043370044,0.2114641872502534,6,white,1.6263105020116166,0.3001210295130324
0.0102324538044309,-0.9441570515380916,-0.4527921197306684,-0.7875617596920733,0.282709522329102,-1.3581693708756608,-0.4631736270055321,6,white,-0.7820591287860733,0.8787289687894706
-0.6014153466401989,-0.6774759929979167,-0.7512198125636337,-0.4840436138279095,-1.1515264390369928,-1.3581693708756608,-0.1258547198776393,5,white,1.0294875655758446,-0.21714482693136639
-0.0577284129116391,1.633759847683598,0.0626738951626302,1.3033410229276885,1.7793035689719825,-0.4231458489521292,-0.6318330805694778,6,white,-0.7252979223982253,1.7055172798246612
0.3500367873847808,-0.6996994145429313,-0.4256623294731292,-1.259701097702974,0.2203514370523139,-0.8906576099138948,1.392080362197876,8,white,-0.4342512903444852,1.4665055273053311
0.3500367873847808,-0.8774867869030477,-0.3714027489580425,-1.1922526208442792,1.0310065456505435,-0.3563584545290197,1.8137289961077416,8,white,0.23825325460841798,0.22303579406352061
0.4859585208169208,0.255907711892695,-0.4799219099882105,-0.5852163291159516,-0.0914389893316186,-1.2245945820294422,1.392080362197876,7,white,0.37171269295123355,1.2430058671275899
0.553919387532991,0.2781311334377095,-0.4799219099882105,-0.3154224216811351,-0.4655875009923394,-1.2913819764525514,1.1390911818519576,7,white,0.5524110185924314,0.7936566268932804
0.4859585208169208,-0.9219336299930768,-0.3985325392155843,-0.7201132828333785,-1.6503911212512872,-1.6921063429912078,-0.1258547198776393,4,white,1.088282018839364,-1.2587394051633058
0.4859585208169208,-0.25523098364264,-0.6155708612759208,-0.9561829518388102,0.4074256928826756,0.9126020395100596,1.898058722889716,7,white,1.369930567853287,-0.22090731987882134
0.0781933205205009,-0.25523098364264,-0.8054793930787151,-1.3271495745616686,0.3450676076058875,-0.9574450043370044,1.8137289961077416,7,white,-0.27450661370824103,0.5936561655038056
-0.1256892796277091,-0.7219228360879458,-0.4527921197306684,0.3253381084765397,1.2804388867576908,-0.8238702154907857,-1.3064708948252637,5,white,-0.5866311308165835,1.3231473089902424
0.6218802542490606,-0.8774867869030477,-0.4527921197306684,-1.2934253361323214,-1.8998234623584345,-0.7570828210676762,0.717442547942092,5,white,-0.44161612650863136,0.676147527245285
0.6218802542490606,2.300462494034035,-0.1814942171552479,1.8429288377973208,0.5944999487130347,0.3783028841251838,-1.3908006216072364,6,white,-0.4762828244040417,1.9492288721016444
0.553919387532991,0.3225779765277387,-0.4799219099882105,0.2578896316178076,-0.4655875009923394,-0.6235080322214572,-1.0534817144793436,6,white,-0.7179330862340794,1.173676677848872
0.0102324538044309,-0.5885823068178585,-0.2357537976703321,-1.1585283824149315,0.3450676076058875,-0.4899332433752383,1.2234209086339305,8,white,-0.19780838175327425,0.05875935711487603
0.0102324538044309,-0.810816522268004,-0.4527921197306684,-0.7875617596920733,0.8439322898201819,0.0443659120096371,0.2114641872502534,7,white,-1.031074226780257,0.26110973838317736
-0.397532746491989,0.1447906041676221,-0.3442729587005004,0.1904411547591128,1.8416616542487705,-1.0910197931832233,-0.0415249930956665,6,white,-1.486056265271232,1.577902214127045
-0.2616110130598489,0.1447906041676221,-0.5070517002457526,0.0892684394710707,2.2781682511862766,-0.6902954266445667,0.0428047336863063,7,white,-1.5511989312610623,1.9702626208731422
0.0781933205205009,-0.810816522268004,-0.4527921197306684,-1.3271495745616686,-0.2161551598851922,-0.3563584545290197,0.6331128211601191,7,white,-0.8324721224476115,0.4862530319054313
-1.077141413652689,-0.810816522268004,-0.154364426897706,-0.1805254679637457,-0.0290809040548305,-1.0242323987601136,-0.8848222609153978,4,white,-0.2703158839072499,-0.8227833976676421
-0.2616110130598489,-0.8552633653580332,-0.2900133781854162,-0.618940567545299,0.6568580339898229,-1.3581693708756608,-0.3788439002235593,7,white,-1.1760892310882094,0.5196271364674346
0.6218802542490606,-0.9219336299930768,-0.5341814905032947,-1.0573556671268898,0.1579933517755285,-0.6902954266445667,0.2957939140322263,6,white,-0.9732963969545729,-0.5572162399469048
-0.5334544799241291,-0.2774544051876546,0.0355441049050855,0.4265108237645819,-0.4655875009923394,-0.5567206377983478,-1.3908006216072364,5,white,-0.10536385403217967,-0.4272512543704619
1.0296454545454805,2.022669724721353,3.019821033234714,1.3033410229276885,-2.024539632912008,-0.2895710601059102,-1.0534817144793436,5,white,1.342628706122023,1.3581650468967585
0.4859585208169208,-0.6996994145429313,-0.127234636640164,-0.1468012295343983,0.1579933517755285,-0.8906576099138948,-0.1258547198776393,6,white,-0.06333231997262316,-0.2559250577853373
0.6218802542490606,0.9226103582431318,-0.3985325392155843,-0.0456285142463562,-0.777377927376272,-1.0242323987601136,1.2234209086339305,7,white,0.2277143120811174,1.031962092878296
1.641293254990111,0.7003761427929861,-0.3442729587005004,1.1684440692102989,-2.211613888742367,0.9793894339331692,-0.8848222609153978,6,white,1.3456785764355292,1.109753614862122
0.146154187236571,-0.5219120421828147,-0.6698304417910048,-1.4620465282790955,-0.5279455862691249,-1.0242323987601136,1.5607398157618233,7,white,-0.648599690443258,-0.15392805047893032
0.0102324538044309,-0.7441462576329604,-0.6698304417910048,-1.1585283824149315,0.3450676076058875,-0.8238702154907857,0.5487830943781448,7,white,-0.7294886521992159,0.19648038886211308
0.6218802542490606,-0.7441462576329604,-0.2628835879278742,-0.5514920906866042,-0.4655875009923394,1.0461768283562778,0.717442547942092,6,white,-0.4804735542050321,-0.7069179313641594
0.6218802542490606,-0.7441462576329604,-0.1814942171552479,-0.5177678522572569,-0.4032294157155512,1.1797516172024969,0.717442547942092,6,white,-0.4384420201454756,-0.5231358488505873
-0.1256892796277091,-0.7663696791779749,-0.2628835879278742,-0.9224587134094628,0.7815742045433964,-1.0242323987601136,0.464453367596172,7,white,-0.4384420201454756,0.8568734033457164
-0.8052979467884089,-0.9219336299930768,-0.0729750561250798,-0.855010236550768,-0.777377927376272,-0.7570828210676762,-0.1258547198776393,6,white,0.3181255929265404,-0.8462825964559088
0.0102324538044309,0.76704640742803,-0.3442729587005004,-0.4503193753985621,0.9686484603737554,-1.2245945820294422,1.2234209086339305,7,white,-0.01812667954991131,0.7088153452729743
-0.1256892796277091,0.1447906041676221,-0.4799219099882105,-0.855010236550768,1.966377824802344,0.5118776729714027,1.4764100889798504,7,white,-0.45101420954844845,-0.4404134268332236
-1.077141413652689,-0.4330183560027564,-0.3171431684429583,-0.1805254679637457,-0.6526617568226984,-1.2245945820294422,-1.2221411680432908,6,white,0.577679633448025,-0.35627843174723167
1.641293254990111,-0.8330399438130187,-0.2900133781854162,-0.7538375212627259,0.095635266498743,-1.3581693708756608,-0.0415249930956665,6,white,0.004984452380361938,-0.3508723054552642
0.553919387532991,-0.7663696791779749,-0.2628835879278742,-0.5177678522572569,0.0332771812219549,1.1129642227793872,0.717442547942092,6,white,-0.7021867904679515,-0.7590913949567761
-0.1936501463437792,-0.8330399438130187,-0.3985325392155843,0.3590623469058871,3.400613786168439,0.7122398562407312,-0.8848222609153978,5,white,-0.6033940500205465,0.13725716563301626
-1.2810240138008988,-0.1218904543725526,-0.4799219099882105,-1.2934253361323214,1.2180808014809026,2.448712111241576,2.6570262639274733,7,white,-0.2524121052158034,-0.49423052377035287
0.0781933205205009,-0.4996886206378002,-0.6155708612759208,-1.5294950051377902,0.3450676076058875,-0.1559962712596912,2.4040370835815548,6,white,-0.010761843385765765,-0.9597981428805649
-0.1936501463437792,-0.8552633653580332,-0.3442729587005004,-0.9224587134094628,-0.153797074608404,-0.3563584545290197,0.6331128211601191,7,white,-0.6444089606422675,-0.3565094920231159
0.553919387532991,-0.9219336299930768,-0.5341814905032947,-0.6526648059746464,-1.0268102684834193,-1.2913819764525514,-0.4631736270055321,6,white,-0.17368062638516493,2.527130524843768
-0.397532746491989,0.5225887704328698,-0.6155708612759208,0.1567169163297654,1.6545873984184116,-0.7570828210676762,-0.3788439002235593,6,white,-1.3525968269284165,0.22844192035548805
1.0296454545454805,-0.810816522268004,-0.7512198125636337,-1.5294950051377902,0.2203514370523139,-0.7570828210676762,1.392080362197876,6,white,-1.317930129033006,-0.691881065281001
-0.1256892796277091,-0.0996670328275381,-0.3985325392155843,0.0218199626123759,0.5321418634362493,-0.7570828210676762,-1.0534817144793436,6,white,-1.6909444643053637,-0.6016336573687273
0.0781933205205009,-0.7663696791779749,-0.4799219099882105,-1.5969434819964852,-0.8397360126530602,-0.4899332433752383,1.4764100889798504,7,white,-0.8167258266814839,-0.3212606938407158
0.2820759206687107,1.7893237984987,-0.1814942171552479,1.3707894997864207,-1.1515264390369928,-0.4899332433752383,-1.3908006216072364,7,white,-0.3501882222253723,1.2669802921742865
0.146154187236571,0.1447906041676221,-0.5884410710183786,-0.5852163291159516,-0.2161551598851922,-0.4899332433752383,0.8017722747240648,6,white,-0.7211071925972343,-0.3095110944465824
1.0976063212615506,1.678206690773627,-0.127234636640164,1.1347198307809516,-0.3408713304387659,-0.0892088768365817,-1.0534817144793436,6,white,0.8792652080290664,2.414796491211856
-0.1936501463437792,0.0781203395325785,-0.3442729587005004,-0.1805254679637457,0.4697837781594611,-0.2227836656828007,0.464453367596172,8,white,0.3338718886926681,0.13655087909870206
-0.0577284129116391,-0.6330291499078875,-0.3442729587005004,-0.2816981832517878,0.7192161192666082,0.7122398562407312,0.2957939140322263,8,white,-0.4153308882152024,0.13185103934104872
1.0976063212615506,0.3448013980727531,-0.3714027489580425,-0.2479739448224404,-2.024539632912008,-1.0242323987601136,0.8861020015060377,5,white,0.8129816825517522,-1.2681390846786125
-0.5334544799241291,0.411471662707797,0.333971797738051,-0.1130769911050509,-0.4655875009923394,-1.2245945820294422,-0.2945141734415865,4,white,-0.29761774563851473,-0.7995152591552595
0.2820759206687107,0.3892482411627823,-0.6155708612759208,-0.0456285142463562,-1.3386006948673546,-1.0242323987601136,-0.0415249930956665,8,white,0.006001075818197512,-1.016671446230835
-0.2616110130598489,-0.3219012482776837,-0.6427006515334628,-0.5177678522572569,-1.96218154763522,1.6472633781642632,0.717442547942092,6,white,-0.7095516266320976,-1.0072717667155284
0.146154187236571,-0.8552633653580332,-0.4527921197306684,-0.4503193753985621,-0.5279455862691249,-0.8238702154907857,0.0428047336863063,6,white,-0.2388232923749947,0.007292180056573425
0.0102324538044309,0.1892374472576513,-0.5341814905032947,-0.3828708985398674,0.5321418634362493,-0.8906576099138948,0.8861020015060377,6,white,-0.4153308882152024,0.1428943522008679
0.0781933205205009,-0.2107841405526109,-0.5884410710183786,-0.6863890444039937,0.1579933517755285,1.7140507725873726,1.4764100889798504,8,white,-0.35437895202636294,0.34900722641662435
1.1655671879776206,0.4559185057978259,-0.3985325392155843,-0.0456285142463562,-0.5279455862691249,-0.8238702154907857,0.2114641872502534,6,white,0.24663471421039945,-0.19599554802192637
-0.1256892796277091,-0.810816522268004,-0.5341814905032947,-1.2259768592736269,0.4074256928826756,-1.0242323987601136,0.6331128211601191,6,white,-1.490246995072223,1.1894198304663446
-2.028593547677669,-0.9441570515380916,-0.5070517002457526,-0.4503193753985621,0.8439322898201819,-1.1578071876063327,-1.0534817144793436,5,white,-0.4068873105883965,-0.9558045896572258
-0.397532746491989,-0.8330399438130187,-0.3171431684429583,-0.3828708985398674,0.8439322898201819,0.4450902785482933,-0.4631736270055321,6,white,-0.8093609905173382,-0.38447747029315177
0.2141150539526407,2.3337976263515565,0.0084143146475463,1.8766530762266689,-1.1515264390369928,0.6454524618176217,0.3801236408141991,3,white,1.6073900998823338,3.360744088092886
2.8645888558793704,-0.8997102084480624,-0.3442729587005004,-0.855010236550768,-0.590303671545913,0.1111533064327466,-0.2945141734415865,5,white,-0.14422128172858076,-0.25521877125102316
2.8645888558793704,-0.7663696791779749,-0.4527921197306684,-0.9899071902681577,-0.9644521832066338,-0.8906576099138948,0.2114641872502534,7,white,-0.6517737968064136,-0.25898126419847806
1.1655671879776206,1.5004193184135106,-0.3985325392155843,1.1684440692102989,-0.777377927376272,-1.2913819764525514,-0.3788439002235593,4,white,0.7940612804224692,0.2439540126970766
1.1655671879776206,-0.1218904543725526,-0.2628835879278742,-0.8887344749801154,0.282709522329102,-1.0910197931832233,0.8861020015060377,6,white,-1.2338670609138933,-0.8180835579099888
-0.5334544799241291,-0.8774867869030477,-0.154364426897706,-0.6863890444039937,0.5944999487130347,-0.4231458489521292,-1.2221411680432908,5,white,-1.7791982622254676,-0.31350464766992153
2.8645888558793704,1.1003977306032484,-0.0187154756099985,1.067271353922257,-1.0268102684834193,-0.6902954266445667,-0.4631736270055321,4,white,0.98948927839196,1.618095018049644
1.1655671879776206,-0.9219336299930768,-0.127234636640164,-1.1922526208442792,0.1579933517755285,-1.2245945820294422,0.717442547942092,6,white,-0.744218324527508,0.0126983063485409
1.1655671879776206,-0.8997102084480624,-0.3171431684429583,-1.5294950051377902,-1.0891683537602077,-1.2913819764525514,1.8137289961077416,6,white,-0.5298699244287347,0.47990955880326547
1.1655671879776206,-0.8774867869030477,-0.3985325392155843,-0.9561829518388102,-0.590303671545913,0.1111533064327466,0.6331128211601191,5,white,-0.2966011222006788,0.7189213113225953
1.1655671879776206,-0.8774867869030477,-0.6427006515334628,-0.7538375212627259,-1.40095878014414,0.9793894339331692,-0.1258547198776393,7,white,-0.1621250604200283,-0.49329317696015457
1.1655671879776206,-0.7885931007229895,-0.154364426897706,-0.5852163291159516,0.4697837781594611,-0.4899332433752383,-0.800492534133425,5,white,-1.119328024700361,-0.8157336380311622
-0.5334544799241291,-0.8997102084480624,-0.2357537976703321,-0.7538375212627259,-1.40095878014414,-1.4917441597218797,-0.3788439002235593,4,white,0.07749195453433831,-0.8143210649625338
1.1655671879776206,-0.4774651990927857,-0.724090022306089,-1.4620465282790955,-0.777377927376272,-0.2895710601059102,1.3077506354159032,7,white,-0.31653814776779754,-0.8079775918603679
1.1655671879776206,-0.8552633653580332,-0.696960232048547,-1.7655646741432591,-0.9644521832066338,-1.3581693708756608,1.392080362197876,6,white,-0.2892362860365332,-0.11021691959142192
-0.5334544799241291,2.0337814354938595,-0.1001048463826219,1.2358925460689938,-0.3408713304387659,-0.2227836656828007,-0.800492534133425,5,white,-0.648599690443258,-0.68882485886786
2.8645888558793704,2.844936321886892,-0.154364426897706,2.011550029944058,-1.4633168654209254,1.1129642227793872,-1.1378114412613178,5,white,1.5958345339171973,2.4380646297242388
1.1655671879776206,0.4559185057978259,-0.1814942171552479,0.1904411547591128,0.0332771812219549,-1.2913819764525514,-0.8848222609153978,5,white,-0.970122290591418,2.6625016367121788
1.1655671879776206,0.5670356135228988,-0.127234636640164,0.3590623469058871,-0.4032294157155512,-0.4231458489521292,-1.3908006216072364,5,white,-0.9932334225216917,2.8617958115673394
2.8645888558793704,1.9004409062237728,-0.1814942171552479,1.1684440692102989,-1.213884524313781,-0.6235080322214572,-1.475130348389209,5,white,-0.3617437881905089,1.627725757840835
-0.5334544799241291,-0.810816522268004,0.0084143146475463,-0.5852163291159516,-0.4032294157155512,-1.2245945820294422,-0.0415249930956665,5,white,-0.1515861178927267,-0.48177463784190533
1.1655671879776206,-0.8552633653580332,0.1169334756777144,-0.2479739448224404,-0.9020940979298456,-1.2913819764525514,-0.9691519876973708,5,white,0.0249214779474806,-0.08459886120021266
1.1655671879776206,0.0558969179875638,-0.4527921197306684,-1.0573556671268898,0.095635266498743,-0.8906576099138948,1.392080362197876,6,white,-0.8051702607163472,0.29307126987655246
1.1655671879776206,1.7671003769536853,-0.6427006515334628,0.3253381084765397,-0.5279455862691249,-1.2245945820294422,0.6331128211601191,6,white,0.6743148909701102,0.8232682385078287
2.8645888558793704,-0.1330021651450598,-0.3442729587005004,-0.7201132828333785,0.1579933517755285,-0.7570828210676762,1.392080362197876,6,white,-0.02447489227622137,0.3156331218546208
1.1655671879776206,-0.8552633653580332,0.1711930561927986,-1.1585283824149315,0.9686484603737554,-0.7570828210676762,1.392080362197876,6,white,-0.8019961543531922,-0.07825538809804687
1.1655671879776206,-0.8552633653580332,-0.0458452658675378,-0.9561829518388102,0.0332771812219549,-0.4231458489521292,0.5487830943781448,6,white,-0.6748849287366867,-0.031012824538967487
1.1655671879776206,0.3448013980727531,-0.5613112807608368,-0.4503193753985621,-0.153797074608404,-1.7588937374143172,0.8017722747240648,6,white,-0.8167258266814839,1.4742615734761255
1.1655671879776206,-0.8774867869030477,-0.2357537976703321,-0.5514920906866042,-1.3386006948673546,-0.7570828210676762,-1.0534817144793436,5,white,0.2266976886432815,-0.4585064993295228
1.1655671879776206,1.9893345924038308,-0.6155708612759208,0.4265108237645819,-0.5279455862691249,-1.0242323987601136,1.0547614550699849,7,white,0.9454244974567316,0.7983564666509337
1.1655671879776206,3.2782930420146754,-0.0729750561250798,2.2476196989495647,-1.4633168654209254,0.0443659120096371,-1.1378114412613178,5,white,0.017556641783335027,2.248876420918699
2.8645888558793704,1.367078789143423,0.333971797738051,0.7637532080580931,-1.40095878014414,1.847625561433592,-1.1378114412613178,5,white,-0.18625281578813696,1.0016441947294334
2.8645888558793704,-0.5219120421828147,-0.3442729587005004,-1.1922526208442792,0.5321418634362493,-0.8238702154907857,1.392080362197876,6,white,-0.5834570244534283,0.8474737238304096
1.1655671879776206,-0.1218904543725526,-0.2357537976703321,0.0218199626123759,0.095635266498743,-0.7570828210676762,0.0428047336863063,6,white,-0.6171070989110029,0.11469531365494783
2.8645888558793704,-0.3219012482776837,-0.1814942171552479,-0.5852163291159516,0.3450676076058875,-0.8906576099138948,1.5607398157618233,6,white,-0.04339529440550451,0.13185103934104872
1.1655671879776206,0.0781203395325785,-0.2357537976703321,0.0218199626123759,2.0910939953559176,-0.6235080322214572,0.2114641872502534,6,white,-1.2738032300729543,1.5732023743693917
1.1655671879776206,-0.8552633653580332,-0.154364426897706,-0.9224587134094628,-1.0268102684834193,-0.4899332433752383,0.3801236408141991,6,white,-0.06650642633577776,-0.4709623852579703
1.1655671879776206,0.9003869366981172,-0.696960232048547,-0.6526648059746464,-0.4032294157155512,-1.7588937374143172,1.8137289961077416,8,white,0.8235206250790532,1.0935352359862196
2.8645888558793704,-0.9441570515380916,-0.3442729587005004,-0.4840436138279095,1.46751314258805,-0.0224214824134723,-0.2945141734415865,5,white,-0.7211071925972343,0.17063127019501967
1.1655671879776206,-0.455241777547771,-0.724090022306089,-1.4283222898497483,-0.590303671545913,-0.9574450043370044,1.4764100889798504,7,white,-0.45736242227475893,-0.227019732705103
-0.5334544799241291,-0.7663696791779749,-0.2900133781854162,-0.5852163291159516,-0.2161551598851922,-0.9574450043370044,-0.6318330805694778,5,white,-0.820916556482475,-1.2711952910917534
1.1655671879776206,-0.8219282330405113,-0.127234636640164,-1.1585283824149315,-0.4655875009923394,-1.6921063429912078,0.717442547942092,5,white,-0.25037885834013185,-1.7781241212106473
1.1655671879776206,0.1892374472576513,-0.5070517002457526,-0.2479739448224404,-0.0914389893316186,-0.3563584545290197,0.2114641872502534,6,white,-0.7211071925972343,0.5290268159827414
-0.5334544799241291,-0.3219012482776837,0.0084143146475463,-0.1130769911050509,-1.4633168654209254,-0.3563584545290197,-0.8848222609153978,4,white,-0.5645366223241451,-1.0392332982089036
1.1655671879776206,-0.8330399438130187,-0.1814942171552479,-0.0119042758169713,1.46751314258805,-0.6235080322214572,-0.2945141734415865,6,white,-1.118311401262525,-0.05592459639586251
1.1655671879776206,0.8114932505180589,-0.7783496028211758,0.5614077774819713,-0.0290809040548305,-1.1578071876063327,0.1271344604682791,5,white,2.0645296212986284,1.2662740056399724
-0.5334544799241291,-0.8552633653580332,-0.4527921197306684,-0.855010236550768,-1.0891683537602077,-1.6253189485680986,0.2114641872502534,6,white,0.9033929633971752,-0.9217241985609083
-0.5334544799241291,-0.0996670328275381,-0.3442729587005004,-0.618940567545299,-1.4633168654209254,-1.6921063429912078,0.8017722747240648,6,white,-0.1547602242558818,0.9151592797646149
1.1655671879776206,-0.6774759929979167,-0.0187154756099985,0.0892684394710707,0.5944999487130347,-0.2895710601059102,0.1271344604682791,6,white,-0.5141236286626071,-0.2754307033502649
-0.5334544799241291,-0.7441462576329604,-0.2357537976703321,-0.1130769911050509,0.90629037509697,0.4450902785482933,-0.3788439002235593,6,white,-0.7252979223982253,-0.037125237365249246
1.1655671879776206,-0.5885823068178585,-0.2900133781854162,0.2241653931884602,2.4652425070166384,1.847625561433592,-0.1258547198776393,6,white,-1.0499946289095397,1.9788404837161924
-0.5334544799241291,-0.0996670328275381,-0.1001048463826219,0.4265108237645819,-0.5279455862691249,-0.2227836656828007,-1.2221411680432908,3,white,0.05120671624090951,-0.6274827760358208
1.1655671879776206,-0.7885931007229895,-0.6155708612759208,-0.9224587134094628,-1.5256749506977136,-0.9574450043370044,0.0428047336863063,6,white,-0.1705065200220093,-0.25051893149336973
1.1655671879776206,-0.9219336299930768,-0.6427006515334628,-0.4503193753985621,0.4697837781594611,1.1129642227793872,-0.9691519876973708,6,white,-1.3599616630925626,-1.3038631091194426
2.8645888558793704,3.1893993558346168,-0.0729750561250798,1.9778257915147108,1.7793035689719825,-0.5567206377983478,-0.6318330805694778,6,white,-0.6717108223735317,1.2383060273699367
2.8645888558793704,1.833770641588729,-0.3442729587005004,0.8986501617754825,-0.2785132451619777,0.0443659120096371,-0.8848222609153978,6,white,-0.736853488363362,2.8766016173746136
2.8645888558793704,2.844936321886892,-0.5341814905032947,1.7754803609386265,-1.4633168654209254,-0.8238702154907857,-1.0534817144793436,5,white,-0.40694942861322037,1.7802525953953463
1.1655671879776206,-0.8774867869030477,-0.724090022306089,-0.9224587134094628,2.0287359100791296,-0.5567206377983478,-0.2101844466596121,6,white,-1.534373894032275,-0.044881283536043384
1.1655671879776206,-0.8330399438130187,-0.696960232048547,-0.9224587134094628,-1.0268102684834193,0.5786650673945123,0.464453367596172,5,white,-0.453171692473768,-1.0883505553883794
1.1655671879776206,0.9670572013331612,-0.2900133781854162,0.6288562543406662,-0.5279455862691249,-0.3563584545290197,-0.4631736270055321,5,white,0.2350791482452628,1.5941205930029474
1.1655671879776206,0.8781635151531028,-0.6427006515334628,-0.3154224216811351,-0.590303671545913,-1.0242323987601136,1.4764100889798504,8,white,0.40320528448348886,1.176732884262013
1.1655671879776206,0.8003815397455518,-0.6427006515334628,-0.4840436138279095,-0.5279455862691249,-1.0242323987601136,1.5607398157618233,8,white,0.28447551846896535,1.3706209328252061
1.1655671879776206,1.01150404442319,-0.724090022306089,-0.2479739448224404,-0.590303671545913,-1.0242323987601136,1.4764100889798504,7,white,-0.021300785913066965,1.6267884110306368
-0.5334544799241291,-0.8774867869030477,-0.4799219099882105,-0.3828708985398674,1.1557227162041173,-1.4249567652987702,-0.1258547198776393,5,white,0.8834559378300569,-1.6037417182123817
1.1655671879776206,-0.8552633653580332,-0.3442729587005004,-1.5294950051377902,-0.590303671545913,-0.3563584545290197,1.3077506354159032,7,white,-0.5340606542297257,0.3452447334691693
1.1655671879776206,-0.7219228360879458,-0.4256623294731292,-1.0573556671268898,-0.4032294157155512,-0.7570828210676762,1.6450695425437962,6,white,-0.051776754007486124,-0.6296016356387633
-0.5334544799241291,-0.6552525714529022,-0.3714027489580425,-1.3945980514204008,-0.0290809040548305,0.4450902785482933,2.0667181764536617,6,white,0.4211090631749361,-0.1276037055534069
1.1655671879776206,0.9448337797881466,-0.724090022306089,-0.1805254679637457,-1.4633168654209254,-1.4249567652987702,0.3801236408141991,7,white,-0.5487903265580174,0.06252185006233103
1.1655671879776206,-0.7441462576329604,-0.4527921197306684,-0.2479739448224404,-1.0891683537602077,-1.0910197931832233,-0.3788439002235593,5,white,-0.02447489227622137,0.8411302507282439
-0.5334544799241291,-0.8552633653580332,-0.6155708612759208,-0.4165951369692147,-0.590303671545913,-1.1578071876063327,-1.1378114412613178,5,white,-0.5151402521004431,-0.43195109412811517
-0.5334544799241291,-0.0996670328275381,-0.4799219099882105,-1.2259768592736269,0.282709522329102,-1.2913819764525514,1.729399269325769,7,white,-0.15577684769371783,-0.11656039269358781
2.8645888558793704,1.7226535338636564,-0.3171431684429583,-0.1130769911050509,0.2203514370523139,-1.0242323987601136,1.392080362197876,8,white,-0.8472017947759036,-0.09164862083669266
1.1655671879776206,-0.7885931007229895,-0.4256623294731292,-0.0119042758169713,-1.1515264390369928,-0.2895710601059102,-0.6318330805694778,7,white,0.3737459398269045,0.5539385878396363
1.1655671879776206,0.6781527212479715,-0.154364426897706,0.2916138700471549,-0.777377927376272,-0.0892088768365817,0.3801236408141991,6,white,-0.13164909232560854,1.9647409644432328
2.8645888558793704,0.5448121919778843,-0.3442729587005004,0.4939593006232766,-0.0290809040548305,0.7122398562407312,-0.4631736270055321,6,white,-0.0402211880423495,1.7219667189764478
1.1655671879776206,2.100451700128904,0.0898036854201723,1.5394106919331576,2.0287359100791296,-0.6235080322214572,-0.6318330805694778,6,white,-0.7862498585870645,1.4890673792833997
1.1655671879776206,-0.7663696791779749,-0.1001048463826219,-0.5177678522572569,-0.4032294157155512,-0.4231458489521292,-0.0415249930956665,5,white,-0.2388232923749947,-0.2249008731021605
1.1655671879776206,-0.7219228360879458,0.1169334756777144,-0.1130769911050509,0.0332771812219549,-0.3563584545290197,-0.4631736270055321,5,white,-0.26929926046941455,-0.4110328754945593
2.8645888558793704,-0.4107949344577419,-0.3985325392155843,-0.3828708985398674,-1.2762426095905663,-0.1559962712596912,0.5487830943781448,6,white,0.3695552100259145,-0.449106819814216
1.1655671879776206,0.9670572013331612,-0.6155708612759208,-0.214249706393093,-1.4633168654209254,-1.4249567652987702,0.3801236408141991,7,white,-0.4762828244040417,0.2065863549117339
1.1655671879776206,1.078174309058234,-0.696960232048547,-0.2816981832517878,-1.3386006948673546,-1.6921063429912078,0.5487830943781448,6,white,-0.4762828244040417,1.2975292505990332
1.1655671879776206,-0.8330399438130187,-0.4799219099882105,-0.6526648059746464,-0.5279455862691249,1.5804759837411535,-0.0415249930956665,6,white,-0.7494877957911587,0.4300860150894753
1.1655671879776206,1.01150404442319,-0.5341814905032947,0.1904411547591128,-1.2762426095905663,-1.3581693708756608,0.0428047336863063,6,white,0.006001075818197512,1.4089259374207472
1.1655671879776206,0.9448337797881466,-0.5070517002457526,0.2241653931884602,-1.2762426095905663,-1.3581693708756608,0.0428047336863063,6,white,0.09006414393731037,1.4813113331126055
1.1655671879776206,0.611482456612928,-0.5884410710183786,-0.3491466601104825,-1.1515264390369928,-1.2913819764525514,1.2234209086339305,6,white,0.15520680992714106,-0.5572162399469048
1.1655671879776206,-0.7441462576329604,-0.5070517002457526,-0.214249706393093,-1.0891683537602077,-1.0910197931832233,-0.3788439002235593,6,white,-0.02447489227622137,0.9750887895280258
1.1655671879776206,-0.810816522268004,-0.4256623294731292,-0.618940567545299,0.1579933517755285,0.6454524618176217,0.3801236408141991,5,white,-0.7326627585623711,0.024216845466790194
1.1655671879776206,0.8781635151531028,-0.3442729587005004,1.1684440692102989,0.7192161192666082,-0.2895710601059102,-0.4631736270055321,6,white,0.0249214779474806,0.9212716925908965
1.1655671879776206,2.911606586521935,-0.3985325392155843,1.7417561225092792,0.3450676076058875,-0.9574450043370044,-1.5594600751711836,6,white,-0.8934240586364512,0.9821385491645058
2.8645888558793704,1.6559832692286125,-0.5341814905032947,1.2021683076396463,-1.1515264390369928,-0.6235080322214572,-1.5594600751711836,5,white,-0.3197122541309524,1.1955322432926265
1.1655671879776206,-0.8774867869030477,-0.5341814905032947,-0.855010236550768,-0.4655875009923394,0.0443659120096371,0.464453367596172,6,white,3.4313847475975767,0.6394861559942566
1.1655671879776206,0.5892590350679134,-0.3171431684429583,0.2916138700471549,-1.1515264390369928,0.1111533064327466,0.3801236408141991,6,white,0.0974289801014571,1.7210293721662495
1.1655671879776206,-0.8774867869030477,-0.5341814905032947,-0.855010236550768,-0.4655875009923394,0.0443659120096371,0.464453367596172,6,white,-0.2125380540815658,0.6394861559942566
1.1655671879776206,0.6781527212479715,-0.5341814905032947,-0.0793527526757035,-0.777377927376272,-1.5585315541449891,0.5487830943781448,7,white,0.28866624826995596,0.5856690590571275
1.1655671879776206,0.5892590350679134,-0.20862400741279,-0.1468012295343983,-0.5279455862691249,-1.5585315541449891,0.464453367596172,7,white,-0.32707709029509857,2.4117402847987153
1.1655671879776206,-0.0107733466474797,-0.7783496028211758,-0.3154224216811351,0.095635266498743,0.0443659120096371,0.2114641872502534,6,white,-0.3081566881658158,-0.010569832163841646
2.8645888558793704,2.344909337124064,-0.3442729587005004,1.7080318840799318,0.9686484603737554,0.9126020395100596,-1.3064708948252637,6,white,-0.7515831606916541,1.3254972288690694
1.1655671879776206,-0.7885931007229895,-0.696960232048547,-0.4503193753985621,-1.213884524313781,-0.8906576099138948,-0.2101844466596121,6,white,-0.12745836252461754,-0.4194952081996676
1.1655671879776206,-0.8997102084480624,-0.7783496028211758,-0.6526648059746464,-1.96218154763522,-1.4249567652987702,-0.547503353787505,5,white,0.0028269694550428852,-2.077065383493388
1.1655671879776206,-0.8997102084480624,-0.4527921197306684,-0.3154224216811351,-0.590303671545913,-0.8238702154907857,-0.4631736270055321,6,white,0.20460318015084325,0.5001214909025071
1.1655671879776206,-0.8997102084480624,-0.6155708612759208,-0.855010236550768,-0.0914389893316186,-0.7570828210676762,-0.6318330805694778,6,white,-1.3830727950228365,-0.2613311840773047
-0.5334544799241291,-0.9441570515380916,-0.7512198125636337,-0.5177678522572569,-0.4032294157155512,-1.4249567652987702,-1.2221411680432908,4,white,0.7195205313928218,-0.3912961696537476
1.1655671879776206,-0.8330399438130187,-0.5341814905032947,-0.7201132828333785,0.0332771812219549,0.2447280952789648,0.0428047336863063,6,white,-0.7820591287860733,-0.24652537827003057
1.1655671879776206,-0.8774867869030477,-0.5070517002457526,-0.5852163291159516,-0.153797074608404,1.2465390116256063,0.0428047336863063,6,white,-0.8125350968804932,-0.26908723024809894
1.1655671879776206,0.0336734964425493,-0.20862400741279,0.2241653931884602,-0.2785132451619777,-0.4231458489521292,0.0428047336863063,6,white,-0.5750755648514463,0.5896626122804665
1.1655671879776206,-0.0774436112825234,-0.6155708612759208,-0.0119042758169713,-0.590303671545913,-0.5567206377983478,-0.547503353787505,6,white,-0.503584686135306,0.7189213113225953
1.1655671879776206,-0.0552201897375089,-0.6155708612759208,-0.0119042758169713,-0.6526617568226984,-0.5567206377983478,-0.547503353787505,6,white,-0.4615531520757496,0.7835506608436594
-0.5334544799241291,-0.7219228360879458,-0.8597389735937991,-1.4283222898497483,0.7192161192666082,0.3783028841251838,1.898058722889716,6,white,0.004984452380361938,-0.07284926180607933
1.1655671879776206,0.0336734964425493,-0.154364426897706,0.2578896316178076,-0.2785132451619777,-0.3563584545290197,0.0428047336863063,6,white,-0.32288636049410757,0.771094774915212
4.56361052378112,-0.8552633653580332,1.7718506813877792,-0.3154224216811351,-0.8397360126530602,-1.4917441597218797,-1.5594600751711836,6,white,-0.977487126755564,0.7797881678962045
1.1655671879776206,-0.7219228360879458,-0.5070517002457526,-1.1248041439855845,0.5944999487130347,-0.6235080322214572,1.729399269325769,7,white,-0.5183143584635982,1.0265559665863284
1.1655671879776206,0.5670356135228988,0.0084143146475463,0.5614077774819713,1.2804388867576908,0.6454524618176217,0.3801236408141991,7,white,-0.35437895202636294,0.32174553468090267
1.1655671879776206,0.7003761427929861,-0.0187154756099985,0.6625804927700509,0.4074256928826756,0.4450902785482933,0.5487830943781448,7,white,0.6858704569352472,0.6994156657576677
1.1655671879776206,-0.8330399438130187,-0.6698304417910048,-0.4503193753985621,1.4051550573112643,0.2447280952789648,0.1271344604682791,7,white,-0.6065681563837017,0.619274223895015
1.1655671879776206,1.1003977306032484,-0.5613112807608368,0.7300289696287456,-0.9020940979298456,0.3115154897020743,-0.800492534133425,6,white,-0.27348999027040555,1.4399501221039237
1.1655671879776206,0.3003545549827242,-0.3171431684429583,0.5951320159113187,0.282709522329102,0.2447280952789648,-1.3064708948252637,4,white,-0.18307870942498203,-0.7052742980196468
1.1655671879776206,-0.8997102084480624,-0.5613112807608368,-0.855010236550768,-1.6503911212512872,-1.3581693708756608,-0.0415249930956665,4,white,0.8739336187405918,-1.3607364124697128
2.8645888558793704,-0.7219228360879458,-0.6427006515334628,-1.1922526208442792,0.4074256928826756,-0.0892088768365817,1.898058722889716,6,white,0.1279049481958762,0.6394861559942566
1.1655671879776206,-0.6774759929979167,0.0626738951626302,0.4265108237645819,-0.4655875009923394,-0.4899332433752383,-0.3788439002235593,5,white,0.7404741803977759,-0.8220771111333279
1.1655671879776206,-0.7885931007229895,-0.8054793930787151,-1.5294950051377902,0.4697837781594611,-1.3581693708756608,1.392080362197876,7,white,-0.0790786157387507,-0.012213465508354098
1.1655671879776206,-0.3441246698226982,-0.3442729587005004,-0.2479739448224404,-0.5279455862691249,-0.1559962712596912,-0.3788439002235593,6,white,0.04066777371360839,-0.005163705871874102
1.1655671879776206,2.8893831649769206,-0.2900133781854162,1.7080318840799318,-1.0268102684834193,-0.8238702154907857,-1.1378114412613178,5,white,-0.48364766056818786,0.7835506608436594
1.1655671879776206,-0.7219228360879458,-0.0458452658675378,0.0218199626123759,0.6568580339898229,-0.6235080322214572,-0.547503353787505,5,white,-0.4952032265333244,-0.4895306840126995
1.1655671879776206,0.7003761427929861,-0.0458452658675378,0.9660986386341772,1.8416616542487705,0.3115154897020743,-0.7161628073514522,6,white,-0.08644345190289661,1.6735557483312862
2.8645888558793704,-0.0107733466474797,-0.5070517002457526,-0.0119042758169713,-0.0914389893316186,-0.4899332433752383,-0.547503353787505,5,white,-0.4615531520757496,0.7313771972510428
2.8645888558793704,-0.0996670328275381,-0.4256623294731292,0.0218199626123759,-0.0914389893316186,-0.5567206377983478,-0.547503353787505,5,white,-0.5151402521004431,0.796006546772107
1.1655671879776206,0.4336950842528115,0.1711930561927986,0.3927865853352345,1.966377824802344,-0.2227836656828007,-0.2101844466596121,6,white,-0.6906312245028146,1.4641556074265045
1.1655671879776206,-0.4330183560027564,-0.3171431684429583,-0.4840436138279095,-0.4032294157155512,-1.2245945820294422,-0.2101844466596121,5,white,-0.0402211880423495,-0.33536021311367586
1.1655671879776206,0.8337166720630738,-0.2357537976703321,0.0555442010417233,-2.1492558034655813,-1.2913819764525514,-0.0415249930956665,4,white,-0.04339529440550451,-0.3555721452129175
2.8645888558793704,-0.5885823068178585,-0.1001048463826219,0.2578896316178076,2.527600592293424,1.5136885893180445,-0.0415249930956665,6,white,-0.9543759948252902,2.0754313647306315
1.1655671879776206,-0.810816522268004,-0.1814942171552479,-0.4840436138279095,0.5944999487130347,-0.6235080322214572,-0.6318330805694778,6,white,-0.8555832543778852,-0.8982249997726416
1.1655671879776206,-0.7219228360879458,-0.1814942171552479,0.0218199626123759,0.5321418634362493,0.3115154897020743,0.0428047336863063,4,white,1.1818674060479428,-0.3447598926289825
2.8645888558793704,1.5226427399585252,-0.2900133781854162,1.1009955923516042,2.2158101659094918,0.9793894339331692,-0.3788439002235593,5,white,-1.1266928608645068,1.6230259180831816
1.1655671879776206,1.855994063133744,0.1440632659352565,1.471962215074463,-0.0290809040548305,-0.0224214824134723,-1.3064708948252637,4,white,0.06276228220604603,1.7506409837807981
1.1655671879776206,2.300462494034035,-0.2900133781854162,1.9778257915147108,-0.2785132451619777,-0.5567206377983478,-0.8848222609153978,5,white,1.2416784827492988,-0.6157331766416875
1.1655671879776206,0.4781419273428406,-0.4799219099882105,-0.2479739448224404,-1.7751072918048607,-1.4249567652987702,0.8017722747240648,6,white,0.7709501484921957,-0.2970552085181349
1.1655671879776206,0.5225887704328698,-0.4799219099882105,-0.3828708985398674,-1.213884524313781,-1.3581693708756608,1.1390911818519576,7,white,0.1972383439866974,0.5579321410629756
2.8645888558793704,0.611482456612928,-0.3171431684429583,0.3590623469058871,-0.0914389893316186,-0.7570828210676762,-1.1378114412613178,6,white,-0.8324721224476115,2.054282085821192
2.8645888558793704,1.8782174846787576,-0.4799219099882105,1.2358925460689938,-1.2762426095905663,-0.8906576099138948,-1.5594600751711836,5,white,-0.14003055192759017,1.267917638984485
1.1655671879776206,-0.8330399438130187,-0.3985325392155843,0.0892684394710707,-0.7150198420994867,-0.4899332433752383,-0.6318330805694778,5,white,0.9737429826258324,0.5671007603023982
2.8645888558793704,-0.7885931007229895,-0.5613112807608368,-0.6526648059746464,0.7815742045433964,-0.3563584545290197,0.5487830943781448,6,white,-0.426886454180339,-0.022319431557974997
2.8645888558793704,-0.8552633653580332,-0.7783496028211758,-1.1922526208442792,-0.9020940979298456,1.9144129558567,1.4764100889798504,6,white,-0.49101249673233327,0.6324363963577767
1.1655671879776206,0.3003545549827242,-0.3985325392155843,-0.0119042758169713,0.7192161192666082,-0.6235080322214572,-0.1258547198776393,6,white,-1.3788820652218454,1.3372468282632028
2.8645888558793704,-0.8552633653580332,-0.2628835879278742,-0.9899071902681577,-0.590303671545913,-0.8238702154907857,0.1271344604682791,6,white,-0.7862498585870645,-0.23876933209923637
1.1655671879776206,0.5003653488878551,-0.3714027489580425,0.2578896316178076,-0.590303671545913,0.3783028841251838,-0.0415249930956665,6,white,-0.031839728440368,-1.472133099291426
1.1655671879776206,-0.2774544051876546,-0.2628835879278742,-0.2479739448224404,-1.7127492065280725,-0.8906576099138948,-0.9691519876973708,6,white,-0.3428233860612263,0.5492387480819829
1.1655671879776206,0.5003653488878551,-0.2900133781854162,0.3590623469058871,0.095635266498743,-0.6902954266445667,-1.1378114412613178,6,white,-0.7484090543284985,2.0566320057000187
-2.0965544143937387,-0.5219120421828147,-0.6155708612759208,-1.3271495745616686,-0.4655875009923394,-1.5585315541449891,1.1390911818519576,5,white,0.5356480993884685,1.1294903207029336
2.8645888558793704,-0.810816522268004,3.128340194264881,-0.4503193753985621,0.282709522329102,-0.9574450043370044,-0.547503353787505,6,white,-0.9280907565318617,-0.31585456754874824
1.1655671879776206,-0.7663696791779749,2.992691242977169,-1.0573556671268898,-0.7150198420994867,-0.2227836656828007,0.717442547942092,6,white,-0.33545854989708007,-0.6491072812036909
1.1655671879776206,0.6559292997029571,-0.2900133781854162,0.4939593006232766,-0.9020940979298456,-0.0892088768365817,0.1271344604682791,6,white,0.5103794845328751,2.3478172218119653
-0.5334544799241291,-0.0774436112825234,-0.6155708612759208,-1.3271495745616686,0.3450676076058875,-1.1578071876063327,1.8137289961077416,5,white,-0.6727274458113678,-0.5828342983381141
-0.5334544799241291,-0.6996994145429313,-0.6155708612759208,-2.1533934160807915,0.5944999487130347,-0.2227836656828007,2.4883668103635275,7,white,-0.588664377692255,-1.5569743809117325
-2.0965544143937387,-0.4996886206378002,-0.2357537976703321,-0.1130769911050509,0.095635266498743,-1.2245945820294422,-0.8848222609153978,5,white,0.0007937225793713612,0.6411297893387692
1.1655671879776206,-0.6330291499078875,-0.6698304417910048,-1.4283222898497483,0.90629037509697,-0.7570828210676762,1.982388449671689,9,white,-0.4153308882152024,0.024447905742674306
1.1655671879776206,-0.7441462576329604,-0.696960232048547,-1.3271495745616686,-0.9644521832066338,-0.4899332433752383,1.6450695425437962,6,white,0.05120671624090951,0.49095287166308466
1.1655671879776206,-0.0329967681924942,-0.4527921197306684,-0.3491466601104825,0.7192161192666082,-1.0242323987601136,-0.8848222609153978,7,white,-1.40618392695311,0.6030558450191124
1.1655671879776206,4.100559639180214,0.0084143146475463,2.652310560101733,-1.5256749506977136,-0.4231458489521292,-1.6437898019531565,5,white,-0.4804735542050321,2.656158163610013
1.1655671879776206,1.5004193184135106,-0.2357537976703321,0.7637532080580931,-0.8397360126530602,-0.4899332433752383,-0.4631736270055321,7,white,-0.13164909232560854,1.853344277621519
1.1655671879776206,0.0336734964425493,-0.4527921197306684,-0.1468012295343983,-0.6526617568226984,-1.2913819764525514,-0.3788439002235593,6,white,0.17412721205642337,-0.6140895432971749
1.1655671879776206,-0.4107949344577419,-0.8054793930787151,-0.8887344749801154,-1.213884524313781,-1.4249567652987702,0.6331128211601191,7,white,-0.0402211880423495,-0.41855786138946943
1.1655671879776206,-0.7885931007229895,-0.5884410710183786,-0.5852163291159516,0.2203514370523139,-0.8906576099138948,0.0428047336863063,7,white,-0.43742539670764025,0.5485324615476689
1.1655671879776206,1.4781958968684958,-0.5884410710183786,0.4265108237645819,-0.5279455862691249,-1.2913819764525514,0.2114641872502534,5,white,0.19304761418570632,0.6061120514322531
1.1655671879776206,-0.7663696791779749,-0.2628835879278742,-0.4503193753985621,1.093364630927329,-0.4231458489521292,0.1271344604682791,6,white,-0.4952032265333244,0.7976501801166196
1.1655671879776206,0.5003653488878551,-0.3171431684429583,0.3927865853352345,-0.8397360126530602,-0.8906576099138948,-1.3064708948252637,6,white,-0.18625281578813696,2.374372627013373
1.1655671879776206,-0.7663696791779749,0.2254526367078827,-0.2816981832517878,-0.0290809040548305,-0.0892088768365817,-1.1378114412613178,6,white,-1.1498039927947803,-0.1579216037022695
1.1655671879776206,1.833770641588729,-0.3171431684429583,1.2358925460689938,-0.5279455862691249,-0.3563584545290197,-1.7281195287351292,6,white,-0.32809371373293417,2.5174997850525775
1.1655671879776206,0.2114608688026658,-0.7512198125636337,-0.5852163291159516,1.1557227162041173,-1.1578071876063327,0.6331128211601191,8,white,-1.0657409246756675,0.2112861946693872
1.1655671879776206,-0.7663696791779749,-0.1814942171552479,0.3590623469058871,-0.590303671545913,-1.2913819764525514,-0.9691519876973708,5,white,0.8014261165866157,-0.3073922348436399
1.1655671879776206,0.5892590350679134,-0.3171431684429583,0.3927865853352345,-0.7150198420994867,-1.0910197931832233,-1.5594600751711836,6,white,0.019714124708654225,0.12621385277319713
1.1655671879776206,0.1892374472576513,-0.1001048463826219,0.2916138700471549,0.8439322898201819,-1.1578071876063327,-0.9691519876973708,6,white,-0.9732963969545729,-0.2707308635926115
1.1655671879776206,-0.8997102084480624,-0.4799219099882105,-0.5177678522572569,-0.8397360126530602,-0.1559962712596912,-0.0415249930956665,7,white,0.22454020571796182,0.8444175174172688
1.1655671879776206,0.3003545549827242,-0.5341814905032947,0.2916138700471549,0.9686484603737554,-0.0224214824134723,-0.7161628073514522,6,white,-0.790440588388055,0.8606358962931714
1.1655671879776206,1.1892914167833066,-0.2357537976703321,1.404513738215768,0.5321418634362493,-0.6235080322214572,-0.2945141734415865,6,white,0.43469787601574406,1.879899682822927
1.1655671879776206,-0.3441246698226982,0.0084143146475463,-0.5852163291159516,-0.2161551598851922,-1.2245945820294422,0.8017722747240648,6,white,-0.07806199230091539,-0.713030344190441
-0.5334544799241291,0.5892590350679134,-0.2628835879278742,0.1904411547591128,-1.7751072918048607,-1.4917441597218797,-0.800492534133425,6,white,-0.5025680626974706,-0.5595661598257315
-0.5334544799241291,-0.7219228360879458,-0.1001048463826219,-0.5177678522572569,0.0332771812219549,1.1129642227793872,0.717442547942092,5,white,-0.5645366223241451,-0.8688444484339772
1.1655671879776206,0.3225779765277387,-0.4256623294731292,-0.6526648059746464,1.1557227162041173,0.3115154897020743,1.392080362197876,8,white,-0.3312678200960894,-0.11961659910672855
1.1655671879776206,0.3670248196177678,-0.5341814905032947,-0.2479739448224404,-0.153797074608404,-1.0242323987601136,0.3801236408141991,7,white,-0.5487903265580174,-0.6484009946693766
1.1655671879776206,2.611590395664239,-0.2357537976703321,1.8766530762266689,-1.213884524313781,-0.0892088768365817,-1.1378114412613178,6,white,0.18568277802156088,2.2115087631333568
2.8645888558793704,-0.7663696791779749,-0.5884410710183786,-0.4165951369692147,0.2203514370523139,-0.5567206377983478,-0.2945141734415865,6,white,-0.7053608968311066,-0.21080135382920048
1.1655671879776206,0.4336950842528115,-0.3714027489580425,0.2241653931884602,-0.0914389893316186,-1.3581693708756608,-0.4631736270055321,5,white,0.9265040953274488,0.39342464383844705
1.1655671879776206,-0.8552633653580332,-0.3985325392155843,-0.3828708985398674,-0.590303671545913,-0.3563584545290197,-0.7161628073514522,6,white,-0.4679013648020601,1.0864854763497394
1.1655671879776206,1.7671003769536853,4.946036141520199,1.4382379766451154,-1.6503911212512872,-0.1559962712596912,-1.1378114412613178,5,white,0.7352668271589492,1.7941210543924222
1.1655671879776206,-0.2774544051876546,-0.3985325392155843,-0.5177678522572569,-0.777377927376272,-0.9574450043370044,-0.0415249930956665,5,white,-0.1547602242558818,-0.27378707000575225
1.1655671879776206,0.5448121919778843,-0.0729750561250798,0.0892684394710707,0.282709522329102,-0.0892088768365817,-0.3788439002235593,6,white,-0.9585667246262809,0.9346649253295425
1.1655671879776206,2.3337976263515565,0.0355441049050855,1.7754803609386265,1.2180808014809026,-1.1578071876063327,-1.2221411680432908,7,white,-0.602377426582711,1.0406554858592885
1.1655671879776206,1.6115364261385836,-0.20862400741279,0.8649259233461352,-0.8397360126530602,0.2447280952789648,-0.2945141734415865,7,white,0.28866624826995596,1.1652143451437638
1.1655671879776206,0.9670572013331612,-0.2357537976703321,0.5614077774819713,-0.3408713304387659,0.3783028841251838,-0.0415249930956665,7,white,-0.2850455562355422,1.2274937747860015
1.1655671879776206,-0.8552633653580332,-0.5613112807608368,-1.5294950051377902,-1.0891683537602077,-1.6921063429912078,1.3077506354159032,7,white,-0.25037885834013185,-0.5868278515614532
1.1655671879776206,-0.7663696791779749,-0.3171431684429583,-0.1130769911050509,1.093364630927329,0.3783028841251838,-0.2945141734415865,5,white,-0.24720475197697675,-0.13747861132714367
1.1655671879776206,-0.7663696791779749,0.0355441049050855,0.6625804927700509,2.652316762846997,-0.0892088768365817,-0.9691519876973708,4,white,-0.5225050882645886,1.0023504812637476
1.1655671879776206,-0.2441192728701326,-0.3442729587005004,-1.1248041439855845,-0.9020940979298456,0.9126020395100596,1.898058722889716,7,white,0.06276228220604603,0.08978354179805274
2.8645888558793704,1.7226535338636564,0.5238803295408452,1.1009955923516042,-0.6526617568226984,0.3115154897020743,-1.3064708948252637,6,white,-0.11793604343515197,1.895411775164515
1.1655671879776206,-0.8997102084480624,-0.3442729587005004,-0.5852163291159516,0.095635266498743,-1.1578071876063327,0.2957939140322263,4,white,0.30022181423509264,0.007292180056573425
-0.2616110130598489,5.900656784326395,-0.1001048463826219,5.316525396020476,-0.4655875009923394,-1.0242323987601136,-1.475130348389209,6,white,0.3075866503992393,0.9680390298915459
1.1655671879776206,0.5225887704328698,-0.127234636640164,0.3590623469058871,-0.7150198420994867,-1.0242323987601136,-1.3064708948252637,5,white,0.15736429285246026,0.43220487469241786
1.1655671879776206,-0.8330399438130187,-0.2900133781854162,-0.3154224216811351,-0.8397360126530602,0.3783028841251838,-0.2945141734415865,5,white,0.04384188007676352,0.22679828701097562
1.1655671879776206,-0.8774867869030477,-0.2357537976703321,-0.5514920906866042,-0.2161551598851922,-0.3563584545290197,-1.1378114412613178,5,white,-1.574310063191336,-0.5595661598257315
1.1655671879776206,0.611482456612928,0.0898036854201723,0.6963047311993983,0.2203514370523139,0.3115154897020743,0.6331128211601191,6,white,0.5482202887914409,0.7539390492291111
1.1655671879776206,0.5892590350679134,-0.1814942171552479,0.6288562543406662,-0.6526617568226984,-0.5567206377983478,-1.475130348389209,5,white,-0.4731087180408866,2.191296831034115
1.1655671879776206,0.5892590350679134,-0.20862400741279,0.4939593006232766,-0.4032294157155512,-0.8906576099138948,-1.0534817144793436,5,white,-0.41006141695155185,2.193646750912942
1.1655671879776206,0.611482456612928,-0.20862400741279,0.4602350621939293,-0.3408713304387659,-0.5567206377983478,-0.9691519876973708,6,white,-0.6412348542791123,2.551104949890465
1.1655671879776206,0.722599564338001,-0.2628835879278742,0.2916138700471549,0.0332771812219549,-0.8906576099138948,-0.2101844466596121,6,white,-0.6296792883139752,1.9095112944374755
1.1655671879776206,-0.810816522268004,-0.2628835879278742,-1.0573556671268898,-1.8998234623584345,-0.7570828210676762,0.2114641872502534,7,white,-0.8398369586117577,-0.002813785993047368
0.9616845878294108,2.300462494034035,0.0626738951626302,1.9778257915147108,0.282709522329102,0.3115154897020743,-1.3064708948252637,4,white,0.20460318015084325,0.8613421828274855
0.3500367873847808,-0.8997102084480624,-0.5613112807608368,-1.1585283824149315,1.1557227162041173,-0.1559962712596912,0.8017722747240648,8,white,-1.283263431137596,0.7121026119619992
1.641293254990111,-0.8997102084480624,-0.4527921197306684,-0.2479739448224404,0.1579933517755285,-0.6902954266445667,0.2114641872502534,5,white,0.7373621920594449,-1.2502770724581973
0.146154187236571,0.1892374472576513,-0.0458452658675378,-0.618940567545299,-1.7127492065280725,-0.1559962712596912,1.0547614550699849,6,white,1.0420597549788178,0.2907213499977257
0.0781933205205009,-0.8552633653580332,-0.6427006515334628,-0.7875617596920733,-0.6526617568226984,-1.0242323987601136,-0.0415249930956665,7,white,-0.32288636049410757,-0.9231367716295367
0.4179976541008508,-0.8552633653580332,-0.5613112807608368,-0.7201132828333785,-0.5279455862691249,-0.6235080322214572,-0.547503353787505,6,white,-0.20517321791742024,-0.6726064799919577
-0.941219680220549,0.3670248196177678,-0.2900133781854162,0.5951320159113187,-0.153797074608404,0.1779407008558561,-0.6318330805694778,6,white,-0.1242842561614625,0.6893096997080467
-0.1256892796277091,0.3225779765277387,-0.7783496028211758,-0.3154224216811351,1.093364630927329,-0.7570828210676762,0.717442547942092,7,white,-0.09063418170388761,-0.4582754390536387
-0.0577284129116391,-0.0552201897375089,2.2059273255084526,0.1904411547591128,-0.153797074608404,-1.0242323987601136,-1.0534817144793436,5,white,-0.6832663883386688,1.1066974084489811
-0.0577284129116391,0.0558969179875638,2.1787975352509075,0.1904411547591128,-0.153797074608404,-1.0242323987601136,-1.0534817144793436,5,white,-0.6412348542791123,0.8061125128217279
-0.1936501463437792,0.8559400936080883,-0.2900133781854162,0.3253381084765397,0.4697837781594611,-0.6235080322214572,-0.2101844466596121,6,white,-0.744218324527508,2.984235811248872
0.0102324538044309,0.8337166720630738,-0.2628835879278742,0.527683539052624,-0.3408713304387659,-0.4231458489521292,-1.3908006216072364,5,white,-0.8555832543778852,2.7574488843821054
0.3500367873847808,-0.7219228360879458,-0.6698304417910048,-0.855010236550768,-0.7150198420994867,-1.2245945820294422,0.464453367596172,6,white,-0.4342512903444852,1.7118607529268268
-0.8052979467884089,0.3448013980727531,-0.3171431684429583,-0.0456285142463562,0.8439322898201819,-0.5567206377983478,-0.1258547198776393,6,white,-0.7294886521992159,1.1713267579700455
-0.8052979467884089,0.1447906041676221,-0.6155708612759208,-0.0456285142463562,0.6568580339898229,-0.6902954266445667,-0.3788439002235593,5,white,-0.41215678185204707,-0.4420570601777361
0.146154187236571,2.9560534296119645,-0.0729750561250798,2.1127227452321,-0.0290809040548305,0.1111533064327466,-1.3064708948252637,5,white,0.10479381626560254,1.5870708333664676
-0.1256892796277091,1.1003977306032484,-0.2900133781854162,0.5614077774819713,3.21353953033808,0.1111533064327466,1.1390911818519576,6,white,-0.6338700181149663,1.972497010614027
-0.2616110130598489,2.078228278583889,-0.0458452658675378,1.3707894997864207,-0.6526617568226984,-1.0242323987601136,-1.3064708948252637,7,white,-0.4037753222500654,2.12361127509991
0.0781933205205009,2.844936321886892,-0.20862400741279,1.8429288377973208,-1.0268102684834193,-0.6235080322214572,-1.2221411680432908,7,white,-0.3081566881658158,1.4628651173491496
0.3500367873847808,0.9670572013331612,-0.2628835879278742,1.2358925460689938,1.46751314258805,1.2465390116256063,-0.4631736270055321,5,white,-0.2545695881411223,0.8848413816157523
-0.397532746491989,-0.7774813899504823,-0.4256623294731292,0.1229926779004181,2.0287359100791296,0.6454524618176217,-0.9691519876973708,3,white,-0.6717108223735317,4.782692201987581
-0.465493613208059,-0.8330399438130187,-0.6155708612759208,-1.0236314286975048,0.282709522329102,0.1111533064327466,0.717442547942092,6,white,-0.8356462288107669,0.02985403203464181
-0.1256892796277091,-0.7885931007229895,-0.1814942171552479,0.1904411547591128,-0.7150198420994867,-0.5567206377983478,-0.7161628073514522,4,white,1.3173600912664296,-0.15650903063364102
-0.1256892796277091,-0.1885607190075962,-0.4527921197306684,-0.618940567545299,0.3450676076058875,-0.2895710601059102,1.0547614550699849,6,white,-0.5529810563590085,1.6672122752291203
-0.6693762133562691,0.7892698289730444,-0.2357537976703321,0.3253381084765397,0.1579933517755285,-0.8238702154907857,-0.2945141734415865,5,white,-0.6086635212841971,1.9967024959366078
0.0102324538044309,-0.810816522268004,0.0898036854201723,0.2241653931884602,0.90629037509697,-0.7570828210676762,-1.1378114412613178,6,white,-0.682249764900833,1.1207969277219414
0.0781933205205009,-0.455241777547771,-0.5613112807608368,-0.5852163291159516,0.1579933517755285,-0.8906576099138948,0.3801236408141991,6,white,-0.5719014584882912,0.4199800490398544
0.2820759206687107,2.1893453863089625,-0.4256623294731292,1.2358925460689938,-0.9020940979298456,-1.4917441597218797,-0.4631736270055321,6,white,0.5870777164878422,1.6190323648598426
-0.1256892796277091,-0.6774759929979167,-0.5070517002457526,-1.0573556671268898,0.5944999487130347,-1.0910197931832233,1.392080362197876,6,white,-0.8587573607410404,1.3012917435464884
-0.1936501463437792,-0.6330291499078875,-0.3714027489580425,-0.9224587134094628,0.9686484603737554,-0.6902954266445667,0.8861020015060377,6,white,-0.8440276884127487,0.9555831439630983
-0.1256892796277091,-0.7219228360879458,-0.3714027489580425,-0.0456285142463562,1.342796972034476,0.5118776729714027,-0.2945141734415865,6,white,-0.6296792883139752,-0.11421047281476109
0.2820759206687107,1.3448553675984083,-0.6427006515334628,0.7974774464874405,-0.5279455862691249,-0.4899332433752383,-0.2101844466596121,5,white,0.1394605141610133,1.684368000915221
-0.873258813504479,-0.1885607190075962,-0.2900133781854162,0.3253381084765397,0.1579933517755285,-1.2245945820294422,-1.6437898019531565,4,white,-0.6948219543038054,-0.95603564993311
0.6898411209651306,0.3003545549827242,0.0355441049050855,0.2916138700471549,-0.4032294157155512,-0.6235080322214572,-0.800492534133425,5,white,-0.33545854989708007,0.33890126036700347
0.6898411209651306,0.3003545549827242,0.0084143146475463,0.3253381084765397,-0.4032294157155512,-0.5567206377983478,-0.800492534133425,5,white,-0.4195216180161931,0.22209844725332237
-0.0577284129116391,-0.7885931007229895,-0.5884410710183786,-0.8212859981214207,1.1557227162041173,-0.4231458489521292,0.6331128211601191,6,white,-0.7252979223982253,0.238547886405109
-0.6693762133562691,-0.7885931007229895,-0.5070517002457526,-0.3828708985398674,1.1557227162041173,0.1111533064327466,-0.547503353787505,6,white,-0.874503656507168,0.8505299302435505
-0.1936501463437792,2.6449255279817603,-0.0187154756099985,1.7754803609386265,1.4051550573112643,-0.8906576099138948,-0.800492534133425,5,white,-0.5760921882892822,1.5217351973110886
-0.397532746491989,-0.7441462576329604,-0.154364426897706,0.0218199626123759,0.8439322898201819,0.4450902785482933,0.0428047336863063,4,white,1.0021857038445803,0.3840249643231403
-0.1256892796277091,1.9004409062237728,-0.0458452658675378,1.3033410229276885,1.342796972034476,-0.9574450043370044,-0.6318330805694778,5,white,-0.744218324527508,1.6136262385678748
-0.5334544799241291,-0.7663696791779749,-0.6698304417910048,-0.7201132828333785,-0.9020940979298456,-0.4231458489521292,-0.0415249930956665,5,white,0.33069778232951247,-1.382591977913467
-0.1256892796277091,0.2336842903476803,-0.5341814905032947,-0.214249706393093,0.095635266498743,-0.1559962712596912,0.2114641872502534,5,white,-0.7211071925972343,0.11163910724180698
0.3500367873847808,-0.455241777547771,0.1169334756777144,0.1567169163297654,-0.0290809040548305,-0.1559962712596912,-0.4631736270055321,6,white,-0.32288636049410757,0.5957750251067483
-0.3295718797759189,0.255907711892695,0.0626738951626302,0.3927865853352345,0.4697837781594611,-0.2895710601059102,-0.3788439002235593,6,white,-0.3470141158622171,-0.006807339216386665
-0.5334544799241291,0.3448013980727531,1.7989804716453213,0.2578896316178076,-0.9644521832066338,-0.3563584545290197,-0.9691519876973708,5,white,-0.40796605205105646,0.22068587418469393
0.146154187236571,-0.7663696791779749,-0.4527921197306684,-1.1248041439855845,0.5944999487130347,0.3783028841251838,0.8017722747240648,8,white,-1.0731057608398136,0.9370148452083691
-0.0577284129116391,0.2114608688026658,-0.2900133781854162,-0.214249706393093,0.2203514370523139,-0.2227836656828007,0.2114641872502534,6,white,-0.6790756585376779,-0.11726667922790186
0.0102324538044309,-0.7885931007229895,-0.3442729587005004,-0.8212859981214207,-0.777377927376272,-0.6902954266445667,-0.547503353787505,6,white,-0.5340606542297257,-0.09094233430237854
0.0781933205205009,-0.7441462576329604,-0.1814942171552479,0.2916138700471549,-0.4032294157155512,-0.6902954266445667,-1.3064708948252637,4,white,0.5113961079707113,0.7149277580992561
-0.3295718797759189,-0.7219228360879458,-0.3714027489580425,-0.4165951369692147,0.9686484603737554,-1.4917441597218797,-0.9691519876973708,6,white,-1.2380577907148844,-0.8016341187582021
0.4859585208169208,-0.5441354637278293,-0.3442729587005004,-0.1468012295343983,1.46751314258805,-0.6235080322214572,0.2114641872502534,7,white,-0.39958459244907496,0.8192746852844897
1.0976063212615506,-0.5219120421828147,-0.127234636640164,0.1567169163297654,1.716945483695197,-0.5567206377983478,0.2957939140322263,7,white,-0.2882196625986977,0.7055280785839493
4.631571390497189,3.2116227773796315,-0.4256623294731292,1.067271353922257,0.095635266498743,-1.0242323987601136,1.2234209086339305,6,white,0.3874589887173612,0.5398390685666764
-0.1256892796277091,-0.0107733466474797,-0.0187154756099985,-0.0119042758169713,1.529871227864838,-0.7570828210676762,-0.0415249930956665,6,white,-1.0153279310141294,0.13655087909870206
-0.6693762133562691,-0.0996670328275381,0.1983228464503406,0.2241653931884602,0.4074256928826756,-1.0910197931832233,-1.0534817144793436,6,white,-0.9007888948005968,1.4634493208921904
0.0102324538044309,0.3003545549827242,-0.6155708612759208,-0.7201132828333785,0.0332771812219549,-0.6235080322214572,1.0547614550699849,6,white,-0.3007918520016698,-0.293999002104994
0.8257628543972707,2.100451700128904,-0.3171431684429583,1.3707894997864207,1.5922293131416234,-1.1578071876063327,-0.4631736270055321,6,white,0.6301879920100583,2.7271309862332433
0.0781933205205009,0.3670248196177678,-0.5613112807608368,-0.214249706393093,-0.153797074608404,0.9793894339331692,0.717442547942092,6,white,-0.3691086243546551,0.8918911412522323
-0.1256892796277091,-0.8774867869030477,-0.696960232048547,-0.5514920906866042,-1.7751072918048607,-1.5585315541449891,-0.1258547198776393,6,white,0.5839036101246868,0.2075237017219322
0.9616845878294108,1.9448877493138017,-0.0458452658675378,1.4382379766451154,0.8439322898201819,-1.0910197931832233,-0.8848222609153978,6,white,0.7783149846563414,2.552748583234978
-1.892671814245529,-0.5663588852728438,-0.696960232048547,-1.3271495745616686,-0.5279455862691249,-1.4249567652987702,1.1390911818519576,5,white,0.5146323323586903,0.6747349541766566
-0.0577284129116391,-0.8774867869030477,-0.4256623294731292,-1.0573556671268898,-1.4633168654209254,-0.5567206377983478,0.464453367596172,6,white,0.28866624826995596,0.8639231629821964
-0.1256892796277091,1.01150404442319,0.0084143146475463,1.1009955923516042,1.0310065456505435,-1.0242323987601136,-0.800492534133425,6,white,-0.9428204288601532,1.6759056682101126
0.2820759206687107,-0.0996670328275381,-0.3985325392155843,-0.5852163291159516,0.4074256928826756,-0.4231458489521292,1.2234209086339305,6,white,0.31914221636437584,1.8270199326959955
-0.6014153466401989,-0.4330183560027564,-0.127234636640164,0.0892684394710707,-0.5279455862691249,-0.7570828210676762,-1.5594600751711836,5,white,-1.119328024700361,-0.7231363102400619
0.4179976541008508,-0.7219228360879458,-0.0729750561250798,0.0218199626123759,0.095635266498743,-0.6235080322214572,-0.4631736270055321,5,white,-0.6633293627715503,-0.6016336573687273
-0.1936501463437792,-0.8885984976755551,-0.6698304417910048,-1.259701097702974,-1.96218154763522,-1.4249567652987702,0.717442547942092,4,white,0.4073960142844797,-1.7703680750398534
1.0296454545454805,0.3225779765277387,0.1169334756777144,0.2916138700471549,-0.5279455862691249,-0.5567206377983478,-0.800492534133425,6,white,-0.22091951368354798,0.16757506378187886
0.553919387532991,-0.6774759929979167,-0.5070517002457526,-1.3271495745616686,-0.2785132451619777,-1.4249567652987702,1.982388449671689,6,white,0.41057012064763476,0.39107472395962034
-0.6014153466401989,2.1893453863089625,-0.4799219099882105,0.8480638041314615,-0.5279455862691249,-1.2245945820294422,-0.7161628073514522,6,white,-0.8860592224723052,1.021149840294361
0.2820759206687107,1.1003977306032484,-0.3985325392155843,1.2358925460689938,0.0332771812219549,-0.1559962712596912,-1.0534817144793436,6,white,0.3958404483193431,0.8014126730640745
1.7772149884222503,-0.8774867869030477,2.070278374220742,-0.4503193753985621,-0.777377927376272,-1.5585315541449891,-1.2221411680432908,5,white,-0.8513925245768947,1.1450024130445222
-0.0577284129116391,1.5448661615035395,-0.1001048463826219,1.067271353922257,-0.4032294157155512,-0.3563584545290197,-1.6437898019531565,5,white,-0.6149496159856835,2.177197311761155
-0.1936501463437792,-0.0552201897375089,-0.1814942171552479,-0.1805254679637457,-0.5279455862691249,-0.7570828210676762,-0.547503353787505,5,white,-0.3691086243546551,-0.21996997306862315
-0.5334544799241291,-0.8552633653580332,-0.3442729587005004,-0.5514920906866042,0.3450676076058875,-0.7570828210676762,0.2957939140322263,5,white,0.10898454606659362,-0.5494601937761106
-0.3295718797759189,-0.7885931007229895,-0.0187154756099985,-0.7201132828333785,-0.153797074608404,-0.6902954266445667,-0.2945141734415865,6,white,-1.3294856949981433,0.8545234834668897
-0.1256892796277091,1.1892914167833066,-0.3171431684429583,0.6963047311993983,-0.7150198420994867,0.2447280952789648,-0.7161628073514522,6,white,-0.5908218606175739,1.3005854570121742
-0.2616110130598489,-0.5663588852728438,-0.2900133781854162,-0.8212859981214207,0.9686484603737554,-0.1559962712596912,0.717442547942092,7,white,-1.0499946289095397,0.8801415418580989
0.8257628543972707,1.6115364261385836,-0.3171431684429583,0.7300289696287456,0.095635266498743,0.0443659120096371,-0.8848222609153978,6,white,-0.9722176554919135,1.944529032343991
-0.465493613208059,-0.810816522268004,-0.20862400741279,-0.3828708985398674,1.2180808014809026,0.0443659120096371,-0.2945141734415865,7,white,-0.38066419031979165,0.8498236437092364
-0.2616110130598489,-0.6330291499078875,-0.3985325392155843,-1.0573556671268898,0.5321418634362493,-0.6902954266445667,0.464453367596172,6,white,-1.2107559289836194,-0.1452346574979379
-0.465493613208059,0.6559292997029571,-0.1001048463826219,0.527683539052624,-0.0290809040548305,-0.6902954266445667,-1.0534817144793436,5,white,-0.5876477542544187,2.046526039650398
-0.6014153466401989,0.7892698289730444,-0.0187154756099985,0.7300289696287456,-0.3408713304387659,-0.6235080322214572,-1.475130348389209,5,white,-0.39641048608591944,2.287887712048554
-0.2616110130598489,-0.8552633653580332,-0.5070517002457526,-0.6526648059746464,-2.648120485679876,-0.4899332433752383,0.0428047336863063,5,white,0.714188942104347,-1.477539225583394
-0.8052979467884089,0.8114932505180589,-0.2900133781854162,0.5108214198379504,-0.3408713304387659,-0.6235080322214572,-1.0534817144793436,5,white,0.8298688378053634,3.392930127008814
-0.873258813504479,0.0781203395325785,-0.3985325392155843,-0.0624906334610298,0.5321418634362493,-1.2245945820294422,-0.2945141734415865,6,white,-0.706377520268942,2.3012809447872002
-0.2616110130598489,0.1447906041676221,-0.3442729587005004,0.0892684394710707,-0.4032294157155512,-0.1559962712596912,-0.2945141734415865,6,white,0.2350791482452628,0.16146265095559706
-0.3295718797759189,-0.7885931007229895,-0.5341814905032947,-0.9899071902681577,1.46751314258805,-0.7570828210676762,0.3801236408141991,7,white,-1.168724394924063,-0.5992837374899007
-0.1256892796277091,1.3004085245083796,-0.5341814905032947,0.8312016849167878,1.093364630927329,-0.2227836656828007,-0.800492534133425,6,white,-0.5183143584635982,-0.5043364898199737
-0.397532746491989,0.5892590350679134,-0.0729750561250798,0.527683539052624,-0.3408713304387659,-0.5567206377983478,-1.475130348389209,5,white,-0.4310771839813301,2.213152396477869
-0.6693762133562691,-0.7441462576329604,-0.154364426897706,0.3253381084765397,0.3450676076058875,1.0461768283562778,-1.3908006216072364,5,white,-0.002380383783783599,1.6011703526394272
-1.6887892140973189,-0.810816522268004,-0.2357537976703321,-0.7875617596920733,-0.3408713304387659,-1.0242323987601136,-0.4631736270055321,5,white,-0.22091951368354798,1.482954966457118
-0.2616110130598489,-0.1218904543725526,-0.2900133781854162,-0.9224587134094628,-0.4032294157155512,0.1779407008558561,1.392080362197876,7,white,0.620727790945417,-0.03313168414191011
-0.397532746491989,1.078174309058234,0.0626738951626302,0.3253381084765397,-1.1515264390369928,-0.7570828210676762,0.2957939140322263,6,white,0.5061887547318844,0.9508833042054449
-0.397532746491989,-0.810816522268004,-0.4256623294731292,-0.1468012295343983,0.7192161192666082,1.2465390116256063,-0.8848222609153978,6,white,-1.0731057608398136,0.7306709107167285
-0.397532746491989,0.9892806228781756,0.0626738951626302,0.3253381084765397,-1.1515264390369928,-0.6902954266445667,0.2957939140322263,6,white,0.5482202887914409,0.8737980687559331
-0.2616110130598489,-0.455241777547771,-0.0729750561250798,-0.7201132828333785,-0.4032294157155512,-0.8906576099138948,0.2114641872502534,6,white,-0.8167258266814839,-0.07049934192725271
4.631571390497189,3.2338461989246468,-0.724090022306089,0.93237440020483,0.095635266498743,-0.8906576099138948,1.2234209086339305,6,white,0.8729169953027557,0.17932466317601217
0.2141150539526407,1.9893345924038308,0.333971797738051,1.50568645350381,2.0910939953559176,-0.4231458489521292,-0.6318330805694778,5,white,-0.7252979223982253,1.0841355564709128
0.2820759206687107,-0.7219228360879458,-0.6155708612759208,-0.7875617596920733,1.2180808014809026,1.0461768283562778,0.3801236408141991,8,white,-1.2527874630431761,0.9619266170652642
-0.0577284129116391,0.0781203395325785,-0.127234636640164,0.2578896316178076,0.095635266498743,-1.0242323987601136,-0.6318330805694778,5,white,-0.09698239443019764,1.1207969277219414
0.3500367873847808,-0.7219228360879458,-0.154364426897706,-0.0119042758169713,1.6545873984184116,-0.6235080322214572,-0.0415249930956665,4,white,-0.6990126841047966,0.3931935835625627
-0.397532746491989,0.9337220690156391,-0.6155708612759208,-0.0119042758169713,-1.0891683537602077,-1.0910197931832233,0.717442547942092,6,white,0.12473084183272119,2.0538068595627617
0.553919387532991,-0.7885931007229895,0.2797122172229668,0.3927865853352345,0.282709522329102,0.2447280952789648,-0.3788439002235593,6,white,1.2406618593114624,-0.6935246986255135
-0.1936501463437792,0.3892482411627823,-0.5070517002457526,-0.4503193753985621,0.6568580339898229,-0.4899332433752383,0.8861020015060377,7,white,-0.7137423564330883,1.1123345950168328
-0.397532746491989,-0.5441354637278293,-0.4527921197306684,-1.091079905556237,-0.9644521832066338,-0.0892088768365817,1.0547614550699849,7,white,0.0396511502757729,-0.030075477728769177
-0.1256892796277091,-0.6552525714529022,-0.6427006515334628,-1.2259768592736269,0.6568580339898229,-0.6902954266445667,1.3077506354159032,7,white,-0.3617437881905089,1.3395967481420292
-0.1936501463437792,0.5670356135228988,-0.5884410710183786,-0.214249706393093,-0.4032294157155512,-1.2913819764525514,1.2234209086339305,5,white,0.5944425526519878,0.3748563450837176
-0.5334544799241291,-0.7663696791779749,-0.8326091833362572,-1.1922526208442792,-0.9020940979298456,1.3801138004718252,1.3077506354159032,7,white,-0.29241039239968825,0.7725073479838404
-0.1256892796277091,-0.810816522268004,-0.3985325392155843,0.2916138700471549,-0.4655875009923394,-0.4899332433752383,-1.2221411680432908,5,white,0.39685707175717866,0.6105808309140225
-0.5334544799241291,-0.7663696791779749,-0.0729750561250798,-0.0793527526757035,0.8439322898201819,-0.2227836656828007,-1.0534817144793436,5,white,-0.4962198499711598,-0.1640340165285512
0.2820759206687107,-0.810816522268004,-0.0187154756099985,-0.5177678522572569,-0.153797074608404,-0.0224214824134723,-0.1258547198776393,6,white,-0.20834732428057537,0.12550756623888293
-0.0577284129116391,2.867159743431906,0.1440632659352565,1.910377314656016,0.282709522329102,0.7122398562407312,-1.2221411680432908,5,white,0.12371421839488562,1.3830768187536535
-0.5334544799241291,-0.6774759929979167,0.1983228464503406,0.0218199626123759,0.5944999487130347,0.0443659120096371,-0.9691519876973708,5,white,-0.22091951368354798,-0.20610151407154714
0.6218802542490606,0.2781311334377095,0.1169334756777144,0.2578896316178076,-0.4032294157155512,-0.4231458489521292,-0.800492534133425,6,white,-0.16733241365885446,0.11540160018926209
0.0102324538044309,-0.810816522268004,-0.5341814905032947,-0.9224587134094628,-0.2161551598851922,0.5786650673945123,1.2234209086339305,5,white,0.047015986439918445,0.027504112155815153
-0.3295718797759189,0.8892752259256101,-0.4799219099882105,-0.3154224216811351,0.282709522329102,-1.2913819764525514,0.6331128211601191,8,white,-0.5645366223241451,0.44959166065440276
-0.1936501463437792,2.300462494034035,0.4424909587682189,1.3033410229276885,-1.0268102684834193,-0.8238702154907857,-1.5594600751711836,6,white,-0.7021867904679515,1.764740503053758
-0.7373370800723391,0.4559185057978259,-0.4527921197306684,0.3590623469058871,1.0310065456505435,0.3115154897020743,-0.547503353787505,6,white,-0.790440588388055,0.7936566268932804
-0.6693762133562691,1.1448445736932773,-0.20862400741279,0.6963047311993983,-0.9020940979298456,-0.8906576099138948,-1.0534817144793436,6,white,0.020730748146489515,2.0286640274299828
-0.6014153466401989,-0.7663696791779749,-0.3985325392155843,-0.1130769911050509,-0.9644521832066338,-1.4249567652987702,-0.8848222609153978,5,white,0.39685707175717866,-1.2237216672567899
0.4859585208169208,1.633759847683598,0.2254526367078827,0.9660986386341772,-0.4032294157155512,-0.9574450043370044,-0.9691519876973708,5,white,0.09323825030046602,0.019748065985020966
-0.8052979467884089,-0.3663480913677128,-0.2900133781854162,-0.0456285142463562,-0.4655875009923394,-0.8238702154907857,-0.9691519876973708,5,white,0.3569830206229412,-0.811971145083707
0.7578019876812007,2.2115688078539764,-0.1001048463826219,2.1127227452321,0.3450676076058875,1.7140507725873726,-1.475130348389209,6,white,0.24346060784724508,2.0606255589233577
-0.7373370800723391,-0.7885931007229895,-0.20862400741279,-0.5852163291159516,-0.2785132451619777,-0.8238702154907857,-0.547503353787505,6,white,-0.26295104774310446,1.2265564279758032
-0.5334544799241291,-0.0552201897375089,-0.3985325392155843,-1.259701097702974,0.4074256928826756,-1.0910197931832233,1.729399269325769,6,white,-0.37850670739447256,-0.7642664609728596
0.4179976541008508,-0.8552633653580332,-0.5070517002457526,-0.9561829518388102,-0.2161551598851922,-0.6902954266445667,0.464453367596172,6,white,-0.8240906628456299,-0.5292482616768688
-0.1936501463437792,-0.2107841405526109,-0.724090022306089,-1.1585283824149315,-1.40095878014414,-1.4249567652987702,1.898058722889716,7,white,0.8466317570093265,-0.13747861132714367
0.2141150539526407,-0.4996886206378002,-0.5070517002457526,-1.1248041439855845,-0.8397360126530602,-0.0224214824134723,1.2234209086339305,6,white,-0.40796605205105646,-0.1743710428540562
-0.1256892796277091,1.9671111708588167,-0.7512198125636337,0.2578896316178076,0.8439322898201819,-0.2227836656828007,1.2234209086339305,7,white,-0.5876477542544187,0.3678065854472376
-2.164515281109809,-0.9441570515380916,-0.6155708612759208,-0.4503193753985621,-0.2161551598851922,-1.2913819764525514,-1.1378114412613178,4,white,0.647013029238846,0.6326674566336609
-0.1936501463437792,-0.8997102084480624,-0.6698304417910048,-1.66439195885518,0.9686484603737554,-0.6235080322214572,1.4764100889798504,6,white,-1.0047889884868284,-0.34617246569761084
-0.2616110130598489,-0.8552633653580332,-0.6698304417910048,-1.900461627860649,-0.2161551598851922,-0.8238702154907857,2.0667181764536617,6,white,-0.28187144987238694,0.5266768961039147
-0.0577284129116391,-0.7441462576329604,-0.5884410710183786,-0.6526648059746464,-0.9644521832066338,-1.0242323987601136,0.2957939140322263,5,white,-0.1284749859624531,-0.33066037335602244
-0.5334544799241291,0.2781311334377095,-0.0729750561250798,0.6288562543406662,0.8439322898201819,0.0443659120096371,-0.4631736270055321,6,white,-0.602377426582711,1.613395178291991
-1.3489848805169689,1.4337490537784667,-0.6427006515334628,0.9660986386341772,-0.0290809040548305,-1.4249567652987702,-1.3064708948252637,5,white,-0.4846642840060232,0.831024284678623
0.553919387532991,-0.7885931007229895,-0.6155708612759208,-0.0456285142463562,1.2180808014809026,0.4450902785482933,-0.1258547198776393,5,white,-0.16314168385786373,-1.0516891841373512
-0.6014153466401989,0.2781311334377095,-0.154364426897706,0.5951320159113187,0.8439322898201819,0.0443659120096371,-0.4631736270055321,6,white,-0.6864404947018239,1.765215729312188
-0.5334544799241291,1.367078789143423,-0.696960232048547,0.0892684394710707,-0.6526617568226984,-0.6902954266445667,0.6331128211601191,7,white,0.6627593250049735,1.0942415225205337
-0.5334544799241291,2.233792229398991,-0.724090022306089,0.2578896316178076,-0.590303671545913,-0.1559962712596912,1.2234209086339305,7,white,0.7121556952286761,0.6418360758730834
-0.1256892796277091,0.1225671826226075,-0.3442729587005004,0.1229926779004181,2.340526336463065,-0.8238702154907857,0.0428047336863063,6,white,-1.0005982586858375,1.0864854763497394
0.6898411209651306,1.678206690773627,4.186402014309022,1.4382379766451154,-1.4633168654209254,0.1779407008558561,-1.0534817144793436,5,white,1.2858674997341744,1.5083419645724432
-0.6014153466401989,0.1447906041676221,1.7989804716453213,0.2916138700471549,-1.1515264390369928,0.0443659120096371,-0.9691519876973708,6,white,-0.7631387266567907,-0.24652537827003057
-0.1936501463437792,-0.6330291499078875,-0.5341814905032947,-0.855010236550768,0.282709522329102,0.7122398562407312,0.3801236408141991,7,white,-0.4458068563096219,0.12573862651476697
0.2820759206687107,1.322631946053394,-0.127234636640164,1.3033410229276885,1.342796972034476,0.1111533064327466,-1.0534817144793436,6,white,-0.40060121588691017,2.567323328766368
0.0781933205205009,-0.8997102084480624,-0.0729750561250798,-0.6526648059746464,1.2180808014809026,-0.1559962712596912,-0.0415249930956665,5,white,-0.8587573607410404,0.3816750444443136
-0.0577284129116391,1.5004193184135106,-0.4799219099882105,1.0335471154929097,-0.9644521832066338,-0.0892088768365817,-0.8848222609153978,6,white,-0.1621250604200283,4.300090940182541
0.8937237211133408,0.611482456612928,0.0626738951626302,0.8986501617754825,0.6568580339898229,1.5804759837411535,0.5487830943781448,6,white,0.31177738020023044,0.38801851754647937
0.9616845878294108,-0.0774436112825234,-0.7512198125636337,-1.1922526208442792,0.4074256928826756,0.5786650673945123,1.4764100889798504,6,white,-0.6149496159856835,-0.6093897035395216
-0.8052979467884089,1.4337490537784667,-0.20862400741279,1.1684440692102989,0.282709522329102,-0.6235080322214572,-1.3064708948252637,5,white,0.5019980249308938,1.0888353962285662
1.7772149884222503,0.6337058781579427,-0.4256623294731292,0.6963047311993983,-0.9644521832066338,-1.0242323987601136,-1.3064708948252637,5,white,-0.1473953880917362,2.090237170537906
1.7092541217061803,2.8338246111143843,-0.127234636640164,2.078998506802753,-1.5256749506977136,1.9144129558567,-1.3064708948252637,5,white,1.408787995549688,1.7628658094333614
-0.465493613208059,-0.7441462576329604,-0.3985325392155843,-0.855010236550768,0.1579933517755285,-0.7570828210676762,0.717442547942092,6,white,-0.5529810563590085,1.646294056595564
-0.465493613208059,-0.7663696791779749,-0.2900133781854162,-0.6863890444039937,-0.153797074608404,-0.7570828210676762,0.3801236408141991,7,white,-0.45736242227475893,1.6260821244963224
-0.0577284129116391,-0.7663696791779749,-0.20862400741279,-0.3828708985398674,2.340526336463065,0.9126020395100596,-0.1258547198776393,7,white,-1.1266928608645068,0.397418197061786
0.4859585208169208,-0.5885823068178585,0.0355441049050855,0.3253381084765397,0.3450676076058875,0.3783028841251838,-0.2101844466596121,5,white,0.26974584614067393,-0.6460510747905499
0.2141150539526407,0.3003545549827242,-0.2357537976703321,-0.0456285142463562,0.4074256928826756,0.1111533064327466,-0.0415249930956665,7,white,-0.6601552564083952,1.275673685155279
-0.2616110130598489,1.9893345924038308,-0.1001048463826219,1.2021683076396463,-0.5279455862691249,-0.5567206377983478,-0.6318330805694778,6,white,-0.10117312423118875,3.136056362269069
0.6898411209651306,-0.7663696791779749,-0.0187154756099985,0.7637532080580931,-0.7150198420994867,-0.4899332433752383,-0.4631736270055321,4,white,3.870744726372072,0.9906008818696143
0.146154187236571,-0.7663696791779749,-0.0187154756099985,0.0218199626123759,-0.5279455862691249,-0.4231458489521292,-0.7161628073514522,5,white,0.8854891847057286,0.0942523212798219
0.146154187236571,-0.810816522268004,-0.0187154756099985,0.0218199626123759,-0.590303671545913,-0.4231458489521292,-0.7161628073514522,5,white,0.8434576506461721,0.07169046930175364
-0.873258813504479,-0.0774436112825234,-0.2900133781854162,0.0218199626123759,0.5944999487130347,0.8458146450869501,-0.0415249930956665,6,white,-0.965931560790427,1.6549874495765566
-0.2616110130598489,1.1448445736932773,-0.0729750561250798,0.8312016849167878,-0.5279455862691249,-0.4899332433752383,-0.4631736270055321,6,white,-0.29241039239968825,2.8004537287352997
-0.0577284129116391,-0.6108057283628731,-0.0729750561250798,-0.7201132828333785,0.095635266498743,2.5822869000877957,0.8017722747240648,7,white,-0.8545666309400498,-0.44511326659087697
-0.1256892796277091,0.611482456612928,-0.20862400741279,0.4265108237645819,0.095635266498743,-0.9574450043370044,-0.8848222609153978,5,white,-0.5992033202195558,2.165678772642906
-0.1256892796277091,-0.5885823068178585,-0.3985325392155843,-0.1805254679637457,1.2804388867576908,0.5118776729714027,-0.0415249930956665,6,white,-0.45736242227475893,-0.10175458688631356
0.8257628543972707,0.722599564338001,5.380112785640871,0.4265108237645819,-0.6526617568226984,-0.6902954266445667,-0.2945141734415865,6,white,0.2729199525038282,0.26651586467514493
-0.465493613208059,1.9671111708588167,-0.1814942171552479,1.3033410229276885,0.7192161192666082,-0.2227836656828007,-0.6318330805694778,6,white,-0.10536385403217967,1.651700182887532
-0.2616110130598489,1.9448877493138017,-0.696960232048547,0.0892684394710707,-0.777377927376272,-1.0910197931832233,0.8861020015060377,6,white,-0.060158213609467805,0.4425419010179229
-0.3295718797759189,0.5003653488878551,-0.696960232048547,-0.4503193753985621,-0.4655875009923394,-1.0242323987601136,1.0547614550699849,7,white,-0.46472725843890467,0.8077561461662404
-0.2616110130598489,0.76704640742803,-0.5884410710183786,0.2241653931884602,-1.1515264390369928,-1.0910197931832233,-0.3788439002235593,7,white,-0.1621250604200283,0.7579326024524502
-0.7373370800723391,-0.7219228360879458,-0.20862400741279,-0.7201132828333785,0.5321418634362493,-0.2227836656828007,-0.2101844466596121,6,white,-1.1382484268296438,0.8061125128217279
-0.6693762133562691,0.0114500748975346,-0.2357537976703321,-0.0119042758169713,0.7192161192666082,-0.2895710601059102,-0.1258547198776393,6,white,-0.6790756585376779,0.9875446754564734
-0.8052979467884089,2.444914734076629,-0.2628835879278742,1.0335471154929097,-0.8397360126530602,-0.4899332433752383,-1.3908006216072364,5,white,-0.8177424501193198,0.48602197162954724
-0.0577284129116391,0.5114770596603624,-0.6155708612759208,-0.2479739448224404,-1.0268102684834193,-1.4917441597218797,0.2114641872502534,5,white,0.1394605141610133,0.7734446947940387
0.4179976541008508,2.444914734076629,0.0355441049050855,1.7417561225092792,0.9686484603737554,0.4450902785482933,-1.1378114412613178,5,white,-0.4731087180408866,0.07639030905940696
-0.1256892796277091,-0.6774759929979167,-0.1001048463826219,-0.1805254679637457,-0.2785132451619777,-0.2895710601059102,-0.800492534133425,6,white,-0.22726772640985807,1.035955646101635
0.2820759206687107,-0.8552633653580332,-0.6698304417910048,-0.8212859981214207,-0.9020940979298456,-1.0910197931832233,-0.1258547198776393,6,white,-0.18523619235030167,-0.8086838783946821
-0.397532746491989,1.9893345924038308,-0.3714027489580425,1.3707894997864207,-1.213884524313781,0.2447280952789648,-1.5594600751711836,6,white,0.0249214779474806,2.1031682827247837
1.9810975885704605,2.478249866394151,-0.3714027489580425,1.404513738215768,-1.0268102684834193,-1.1578071876063327,-1.1378114412613178,6,white,-0.6139329925478476,-0.7753097738326786
0.6898411209651306,2.0560048570388747,-0.3171431684429583,1.5394106919331576,-0.2785132451619777,0.6454524618176217,-1.1378114412613178,5,white,0.07431784817118307,1.8260825858857974
0.0102324538044309,0.6337058781579427,-0.7512198125636337,0.0892684394710707,1.093364630927329,-0.9574450043370044,-0.2945141734415865,5,white,-0.9585667246262809,0.28061538394810487
-2.028593547677669,-0.8997102084480624,-0.5613112807608368,-0.5177678522572569,-0.153797074608404,-1.4249567652987702,-1.3064708948252637,5,white,0.6659334313681287,0.26745321148534323
0.6218802542490606,1.9004409062237728,-0.1814942171552479,1.4382379766451154,0.90629037509697,-0.6902954266445667,-0.7161628073514522,5,white,-0.39221975628492883,1.2312562677334564
0.553919387532991,2.844936321886892,-0.20862400741279,1.8429288377973208,0.7192161192666082,-0.7570828210676762,-0.800492534133425,5,white,-0.4458068563096219,1.6759056682101126
0.553919387532991,-0.8330399438130187,-0.5613112807608368,-0.4503193753985621,-0.5279455862691249,1.5136885893180445,-0.4631736270055321,5,white,-0.6097422627468573,-0.2660310238349581
0.6218802542490606,1.922664327768787,-0.3171431684429583,1.471962215074463,-0.2785132451619777,0.7122398562407312,-1.2221411680432908,5,white,0.14682535032515903,1.5870708333664676
-0.0577284129116391,2.9449417188394573,-0.2900133781854162,1.8429288377973208,0.4697837781594611,-0.8238702154907857,-1.5594600751711836,5,white,-0.6601552564083952,0.743126796645176
0.8257628543972707,0.3225779765277387,-0.0187154756099985,0.2241653931884602,-0.5279455862691249,-0.6235080322214572,-0.8848222609153978,5,white,-0.19780838175327425,0.6223304303081558
0.0781933205205009,1.1670679952382923,-0.4799219099882105,0.7974774464874405,-1.8374653770816465,-0.2895710601059102,-0.8848222609153978,6,white,0.013365911982344084,2.9257188745540894
2.3888627888668807,0.6781527212479715,-0.5341814905032947,0.6963047311993983,-2.024539632912008,-0.8238702154907857,-1.3908006216072364,6,white,-0.07488788593775998,1.5583965685621175
0.6218802542490606,0.7892698289730444,-0.1001048463826219,1.0335471154929097,0.4074256928826756,0.7122398562407312,-0.547503353787505,6,white,-0.1515861178927267,-0.9099745991667749
-0.0577284129116391,-0.6996994145429313,-0.724090022306089,-1.5294950051377902,0.4074256928826756,0.5786650673945123,1.729399269325769,7,white,0.12688832475804082,0.3095207090283391
-0.3295718797759189,2.0115580139488456,-0.6427006515334628,1.4382379766451154,-3.1469851678941674,-0.6902954266445667,-0.7161628073514522,6,white,1.0126004103222332,1.2406559472487633
-0.1256892796277091,0.6337058781579427,-0.4799219099882105,-0.1130769911050509,-1.6503911212512872,-1.2913819764525514,-0.1258547198776393,5,white,-0.46472725843890467,-0.5884714849059657
0.2141150539526407,1.25596168141835,-0.4527921197306684,1.3033410229276885,-1.8374653770816465,-0.2895710601059102,-1.2221411680432908,6,white,0.3695552100259145,0.6977720324131552
-0.3295718797759189,-0.8552633653580332,-0.4527921197306684,-0.4503193753985621,-1.3386006948673546,0.1111533064327466,-0.1258547198776393,5,white,0.29603108443410225,-0.30104876174147405
0.2141150539526407,-0.6996994145429313,-0.5341814905032947,-0.4165951369692147,-0.4032294157155512,1.0461768283562778,0.0428047336863063,5,white,-0.9207259203677154,-0.484124557720732
-0.1256892796277091,-0.5219120421828147,-0.7512198125636337,-0.9899071902681577,-0.6526617568226984,0.3783028841251838,1.2234209086339305,7,white,0.47571278663746497,1.8956428354403991
0.2820759206687107,0.1447906041676221,-0.5070517002457526,-1.0573556671268898,-1.8374653770816465,0.3783028841251838,1.6450695425437962,7,white,0.05857155240505547,-0.36097827150488504
0.146154187236571,0.9448337797881466,0.1440632659352565,0.6963047311993983,-0.0914389893316186,-0.9574450043370044,-0.800492534133425,5,white,-0.6938053308659702,0.5438326217900156
0.2820759206687107,0.6781527212479715,-0.3171431684429583,0.4265108237645819,-0.9020940979298456,-0.7570828210676762,-1.1378114412613178,5,white,-0.7252979223982253,1.7724965492245521
-0.397532746491989,-0.8330399438130187,-0.4256623294731292,-0.6526648059746464,-1.1515264390369928,1.3801138004718252,-0.547503353787505,6,white,-0.7515831606916541,-0.9355926575579842
-0.3295718797759189,0.76704640742803,-0.5613112807608368,-0.214249706393093,-1.6503911212512872,-0.4899332433752383,0.9704317282880104,6,white,0.18149204822056977,-0.4249013344916352
-0.1256892796277091,-0.6552525714529022,-0.20862400741279,0.2578896316178076,-0.8397360126530602,-0.2227836656828007,-0.800492534133425,6,white,0.10161970990244805,0.12550756623888293
-0.1256892796277091,-0.3441246698226982,-0.6427006515334628,-1.3271495745616686,-1.40095878014414,-1.0910197931832233,1.2234209086339305,6,white,0.13844389072317745,0.1396070855118429
-0.1936501463437792,2.078228278583889,-0.3442729587005004,1.5394106919331576,-0.3408713304387659,0.3115154897020743,-1.3908006216072364,6,white,-0.30498258180266086,1.7351288914392096
1.2335280546936906,1.922664327768787,-0.20862400741279,1.6405834072211996,0.095635266498743,0.8458146450869501,-1.3064708948252637,6,white,-0.4762828244040417,1.9640346779089184
0.0781933205205009,1.3448553675984083,-0.127234636640164,1.0335471154929097,-1.213884524313781,-0.2895710601059102,-0.2945141734415865,7,white,0.12054011203173025,1.4388906923024525
-0.873258813504479,-0.0329967681924942,-0.0458452658675378,0.2578896316178076,0.4074256928826756,-0.8238702154907857,-0.9691519876973708,5,white,-1.057359465073686,0.03995999808426267
-0.3295718797759189,-0.7441462576329604,-0.7783496028211758,-0.7538375212627259,-1.588033035974499,-0.3563584545290197,-0.1258547198776393,5,white,0.6364740867115443,-1.482239065341047
0.2820759206687107,-0.7663696791779749,-0.6698304417910048,-0.5177678522572569,-0.4655875009923394,-0.8906576099138948,-0.1258547198776393,4,white,-0.1473953880917362,-1.0556827373606903
1.7772149884222503,-0.810816522268004,3.996493482506227,-0.4840436138279095,-0.4032294157155512,-0.6902954266445667,-0.4631736270055321,6,white,-1.0962168927700875,-0.8103275117391946
1.7092541217061803,-0.810816522268004,4.105012643536395,-0.4503193753985621,-0.4032294157155512,-0.6902954266445667,-0.4631736270055321,6,white,-1.0121538246509745,-0.8625009753318114
-0.2616110130598489,-0.7663696791779749,-0.127234636640164,-0.6526648059746464,-1.0891683537602077,-0.8238702154907857,-0.0415249930956665,5,white,-0.45736242227475893,1.317741182698275
0.0102324538044309,0.3892482411627823,-0.2628835879278742,-0.2479739448224404,0.0332771812219549,-0.9574450043370044,0.717442547942092,6,white,-0.426886454180339,1.6564000226451854
0.0781933205205009,1.0337274659682043,-0.5613112807608368,0.6963047311993983,-0.9020940979298456,-0.8906576099138948,-0.2945141734415865,5,white,0.8319020846810355,1.3551088404836178
0.146154187236571,1.2115148383283212,-0.3714027489580425,0.9660986386341772,-1.1515264390369928,-0.8238702154907857,-0.1258547198776393,6,white,0.7520297463629126,2.1717911854691874
-0.6693762133562691,-0.6774759929979167,-0.2628835879278742,-0.7201132828333785,0.095635266498743,-1.0910197931832233,0.3801236408141991,3,white,0.5513943951545959,7.034497939037269
-0.6014153466401989,0.255907711892695,-0.3985325392155843,0.0892684394710707,-2.0868977181887933,-1.2913819764525514,-0.3788439002235593,6,white,2.6014172449833963,-0.8601510554529848
2.2529410554347407,0.722599564338001,0.7137888613436396,0.6288562543406662,-1.40095878014414,-1.2245945820294422,-1.1378114412613178,5,white,0.5209184270601765,0.7250337241488769
0.2820759206687107,-0.7663696791779749,-0.4527921197306684,-0.7201132828333785,0.0332771812219549,0.8458146450869501,-0.2101844466596121,6,white,-0.49202912017016914,-0.5377105943819773
-0.3295718797759189,-0.0996670328275381,0.6323994905710134,-0.2479739448224404,0.0332771812219549,-0.9574450043370044,0.464453367596172,7,white,-0.8545666309400498,0.8784979085135864
0.2141150539526407,-0.8552633653580332,-0.696960232048547,-0.5852163291159516,0.6568580339898229,-1.2913819764525514,-0.547503353787505,5,white,-0.7820591287860733,-0.49564309683898117
0.0102324538044309,0.5670356135228988,-0.127234636640164,0.4602350621939293,-0.5279455862691249,-1.0242323987601136,-1.3064708948252637,5,white,-0.36593451799149995,0.5569947942527772
1.7092541217061803,2.2115688078539764,-0.127234636640164,1.8766530762266689,-1.8374653770816465,0.7122398562407312,-1.6437898019531565,5,white,0.6480296526766818,1.9645099041673486
0.8257628543972707,1.4559724753234813,-0.4256623294731292,0.7637532080580931,-0.2785132451619777,-0.0892088768365817,-0.8848222609153978,5,white,-0.8860592224723052,1.7210293721662495
0.6898411209651306,-0.8774867869030477,-0.154364426897706,-0.4503193753985621,-1.2762426095905663,-0.8906576099138948,-1.3064708948252637,5,white,-0.20618984135525578,2.262269653657345
-0.1256892796277091,0.611482456612928,-0.20862400741279,0.2916138700471549,-1.4633168654209254,0.3115154897020743,-0.4631736270055321,6,white,0.12054011203173025,0.8279680782654821
0.0102324538044309,1.5448661615035395,0.2525824269654248,1.5731349303625048,2.340526336463065,-0.6902954266445667,-1.3064708948252637,6,white,-0.9585667246262809,1.617619791791214
0.6898411209651306,-0.8774867869030477,-0.154364426897706,-0.4503193753985621,-1.2762426095905663,-0.8906576099138948,-1.3064708948252637,5,white,-0.3669511414293355,2.262269653657345
-0.0577284129116391,-0.810816522268004,-0.2900133781854162,-0.214249706393093,0.7192161192666082,0.2447280952789648,-0.2945141734415865,7,white,-0.655964526607404,0.5367828621535354
0.8257628543972707,0.3670248196177678,-0.0729750561250798,0.2241653931884602,-1.1515264390369928,-0.6235080322214572,-0.800492534133425,5,white,-0.4195216180161931,0.5304393890513698
-1.2810240138008988,2.700484081844297,-0.5613112807608368,1.7080318840799318,-1.6503911212512872,-0.4899332433752383,-0.7161628073514522,5,white,0.0249214779474806,2.0596882121131594
0.9616845878294108,-0.810816522268004,-0.2900133781854162,0.6963047311993983,-1.2762426095905663,-0.2895710601059102,-0.2945141734415865,4,white,4.216457199913165,1.0404244255834043
0.2820759206687107,0.7003761427929861,-0.7783496028211758,-0.6863890444039937,-1.3386006948673546,-1.2913819764525514,2.0667181764536617,7,white,0.33069778232951247,0.3062334423393142
0.4179976541008508,-0.1663372974625817,-0.3442729587005004,0.4939593006232766,0.90629037509697,1.3801138004718252,0.2114641872502534,6,white,0.036477043912617226,1.4742615734761255
-0.2616110130598489,1.3448553675984083,0.1711930561927986,0.93237440020483,-2.0868977181887933,0.2447280952789648,-1.3064708948252637,5,white,-0.6643459862093858,2.1120927359816606
0.0781933205205009,-0.8774867869030477,-0.8054793930787151,-0.2816981832517878,0.90629037509697,-0.8906576099138948,-0.547503353787505,5,white,-0.8240906628456299,-1.1941100556422413
0.0102324538044309,0.4781419273428406,0.0355441049050855,0.6963047311993983,0.4074256928826756,-1.0242323987601136,-1.1378114412613178,6,white,-1.057359465073686,-0.6319515555175901
1.5733323882740409,2.5671435525742097,-0.0187154756099985,2.4162408910963014,-1.6503911212512872,0.3115154897020743,-1.5594600751711836,6,white,-0.002380383783783599,2.45522035541034
-0.0577284129116391,-0.8997102084480624,-0.8868687638513413,-0.5177678522572569,-2.710478570956661,-1.0910197931832233,-0.3788439002235593,5,white,-0.04339529440550451,-0.9644979826382185
1.0296454545454805,-0.8330399438130187,-0.4799219099882105,0.4602350621939293,-2.024539632912008,0.7122398562407312,-0.8848222609153978,5,white,0.660601842079654,-0.2481690116145431
1.0976063212615506,-0.810816522268004,-0.4256623294731292,0.4265108237645819,-0.3408713304387659,0.2447280952789648,-0.547503353787505,5,white,-0.036030458241359,-0.9442860505389766
0.6898411209651306,0.411471662707797,-0.2900133781854162,0.4265108237645819,-0.2161551598851922,-0.4899332433752383,-1.3064708948252637,5,white,-0.36593451799149995,1.5264350370687423
-0.2616110130598489,1.833770641588729,0.5238803295408452,1.1347198307809516,-1.213884524313781,-1.0242323987601136,-1.6437898019531565,6,white,-0.5340606542297257,1.401876177784267
-0.1256892796277091,0.6781527212479715,-0.2628835879278742,-0.1468012295343983,-0.6526617568226984,-1.2245945820294422,-0.0415249930956665,6,white,-0.46472725843890467,-0.6780126062839251
0.2141150539526407,0.9226103582431318,-0.3442729587005004,0.8312016849167878,-0.8397360126530602,0.1779407008558561,-0.8848222609153978,7,white,-0.05914159017163225,1.807514287131068
-0.0577284129116391,-0.810816522268004,-0.2628835879278742,-0.3828708985398674,1.2804388867576908,-0.0224214824134723,-0.3788439002235593,6,white,-0.39958459244907496,0.7828443743093453
-0.1256892796277091,-0.4107949344577419,-0.724090022306089,-0.618940567545299,1.904019739525556,1.7140507725873726,0.9704317282880104,7,white,-0.21355467751940196,1.3746144860485452
0.7578019876812007,-0.5663588852728438,-0.5613112807608368,-0.0456285142463562,0.0332771812219549,-0.4231458489521292,0.1271344604682791,6,white,1.1944395954509157,0.10153314119218611
-0.397532746491989,-0.1218904543725526,0.7951782321162655,0.5951320159113187,-0.4655875009923394,-0.7570828210676762,-1.1378114412613178,5,white,-0.39958459244907496,0.5118710902966404
-0.397532746491989,2.9560534296119645,0.7409186516011818,2.213895460520217,-0.3408713304387659,-0.9574450043370044,-1.475130348389209,5,white,-0.20098248811642921,0.4277360952106486
0.2141150539526407,0.611482456612928,-0.2357537976703321,0.4602350621939293,0.095635266498743,-0.6902954266445667,-0.8848222609153978,6,white,-0.5340606542297257,2.858033318619884
0.3500367873847808,0.4336950842528115,0.0084143146475463,0.93237440020483,2.1534520806327038,0.1111533064327466,-0.2945141734415865,5,white,-0.49202912017016914,1.3666273796018669
-0.3295718797759189,0.2781311334377095,-0.2357537976703321,0.6963047311993983,0.1579933517755285,-0.2227836656828007,-1.2221411680432908,6,white,0.029112207748471654,0.35840690593193103
-0.397532746491989,-0.8552633653580332,-0.3442729587005004,-0.4503193753985621,-0.2161551598851922,0.0443659120096371,-0.0415249930956665,6,white,0.3075866503992393,-0.4178515748551552
1.2335280546936906,1.7226535338636564,-0.3985325392155843,1.3033410229276885,-0.8397360126530602,-0.4899332433752383,-1.3064708948252637,6,white,0.30339592059824816,1.94147282593085
-0.1256892796277091,2.0337814354938595,-0.0187154756099985,1.50568645350381,-0.5279455862691249,-0.4899332433752383,-1.3908006216072364,8,white,-0.39958459244907496,2.1375952642349274
1.7772149884222503,2.5782552633467164,-0.20862400741279,2.0452742683734053,-0.153797074608404,0.5786650673945123,-1.2221411680432908,6,white,-0.17368062638516493,1.5466469691679838
0.6218802542490606,-0.6996994145429313,-0.2628835879278742,-0.2816981832517878,-0.153797074608404,-0.0224214824134723,-0.3788439002235593,6,white,-0.5677107286873007,0.33890126036700347
-0.2616110130598489,0.5892590350679134,-0.3714027489580425,0.2916138700471549,-0.6526617568226984,0.1111533064327466,-0.4631736270055321,5,white,-0.047586024206495624,1.8418257385032697
0.0102324538044309,1.1892914167833066,-0.3714027489580425,0.8312016849167878,-0.7150198420994867,-0.0224214824134723,-0.8848222609153978,6,white,-0.10117312423118875,2.3915283526994737
-0.1256892796277091,-0.3885715129127274,-0.6155708612759208,-1.1248041439855845,-0.9020940979298456,-1.4917441597218797,1.4764100889798504,7,white,-0.12111014979830721,-0.1522844171344178
-0.3295718797759189,-0.8774867869030477,-0.0729750561250798,-0.214249706393093,0.095635266498743,-0.0892088768365817,-1.2221411680432908,4,white,-0.07590450937559541,-1.0455767713110693
-0.2616110130598489,0.2781311334377095,0.0084143146475463,0.3927865853352345,1.716945483695197,-0.6235080322214572,-0.800492534133425,5,white,-1.057359465073686,-0.6561570408401708
-0.6693762133562691,0.0447852072150566,-0.1001048463826219,-0.6526648059746464,-0.590303671545913,-0.5567206377983478,0.8861020015060377,6,white,-0.08644345190289661,0.9384274182769973
0.0781933205205009,2.1226751216739186,-0.3714027489580425,1.6405834072211996,0.7192161192666082,0.9126020395100596,-1.475130348389209,6,white,-0.3848549201207825,1.3450028744339968
0.4179976541008508,1.5004193184135106,-0.0458452658675378,1.9778257915147108,0.7192161192666082,1.9144129558567,-1.3908006216072364,6,white,0.029112207748471654,1.528784956947569
-0.0577284129116391,2.722707503389312,-0.0458452658675378,1.910377314656016,-0.590303671545913,-0.4899332433752383,-1.3064708948252637,6,white,-0.6444089606422675,1.1104599013964362
-1.552867480665179,-0.810816522268004,-0.4527921197306684,-0.7875617596920733,-0.2161551598851922,-0.4899332433752383,-0.4631736270055321,5,white,-0.36593451799149995,1.415975697057227
-1.6208283473812488,-0.8330399438130187,-0.5070517002457526,-0.7875617596920733,-0.2785132451619777,-0.4899332433752383,-0.4631736270055321,5,white,-0.4195216180161931,1.5203226242424606
0.2141150539526407,-0.7663696791779749,-0.2628835879278742,-0.3828708985398674,0.8439322898201819,1.0461768283562778,0.464453367596172,6,white,-0.5256791946277443,1.0117501607790542
-0.0577284129116391,-0.5885823068178585,-0.3714027489580425,-0.1468012295343983,1.2180808014809026,0.9793894339331692,0.0428047336863063,6,white,-0.2545695881411223,1.9064550880243343
-0.0577284129116391,-0.7885931007229895,-0.5070517002457526,-0.7201132828333785,0.7192161192666082,0.3115154897020743,-0.3788439002235593,6,white,-1.5553896610620532,-0.9325364511448432
0.4859585208169208,-0.7219228360879458,-0.3714027489580425,0.0892684394710707,1.8416616542487705,-0.4231458489521292,-0.4631736270055321,5,white,-0.8240906628456299,0.20024288180956812
0.0781933205205009,0.5892590350679134,-0.6155708612759208,-0.3491466601104825,-0.2785132451619777,-0.8238702154907857,1.392080362197876,7,white,0.6553944888408275,-0.3212606938407158
1.641293254990111,-0.6774759929979167,-0.5884410710183786,-0.9224587134094628,0.0332771812219549,-0.0224214824134723,0.3801236408141991,6,white,-0.510949522299452,-0.6366513952752434
0.9616845878294108,-0.810816522268004,0.1983228464503406,-0.7201132828333785,0.90629037509697,-0.5567206377983478,0.464453367596172,5,white,-0.9123444607657338,0.8481800103647238
-0.6693762133562691,2.589366974119224,-0.2900133781854162,1.1347198307809516,-0.0290809040548305,0.9126020395100596,-0.1258547198776393,6,white,-0.4310771839813301,0.5515886679608097
-0.1256892796277091,0.6781527212479715,-0.8326091833362572,-0.5177678522572569,-1.7751072918048607,-1.1578071876063327,1.0547614550699849,5,white,1.8217384999811073,-1.1738981235429997
0.4859585208169208,0.6559292997029571,-0.7783496028211758,-0.1805254679637457,-0.7150198420994867,0.8458146450869501,0.2114641872502534,6,white,-0.8167258266814839,-0.6942309851598276
0.0781933205205009,-0.0774436112825234,-0.9139985541088832,-1.1922526208442792,0.4697837781594611,-1.0242323987601136,1.6450695425437962,7,white,-0.21355467751940196,-0.13207248503517605
0.146154187236571,-0.6552525714529022,-0.20862400741279,-0.7875617596920733,0.1579933517755285,-0.4899332433752383,0.8861020015060377,7,white,-0.7211071925972343,-0.4437006935222486
0.146154187236571,0.3003545549827242,-0.1814942171552479,-0.2816981832517878,-0.2161551598851922,1.1129642227793872,0.8017722747240648,6,white,-0.09380828806704263,0.8458300904858971
-0.2616110130598489,-0.7885931007229895,-0.154364426897706,-0.5852163291159516,0.0332771812219549,-0.7570828210676762,-0.3788439002235593,6,white,-1.054185358710531,0.9814322626301917
0.4859585208169208,0.5670356135228988,-0.4527921197306684,0.6625804927700509,-0.7150198420994867,-0.0224214824134723,-1.1378114412613178,6,white,0.18885688438471554,1.8509943577426922
0.553919387532991,1.633759847683598,3.019821033234714,1.5394106919331576,-0.9644521832066338,0.7122398562407312,-1.1378114412613178,5,white,0.7814890910194967,0.9041159669047957
2.66070625573116,-0.8330399438130187,2.8027827111743773,0.0892684394710707,-0.9020940979298456,-0.7570828210676762,-1.3908006216072364,5,white,-0.03285635187820351,0.989188308800986
0.553919387532991,-0.7441462576329604,3.318248726067676,-0.6863890444039937,-0.8397360126530602,0.0443659120096371,-0.3788439002235593,5,white,-0.790440588388055,-1.668371067733446
-1.145102280368759,0.6781527212479715,-0.2900133781854162,0.4265108237645819,-0.590303671545913,-0.5567206377983478,-1.3908006216072364,5,white,-0.2703158839072499,1.6533438162320442
0.146154187236571,0.4559185057978259,-0.5341814905032947,0.5614077774819713,-0.777377927376272,-0.5567206377983478,-0.7161628073514522,6,white,0.3390792419314945,0.5647508404235714
0.6218802542490606,-0.6108057283628731,-0.6155708612759208,0.1904411547591128,-1.0268102684834193,-0.0892088768365817,0.3801236408141991,6,white,1.5432640573303396,0.06557805647547192
-0.397532746491989,0.3225779765277387,-0.3985325392155843,-0.0456285142463562,-0.5279455862691249,-0.4231458489521292,0.1271344604682791,5,white,-0.021300785913066965,0.6495921220438775
-0.8052979467884089,-0.810816522268004,-0.8868687638513413,-0.9899071902681577,0.095635266498743,0.0443659120096371,0.2114641872502534,6,white,-0.7788850224229185,-0.20445788072703458
0.0781933205205009,1.7004301123186414,-0.20862400741279,1.404513738215768,1.1557227162041173,-0.8906576099138948,-0.6318330805694778,5,white,-0.48783839036917825,1.6509938963532176
0.2820759206687107,-0.7663696791779749,-0.5070517002457526,-0.5852163291159516,0.1579933517755285,-0.3563584545290197,0.3801236408141991,5,white,0.39164971851835206,-0.6328889023277884
-0.2616110130598489,-0.8774867869030477,-1.0496475053965937,-0.6526648059746464,-1.588033035974499,-1.2245945820294422,-0.1258547198776393,5,white,0.24346060784724508,-1.0025719269578752
0.0102324538044309,-0.8552633653580332,-0.2900133781854162,-0.3828708985398674,3.587688041998798,-0.8238702154907857,-0.2945141734415865,6,white,-1.1235187545013516,0.11070176043160866
-0.3295718797759189,-0.0996670328275381,-0.7512198125636337,0.1229926779004181,0.7192161192666082,-0.6235080322214572,-1.3064708948252637,5,white,-1.777102897324972,-0.44511326659087697
0.2141150539526407,-0.9886038946281208,-0.3985325392155843,-0.6526648059746464,-0.9020940979298456,-1.0242323987601136,0.0428047336863063,5,white,0.3579996440607767,-1.2930508565355074
0.8937237211133408,1.2337382598733355,-0.6698304417910048,0.8312016849167878,-0.0290809040548305,0.3783028841251838,-0.8848222609153978,6,white,-0.4615531520757496,2.2505200542632116
-0.3295718797759189,-0.0552201897375089,-0.7783496028211758,0.0892684394710707,0.7192161192666082,-0.5567206377983478,-1.1378114412613178,6,white,-1.7655473313598355,-0.44511326659087697
0.146154187236571,-0.5219120421828147,-0.724090022306089,-0.855010236550768,-1.588033035974499,-0.0224214824134723,0.3801236408141991,6,white,-0.5908218606175739,-0.09000498749218012
-1.892671814245529,1.678206690773627,-0.6155708612759208,0.6288562543406662,0.3450676076058875,0.6454524618176217,-0.547503353787505,6,white,-0.6401561128164525,-0.30809852137795407
0.7578019876812007,0.9226103582431318,-0.2900133781854162,1.2358925460689938,0.9686484603737554,-0.4231458489521292,-1.0534817144793436,5,white,0.5219350504980126,-0.1710837761650312
0.8257628543972707,0.3448013980727531,-0.127234636640164,0.3253381084765397,-0.5279455862691249,-0.8238702154907857,-0.800492534133425,5,white,-0.23983991581283046,0.4408982676734105
0.8257628543972707,0.4336950842528115,-0.1814942171552479,0.3253381084765397,-0.5279455862691249,-0.7570828210676762,-0.8848222609153978,5,white,-0.28187144987238694,0.4681599594091322
-0.5334544799241291,0.7559346966555225,-0.696960232048547,0.4265108237645819,1.0310065456505435,0.2447280952789648,-0.7161628073514522,7,white,-0.7599646202936357,0.7990627531852479
0.4179976541008508,1.3448553675984083,-0.6155708612759208,1.7417561225092792,-1.8374653770816465,0.1111533064327466,-0.7161628073514522,3,white,1.977168210766713,-0.4864744775995587
-0.3295718797759189,2.911606586521935,-0.3985325392155843,1.8766530762266689,0.4697837781594611,-1.1578071876063327,-1.5594600751711836,5,white,-0.7862498585870645,0.8326679180231356
-0.1936501463437792,-0.2107841405526109,-0.8326091833362572,-0.9224587134094628,-1.3386006948673546,-1.0242323987601136,1.5607398157618233,5,white,1.3341851284952166,-0.6016336573687273
-0.1936501463437792,-0.0996670328275381,-0.7512198125636337,-0.4840436138279095,-0.9644521832066338,-1.8256811318374264,0.0428047336863063,6,white,-0.18206208598714665,0.38872480408079363
-0.0577284129116391,-0.0329967681924942,-0.696960232048547,-0.6526648059746464,0.8439322898201819,1.9144129558567,1.2234209086339305,7,white,-0.4195216180161931,0.06087821671781856
0.3500367873847808,0.722599564338001,-0.3442729587005004,0.6963047311993983,-0.6526617568226984,-0.4231458489521292,-1.3064708948252637,5,white,-0.18206208598714665,2.0004649888840627
0.9616845878294108,-0.810816522268004,-0.4527921197306684,-0.4503193753985621,-0.590303671545913,-0.4231458489521292,-1.475130348389209,5,white,-0.324919607369779,0.721977517735736
0.8257628543972707,1.4337490537784667,-0.4527921197306684,0.7974774464874405,-0.0290809040548305,0.1779407008558561,-0.8848222609153978,5,white,-0.49202912017016914,2.4669699548044735
0.0781933205205009,-0.7219228360879458,-0.5613112807608368,-0.6863890444039937,0.5944999487130347,-0.8906576099138948,0.2114641872502534,6,white,-0.7557738904926447,-0.505042776354288
-0.465493613208059,-0.7663696791779749,-0.2628835879278742,-1.0573556671268898,-0.4032294157155512,-0.3563584545290197,0.717442547942092,5,white,-0.9007888948005968,0.3802624713756852
0.2820759206687107,-0.5885823068178585,-0.20862400741279,0.4939593006232766,2.340526336463065,-0.4899332433752383,-0.2101844466596121,5,white,-0.48364766056818786,0.4270298086763345
-0.2616110130598489,-0.0329967681924942,-0.3985325392155843,0.2241653931884602,0.4697837781594611,1.4469011948949346,-0.8848222609153978,6,white,-0.8513925245768947,1.6533438162320442
-0.2616110130598489,-0.7219228360879458,-0.1814942171552479,-0.3828708985398674,-0.4655875009923394,-0.6235080322214572,-0.547503353787505,5,white,0.001810346017207012,-0.19834546790075297
-0.1936501463437792,-0.1663372974625817,-0.154364426897706,-0.214249706393093,-0.4032294157155512,-0.9574450043370044,-0.2945141734415865,5,white,-0.009745219947929614,0.14736313168263707
-0.1936501463437792,-0.1441138759175671,-0.154364426897706,-0.214249706393093,-0.4032294157155512,-0.9574450043370044,-0.2945141734415865,5,white,-0.021300785913066965,0.2369042530605966
-0.941219680220549,-0.810816522268004,-0.7512198125636337,-1.3271495745616686,1.342796972034476,-1.0910197931832233,0.3801236408141991,6,white,-0.9133610842035693,-0.28624295593419985
-0.465493613208059,-0.7663696791779749,-0.724090022306089,-1.495770766708443,-0.0290809040548305,-1.2913819764525514,1.3077506354159032,7,white,-0.12111014979830721,-0.0519310431725234
-0.1256892796277091,-0.8330399438130187,0.0084143146475463,0.0892684394710707,0.2203514370523139,-0.1559962712596912,-1.2221411680432908,6,white,0.02809558431063586,0.5334955954645106
-0.397532746491989,0.0336734964425493,-0.4527921197306684,0.1567169163297654,0.2203514370523139,0.9793894339331692,-0.8848222609153978,6,white,-1.031074226780257,0.36075682581075763
-0.3295718797759189,0.1225671826226075,-0.3714027489580425,0.2578896316178076,0.282709522329102,1.5136885893180445,-0.8848222609153978,5,white,-0.8093609905173382,1.1363090200635297
-0.1936501463437792,0.0558969179875638,-0.3171431684429583,0.2578896316178076,0.5321418634362493,1.7140507725873726,-0.6318330805694778,5,white,-0.6412348542791123,2.0037522555730876
0.0102324538044309,-0.7663696791779749,-0.4799219099882105,0.0892684394710707,0.4697837781594611,0.9126020395100596,-0.800492534133425,5,white,-0.15577684769371783,-0.6726064799919577
0.4859585208169208,-0.6552525714529022,-0.0458452658675378,0.1904411547591128,1.8416616542487705,0.0443659120096371,-0.2945141734415865,6,white,-0.6370441244781214,1.4009388309740687
-0.1256892796277091,-0.810816522268004,-0.3985325392155843,-0.4840436138279095,2.839391018677359,1.2465390116256063,-0.0415249930956665,6,white,-1.4366598950475293,-0.13912224467165615
0.0102324538044309,0.4559185057978259,-0.3442729587005004,0.5614077774819713,0.5944999487130347,-0.8238702154907857,-0.1258547198776393,4,white,0.5440295589904502,-0.48177463784190533
-1.2130631470848288,1.25596168141835,-0.2900133781854162,0.4602350621939293,-0.0290809040548305,-1.3581693708756608,0.1271344604682791,5,white,0.47152205683647386,-0.7160865506035818
0.0102324538044309,1.3448553675984083,-0.5613112807608368,0.5614077774819713,-0.4655875009923394,-1.2913819764525514,-0.0415249930956665,6,white,0.09323825030046602,-0.13912224467165615
0.0102324538044309,1.25596168141835,-0.7512198125636337,0.4265108237645819,-2.3363300592959404,-0.7570828210676762,0.0428047336863063,5,white,0.9852985485909689,-0.6756626864050983
0.0102324538044309,-0.7663696791779749,-0.1001048463826219,0.0892684394710707,0.4074256928826756,1.5136885893180445,-0.800492534133425,6,white,-0.36491789455366397,1.1207969277219414
0.0102324538044309,-0.7885931007229895,-0.1814942171552479,-0.1805254679637457,-0.5279455862691249,0.3115154897020743,-0.8848222609153978,5,white,-0.2041565944795847,-0.6810688126970659
-0.0577284129116391,-0.7885931007229895,-0.20862400741279,-0.1130769911050509,-0.6526617568226984,0.3115154897020743,-0.9691519876973708,6,white,-0.15056949445489068,1.197882163171453
-0.1256892796277091,-0.7663696791779749,-0.2900133781854162,-0.1130769911050509,-0.0290809040548305,-1.0242323987601136,-0.6318330805694778,6,white,-0.02028416247523137,0.1567628111979438
-0.873258813504479,0.6559292997029571,-0.3442729587005004,0.6288562543406662,-0.4032294157155512,-0.6235080322214572,-1.1378114412613178,5,white,-0.4037753222500654,1.5536967288044639
-0.873258813504479,0.5892590350679134,-0.3171431684429583,0.4265108237645819,-0.3408713304387659,-1.0242323987601136,-0.8848222609153978,5,white,-0.4458068563096219,1.6829554278465928
-1.960632680961599,-0.5219120421828147,-0.3714027489580425,-0.4503193753985621,0.7192161192666082,-1.0242323987601136,-1.1378114412613178,5,white,0.7216780143181414,-0.38354012348295347
1.4374106548419008,2.233792229398991,-0.127234636640164,1.3707894997864207,-1.7751072918048607,-1.2245945820294422,-0.9691519876973708,5,white,-0.8513925245768947,-0.04652491688055594
0.553919387532991,0.8559400936080883,-0.2357537976703321,1.4382379766451154,1.093364630927329,-0.4899332433752383,-1.0534817144793436,5,white,0.36536448022492346,0.5149272967097813
0.146154187236571,0.2114608688026658,-0.1814942171552479,0.2578896316178076,-0.2161551598851922,-0.8906576099138948,-1.2221411680432908,5,white,-0.32390298393194344,-0.8089149386705662
0.0781933205205009,1.6115364261385836,-0.2900133781854162,1.269616784498341,0.8439322898201819,-0.8906576099138948,-0.8848222609153978,5,white,-0.7137423564330883,0.42303625545299534
0.2820759206687107,1.7893237984987,-0.0187154756099985,1.8429288377973208,1.2180808014809026,-1.2245945820294422,-1.2221411680432908,6,white,-0.5908218606175739,2.275662886395991
-0.1256892796277091,0.3670248196177678,-0.3714027489580425,0.1904411547591128,2.527600592293424,-0.4899332433752383,0.0428047336863063,5,white,-1.4251043290823928,0.9992942748506068
0.2141150539526407,-0.6108057283628731,-0.3985325392155843,-1.3271495745616686,-0.2161551598851922,0.1779407008558561,1.5607398157618233,6,white,-0.49202912017016914,-0.9200805652163957
-0.1256892796277091,1.3448553675984083,-0.2628835879278742,1.2021683076396463,-0.2785132451619777,-0.2895710601059102,-1.5594600751711836,5,white,-0.56136251596099,1.4498250278776605
-1.145102280368759,-0.7885931007229895,-0.0187154756099985,-0.3154224216811351,-0.6526617568226984,-0.5567206377983478,-1.475130348389209,5,white,-0.9627574544272719,0.3701565053260643
1.0296454545454805,2.256015650944005,0.0084143146475463,2.011550029944058,-1.2762426095905663,0.8458146450869501,-1.3064708948252637,5,white,0.25082544401139056,1.8890683020623489
0.0781933205205009,1.1448445736932773,-0.2357537976703321,0.8986501617754825,-0.4032294157155512,-0.3563584545290197,-0.2101844466596121,6,white,0.036477043912617226,0.9689763767017442
-0.0577284129116391,1.25596168141835,-0.5070517002457526,0.7974774464874405,-0.6526617568226984,0.1111533064327466,-0.8848222609153978,6,white,-0.219902890245712,2.0458197531160836
-0.465493613208059,2.6782606602992827,-0.1814942171552479,1.8766530762266689,0.4697837781594611,-1.0910197931832233,-1.475130348389209,5,white,-0.9049796246015878,0.852173563588063
-1.145102280368759,-0.6996994145429313,-0.1814942171552479,-0.3828708985398674,0.9686484603737554,0.5786650673945123,-0.547503353787505,5,white,-0.8713295501440129,-0.6615631671321385
-0.3295718797759189,-0.8552633653580332,-0.6155708612759208,-1.4620465282790955,-0.5279455862691249,-1.0910197931832233,0.9704317282880104,4,white,-0.8282813926466209,-1.012677893007496
0.0102324538044309,-0.8552633653580332,-0.4527921197306684,-0.5177678522572569,-0.0914389893316186,0.1779407008558561,0.2114641872502534,5,white,-0.09380828806704263,-0.12431643886438191
0.0102324538044309,-0.4330183560027564,-0.4256623294731292,-1.0573556671268898,1.2804388867576908,-0.7570828210676762,1.2234209086339305,6,white,-1.0426297927453938,-0.3299540868217083
0.2820759206687107,-0.7885931007229895,-0.6427006515334628,-0.1468012295343983,-0.153797074608404,-0.9574450043370044,-0.2101844466596121,4,white,-0.35336232858852734,-0.5386479411921755
-0.3295718797759189,1.25596168141835,0.5238803295408452,0.7300289696287456,-1.0891683537602077,-1.0242323987601136,-1.3064708948252637,5,white,-0.6181237223488387,1.1706204714357313
-0.2616110130598489,-0.0329967681924942,-0.5884410710183786,-0.9224587134094628,-0.2161551598851922,0.3115154897020743,1.392080362197876,7,white,0.45260165470719127,0.17321225034973048
0.0781933205205009,1.678206690773627,-0.154364426897706,1.1684440692102989,1.0310065456505435,-1.0242323987601136,-0.547503353787505,5,white,-0.5225050882645886,1.8838932360462657
-0.6693762133562691,1.5782012938210617,-0.2357537976703321,0.3927865853352345,-0.153797074608404,-0.4899332433752383,-0.3788439002235593,5,white,-0.9207259203677154,1.0841355564709128
-0.2616110130598489,1.5448661615035395,-0.0187154756099985,1.3707894997864207,0.5321418634362493,0.1111533064327466,-1.0534817144793436,5,white,-0.022317409350902283,0.46651632606461974
0.4179976541008508,-0.7441462576329604,0.1440632659352565,0.4265108237645819,-0.777377927376272,1.1129642227793872,-0.8848222609153978,5,white,0.9506318506955581,3.676250319665355
-1.824710947529459,-0.5441354637278293,-0.0729750561250798,0.0892684394710707,1.2804388867576908,-0.2227836656828007,-1.1378114412613178,6,white,-0.04961927108216659,0.6340800297022892
0.4859585208169208,-0.810816522268004,-0.5613112807608368,-0.9224587134094628,0.282709522329102,1.2465390116256063,0.9704317282880104,5,white,-0.49202912017016914,-0.586121565027139
-0.5334544799241291,-0.6996994145429313,-0.4527921197306684,-0.7538375212627259,0.7815742045433964,-1.0242323987601136,0.3801236408141991,5,white,-0.09063418170388761,0.01340459288285505
0.0102324538044309,2.6338138172092527,-0.0187154756099985,1.7754803609386265,0.90629037509697,-1.0242323987601136,-0.800492534133425,6,white,-0.5834570244534283,1.29987917047786
-0.3295718797759189,-0.6552525714529022,-0.724090022306089,-1.0573556671268898,-1.4633168654209254,0.9793894339331692,1.1390911818519576,6,white,0.14365124396200438,0.27732811725907996
0.0102324538044309,0.4336950842528115,-0.4256623294731292,-0.214249706393093,0.1579933517755285,-0.0892088768365817,0.2114641872502534,6,white,-0.5760921882892822,0.3647503790340968
-0.397532746491989,0.4559185057978259,-0.0729750561250798,0.6963047311993983,0.9686484603737554,0.1111533064327466,-0.3788439002235593,5,white,-0.7820591287860733,1.804227020442043
0.2820759206687107,0.1892374472576513,0.0355441049050855,0.1567169163297654,0.1579933517755285,-0.0892088768365817,0.2957939140322263,6,white,-0.32288636049410757,0.26110973838317736
0.0102324538044309,0.8114932505180589,0.0898036854201723,-0.1805254679637457,0.282709522329102,-1.4917441597218797,-0.1258547198776393,5,white,-1.3567875567294077,-0.5891777714402798
2.1849801887186704,1.8115472200437144,-0.0187154756099985,0.8986501617754825,-1.0891683537602077,-0.9574450043370044,-1.1378114412613178,5,white,-0.12111014979830721,-0.8298331573041221
0.2141150539526407,2.27823907248902,-0.0187154756099985,1.7754803609386265,0.282709522329102,-0.2227836656828007,-0.800492534133425,5,white,-0.009745219947929614,0.07427144945646437
1.3694497881258307,1.8115472200437144,-0.2628835879278742,1.2358925460689938,-0.777377927376272,-0.4899332433752383,-1.3064708948252637,5,white,-0.20098248811642921,2.1572164399377973
0.0102324538044309,-0.5219120421828147,-0.5341814905032947,-0.7201132828333785,1.093364630927329,1.3801138004718252,0.8017722747240648,7,white,-1.2412318970780392,-0.7908218661742671
0.0102324538044309,1.2448499706458431,-0.1001048463826219,0.8986501617754825,-0.3408713304387659,-0.3563584545290197,-0.2945141734415865,6,white,-0.036030458241359,1.2968229640647193
-0.0577284129116391,1.1003977306032484,-0.0729750561250798,0.8312016849167878,1.093364630927329,-0.7570828210676762,-0.547503353787505,6,white,-0.6139329925478476,1.3870703719769928
-0.1256892796277091,0.3892482411627823,-0.0187154756099985,0.2916138700471549,1.342796972034476,-0.8906576099138948,-0.800492534133425,6,white,-0.9712010320540776,-0.27378707000575225
-0.8052979467884089,2.344909337124064,-0.4527921197306684,0.5614077774819713,-0.777377927376272,0.0443659120096371,0.0428047336863063,5,white,-0.6643459862093858,-0.05122475663820931
0.146154187236571,0.0114500748975346,-0.5070517002457526,-0.8212859981214207,0.095635266498743,-0.4899332433752383,1.0547614550699849,6,white,-0.6601552564083952,-0.14993449725559116
0.146154187236571,-0.455241777547771,-0.5884410710183786,-1.360873812991016,-0.2785132451619777,-0.6902954266445667,1.392080362197876,6,white,-0.5529810563590085,0.0860210488505977
0.0781933205205009,-0.6552525714529022,-0.127234636640164,-0.5177678522572569,-0.153797074608404,-0.8238702154907857,0.0428047336863063,6,white,-0.6370441244781214,-1.0719011162365928
0.4859585208169208,-0.6996994145429313,-0.0729750561250798,-0.1468012295343983,0.282709522329102,-0.5567206377983478,-0.2101844466596121,6,white,-0.5372347605928809,-0.5673222059965257
0.8937237211133408,0.7892698289730444,-0.127234636640164,1.6405834072211996,-0.6526617568226984,0.3783028841251838,-0.2945141734415865,4,white,3.847633594441799,1.0653361974402995
0.0781933205205009,0.8226049612905664,-0.5884410710183786,0.5614077774819713,-0.7150198420994867,-0.4899332433752383,0.1271344604682791,5,white,0.08587341413631973,0.9508833042054449
0.0102324538044309,-0.3219012482776837,-0.5070517002457526,-0.855010236550768,-1.0891683537602077,-1.4917441597218797,0.9704317282880104,4,white,0.0974289801014571,-1.3102065822216082
-0.3295718797759189,-0.0774436112825234,-0.696960232048547,-0.7875617596920733,-1.3386006948673546,-1.3581693708756608,1.2234209086339305,6,white,0.29285697807094707,-0.23712569875472395
-0.3295718797759189,-0.8330399438130187,-0.2357537976703321,-0.1805254679637457,1.8416616542487705,0.8458146450869501,0.0428047336863063,6,white,-0.5908218606175739,-0.27378707000575225
0.3500367873847808,-0.7219228360879458,-0.696960232048547,-1.6306677204258324,0.4697837781594611,-1.2913819764525514,1.392080362197876,4,white,-0.9280907565318617,-1.6161976041408292
0.4179976541008508,1.0337274659682043,-0.4527921197306684,0.2916138700471549,1.529871227864838,-0.3563584545290197,0.3801236408141991,6,white,-0.7105682500699332,0.08202749562725857
-0.2616110130598489,-0.2330075620976254,-0.724090022306089,-1.5294950051377902,0.0332771812219549,-0.4899332433752383,1.5607398157618233,7,white,-0.1137453136341613,-0.47848737115288037
-0.6014153466401989,-0.5885823068178585,0.8223080223738075,0.0892684394710707,-2.835194741510235,-0.6235080322214572,-0.9691519876973708,6,white,2.0518331958460077,-0.4272512543704619
-0.2616110130598489,3.05605882656453,-0.7783496028211758,1.1684440692102989,-1.6503911212512872,-1.2245945820294422,0.8861020015060377,5,white,0.11317527586758457,1.1894198304663446
-0.0577284129116391,-0.7219228360879458,0.333971797738051,-0.0456285142463562,-0.2785132451619777,-0.4231458489521292,-0.9691519876973708,5,white,-0.09063418170388761,-0.0006949263901048876
-0.1256892796277091,1.7226535338636564,-0.1001048463826219,1.3707894997864207,-0.5279455862691249,-0.2895710601059102,-1.2221411680432908,7,white,-0.5487903265580174,2.1643882825655503
-1.2810240138008988,0.611482456612928,-0.3985325392155843,0.4939593006232766,0.0332771812219549,-1.0910197931832233,-1.1378114412613178,5,white,-0.2703158839072499,-0.720080103826921
1.7772149884222503,2.600478684891731,-0.1814942171552479,1.809204599367974,-0.4655875009923394,0.0443659120096371,-1.1378114412613178,5,white,0.10479381626560254,1.1238531341350821
-0.1256892796277091,1.7226535338636564,-0.1001048463826219,1.3707894997864207,-0.5279455862691249,-0.2895710601059102,-1.2221411680432908,7,white,-0.5487903265580174,1.9526382217819422
-0.5334544799241291,0.0781203395325785,0.0898036854201723,0.1904411547591128,0.1579933517755285,-0.6235080322214572,-1.3064708948252637,7,white,-0.6685367160103767,-0.13136619850086192
-0.0577284129116391,-0.8330399438130187,-0.2628835879278742,-0.5177678522572569,-0.0290809040548305,0.1111533064327466,0.2114641872502534,6,white,-0.17787135618615565,0.016691859571880036
0.7578019876812007,1.122621152148263,-0.1001048463826219,1.2358925460689938,1.093364630927329,-0.4899332433752383,-0.8848222609153978,6,white,0.4872683526026015,0.35605698605310443
-0.465493613208059,-0.2774544051876546,-0.3442729587005004,-0.855010236550768,-0.7150198420994867,-0.8906576099138948,0.3801236408141991,6,white,-0.1284749859624531,-0.002813785993047368
-0.3295718797759189,1.3004085245083796,-0.4256623294731292,0.5951320159113187,0.095635266498743,-0.4231458489521292,-0.4631736270055321,5,white,-0.4310771839813301,0.6737976073664584
-0.5334544799241291,0.3448013980727531,-0.4527921197306684,0.1567169163297654,-0.0290809040548305,-0.4231458489521292,-0.8848222609153978,5,white,-0.6759015521745229,0.6512357553883901
-0.5334544799241291,1.0559508875132193,-0.4256623294731292,0.3590623469058871,0.4074256928826756,-0.4231458489521292,-0.3788439002235593,6,white,-0.4962198499711598,-0.10481079329945432
-0.0577284129116391,1.4781958968684958,-0.154364426897706,0.8312016849167878,-0.2161551598851922,-0.6235080322214572,-0.8848222609153978,7,white,-0.5372347605928809,-0.4902369705470137
3.3403149228918605,-0.8552633653580332,4.349180755854274,-0.3154224216811351,-0.9020940979298456,-0.0224214824134723,-0.8848222609153978,5,white,-0.19044354558912807,-1.1365304657576571
-0.941219680220549,-0.810816522268004,-0.0187154756099985,-0.3491466601104825,-0.7150198420994867,-0.7570828210676762,-0.8848222609153978,5,white,-0.6181237223488387,-0.39152722992963185
0.0102324538044309,1.01150404442319,-0.127234636640164,0.5951320159113187,0.7815742045433964,-0.2895710601059102,-0.9691519876973708,6,white,-1.1266928608645068,-0.5400605142608039
0.0102324538044309,1.5893130045935686,-0.2357537976703321,0.7300289696287456,-1.8998234623584345,0.0443659120096371,-0.9691519876973708,6,white,-0.7515831606916541,0.37250642520489097
0.6898411209651306,-0.5441354637278293,-0.3442729587005004,-1.1248041439855845,0.5321418634362493,-0.1559962712596912,1.8137289961077416,6,white,-0.10536385403217967,-0.09235490737100678
0.2141150539526407,1.25596168141835,-0.5341814905032947,1.2021683076396463,-0.8397360126530602,-1.4249567652987702,-0.7161628073514522,5,white,0.5839036101246868,0.5421889884455031
0.6218802542490606,-0.0329967681924942,0.0355441049050855,0.6963047311993983,0.282709522329102,-0.1559962712596912,-0.7161628073514522,6,white,0.0974289801014571,0.5226833428805756
-0.397532746491989,-0.8774867869030477,-0.5341814905032947,-1.4620465282790955,-0.777377927376272,-1.0242323987601136,0.9704317282880104,6,white,-0.6370441244781214,-0.9355926575579842
-0.1936501463437792,-0.8997102084480624,-0.5613112807608368,-1.5294950051377902,-0.8397360126530602,-1.0910197931832233,0.9704317282880104,6,white,-0.6444089606422675,-0.3236106137195424
-0.873258813504479,0.7003761427929861,-0.154364426897706,0.4939593006232766,-0.4032294157155512,-0.0892088768365817,-0.7161628073514522,5,white,-0.4153308882152024,1.8199701730595157
0.6898411209651306,1.3893022106884378,-0.20862400741279,0.6963047311993983,0.095635266498743,-0.0892088768365817,-0.8848222609153978,6,white,-0.7252979223982253,3.3212510178512695
-0.6014153466401989,0.5003653488878551,0.333971797738051,0.5614077774819713,0.1579933517755285,-0.0224214824134723,-1.2221411680432908,5,white,-0.874503656507168,0.5725068865943657
-0.3295718797759189,-0.6108057283628731,-0.154364426897706,-0.1805254679637457,0.0332771812219549,0.9126020395100596,-0.2101844466596121,6,white,-0.9207259203677154,0.1302074059965363
0.4179976541008508,-0.6552525714529022,0.0355441049050855,-0.1805254679637457,-0.0914389893316186,0.1111533064327466,-0.547503353787505,5,white,-0.1242842561614625,0.021866925587963482
0.0781933205205009,-0.6774759929979167,0.0626738951626302,-0.0456285142463562,-0.0290809040548305,0.1779407008558561,-0.547503353787505,5,white,-0.10536385403217967,0.32010190133639005
0.146154187236571,1.1003977306032484,-0.0187154756099985,0.9660986386341772,0.2203514370523139,0.4450902785482933,-0.2945141734415865,5,white,0.45260165470719127,0.992950801748441
0.0781933205205009,2.3782444694415856,-0.5884410710183786,0.4939593006232766,-1.40095878014414,-1.0910197931832233,1.3077506354159032,6,white,0.4651738441101639,-0.3346539265793616
-0.5334544799241291,-0.25523098364264,-0.3171431684429583,-0.7875617596920733,-0.4655875009923394,0.7122398562407312,0.6331128211601191,7,white,-0.8093609905173382,0.5344329422747088
-0.1256892796277091,-0.6774759929979167,-0.696960232048547,-0.9561829518388102,-0.2161551598851922,-0.2895710601059102,0.717442547942092,5,white,-0.4153308882152024,-0.5036302032856598
0.2141150539526407,-0.7885931007229895,-0.4799219099882105,-0.9224587134094628,-0.3408713304387659,0.7122398562407312,1.392080362197876,6,white,-0.21672878388255684,-0.1041045067651402
-0.397532746491989,-0.7663696791779749,0.0355441049050855,-0.3154224216811351,-0.2785132451619777,-0.2227836656828007,-0.547503353787505,7,white,-0.3386326562602353,1.3591023937069568
0.0781933205205009,-0.810816522268004,-0.0187154756099985,-0.2479739448224404,2.527600592293424,1.6472633781642632,-0.2101844466596121,6,white,-0.7326627585623711,0.46980359275364453
-0.1936501463437792,-0.810816522268004,-0.2628835879278742,-0.214249706393093,1.8416616542487705,0.7790272506638407,-0.1258547198776393,6,white,-0.6328533946771304,-0.368028031141365
0.146154187236571,1.9448877493138017,-0.4256623294731292,1.2021683076396463,-0.590303671545913,-0.8906576099138948,-0.547503353787505,6,white,0.4189515802496166,0.6620480079723251
0.3500367873847808,-0.8330399438130187,-0.154364426897706,-0.1468012295343983,0.5944999487130347,0.5786650673945123,-0.4631736270055321,5,white,0.1279049481958762,-0.7830658200034728
0.4179976541008508,-0.2774544051876546,-0.154364426897706,-0.5852163291159516,-0.0914389893316186,-1.0242323987601136,0.8017722747240648,6,white,0.07850857797217374,-0.29258642903636567
-0.1936501463437792,0.411471662707797,-0.4256623294731292,0.2241653931884602,1.342796972034476,0.4450902785482933,-0.0415249930956665,6,white,-0.009745219947929614,0.5678070468367123
0.2820759206687107,-0.6330291499078875,-0.8054793930787151,-1.5969434819964852,0.3450676076058875,-1.1578071876063327,1.6450695425437962,7,white,-0.820916556482475,0.4846093985609187
0.0102324538044309,-0.7663696791779749,-0.3171431684429583,-1.0573556671268898,-1.5256749506977136,-0.6235080322214572,-0.0415249930956665,6,white,-0.6370441244781214,0.4690973062193304
-0.2616110130598489,1.278185102963365,-0.154364426897706,0.3927865853352345,-1.0268102684834193,-0.4231458489521292,0.717442547942092,7,white,0.8655521591386097,0.33420142060935015
0.0781933205205009,1.7226535338636564,-0.0187154756099985,1.1684440692102989,1.2180808014809026,-0.7570828210676762,-0.6318330805694778,6,white,-0.648599690443258,1.2383060273699367
-0.397532746491989,2.27823907248902,0.2797122172229668,1.3707894997864207,-1.213884524313781,-0.6235080322214572,-1.1378114412613178,4,white,-0.27348999027040555,0.7243274376145628
1.7772149884222503,1.567089583048554,-0.2900133781854162,1.269616784498341,-0.9020940979298456,-0.4899332433752383,-1.3908006216072364,5,white,-0.009745219947929614,1.973434357424225
1.9810975885704605,1.5448661615035395,-0.2900133781854162,1.2358925460689938,-0.9644521832066338,-0.4899332433752383,-1.3908006216072364,5,white,-0.051776754007486124,2.1572164399377973
0.2820759206687107,1.4559724753234813,-0.3985325392155843,0.8312016849167878,-1.8998234623584345,0.3783028841251838,-0.8848222609153978,7,white,-0.6675200925725412,0.7175087382539668
0.2141150539526407,0.9226103582431318,-0.6155708612759208,0.0555442010417233,-0.0914389893316186,-1.1578071876063327,0.8017722747240648,6,white,-0.5645366223241451,0.9222090394010949
-0.0577284129116391,-0.4996886206378002,-0.0729750561250798,-0.1265666864767674,-1.6503911212512872,-0.5567206377983478,-0.8848222609153978,6,white,0.029112207748471654,-0.8702570215026055
0.2141150539526407,-0.7663696791779749,-0.20862400741279,0.2106756978167437,0.7815742045433964,-0.1559962712596912,-0.7161628073514522,5,white,-0.19044354558912807,-0.1743710428540562
0.4179976541008508,0.2336842903476803,0.2797122172229668,0.1432272209580115,-0.3408713304387659,1.7140507725873726,-0.7161628073514522,5,white,-0.48783839036917825,-0.698930824917481
0.6898411209651306,0.76704640742803,-0.2357537976703321,0.9660986386341772,0.5944999487130347,-0.4899332433752383,-0.8848222609153978,6,white,0.23406252480742745,-0.3861211036376642
-0.873258813504479,0.611482456612928,-0.4527921197306684,0.4231383999216246,-0.4032294157155512,-0.2227836656828007,-0.9691519876973708,5,white,-0.3312678200960894,1.5840146269533264
-0.8052979467884089,2.1893453863089625,0.0898036854201723,1.269616784498341,-0.590303671545913,-0.5567206377983478,-1.3064708948252637,4,white,-0.4541883159116033,0.8730917822216189
-0.1936501463437792,0.255907711892695,-0.2900133781854162,0.0589166248846431,2.340526336463065,-0.6235080322214572,0.0428047336863063,6,white,-1.4135487631172563,0.8155121923370346
-0.941219680220549,0.7003761427929861,-0.3985325392155843,0.6423459497124201,-0.4032294157155512,-0.2895710601059102,-1.2221411680432908,5,white,-0.23564918601183968,1.2561680395903516
0.8937237211133408,1.2337382598733355,1.012216554176602,0.827829261073868,-1.0891683537602077,0.0443659120096371,-1.475130348389209,5,white,-1.0772964906408047,1.436893915690783
0.6898411209651306,1.367078789143423,-0.2628835879278742,1.0268022678070323,1.966377824802344,1.3801138004718252,-0.1258547198776393,5,white,-0.7557738904926447,1.5809584205401859
-1.2130631470848288,1.4559724753234813,-0.3714027489580425,1.067271353922257,-0.590303671545913,-0.1559962712596912,-1.3908006216072364,5,white,-0.04860264764433118,1.6157450981708175
-0.5334544799241291,0.4559185057978259,-0.696960232048547,-0.1906427394925424,-0.4032294157155512,-1.0242323987601136,0.0428047336863063,7,white,0.009175182181353,0.25405997874669745
-0.1936501463437792,-0.7441462576329604,-0.2628835879278742,-0.7099960113045444,0.3450676076058875,-0.5567206377983478,0.0428047336863063,6,white,-0.5067587924984611,-0.7332422762896826
-0.941219680220549,0.5892590350679134,-0.2357537976703321,0.5614077774819713,0.0332771812219549,-0.4231458489521292,-1.3064708948252637,5,white,-0.8019961543531922,1.4897736658177139
1.5053715215579708,2.722707503389312,0.0898036854201723,2.4567099772115637,-0.9020940979298456,0.5118776729714027,-1.475130348389209,6,white,1.046250484779808,2.1398296539758124
-0.1936501463437792,-0.810816522268004,-0.3985325392155843,-0.2344842494507239,1.966377824802344,0.4450902785482933,-0.0415249930956665,7,white,-0.5908218606175739,-0.005869992406188278
-0.8052979467884089,0.5892590350679134,-0.2900133781854162,0.4332556714504588,-0.4032294157155512,-0.0892088768365817,-0.8848222609153978,5,white,-0.23564918601183968,1.578608500661359
-0.873258813504479,-0.3663480913677128,-0.20862400741279,-0.7201132828333785,-0.5279455862691249,-0.6902954266445667,-0.1258547198776393,6,white,-0.8976147884374417,1.394826418147787
-0.7373370800723391,-0.7663696791779749,-0.2900133781854162,0.0420545056699694,0.9686484603737554,-0.4899332433752383,-0.4631736270055321,6,white,-0.5183143584635982,0.43243593496830196
0.2141150539526407,-0.810816522268004,-0.4799219099882105,-0.8145411504355436,-1.588033035974499,0.9793894339331692,-0.1258547198776393,5,white,-0.9197092969298798,-0.06673684897979766
1.5053715215579708,-0.810816522268004,2.721393340401751,-0.0152766996599285,-0.7150198420994867,-0.0224214824134723,-1.3064708948252637,6,white,0.18466615458372496,0.3802624713756852
-0.2616110130598489,1.1892914167833066,-0.20862400741279,0.9930780293776852,0.095635266498743,-0.5567206377983478,-1.0534817144793436,5,white,0.7772983612185056,2.203046430428248
-0.0577284129116391,-0.2107841405526109,0.1169334756777144,0.072406320256397,-0.2785132451619777,-0.5567206377983478,-1.3064708948252637,6,white,-0.31653814776779754,-0.15087184406578957
-0.0577284129116391,-0.4996886206378002,-0.6698304417910048,-0.8921068988230352,-1.0268102684834193,-0.6235080322214572,0.8017722747240648,6,white,0.29285697807094707,-1.417609715819983
-0.7373370800723391,2.367132758669078,-0.0187154756099985,1.2594995129695443,-0.7150198420994867,-0.3563584545290197,-1.3064708948252637,5,white,-0.35437895202636294,1.3123350564063077
0.7578019876812007,1.3004085245083796,-0.3171431684429583,1.0065677247494016,1.8416616542487705,1.5804759837411535,-0.1258547198776393,6,white,-0.977487126755564,1.4089259374207472
0.0102324538044309,0.3225779765277387,-0.8054793930787151,0.0858960156281135,-0.9020940979298456,-0.6902954266445667,0.0428047336863063,5,white,1.4896769573056463,0.26017239157297906
-0.1256892796277091,0.1892374472576513,-0.6155708612759208,0.6356011020265431,1.529871227864838,-0.8906576099138948,-1.7281195287351292,6,white,-1.0962168927700875,0.6690977676088051
1.641293254990111,2.722707503389312,-0.0458452658675378,2.0014327584152616,-0.9644521832066338,0.9126020395100596,-1.0534817144793436,6,white,0.04066777371360839,1.3574587603624444
-0.465493613208059,-0.810816522268004,-0.154364426897706,-0.2412290971365635,1.904019739525556,0.8458146450869501,-0.0415249930956665,7,white,-0.602377426582711,0.3468883668136818
-0.397532746491989,1.8782174846787576,0.0898036854201723,1.114485287723321,1.0310065456505435,-0.4899332433752383,-0.547503353787505,6,white,-0.6717108223735317,1.3146849762851343
-0.2616110130598489,0.76704640742803,-0.5884410710183786,0.1095029825286641,1.093364630927329,-0.7570828210676762,-0.1258547198776393,6,white,-0.9396463224969982,-0.15698425689207113
0.0102324538044309,0.255907711892695,-0.1001048463826219,0.2814965985183582,0.7815742045433964,-0.4231458489521292,-0.3788439002235593,5,white,-0.11057120727100613,-1.0462830578453834
-0.397532746491989,2.2004570970814687,0.2797122172229668,1.296596175241849,-1.1515264390369928,-0.2895710601059102,-1.1378114412613178,4,white,-0.07488788593775998,1.4695617337184723
-0.941219680220549,0.5892590350679134,-0.3714027489580425,0.3792968899634806,-0.3408713304387659,-0.6235080322214572,-0.9691519876973708,6,white,-0.4195216180161931,2.1407670007860107
-0.1256892796277091,-0.8330399438130187,-0.6427006515334628,-0.6256854152311759,1.904019739525556,-0.9574450043370044,0.0428047336863063,6,white,-0.7589479968557997,-0.4878870506681871
1.3694497881258307,-0.8330399438130187,2.4772252280838725,0.0487993533558463,-0.9020940979298456,0.1779407008558561,-1.5594600751711836,5,white,0.17311058861858794,1.0289058864651552
-0.465493613208059,-0.8330399438130187,-0.2628835879278742,-0.4165951369692147,2.4028844217398504,0.0443659120096371,-0.2945141734415865,6,white,-1.2107559289836194,-0.8608573419872989
-0.6693762133562691,-0.8330399438130187,-0.2900133781854162,-0.4941608853567062,2.4028844217398504,0.1111533064327466,-0.2101844466596121,6,white,-1.264343029008313,-1.0773072425285604
-0.397532746491989,2.344909337124064,-0.20862400741279,1.529293420404361,-1.0268102684834193,0.9793894339331692,-0.8848222609153978,5,white,0.0396511502757729,2.6625016367121788
-0.5334544799241291,-0.0329967681924942,2.748523130659293,0.0589166248846431,-0.3408713304387659,-0.2895710601059102,-0.9691519876973708,5,white,-0.052793377445322164,1.046061612151256
-0.6014153466401989,-0.0107733466474797,2.721393340401751,0.0589166248846431,-0.3408713304387659,-0.2895710601059102,-0.9691519876973708,5,white,0.08485679069848433,1.1379526534080422
-0.2616110130598489,0.3225779765277387,-0.5341814905032947,-1.030376276383382,-0.4032294157155512,0.3115154897020743,1.729399269325769,7,white,0.28028478866797457,-0.3734341574333326
-0.5334544799241291,-0.810816522268004,-0.2628835879278742,-0.2378566732936437,1.8416616542487705,0.7122398562407312,-0.0415249930956665,7,white,-0.5908218606175739,-0.4599190723981511
-0.2616110130598489,-0.5219120421828147,-0.2628835879278742,-0.2985603024664615,-0.777377927376272,0.1779407008558561,0.2114641872502534,6,white,0.010191805619188402,0.7633387287444178
-0.6014153466401989,-0.8552633653580332,-0.0729750561250798,-0.612195719859422,-0.2785132451619777,-0.4899332433752383,-0.547503353787505,6,white,-0.4846642840060232,1.525497690258544
-0.0577284129116391,0.3003545549827242,-0.696960232048547,-0.7369754020480522,0.9686484603737554,0.3115154897020743,1.392080362197876,7,white,-0.21672878388255684,0.32738272124875417
-0.873258813504479,0.411471662707797,-0.4256623294731292,0.1836963070732359,0.0332771812219549,-1.0910197931832233,-0.4631736270055321,6,white,0.47152205683647386,1.7165605926844805
-0.0577284129116391,0.4781419273428406,-0.4527921197306684,0.0218199626123759,0.4074256928826756,0.2447280952789648,0.0428047336863063,7,white,-0.4384420201454756,1.3450028744339968
0.6898411209651306,1.2337382598733355,-0.3985325392155843,0.7435186650004622,0.095635266498743,-0.0224214824134723,-0.8848222609153978,6,white,-0.6107588861846927,2.5231369716204295
-0.941219680220549,-0.3441246698226982,-0.8054793930787151,-1.468791375964973,0.7192161192666082,0.0443659120096371,1.898058722889716,8,white,-0.21355467751940196,-0.34311625928447
0.0781933205205009,-0.6108057283628731,-0.3714027489580425,-1.24621140233122,0.7192161192666082,-0.6235080322214572,1.729399269325769,7,white,-0.14003055192759017,0.054765803891536895
-0.2616110130598489,1.5559778722760471,0.0355441049050855,1.357299804414667,1.4051550573112643,-0.5567206377983478,-0.9691519876973708,5,white,-0.8513925245768947,-0.06438692910097095
-0.941219680220549,0.4336950842528115,-0.0458452658675378,0.463607486036849,-0.0914389893316186,-0.6902954266445667,-1.3064708948252637,5,white,-1.0047889884868284,1.7880086415661405
-0.941219680220549,1.5004193184135106,-0.154364426897706,0.999822877063562,0.0332771812219549,-0.3563584545290197,-1.2221411680432908,5,white,0.23406252480742745,-0.012213465508354098
-0.8052979467884089,-0.810816522268004,0.0898036854201723,-0.0456285142463562,-1.0268102684834193,-0.8906576099138948,-0.9691519876973708,6,white,0.47152205683647386,0.07404038918058024
-0.1256892796277091,-0.0107733466474797,-0.4527921197306684,-0.9460656803100134,0.6568580339898229,-0.7570828210676762,1.392080362197876,7,white,-0.04860264764433118,0.7555826825736236
-0.8052979467884089,-0.6330291499078875,-0.20862400741279,-0.2547187925083174,-0.0914389893316186,0.9793894339331692,-0.4631736270055321,5,white,-1.0720270193771542,-0.23030699939412808
1.5733323882740409,2.1226751216739186,-0.1001048463826219,1.1853061884249727,-1.8374653770816465,-0.6235080322214572,-1.1378114412613178,5,white,-0.7862498585870645,0.7165713914437686
-0.1256892796277091,-0.7663696791779749,-0.3171431684429583,0.2713793269895615,-0.7150198420994867,-0.2895710601059102,-1.0534817144793436,5,white,0.9012354804718561,0.5468888282031563
0.146154187236571,-0.8330399438130187,-0.5884410710183786,-0.7470926735768489,-0.5279455862691249,-0.2227836656828007,-0.6318330805694778,6,white,0.20460318015084325,-0.6079771304708932
-0.397532746491989,-0.4996886206378002,-0.5613112807608368,-1.2664459453888508,0.7192161192666082,-0.8238702154907857,1.2234209086339305,7,white,-0.6370441244781214,0.7774382480173778
-0.1256892796277091,-0.3885715129127274,-0.7512198125636337,-1.323777150718749,0.6568580339898229,0.6454524618176217,1.729399269325769,7,white,-0.32390298393194344,-1.0220775725228026
0.0781933205205009,0.2781311334377095,-0.6698304417910048,-0.9157138657235858,0.5321418634362493,-1.0242323987601136,1.392080362197876,6,white,-0.7631387266567907,0.6357236630468016
0.4179976541008508,0.6781527212479715,0.1169334756777144,0.6963047311993983,1.093364630927329,0.3115154897020743,0.3801236408141991,6,white,0.5786962568858605,1.1254967674795946
-0.0577284129116391,-0.7663696791779749,-0.5070517002457526,-1.1248041439855845,0.1579933517755285,-0.9574450043370044,1.2234209086339305,7,white,-0.5067587924984611,0.18096829652052468
2.0490584552865303,1.2337382598733355,-0.3171431684429583,1.097623168508647,-0.4032294157155512,-0.6235080322214572,-1.475130348389209,5,white,-0.2850455562355422,1.3170348961639609
1.8451758551383204,1.5004193184135106,-0.2900133781854162,1.2156580030114004,-0.3408713304387659,-0.4899332433752383,-1.3908006216072364,4,white,-0.20098248811642921,1.7320726850260688
0.0102324538044309,-0.7441462576329604,-0.5884410710183786,-1.205742316216033,2.2781682511862766,-0.3563584545290197,1.8137289961077416,7,white,-0.09482491150487844,-0.019032164868949996
-0.1256892796277091,0.6781527212479715,-0.5341814905032947,-0.2513463686653976,-0.777377927376272,0.9126020395100596,1.0547614550699849,6,white,-0.18523619235030167,0.6730913208321442
-2.164515281109809,-0.810816522268004,-0.1001048463826219,-0.09284244804742,3.5253299567220124,0.1111533064327466,-0.2945141734415865,5,white,-0.9774250087307401,0.039728937808378544
-1.892671814245529,-0.8330399438130187,-0.5613112807608368,-0.7605823689485655,0.095635266498743,0.5118776729714027,-0.547503353787505,6,white,-0.32072887756878854,-0.1936456281430996
0.146154187236571,-0.7219228360879458,-0.4256623294731292,-0.399733017754541,0.7815742045433964,0.8458146450869501,0.464453367596172,6,white,-0.39958459244907496,0.8972972675441999
-0.7373370800723391,0.4781419273428406,-0.3171431684429583,0.4770971814086029,-0.0290809040548305,-0.3563584545290197,-0.9691519876973708,5,white,-0.35437895202636294,1.8970554085090274
-1.0091805469366188,-0.8774867869030477,-0.20862400741279,-0.5278851237860536,-0.590303671545913,-1.1578071876063327,-0.7161628073514522,6,white,-0.09063418170388761,-0.8540386426267028
1.5733323882740409,1.533754450731032,-0.5070517002457526,0.7873601749586437,-0.7150198420994867,-1.6253189485680986,-0.7161628073514522,5,white,-0.14422128172858076,-0.3579220650917442
0.553919387532991,-0.6330291499078875,-0.0729750561250798,-0.0287663950316825,-0.2161551598851922,-0.0224214824134723,-0.6318330805694778,5,white,0.020730748146489515,0.7172776779780827
-0.1936501463437792,1.7004301123186414,-0.1814942171552479,1.3707894997864207,0.1579933517755285,0.3783028841251838,-1.0534817144793436,6,white,0.30339592059824816,0.9819074888886219
0.0102324538044309,-0.810816522268004,-0.6698304417910048,-1.0101417333257885,-1.7127492065280725,-0.7570828210676762,-0.0415249930956665,5,white,-0.03285635187820351,0.6223304303081558
0.0102324538044309,1.2337382598733355,-0.20862400741279,1.2021683076396463,1.529871227864838,0.3783028841251838,-1.0534817144793436,6,white,-0.2555862115789582,1.4982359985228224
-0.2616110130598489,-0.6996994145429313,-0.8868687638513413,-1.553101972038341,1.4051550573112643,0.4450902785482933,1.729399269325769,8,white,-0.1137453136341613,1.2479367671611274
0.2141150539526407,2.8338246111143843,0.0355441049050855,2.6556829839446903,1.342796972034476,-0.6902954266445667,-1.3908006216072364,5,white,-0.32707709029509857,5.110185646083399
0.146154187236571,1.1448445736932773,-0.2357537976703321,0.8851604664037661,-0.2785132451619777,-0.1559962712596912,-0.2101844466596121,5,white,0.26974584614067393,0.8413613110041279
-0.6693762133562691,-0.0552201897375089,-0.4256623294731292,-0.0557457857751529,0.4074256928826756,0.9126020395100596,0.0428047336863063,5,white,-0.5760921882892822,4.220886845130087
0.2141150539526407,1.0559508875132193,0.2797122172229668,0.8986501617754825,-0.4655875009923394,0.2447280952789648,-1.3064708948252637,4,white,-0.6527904202442489,2.0505195928737368
-0.1256892796277091,0.7448229858830154,-0.154364426897706,1.0200574201211556,1.5922293131416234,0.5786650673945123,-0.7161628073514522,5,white,-0.02549151571405718,1.0545239448563644
-0.397532746491989,0.4781419273428406,-0.4256623294731292,0.187068730916193,-0.0290809040548305,0.1111533064327466,-0.8848222609153978,6,white,-0.5950125904185649,-0.6592132472533117
-0.1936501463437792,-0.0552201897375089,0.0898036854201723,0.3995314330211115,1.6545873984184116,0.3783028841251838,-0.2101844466596121,6,white,0.032286314111626586,0.4011806900092412
-0.3295718797759189,-0.1218904543725526,-0.6155708612759208,-0.9393208326241363,-0.0914389893316186,0.3783028841251838,1.4764100889798504,8,white,0.4946331887667478,-0.3586283516260584
-0.3295718797759189,-0.810816522268004,-0.6698304417910048,-0.6728993490322772,1.093364630927329,-0.0892088768365817,-0.0415249930956665,5,white,-1.0079630948499834,0.7906004204801396
-0.397532746491989,1.322631946053394,-0.3714027489580425,0.7502635126863392,-0.7150198420994867,-0.2895710601059102,-0.4631736270055321,6,white,0.036477043912617226,1.6423005033722249
2.117019322002601,1.3448553675984083,-0.4799219099882105,1.1347198307809516,-0.9020940979298456,-0.6235080322214572,-1.475130348389209,4,white,-0.009745219947929614,1.9189109739527814
-0.1936501463437792,-0.5441354637278293,-0.696960232048547,-0.8752447796083614,-1.40095878014414,0.0443659120096371,0.2957939140322263,6,white,-0.32707709029509857,-0.4404134268332236
-0.0577284129116391,-0.6774759929979167,-0.7512198125636337,-1.2698183692317706,-1.7127492065280725,1.5804759837411535,1.392080362197876,6,white,0.2277143120811174,-0.30198610855167235
0.553919387532991,1.122621152148263,3.019821033234714,1.1077404400374813,-1.0268102684834193,0.5786650673945123,-0.8848222609153978,5,white,0.8539965931734732,0.43220487469241786
-0.6693762133562691,1.833770641588729,-0.2357537976703321,1.647328254907077,1.529871227864838,0.3783028841251838,-0.4631736270055321,5,white,0.22352358228012628,1.853344277621519
0.146154187236571,1.4115256322334524,-0.4527921197306684,0.8581810756602583,-0.7150198420994867,0.2447280952789648,-0.800492534133425,6,white,-0.028665622077212426,2.0068084619862288
-1.077141413652689,-0.8330399438130187,0.0898036854201723,-0.3390293885816858,-0.590303671545913,-0.4899332433752383,-1.5594600751711836,6,white,-0.8671388203430221,0.3849623111333385
-0.397532746491989,-0.810816522268004,-0.3442729587005004,-0.6661545013464003,1.0310065456505435,-0.3563584545290197,0.1271344604682791,7,white,-0.8051702607163472,0.3212703084224725
-0.2616110130598489,-0.810816522268004,-0.2900133781854162,-0.8583826603936878,1.2804388867576908,-0.3563584545290197,0.464453367596172,6,white,-0.9470111586611443,-0.7595666212152061
0.0781933205205009,0.4336950842528115,-0.8868687638513413,-0.9224587134094628,0.1579933517755285,-0.5567206377983478,1.6450695425437962,7,white,0.7772983612185056,-0.43900085376459524
0.0102324538044309,-0.6774759929979167,-0.154364426897706,-0.335656964738766,0.4697837781594611,-0.2227836656828007,-0.1258547198776393,6,white,-0.0790786157387507,0.1567628111979438
0.3500367873847808,-0.8552633653580332,-0.7783496028211758,-0.7066235874616246,-0.153797074608404,-1.0910197931832233,0.8017722747240648,5,white,0.3390792419314945,-0.6615631671321385
-0.3295718797759189,1.7448769554086707,-0.4527921197306684,1.2729892083412984,-1.0891683537602077,0.8458146450869501,-0.9691519876973708,5,white,-0.002380383783783599,2.521493338275916
-0.3295718797759189,-0.0107733466474797,2.721393340401751,-0.1940151633354996,-1.213884524313781,-1.1578071876063327,-1.0534817144793436,5,white,-0.01704793808725171,-0.3323040067005349
0.146154187236571,1.122621152148263,-0.1814942171552479,0.9121398571472364,-0.3408713304387659,-0.2895710601059102,-0.3788439002235593,6,white,0.07850857797217374,0.08437741550608531
0.9616845878294108,-0.2885661159601618,-0.1814942171552479,0.2376550885602141,0.3450676076058875,0.3115154897020743,-0.7161628073514522,5,white,0.13209567799686686,-0.7877656597611262
-0.1936501463437792,-0.7441462576329604,-0.5884410710183786,-0.618940567545299,1.6545873984184116,-0.2227836656828007,-0.0415249930956665,6,white,-1.0731057608398136,0.7283209908379018
-0.397532746491989,1.678206690773627,-0.1001048463826219,1.175188916896176,1.2180808014809026,-0.7570828210676762,-0.7161628073514522,5,white,-0.7137423564330883,1.4002325444397545
-0.5334544799241291,-0.8330399438130187,0.0898036854201723,0.1971860024449898,2.2781682511862766,-0.1559962712596912,-1.1378114412613178,5,white,-0.4310771839813301,1.6146856683693462
0.2141150539526407,-0.7663696791779749,0.957956973661518,-0.0523733619321957,-0.2161551598851922,-0.6235080322214572,-0.6318330805694778,5,white,0.10479381626560254,0.0578220103046777
0.8257628543972707,0.5670356135228988,-0.1814942171552479,0.7603807842151359,-0.6526617568226984,-0.0892088768365817,-1.3064708948252637,5,white,0.0396511502757729,1.8018771005632161
-0.1256892796277091,0.6781527212479715,-0.1814942171552479,0.6693253404558904,-0.4655875009923394,-0.2895710601059102,-1.2221411680432908,6,white,-0.1936176519522832,1.3160975493537626
-0.1256892796277091,2.1893453863089625,-0.5341814905032947,0.8244568372309108,0.1579933517755285,-1.0910197931832233,-0.1258547198776393,6,white,0.08168268433532941,2.2709630466383377
-0.1936501463437792,0.2114608688026658,-0.724090022306089,0.0690338964134398,2.839391018677359,-0.4899332433752383,0.1271344604682791,6,white,-1.3715172290576996,0.3311452141962093
-0.5334544799241291,0.2114608688026658,-0.4799219099882105,0.19381357860207,2.2781682511862766,-0.2895710601059102,-0.0415249930956665,7,white,-1.516532233365652,-0.2885928758130265
2.7966279891633,0.4781419273428406,1.1478655054643123,0.4332556714504588,-0.0914389893316186,-0.6902954266445667,-1.1378114412613178,5,white,-0.09901564130586905,1.768502996001213
-0.941219680220549,-0.455241777547771,-0.5613112807608368,-1.1079420247709109,0.3450676076058875,-0.8906576099138948,0.8017722747240648,4,white,-0.7105682500699332,-1.3569739195222577
0.3500367873847808,-0.8552633653580332,-0.6155708612759208,-0.6661545013464003,-1.0891683537602077,0.0443659120096371,-0.1258547198776393,3,white,0.7772983612185056,-1.7057387255187888
-0.1256892796277091,-0.6774759929979167,-0.4799219099882105,-1.1585283824149315,0.4697837781594611,-0.8238702154907857,1.2234209086339305,6,white,-0.6139329925478476,1.4352502823462703
-0.1936501463437792,-0.0329967681924942,-0.5613112807608368,-0.9629277995246872,0.9686484603737554,-0.6902954266445667,1.392080362197876,6,white,-0.21672878388255684,0.8824914617369256
-0.1936501463437792,0.8559400936080883,-0.1814942171552479,0.3455726515341332,0.4074256928826756,-0.4899332433752383,-0.6318330805694778,6,white,-0.6370441244781214,-0.5400605142608039
1.641293254990111,2.5338084202566877,0.1711930561927986,2.173426374404956,-0.777377927376272,-0.1559962712596912,-1.0534817144793436,5,white,0.6910778101740738,2.9834205474299464
-0.873258813504479,-0.6774759929979167,0.7409186516011818,0.2106756978167437,1.6545873984184116,0.6454524618176217,-0.800492534133425,4,white,-0.7484090543284985,0.5988312315198894
-0.873258813504479,-0.6996994145429313,0.7680484418587238,0.2106756978167437,1.6545873984184116,0.7122398562407312,-0.8848222609153978,4,white,-0.7484090543284985,0.6611106611621267
0.6898411209651306,0.0114500748975346,-0.3985325392155843,0.2174205455025832,1.716945483695197,0.3783028841251838,-0.2945141734415865,6,white,-0.5950125904185649,0.6488858355095632
-0.2616110130598489,-0.1441138759175671,-0.7512198125636337,-0.3592639316393167,0.095635266498743,-0.4899332433752383,-0.1258547198776393,8,white,-0.9848519629197098,-0.7254862301188885
-0.1936501463437792,0.1670140257126366,-0.8597389735937991,-0.5514920906866042,0.3450676076058875,-0.0224214824134723,0.3801236408141991,6,white,-0.6296792883139752,-0.6599195337876259
2.4568236555829506,1.7448769554086707,-0.3985325392155843,1.3067134467706456,-1.0891683537602077,-0.8238702154907857,-1.5594600751711836,5,white,-0.39958459244907496,1.60281398598394
-0.1936501463437792,-0.8330399438130187,-0.1001048463826219,-0.3086775739952956,0.4074256928826756,0.0443659120096371,-0.547503353787505,4,white,-0.35437895202636294,0.6930721926555018
-0.1256892796277091,-0.8330399438130187,-0.1001048463826219,-0.3120499978382154,0.4074256928826756,0.0443659120096371,-0.547503353787505,4,white,-0.35437895202636294,0.6557045348701592
0.2141150539526407,-0.8552633653580332,-0.4256623294731292,-1.0573556671268898,-1.0268102684834193,-0.5567206377983478,0.6331128211601191,4,white,-0.35755305838951856,-1.0159651596965207
-0.397532746491989,-0.5219120421828147,-0.3985325392155843,-1.145038687043178,0.9686484603737554,-0.1559962712596912,1.2234209086339305,8,white,0.26453849290184694,-0.4683814051032595
-0.397532746491989,-0.7441462576329604,-0.3985325392155843,-0.6863890444039937,1.2804388867576908,-0.2227836656828007,0.1271344604682791,8,white,-0.3848549201207825,0.3553506995187901
-0.1936501463437792,0.7003761427929861,-0.3714027489580425,-0.0017870042881746,-0.590303671545913,1.1129642227793872,-0.3788439002235593,6,white,-0.820916556482475,0.5997685783300875
0.146154187236571,-0.7885931007229895,0.930827183403976,-0.2479739448224404,0.1579933517755285,-0.2895710601059102,-0.800492534133425,7,white,-1.168724394924063,0.7353707504743818
0.146154187236571,-0.7885931007229895,0.98508676391906,-0.2479739448224404,0.1579933517755285,-0.2895710601059102,-0.800492534133425,6,white,-1.168724394924063,0.7875442140669986
1.5733323882740409,1.7448769554086707,-0.0187154756099985,1.1886786122678925,0.4074256928826756,-0.2895710601059102,-1.5594600751711836,5,white,0.9843440431779569,2.8281906467294515
-0.1936501463437792,-0.25523098364264,0.0626738951626302,0.527683539052624,1.966377824802344,0.3783028841251838,-0.2101844466596121,5,white,-0.426886454180339,0.9765013625966544
-0.465493613208059,2.8227129003418767,-0.2628835879278742,1.896887619284262,-1.5256749506977136,0.8458146450869501,-1.2221411680432908,5,white,0.44942754834403614,1.0940104622446494
-0.3295718797759189,-0.0329967681924942,-0.5341814905032947,-0.9899071902681577,-0.3408713304387659,-0.8238702154907857,1.0547614550699849,6,white,-1.031074226780257,-0.8399391233537431
0.4859585208169208,-0.7663696791779749,-0.8868687638513413,-1.138293839357301,-0.4655875009923394,-0.2895710601059102,1.1390911818519576,6,white,0.4872683526026015,-0.4232577011471227
-0.5334544799241291,-0.810816522268004,-0.2900133781854162,-0.4536917992414819,2.714674848123786,0.2447280952789648,-0.2101844466596121,6,white,-1.3715172290576996,-0.9800100749798066
0.6898411209651306,-0.6774759929979167,-0.2628835879278742,0.2140481216596635,-0.8397360126530602,0.8458146450869501,-0.4631736270055321,4,white,0.415777473886461,-0.6834187325758926
1.1655671879776206,-0.6774759929979167,-0.3442729587005004,0.2039308501308667,-0.777377927376272,-0.0224214824134723,-0.2945141734415865,4,white,0.2896828717077917,-0.5666159194622115
-0.2616110130598489,0.7003761427929861,-0.5070517002457526,0.3792968899634806,-0.6526617568226984,0.1779407008558561,-0.4631736270055321,6,white,0.06695301200703711,2.761442437605445
0.2820759206687107,-0.6552525714529022,-0.6155708612759208,-0.969672647210564,-1.6503911212512872,2.9830112666264514,1.8137289961077416,6,white,0.789870550621479,-0.3026923950859865
0.9616845878294108,-0.7219228360879458,-0.2900133781854162,0.4501177906651325,-1.1515264390369928,0.9126020395100596,-0.800492534133425,5,white,0.6112054718559521,-0.08154265478707186
-0.941219680220549,0.76704640742803,-0.3442729587005004,0.3523174992200102,-0.4032294157155512,-0.2895710601059102,-0.8848222609153978,5,white,-0.8093609905173382,2.0707315249729787
-0.397532746491989,-0.1330021651450598,-0.6427006515334628,-1.1349214155143812,-0.3408713304387659,-0.0892088768365817,1.8137289961077416,6,white,0.7699335250543602,-0.4552192326404978
-0.3295718797759189,0.1670140257126366,-0.5613112807608368,-0.1838978918066654,0.7192161192666082,0.0443659120096371,0.3801236408141991,6,white,0.06276228220604603,-0.34311625928447
-1.484906613949109,1.7671003769536853,-0.3442729587005004,0.9694710624771344,-0.777377927376272,-0.2227836656828007,-1.2221411680432908,5,white,1.6694207775338323,1.7988208941500754
-0.2616110130598489,-0.5219120421828147,-0.6155708612759208,-0.163663348749072,0.7815742045433964,0.7122398562407312,-0.2945141734415865,4,white,-0.6254885585129848,-0.3182044874275749
-0.397532746491989,0.5003653488878551,-0.2628835879278742,0.5681526251678484,0.9686484603737554,0.3115154897020743,-0.3788439002235593,6,white,-0.88923332883546,1.317510122422391
-0.465493613208059,3.1227290911995738,-0.3171431684429583,2.0149224537870154,-1.0891683537602077,-0.2227836656828007,-1.1378114412613178,6,white,0.10898454606659362,1.962391044564406
-1.0091805469366188,0.8337166720630738,0.6323994905710134,1.1785613407390958,1.529871227864838,0.8458146450869501,-0.9691519876973708,4,white,-0.33964927969807124,2.012214588278196
-0.941219680220549,0.5225887704328698,1.0393463444341442,1.0773886254510536,1.904019739525556,1.1797516172024969,-1.1378114412613178,4,white,-0.39323637972276426,0.9266778188828645
-0.1256892796277091,-0.6108057283628731,-0.1814942171552479,-0.1906427394925424,-1.5256749506977136,-0.2227836656828007,-0.4631736270055321,5,white,0.09006414393731037,-0.38048391706981255
-0.397532746491989,0.4003599519352895,-0.2628835879278742,0.5681526251678484,0.9686484603737554,0.3115154897020743,-0.3788439002235593,6,white,-0.88923332883546,1.317510122422391
-1.552867480665179,1.4115256322334524,-0.3442729587005004,0.8750431948749319,-0.4655875009923394,-0.4899332433752383,-1.3064708948252637,5,white,2.024593452139567,1.7139796125297695
-1.077141413652689,-0.9219336299930768,-0.6698304417910048,-0.6054508721735825,-0.4032294157155512,-0.7570828210676762,-0.8848222609153978,5,white,-0.21355467751940196,-0.4006958491690544
0.6218802542490606,3.17828764506211,0.361101587995593,2.24087485126365,1.0310065456505435,-0.0224214824134723,-1.2221411680432908,5,white,-0.5308865478665709,2.625133978926836
0.0102324538044309,0.6337058781579427,-0.696960232048547,-0.9359484087812168,-1.0891683537602077,-0.4899332433752383,2.3197073567995816,7,white,0.7089815888655207,-0.23101328592844222
0.7578019876812007,1.4893076076410032,-0.3171431684429583,0.7974774464874405,0.2203514370523139,0.1111533064327466,-0.8848222609153978,5,white,-0.5760921882892822,1.9569849182724386
-0.941219680220549,0.5892590350679134,1.0664761346916862,1.0706437777651767,2.0910939953559176,1.2465390116256063,-1.1378114412613178,5,white,-0.14104717536542552,1.1135161078095772
-0.1936501463437792,-0.455241777547771,-0.5613112807608368,-0.1434288056914411,0.8439322898201819,0.9793894339331692,-0.3788439002235593,6,white,-0.4458068563096219,-0.48177463784190533
-0.397532746491989,-0.7885931007229895,-0.4527921197306684,-0.8752447796083614,0.282709522329102,-0.3563584545290197,0.5487830943781448,6,white,-0.4762828244040417,0.7990627531852479
-0.2616110130598489,0.5448121919778843,-0.4527921197306684,0.3523174992200102,-0.5279455862691249,0.1111533064327466,-0.6318330805694778,6,white,0.456792384508182,3.0307720882736375
-1.0091805469366188,0.722599564338001,-0.3985325392155843,0.4163935522357851,-0.0290809040548305,-0.4899332433752383,-0.9691519876973708,5,white,-0.706377520268942,2.23735788180045
-1.2130631470848288,0.4448067950253187,-0.3171431684429583,0.3725520422776036,0.0332771812219549,-0.7570828210676762,-1.3064708948252637,5,white,-0.7179330862340794,1.5762585807825324
-1.0091805469366188,0.7448229858830154,-0.3442729587005004,0.4197659760787049,-0.0914389893316186,-0.4231458489521292,-0.9691519876973708,5,white,-0.7484090543284985,2.235007961921623
-0.8052979467884089,1.9671111708588167,-0.0729750561250798,1.4652173673885858,-0.7150198420994867,-0.2227836656828007,-1.3908006216072364,6,white,0.12371421839488562,2.740293158696005
-0.3295718797759189,2.7671543464793404,-0.3171431684429583,1.8901427715984227,-1.2762426095905663,0.1779407008558561,-1.2221411680432908,6,white,0.31177738020023044,2.443470756016206
0.2141150539526407,0.1225671826226075,-0.6155708612759208,-0.042256090403399,-0.3408713304387659,-0.2227836656828007,-0.6318330805694778,4,white,-0.41215678185204707,-0.41338279537338585
-0.2616110130598489,0.9670572013331612,-0.0187154756099985,0.4737247575656831,-0.3408713304387659,-0.6902954266445667,-0.9691519876973708,5,white,0.19203099074787094,0.8169247654056631
-0.2616110130598489,-0.0552201897375089,-0.1814942171552479,-0.0557457857751529,-0.590303671545913,-0.2227836656828007,-0.4631736270055321,6,white,0.06695301200703711,0.6044684180877408
0.3500367873847808,1.0337274659682043,-0.3985325392155843,1.1347198307809516,1.5922293131416234,1.4469011948949346,-0.547503353787505,6,white,-0.2661251541062593,0.43478585484712856
-0.397532746491989,0.2781311334377095,2.4500954378263304,-0.0658630573039496,-0.5279455862691249,-0.4231458489521292,-0.4631736270055321,5,white,0.26453849290184694,1.3123350564063077
-0.2616110130598489,-0.7663696791779749,-0.7783496028211758,-0.8448929650219713,-0.3408713304387659,3.517310422011327,0.8017722747240648,6,white,-0.6139329925478476,-0.005394766147758422
0.0102324538044309,2.1226751216739186,0.1711930561927986,1.1684440692102989,-1.40095878014414,-0.5567206377983478,-1.1378114412613178,5,white,-0.04231655294284516,1.1602834451102264
0.0781933205205009,-0.5663588852728438,-0.127234636640164,-0.4638090707702786,-0.4655875009923394,0.4450902785482933,-0.4631736270055321,5,white,-0.4310771839813301,1.7084579560998598
0.146154187236571,-0.5441354637278293,-0.154364426897706,-0.4705539184561556,-0.4655875009923394,0.5118776729714027,-0.4631736270055321,5,white,-0.3470141158622171,1.609985828611693
0.0781933205205009,-0.5663588852728438,-0.127234636640164,-0.4638090707702786,-0.4655875009923394,0.4450902785482933,-0.4631736270055321,5,white,-0.4310771839813301,1.5901270397796083
-0.397532746491989,0.7003761427929861,-0.3985325392155843,0.534428386738501,1.2804388867576908,0.7122398562407312,-0.6318330805694778,6,white,-0.6948219543038054,-0.12361015233006782
-0.3295718797759189,-0.7885931007229895,-0.4527921197306684,-0.5346299714719306,0.8439322898201819,0.5786650673945123,-0.0415249930956665,6,white,-0.6832663883386688,-0.43970714029890934
-0.397532746491989,-0.6108057283628731,-0.3714027489580425,-0.2007600110213391,1.4051550573112643,0.6454524618176217,0.0428047336863063,6,white,-0.5876477542544187,2.0629754788021843
-1.145102280368759,1.1003977306032484,-0.5341814905032947,0.6356011020265431,0.3450676076058875,-0.0892088768365817,-0.9691519876973708,5,white,0.577679633448025,0.8505299302435505
-0.3295718797759189,-0.7663696791779749,-0.8054793930787151,-0.6931338920898706,0.9686484603737554,0.0443659120096371,0.3801236408141991,7,white,-0.602377426582711,0.46980359275364453
-0.397532746491989,-0.7663696791779749,-0.8054793930787151,-0.6256854152311759,1.904019739525556,0.1779407008558561,0.2114641872502534,6,white,-1.0962168927700875,0.5718006000600514
-0.1256892796277091,2.433803023304122,-0.5613112807608368,1.6877973410223008,0.4697837781594611,0.9126020395100596,-1.3064708948252637,5,white,-0.2892362860365332,2.192940464378627
0.0781933205205009,1.1892914167833066,-0.696960232048547,0.8042222941733174,-0.9644521832066338,0.3115154897020743,-0.800492534133425,6,white,0.2119680163149892,1.6688559085736328
0.2820759206687107,0.5225887704328698,-0.5341814905032947,0.4669799098798062,-0.2161551598851922,0.0443659120096371,0.0428047336863063,6,white,0.4147608504486255,0.7586388889867645
-0.5334544799241291,2.444914734076629,-0.3171431684429583,1.2426373937548707,-0.9020940979298456,-0.0892088768365817,-1.1378114412613178,5,white,-0.3890456499217736,0.4479480273098904
0.0781933205205009,-0.5441354637278293,-0.1001048463826219,-0.1737806202778687,-2.0868977181887933,-0.2895710601059102,-0.8848222609153978,5,white,0.17412721205642337,-1.2930508565355074
0.0781933205205009,-0.5663588852728438,-0.1001048463826219,-0.1670357725919917,-2.0868977181887933,-0.3563584545290197,-0.8848222609153978,5,white,0.18568277802156088,-1.240877392942891
-0.397532746491989,1.278185102963365,-0.4799219099882105,1.124602559252155,1.529871227864838,0.3115154897020743,-0.2101844466596121,7,white,-0.4689179882398955,1.1471212726474644
-1.145102280368759,-0.8552633653580332,-0.1001048463826219,-0.3592639316393167,-0.9020940979298456,-0.4899332433752383,-1.475130348389209,5,white,-1.0047889884868284,0.32033296161227415
3.1364323227436506,1.567089583048554,-0.4256623294731292,1.296596175241849,-1.5256749506977136,-0.6235080322214572,-1.5594600751711836,5,white,-0.11691941999731618,1.49611713891988
3.2043931894597204,1.533754450731032,-0.4527921197306684,1.2999685990847687,-1.5256749506977136,-0.6235080322214572,-1.5594600751711836,5,white,-0.1589509540568727,1.391770211734646
0.0102324538044309,-0.7441462576329604,-0.5070517002457526,-0.2648360640371141,-0.153797074608404,0.5786650673945123,-0.2945141734415865,6,white,-0.3848549201207825,0.052415884012710155
0.146154187236571,-0.9441570515380916,-0.7512198125636337,-1.0067693094828312,0.1579933517755285,-0.1559962712596912,-0.3788439002235593,6,white,-1.8538011292799388,-0.6225518760022832
-1.484906613949109,-0.810816522268004,-0.20862400741279,-0.3154224216811351,-0.0914389893316186,-0.8238702154907857,-0.8848222609153978,5,white,-0.23983991581283046,0.007292180056573425
0.146154187236571,-0.8330399438130187,-0.0187154756099985,-0.0658630573039496,-0.777377927376272,-0.1559962712596912,-0.8848222609153978,5,white,-0.1894269221512927,0.9283214522273766
0.553919387532991,0.2781311334377095,-0.9411283443664252,-0.7875617596920733,1.966377824802344,-0.2227836656828007,0.8861020015060377,7,white,-0.8408535820495937,0.46651632606461974
-0.6014153466401989,1.1670679952382923,-0.6698304417910048,0.3961590091781543,-0.590303671545913,-0.8906576099138948,0.1271344604682791,6,white,0.41158674408547086,-0.9294802447317024
-0.7373370800723391,2.3337976263515565,-0.3714027489580425,0.6895598835135214,-0.7150198420994867,0.0443659120096371,-0.3788439002235593,6,white,-0.8786943863081591,-0.05122475663820931
-0.0577284129116391,-0.7885931007229895,-0.5884410710183786,-1.273190793074728,0.5944999487130347,-0.6235080322214572,0.464453367596172,7,white,-0.9091703544025787,-0.9052747594091215
-1.552867480665179,-0.7885931007229895,0.3882313782531347,0.1432272209580115,-0.0290809040548305,-0.0224214824134723,-0.6318330805694778,5,white,1.0063764336455716,-0.4023394825135668
1.1655671879776206,-0.810816522268004,2.31444648653862,-0.2816981832517878,-0.9020940979298456,-0.2895710601059102,-1.3064708948252637,6,white,-0.4499975861106129,1.2944730441858927
0.3500367873847808,0.6337058781579427,-0.2628835879278742,0.2983587177330319,-0.2161551598851922,-0.3563584545290197,-0.8848222609153978,6,white,-0.8019961543531922,2.3673228673768927
-0.1256892796277091,1.7671003769536853,-0.127234636640164,1.2527546652836674,0.90629037509697,-0.2895710601059102,-0.9691519876973708,6,white,-0.7673294564577818,-0.11820402603810028
-0.1256892796277091,-0.8997102084480624,-0.20862400741279,-0.554864514529524,0.095635266498743,0.5118776729714027,-0.2945141734415865,5,white,-0.32390298393194344,-0.3330102932348491
0.3500367873847808,-0.0441084789650017,-0.4256623294731292,-0.0726079049898266,-0.777377927376272,-0.2227836656828007,-0.6318330805694778,6,white,-0.32809371373293417,1.6512315094824326
0.3500367873847808,0.4559185057978259,-0.2628835879278742,0.2342826647172569,-0.2161551598851922,-0.3563584545290197,-0.8848222609153978,6,white,-0.8976147884374417,2.0340701537219505
-1.077141413652689,0.5448121919778843,-0.1814942171552479,0.4602350621939293,-0.3408713304387659,-0.2895710601059102,-1.3064708948252637,5,white,-0.6223144521498294,1.9492288721016444
0.0102324538044309,0.5670356135228988,-0.3171431684429583,0.3017311415759891,-0.777377927376272,0.1111533064327466,-0.3788439002235593,6,white,0.15101608012615012,2.3494608551564777
0.0102324538044309,1.1670679952382923,0.6052697003134714,0.7030495788852378,-1.2762426095905663,-0.5567206377983478,-1.475130348389209,5,white,-0.7137423564330883,0.3748563450837176
-0.3295718797759189,-0.7441462576329604,-0.6155708612759208,-1.2327217069595036,-1.588033035974499,-0.1559962712596912,1.1390911818519576,6,white,0.05539744604190059,-0.10175458688631356
-0.5334544799241291,3.311628174332197,0.469620749025761,1.5798797780483818,-0.2161551598851922,-0.6235080322214572,-1.0534817144793436,6,white,-0.8671388203430221,0.8239745250421431
1.1655671879776206,0.5892590350679134,-0.5613112807608368,0.6963047311993983,0.6568580339898229,1.5136885893180445,-0.4631736270055321,6,white,0.45260165470719127,-0.8072713053260537
-0.5334544799241291,0.0558969179875638,0.496750539283303,0.0420545056699694,-0.0914389893316186,-0.6902954266445667,-0.8848222609153978,5,white,-1.2569781928441672,1.835482265401104
-0.6014153466401989,1.7004301123186414,-0.0729750561250798,1.289851327555972,-0.4032294157155512,-0.2227836656828007,-0.7161628073514522,4,white,0.06276228220604603,-0.08859241442355188
-0.6693762133562691,-0.7885931007229895,-0.3714027489580425,-0.7268581305192181,-0.2161551598851922,-0.3563584545290197,-0.2945141734415865,5,white,-1.1802799608892003,1.1036412020358404
-0.465493613208059,1.3893022106884378,-0.696960232048547,0.6457183735553398,-0.7150198420994867,-0.8906576099138948,0.2114641872502534,5,white,0.26238100997652714,-0.9022185529959807
0.2820759206687107,2.900494875749428,-0.2900133781854162,1.8429288377973208,0.282709522329102,-0.3563584545290197,-1.475130348389209,5,white,-0.7862498585870645,0.3132832019757941
-0.0577284129116391,0.4336950842528115,-0.4799219099882105,-0.2614636401941944,0.5944999487130347,-0.2895710601059102,0.717442547942092,6,white,-0.5225050882645886,1.0350182992914367
0.553919387532991,0.3003545549827242,-0.4799219099882105,0.2005584262879095,-0.5279455862691249,-0.0892088768365817,-0.6318330805694778,5,white,-0.5802829180902729,1.3137476294749362
0.2820759206687107,-0.810816522268004,-0.3171431684429583,0.3455726515341332,-0.3408713304387659,-0.4231458489521292,-0.9691519876973708,4,white,0.7247278846316482,-0.6951683319700259
-0.2616110130598489,-0.4330183560027564,-0.0729750561250798,0.3017311415759891,-0.0914389893316186,-0.6902954266445667,-0.9691519876973708,6,white,0.5030146483687292,1.6977612336538672
0.6218802542490606,2.0115580139488456,-0.1001048463826219,1.4584725197027089,-0.153797074608404,0.6454524618176217,-0.9691519876973708,6,white,0.3338718886926681,1.27168013193194
0.146154187236571,0.5892590350679134,-0.3442729587005004,0.2443999362460911,-0.0290809040548305,-0.3563584545290197,-0.7161628073514522,6,white,-0.4310771839813301,2.5285430979123964
-0.0577284129116391,0.0336734964425493,-0.6698304417910048,-0.969672647210564,0.7815742045433964,-0.4231458489521292,1.4764100889798504,7,white,-0.0790786157387507,0.5593447141316039
-0.465493613208059,1.4559724753234813,-0.3171431684429583,0.8008498703303601,0.6568580339898229,-0.6902954266445667,-0.6318330805694778,6,white,-0.6832663883386688,1.3901265783901335
1.7092541217061803,1.1892914167833066,-0.1001048463826219,0.9391192478907068,-0.6526617568226984,0.9793894339331692,-1.3064708948252637,5,white,0.10898454606659362,-0.23030699939412808
0.8937237211133408,0.5448121919778843,-0.3171431684429583,0.4029038568640312,0.2203514370523139,-0.4899332433752383,-1.1378114412613178,6,white,-0.8135517203183287,1.7412413042654915
1.1655671879776206,1.367078789143423,0.0355441049050855,0.6828150358276444,-0.2161551598851922,0.4450902785482933,-0.9691519876973708,6,white,-0.7294886521992159,2.7644986440185857
-0.1936501463437792,-0.9441570515380916,-0.3714027489580425,-1.1517835347290548,0.3450676076058875,-0.3563584545290197,-0.547503353787505,6,white,-1.5764054280918318,-0.9854162012717743
0.2820759206687107,-0.810816522268004,-0.6698304417910048,-0.8077963027496667,-0.9644521832066338,-0.0892088768365817,-0.6318330805694778,5,white,-0.18625281578813696,-0.2918801425020516
-0.1256892796277091,-0.0774436112825234,-0.7512198125636337,-0.9730450710534838,0.8439322898201819,-0.2895710601059102,1.4764100889798504,7,white,-0.18625281578813696,0.5795566462308457
-0.1256892796277091,-0.4330183560027564,-1.0496475053965937,-1.5160053097660364,-1.2762426095905663,-0.0892088768365817,1.1390911818519576,7,white,-1.0037723650489927,-1.5576806674460466
-0.1936501463437792,-0.2330075620976254,-0.5070517002457526,0.0319372341411727,0.282709522329102,0.7122398562407312,-0.2945141734415865,6,white,-0.16314168385786373,0.8138685589925221
-0.1936501463437792,1.3893022106884378,-0.6155708612759208,0.7738704795868898,-0.5279455862691249,0.1779407008558561,-0.8848222609153978,6,white,0.7426316633230956,2.598578573725428
1.5733323882740409,0.6781527212479715,-0.4527921197306684,0.4804696052515227,0.095635266498743,-0.2227836656828007,-1.1378114412613178,5,white,-0.9280907565318617,2.737236952282864
-0.6014153466401989,2.1671219647639477,-0.0729750561250798,1.4989416058179332,-0.2785132451619777,-0.2895710601059102,-0.7161628073514522,5,white,0.42949052277691746,0.6651042143854661
0.0781933205205009,-0.810816522268004,-0.7512198125636337,-1.145038687043178,0.8439322898201819,0.4450902785482933,0.8017722747240648,7,white,-1.0731057608398136,0.4947153646105396
-0.5334544799241291,0.6781527212479715,1.7447208911302372,0.1836963070732359,-0.3408713304387659,-1.0242323987601136,-0.1258547198776393,8,white,-0.6864404947018239,0.6745038939007726
0.4179976541008508,-0.3441246698226982,-0.1001048463826219,-0.4975333091996259,-0.0290809040548305,-0.8238702154907857,0.8861020015060377,5,white,-0.07806199230091539,1.1814327240196665
0.2141150539526407,-0.7885931007229895,-0.5613112807608368,-0.3761260508539904,0.282709522329102,-0.1559962712596912,-0.2945141734415865,6,white,-0.7284720287613803,-0.11726667922790186
0.3500367873847808,-0.7885931007229895,-0.5341814905032947,-0.3660087793251562,0.9686484603737554,-0.2227836656828007,-0.6318330805694778,6,white,-1.2107559289836194,-0.18424594862779287
-1.2810240138008988,1.7226535338636564,-0.3442729587005004,1.0740162016081338,0.095635266498743,-0.4231458489521292,-1.3064708948252637,5,white,-0.010761843385765765,0.3863748842019669
-1.3489848805169689,-0.7663696791779749,-0.5613112807608368,-0.7234857066762983,0.9686484603737554,0.3783028841251838,-0.0415249930956665,6,white,-0.9438370522979893,1.6798992214334518
-0.3295718797759189,0.4559185057978259,-0.20862400741279,0.1634617640156424,-0.4032294157155512,-1.0242323987601136,-0.9691519876973708,4,white,0.5472036653536055,-0.0794237951841293
-0.1256892796277091,1.367078789143423,-0.2900133781854162,0.0858960156281135,-0.0914389893316186,-1.2913819764525514,0.2114641872502534,5,white,-0.9585667246262809,1.3466465077785095
-0.1256892796277091,-0.7441462576329604,-0.3714027489580425,-0.8314032696502174,-0.3408713304387659,-0.4899332433752383,0.1271344604682791,7,white,-0.7021867904679515,-0.6763689729394126
0.146154187236571,0.3670248196177678,-0.7512198125636337,0.1465996448009687,-0.9020940979298456,-0.2227836656828007,0.0428047336863063,6,white,0.6028240122539699,0.23761053959491069
-0.465493613208059,2.722707503389312,-0.2900133781854162,1.262871936812464,-0.4655875009923394,-0.7570828210676762,-1.1378114412613178,6,white,-0.8629480905420313,-0.6484009946693766
-1.2130631470848288,0.7892698289730444,-0.6698304417910048,0.2983587177330319,0.3450676076058875,-0.6235080322214572,-0.8848222609153978,6,white,-0.9743130203924084,0.3459510200034835
-0.941219680220549,-0.7885931007229895,-0.7783496028211758,-0.7605823689485655,1.1557227162041173,-0.2227836656828007,-0.4631736270055321,5,white,-0.8555832543778852,-0.43735722042008274
0.146154187236571,1.567089583048554,-0.724090022306089,0.8514362279743812,-0.590303671545913,-0.4231458489521292,0.0428047336863063,5,white,0.7289186144326392,0.9407773381558241
0.146154187236571,1.25596168141835,-0.7512198125636337,0.7266565457857885,-0.590303671545913,-0.3563584545290197,0.0428047336863063,5,white,0.5912684462888333,0.22785771681244693
-0.1256892796277091,-0.7219228360879458,-0.5613112807608368,-0.6223129913882561,0.095635266498743,-0.3563584545290197,0.3801236408141991,6,white,-0.2703158839072499,-0.044881283536043384
-0.5334544799241291,-0.810816522268004,-0.4256623294731292,-0.868499931922522,0.1579933517755285,-0.0224214824134723,0.5487830943781448,6,white,-0.5298699244287347,0.041372571152891106
0.4179976541008508,0.5448121919778843,-0.2900133781854162,0.7030495788852378,0.5944999487130347,0.0443659120096371,-0.800492534133425,5,white,0.3790775291153795,0.5981249449855749
-1.2130631470848288,-0.0552201897375089,-0.127234636640164,0.072406320256397,-0.0914389893316186,-0.3563584545290197,-0.9691519876973708,5,white,-0.6033940500205465,0.052415884012710155
0.6898411209651306,0.4559185057978259,-0.3171431684429583,0.3051035654189089,-0.153797074608404,-0.0224214824134723,-0.8848222609153978,6,white,-0.8440276884127487,2.4514578624628847
1.0296454545454805,2.6338138172092527,-0.127234636640164,1.6540731025929536,-0.8397360126530602,0.5786650673945123,-1.0534817144793436,5,white,-0.453171692473768,1.7529909036596245
1.3694497881258307,1.3893022106884378,-0.2900133781854162,0.6963047311993983,-0.9644521832066338,-0.4899332433752383,-0.9691519876973708,5,white,-0.26295104774310446,-0.9264240383185616
0.6898411209651306,-0.8774867869030477,-0.3714027489580425,-1.3069150315040752,-0.590303671545913,1.2465390116256063,0.5487830943781448,7,white,-1.3904376311869826,1.7064546266348595
0.8257628543972707,-0.8552633653580332,-0.3714027489580425,-1.2934253361323214,-0.5279455862691249,1.3133264060487158,0.5487830943781448,7,white,-1.2527874630431761,1.9151484810053265
2.1849801887186704,1.7448769554086707,-0.6427006515334628,1.1684440692102989,-1.40095878014414,-0.0224214824134723,-1.475130348389209,5,white,-0.27348999027040555,1.6479376899400768
2.2529410554347407,-0.8552633653580332,0.6052697003134714,-0.4941608853567062,-0.153797074608404,-0.7570828210676762,-0.9691519876973708,5,white,-1.1865660555906865,-0.23265691927295462
-0.397532746491989,-0.6108057283628731,-0.724090022306089,-1.1720180777866482,-1.0268102684834193,-0.7570828210676762,0.464453367596172,6,white,-0.2703158839072499,-0.8944625068251865
-0.6693762133562691,1.1003977306032484,-0.127234636640164,0.8177119895450339,-0.9020940979298456,-0.4899332433752383,-0.800492534133425,5,white,-0.4384420201454756,0.4472417407755761
-1.077141413652689,-0.810816522268004,-0.5341814905032947,-0.9663002233676068,-1.7127492065280725,-0.5567206377983478,0.0428047336863063,6,white,-0.052793377445322164,0.49072181138720056
-1.077141413652689,2.1893453863089625,-0.2357537976703321,1.512431301189687,-0.590303671545913,-0.5567206377983478,-1.3908006216072364,5,white,0.15419018648930502,2.7184375932522507
-0.5334544799241291,-0.7219228360879458,-0.9682581346239671,-1.5564743958812608,-0.4655875009923394,-0.4899332433752383,1.4764100889798504,7,white,-0.7326627585623711,-0.9426424171944641
-0.2616110130598489,-0.7219228360879458,-0.7783496028211758,-0.9157138657235858,0.7192161192666082,-0.4899332433752383,0.717442547942092,5,white,-0.7673294564577818,0.5788503596965314
0.2820759206687107,0.4336950842528115,-0.3714027489580425,0.3455726515341332,-0.4032294157155512,-0.2895710601059102,-0.800492534133425,6,white,-0.49202912017016914,2.3471109352776507
-0.5334544799241291,0.7892698289730444,-0.6155708612759208,0.4332556714504588,0.6568580339898229,0.3783028841251838,-0.2101844466596121,6,white,-0.7673294564577818,0.06017193018350433
0.0102324538044309,-0.8774867869030477,-0.6698304417910048,-1.6239228727399555,0.0332771812219549,-1.1578071876063327,1.3077506354159032,6,white,-0.88923332883546,-0.46603148522443283
-0.2616110130598489,-0.8330399438130187,-0.8326091833362572,-0.342401812424643,1.46751314258805,-0.5567206377983478,-0.547503353787505,5,white,-0.9732963969545729,-1.51960672312639
0.2820759206687107,-0.0329967681924942,-0.5884410710183786,0.0218199626123759,-0.4655875009923394,-0.2895710601059102,-0.7161628073514522,5,white,-0.5077754159362969,0.9212716925908965
-0.5334544799241291,-0.6996994145429313,-0.3714027489580425,-0.6088232960165022,-0.2785132451619777,-0.0892088768365817,-0.0415249930956665,5,white,-0.5760921882892822,2.084124757711625
0.6898411209651306,1.1892914167833066,-0.5070517002457526,0.5883871682254792,-1.1515264390369928,-0.6235080322214572,-1.3908006216072364,6,white,-1.0079630948499834,3.028653228670694
0.553919387532991,1.1003977306032484,-0.4799219099882105,0.4332556714504588,-0.2785132451619777,-0.2227836656828007,-0.9691519876973708,5,white,-0.6948219543038054,3.1522747411449714
0.2820759206687107,0.7892698289730444,-0.5341814905032947,0.3354553800053365,-0.2785132451619777,-0.2227836656828007,-0.800492534133425,5,white,-0.6717108223735317,2.4538077823417117
-0.3295718797759189,-0.7441462576329604,-1.1581666664267645,-1.8195234556302,1.093364630927329,0.1779407008558561,1.729399269325769,7,white,-0.9438370522979893,0.46839101968501623
1.641293254990111,-0.7441462576329604,2.694263550144209,-0.335656964738766,-0.777377927376272,-1.0910197931832233,-1.1378114412613178,6,white,-0.706377520268942,0.6521731021985884
-0.397532746491989,3.089393958882052,-0.1001048463826219,1.761990665566873,-0.153797074608404,-0.2227836656828007,-0.1258547198776393,5,white,0.07431784817118307,0.9828448356988201
-0.1256892796277091,1.7226535338636564,0.1440632659352565,1.1954234599537694,-1.40095878014414,-0.0892088768365817,-1.3064708948252637,7,white,-0.9123444607657338,0.2702783576226
-0.465493613208059,-0.966380473083106,-0.4799219099882105,-0.8887344749801154,-0.0290809040548305,-0.6902954266445667,-1.1378114412613178,6,white,-1.9914512974237455,-0.9099745991667749
-1.484906613949109,-0.810816522268004,0.3068420074805089,0.1533444924868457,-0.153797074608404,-0.3563584545290197,-0.7161628073514522,4,white,1.1303756709237451,0.2968337628240076
-0.2616110130598489,1.833770641588729,-0.1814942171552479,0.6794426119847247,0.7192161192666082,-0.7570828210676762,-0.3788439002235593,6,white,-1.0689150310388227,0.8965909810098857
-0.1256892796277091,0.76704640742803,0.0626738951626302,0.5445456582672977,1.46751314258805,0.7122398562407312,0.3801236408141991,7,white,-0.29342701583752356,0.23220441330294322
-0.1936501463437792,-0.7885931007229895,-0.5070517002457526,-0.5312575476290108,-0.153797074608404,0.1111533064327466,0.2114641872502534,5,white,-0.055967483808477145,0.450297947188717
-0.1936501463437792,1.4781958968684958,-0.2357537976703321,0.0960132871569477,-0.0290809040548305,-1.0242323987601136,0.2114641872502534,5,white,-1.054185358710531,1.1628644252649374
-1.2810240138008988,-0.0107733466474797,-0.7783496028211758,-1.2630735215459312,1.5922293131416234,2.315137322395357,2.4883668103635275,7,white,-0.3175547712056329,-0.804921385447227
0.146154187236571,-0.8552633653580332,-0.3985325392155843,-0.2951878786235417,0.095635266498743,-0.9574450043370044,0.0428047336863063,5,white,1.266947097604891,0.18073723624464055
-0.0577284129116391,-0.6552525714529022,-0.2900133781854162,-0.0658630573039496,0.0332771812219549,0.7122398562407312,-0.6318330805694778,5,white,0.04384188007676352,1.088604335952682
0.146154187236571,-0.810816522268004,-0.9139985541088832,-1.6711368065410568,-0.2785132451619777,1.1129642227793872,0.9704317282880104,6,white,-0.9585667246262809,1.042299119203801
-0.3295718797759189,2.433803023304122,-0.6155708612759208,1.6338385595353602,0.7192161192666082,0.4450902785482933,-1.3064708948252637,6,white,-0.2703158839072499,1.9936462895234668
0.6898411209651306,-0.8774867869030477,-0.3985325392155843,-1.330521998404626,-0.2785132451619777,1.3801138004718252,0.6331128211601191,7,white,-1.2065651991826292,1.0554612916665627
0.0102324538044309,2.27823907248902,-0.696960232048547,1.2864789037130149,0.5321418634362493,0.5118776729714027,-0.9691519876973708,5,white,-0.8976147884374417,2.2319517555084825
-0.1936501463437792,-0.4996886206378002,-0.8597389735937991,-0.9932796141111148,0.5321418634362493,0.6454524618176217,0.6331128211601191,7,white,-0.4615531520757496,0.18801805615700465
-0.1256892796277091,-0.9219336299930768,-1.0225177151390514,-1.7621922503003022,-0.153797074608404,-1.1578071876063327,1.2234209086339305,6,white,-0.6675200925725412,-2.1066769951079367
0.2820759206687107,-0.5663588852728438,-0.7783496028211758,-0.2479739448224404,1.5922293131416234,-0.2895710601059102,0.0428047336863063,6,white,-0.6139329925478476,0.21504868761684232
0.0781933205205009,0.6781527212479715,-0.8868687638513413,0.3523174992200102,-0.590303671545913,-0.4899332433752383,0.2114641872502534,6,white,0.5492369122292768,1.768502996001213
0.0102324538044309,0.7003761427929861,-0.8868687638513413,0.3691796184346839,-0.6526617568226984,-0.4899332433752383,0.2114641872502534,6,white,-0.24301402217598572,2.0939996634853615
0.9616845878294108,1.3448553675984083,-0.1001048463826219,0.8008498703303601,-0.2785132451619777,0.9126020395100596,-0.9691519876973708,5,white,-0.8019961543531922,1.3379531147975168
0.4859585208169208,0.611482456612928,-0.5070517002457526,0.4602350621939293,-0.2161551598851922,-0.2227836656828007,-0.9691519876973708,5,white,-0.5687273521251361,2.5362991440831903
1.3694497881258307,1.122621152148263,-0.1814942171552479,0.5883871682254792,-0.9644521832066338,-0.8906576099138948,-0.9691519876973708,5,white,-0.26295104774310446,0.2813216704824192
0.3500367873847808,-0.4107949344577419,-0.9682581346239671,-1.273190793074728,1.0310065456505435,-0.4231458489521292,1.2234209086339305,5,white,-1.1345660087475704,-0.8234896842019563
0.6218802542490606,2.0337814354938595,-0.4799219099882105,0.7570083603722161,0.3450676076058875,1.2465390116256063,-0.2101844466596121,7,white,-1.0731057608398136,0.8592233232245431
-0.7373370800723391,-0.4774651990927857,-0.8326091833362572,-1.2293492831165462,-0.0290809040548305,-1.0242323987601136,0.6331128211601191,7,white,-0.6832663883386688,0.8615732431033696
0.2141150539526407,0.2114608688026658,0.1711930561927986,0.2814965985183582,-0.777377927376272,-0.4231458489521292,-0.9691519876973708,6,white,-0.30498258180266086,0.485315685095233
-0.2616110130598489,3.4116335712847623,-0.4256623294731292,1.910377314656016,-0.5279455862691249,-1.0242323987601136,-1.5594600751711836,5,white,-0.6527904202442489,0.7680385685020711
-0.7373370800723391,-0.9108219192205697,-0.6427006515334628,-0.4098502892833378,0.7192161192666082,-0.7570828210676762,-2.1497681626449947,5,white,-2.102816227274123,2.9010381629730784
-0.397532746491989,-0.7441462576329604,-0.6427006515334628,-0.4638090707702786,1.342796972034476,-0.1559962712596912,-0.1258547198776393,7,white,-0.01711005611207591,0.5095211704178138
-0.6014153466401989,-0.7441462576329604,-0.7512198125636337,-0.612195719859422,0.90629037509697,-0.8238702154907857,0.1271344604682791,7,white,-0.41850499457835755,0.5290268159827414
-0.5334544799241291,0.8781635151531028,-0.724090022306089,0.6153665589689497,1.529871227864838,-0.4899332433752383,-0.2945141734415865,6,white,-0.5529810563590085,1.7816651684639746
-2.164515281109809,-0.8330399438130187,-0.3442729587005004,-0.8482653888648911,2.0910939953559176,-0.6902954266445667,0.2957939140322263,5,white,0.31710896948870426,2.6991630079632074
-0.397532746491989,-0.810816522268004,-0.8054793930787151,-1.030376276383382,0.4697837781594611,-1.1578071876063327,-0.0415249930956665,6,white,-0.280792708409727,-0.34311625928447
-0.2616110130598489,-0.5885823068178585,-1.212426246941846,-1.313659879189952,0.2203514370523139,-0.9574450043370044,0.9704317282880104,7,white,-0.5456162201948622,0.06110927699370263
-0.8052979467884089,2.433803023304122,0.2254526367078827,1.451727672016832,-0.590303671545913,-0.5567206377983478,-1.6437898019531565,5,white,0.18047542478273396,2.125254908444422
-0.3295718797759189,1.4115256322334524,-0.6155708612759208,1.0773886254510536,-0.153797074608404,-0.6235080322214572,-1.3064708948252637,5,white,-0.4458068563096219,1.141715146355497
2.7966279891633,2.067116567811382,-0.3442729587005004,1.8867703477554651,-1.6503911212512872,2.315137322395357,-1.5594600751711836,5,white,0.652220382477672,0.837136697504905
-0.397532746491989,-0.6552525714529022,0.1440632659352565,-1.617178025054116,-0.777377927376272,-0.4231458489521292,1.898058722889716,6,white,0.4263164164137621,-0.49799301671780793
0.4179976541008508,-0.8774867869030477,-0.9139985541088832,-1.1517835347290548,0.3450676076058875,-0.0224214824134723,1.0547614550699849,6,white,-0.7473924308906632,0.3492382866925084
0.3500367873847808,-0.8774867869030477,-0.6155708612759208,-1.0708453624986063,-1.0891683537602077,0.1111533064327466,0.8861020015060377,6,white,0.2056198035886788,-0.13818489786145785
0.3500367873847808,-0.8552633653580332,-0.7783496028211758,-1.08433505787036,-0.5279455862691249,0.5118776729714027,1.0547614550699849,6,white,-0.5067587924984611,-0.39364608953257435
0.2141150539526407,2.389356180214093,-0.3985325392155843,0.6356011020265431,0.095635266498743,-1.0910197931832233,0.0428047336863063,5,white,-1.4135487631172563,1.5381846364628755
0.553919387532991,0.0336734964425493,0.2525824269654248,0.1162478302145411,-0.3408713304387659,1.780838167010482,-0.7161628073514522,5,white,-0.27348999027040555,-0.9247804049740491
-0.6693762133562691,0.0336734964425493,-0.2628835879278742,0.2477723600890108,-0.0290809040548305,-0.4231458489521292,-0.2101844466596121,5,white,0.4147608504486255,0.21974852737449568
-0.5334544799241291,1.01150404442319,1.6904613106151531,0.4197659760787049,-0.4655875009923394,-0.6235080322214572,-0.2945141734415865,6,white,-0.7668211447388635,1.8270199326959955
-0.1256892796277091,0.0336734964425493,-0.2357537976703321,-0.342401812424643,0.6568580339898229,-0.6235080322214572,-0.3788439002235593,7,white,-1.2181207651477657,0.3024709493918592
0.2820759206687107,-0.8552633653580332,-0.2900133781854162,-0.8583826603936878,2.964107189230933,0.9793894339331692,0.2957939140322263,7,white,-1.5018025610373598,-1.372486011863846
-0.2616110130598489,-0.9441570515380916,-0.5341814905032947,-0.8617550842366449,0.095635266498743,-0.1559962712596912,-1.0534817144793436,5,white,-1.574310063191336,0.6754412407109709
-0.1936501463437792,2.089339989356396,0.0084143146475463,1.0200574201211556,0.6568580339898229,0.0443659120096371,-0.2945141734415865,6,white,-0.8093609905173382,0.3311452141962093
0.4859585208169208,0.411471662707797,0.2525824269654248,0.3624347707488069,-0.7150198420994867,-0.0224214824134723,-0.8848222609153978,5,white,-0.13266571576344383,1.1113972482066345
-0.397532746491989,-0.3663480913677128,0.333971797738051,-0.3592639316393167,-0.2785132451619777,-0.8906576099138948,-1.0534817144793436,5,white,0.9748838421133162,0.19718667539642729
-0.0577284129116391,-0.6108057283628731,-1.0496475053965937,-1.7453301310856284,-1.0268102684834193,-1.2913819764525514,1.982388449671689,7,white,-0.4762828244040417,0.1694497574022754
-0.3295718797759189,1.322631946053394,-0.3985325392155843,1.1212301354091976,-0.5279455862691249,-0.4899332433752383,-1.5594600751711836,5,white,-0.706377520268942,1.0164500005367076
-0.6693762133562691,0.2003491580301586,0.6595292808285554,0.8480638041314615,1.093364630927329,0.2447280952789648,-0.9691519876973708,5,white,0.06593638856920171,4.178357227035322
-0.6014153466401989,0.0114500748975346,-0.6155708612759208,-0.1130769911050509,0.0332771812219549,1.0461768283562778,-0.3788439002235593,5,white,-0.8703129267061773,2.7466366317981707
-0.5334544799241291,0.0781203395325785,-0.4799219099882105,0.0892684394710707,-0.2161551598851922,1.6472633781642632,-0.4631736270055321,4,white,-0.5414254903938718,2.210096190064728
0.6898411209651306,-0.8552633653580332,-0.1814942171552479,-1.138293839357301,0.282709522329102,1.0461768283562778,0.464453367596172,7,white,-1.268025447090386,1.01809363388122
0.8257628543972707,1.678206690773627,-0.127234636640164,0.7907325988015634,0.2203514370523139,1.1129642227793872,-0.2101844466596121,7,white,-1.1992003630184829,1.9353604131045683
0.146154187236571,-0.8997102084480624,-0.6427006515334628,-1.617178025054116,0.095635266498743,-0.8238702154907857,1.392080362197876,6,white,-0.8776777628703235,-0.6326578420519041
0.146154187236571,0.3448013980727531,0.2797122172229668,0.2983587177330319,-0.7150198420994867,-0.3563584545290197,-1.0534817144793436,6,white,-0.33545854989708007,0.7189213113225953
-0.397532746491989,-0.7885931007229895,-0.4256623294731292,-1.0101417333257885,-0.2161551598851922,0.1779407008558561,0.6331128211601191,6,white,-0.1936176519522832,1.429844156054303
0.0781933205205009,-0.8997102084480624,-0.3714027489580425,-1.1315489916714614,-1.1515264390369928,0.7790272506638407,0.2114641872502534,6,white,-0.5950125904185649,0.5828439129198707
-0.465493613208059,-0.8774867869030477,-0.6427006515334628,-1.381108356048647,-1.5256749506977136,-0.9574450043370044,0.5487830943781448,8,white,-0.47945693076719686,-0.9473422569521175
0.146154187236571,0.3448013980727531,-0.724090022306089,-1.0573556671268898,0.5944999487130347,-0.5567206377983478,1.6450695425437962,7,white,-1.107772458735224,-0.05099369636232518
0.6218802542490606,0.7003761427929861,-0.1814942171552479,1.1347198307809516,1.0310065456505435,-0.2895710601059102,-1.0534817144793436,5,white,0.8161557889149078,-0.4989303635280062
-0.0577284129116391,-0.6774759929979167,-0.724090022306089,-1.893716780174772,1.093364630927329,-0.8238702154907857,1.982388449671689,7,white,-0.7221238160350697,0.6636916413168374
-0.465493613208059,-0.810816522268004,-0.4799219099882105,-1.145038687043178,-0.153797074608404,-0.5567206377983478,0.5487830943781448,7,white,-1.2717078651724592,-0.1485219241869629
-0.7373370800723391,-0.6774759929979167,-0.4799219099882105,-0.8954793226659924,-1.40095878014414,3.1165860554726703,1.729399269325769,6,white,2.5845922077546093,-0.2855366693998857
0.553919387532991,0.5448121919778843,-0.2900133781854162,0.4366280952933786,-0.153797074608404,-0.2895710601059102,-1.0534817144793436,5,white,-0.5760921882892822,1.4025824643185811
-0.1256892796277091,-0.6774759929979167,-0.724090022306089,-1.893716780174772,1.1557227162041173,-0.8238702154907857,1.982388449671689,7,white,-0.8902499522732956,0.6636916413168374
-0.1256892796277091,1.833770641588729,-0.20862400741279,0.8446913802885417,-0.153797074608404,-1.1578071876063327,-0.8848222609153978,7,white,-0.9312648628950166,0.707402772204346
-0.0577284129116391,-0.4885769098652929,-0.5341814905032947,-1.1585283824149315,-0.2161551598851922,-1.1578071876063327,1.1390911818519576,6,white,0.47571278663746497,-2.116782961157557
-0.465493613208059,0.1225671826226075,-0.6698304417910048,-0.4031054415974608,-1.8374653770816465,0.8458146450869501,-0.2101844466596121,7,white,0.01654001834549904,-0.20610151407154714
-0.5334544799241291,0.1225671826226075,-0.6427006515334628,-0.4031054415974608,-1.8998234623584345,0.8458146450869501,-0.2101844466596121,7,white,-0.10955458383317018,-0.20610151407154714
0.0781933205205009,-0.8997102084480624,-0.696960232048547,-1.2124871639018726,-1.0268102684834193,0.9793894339331692,0.5487830943781448,6,white,-0.8198999330446395,-0.1452346574979379
-0.0577284129116391,-0.4107949344577419,-0.724090022306089,-1.482281071336689,-0.2785132451619777,-1.4917441597218797,1.2234209086339305,6,white,-0.9396463224969982,0.5250332627594022
-1.0091805469366188,-0.8997102084480624,-0.3985325392155843,-0.5042781568855029,-0.590303671545913,-0.8906576099138948,-0.800492534133425,5,white,-0.20517321791742024,0.01340459288285505
-0.2616110130598489,0.4559185057978259,-0.4256623294731292,0.6693253404558904,-0.153797074608404,-0.7570828210676762,-1.1378114412613178,6,white,-0.48364766056818786,-0.09235490737100678
-0.1936501463437792,-0.5885823068178585,-0.7512198125636337,-1.718350740342158,-1.213884524313781,-1.3581693708756608,1.982388449671689,6,white,-0.31133079452897094,0.9332523522609142
-0.3295718797759189,1.367078789143423,0.1169334756777144,1.0740162016081338,-1.4633168654209254,0.3783028841251838,-1.0534817144793436,6,white,-0.655964526607404,1.0686234641293244
-0.465493613208059,0.9892806228781756,-0.724090022306089,-0.2918154547805845,-0.777377927376272,-0.6235080322214572,1.3077506354159032,6,white,0.10479381626560254,-0.3245479605297408
-0.1936501463437792,-0.7219228360879458,-0.8326091833362572,-0.912341441880666,0.90629037509697,-0.3563584545290197,0.5487830943781448,6,white,-0.8934240586364512,0.3701565053260643
0.2820759206687107,-0.5441354637278293,-0.7512198125636337,-1.1045696009279535,-0.7150198420994867,-1.0910197931832233,0.5487830943781448,7,white,-0.88923332883546,-0.28154311617654654
0.4179976541008508,0.6559292997029571,-0.3985325392155843,0.4163935522357851,-0.0914389893316186,-0.4899332433752383,-1.1378114412613178,5,white,-0.7673294564577818,1.9391229060520234
-0.465493613208059,-0.3885715129127274,-0.4256623294731292,-0.0860976003615431,-0.2785132451619777,-0.2227836656828007,-1.0534817144793436,6,white,-0.35437895202636294,-0.037125237365249246
-0.3295718797759189,1.1670679952382923,-0.724090022306089,-0.22099455407897,-0.153797074608404,-1.1578071876063327,0.1271344604682791,6,white,-0.8135517203183287,-0.23641941222040966
0.0102324538044309,-0.8552633653580332,-0.8868687638513413,-0.8280308458072976,-1.0891683537602077,0.0443659120096371,-0.6318330805694778,6,white,-0.31234741796680643,0.24771650564453157
-0.465493613208059,-0.7663696791779749,-0.5613112807608368,-0.6661545013464003,0.4697837781594611,0.0443659120096371,-0.2101844466596121,6,white,-0.7557738904926447,0.2789717506035924
-0.2616110130598489,1.0226157551956976,-0.8597389735937991,-0.6863890444039937,0.3450676076058875,-1.0242323987601136,0.6331128211601191,6,white,-1.2916448907395774,-0.07449289515059178
1.2335280546936906,2.52269670948418,-0.2357537976703321,1.519176148875564,-1.2762426095905663,-0.2895710601059102,-1.475130348389209,6,white,-0.9049796246015878,1.0824919231264003
0.3500367873847808,-0.7885931007229895,-0.3714027489580425,-0.8010514550637897,-0.2785132451619777,-0.2227836656828007,0.2114641872502534,5,white,-0.8051702607163472,-0.6834187325758926
-0.0577284129116391,-0.0107733466474797,-0.8054793930787151,-0.9730450710534838,0.2203514370523139,0.4450902785482933,0.8017722747240648,7,white,0.10377719282776719,-1.121724659950383
0.2820759206687107,2.500473287939166,-0.5070517002457526,1.5866246257342589,0.2203514370523139,-0.8238702154907857,-1.475130348389209,5,white,-0.8629480905420313,0.750176556281656
0.4179976541008508,0.3225779765277387,3.074080613749798,0.3590623469058871,-0.2161551598851922,-1.0242323987601136,-0.9691519876973708,6,white,-0.6832663883386688,2.5901162410203202
0.4859585208169208,0.3003545549827242,3.10121040400734,0.3658071945917266,-0.2161551598851922,-1.0242323987601136,-0.9691519876973708,6,white,-0.6296792883139752,2.4187900444351955
0.4859585208169208,1.1448445736932773,-0.3171431684429583,0.8986501617754825,-0.4032294157155512,0.6454524618176217,-0.800492534133425,6,white,-0.11691941999731618,2.332305129470377
0.6898411209651306,0.5225887704328698,-0.3442729587005004,0.4265108237645819,-0.0290809040548305,-0.3563584545290197,-1.0534817144793436,6,white,-0.7021867904679515,1.9640346779089184
0.146154187236571,1.922664327768787,-0.3442729587005004,1.761990665566873,-0.0290809040548305,1.4469011948949346,-1.3908006216072364,5,white,-0.082252722101906,2.2989310249083736
-0.6693762133562691,-0.8330399438130187,-0.20862400741279,-0.5312575476290108,3.21353953033808,-0.6902954266445667,-0.4631736270055321,5,white,-1.4713265929429404,0.30928964875245507
0.8257628543972707,0.5225887704328698,-0.3171431684429583,0.3927865853352345,0.095635266498743,-0.4899332433752383,-1.2221411680432908,5,white,-1.0005982586858375,1.5193852774322623
0.3500367873847808,0.533700481205377,-0.3714027489580425,0.4231383999216246,-0.153797074608404,-0.2227836656828007,-0.9691519876973708,6,white,-0.6601552564083952,2.0707315249729787
-0.2616110130598489,0.4781419273428406,-0.4527921197306684,0.2949862938901121,-0.5279455862691249,0.4450902785482933,-0.3788439002235593,6,white,-0.082252722101906,1.4423000419827503
-0.1936501463437792,1.1892914167833066,-0.2900133781854162,0.2174205455025832,-0.153797074608404,-0.8906576099138948,0.2114641872502534,6,white,-0.9964075288848466,1.5102166581928396
-0.1936501463437792,-0.8774867869030477,-0.7783496028211758,-0.9629277995246872,0.095635266498743,0.0443659120096371,-0.4631736270055321,6,white,-1.3494227205652614,-1.0399395847432178
-0.0577284129116391,0.3225779765277387,-0.7512198125636337,-0.5987060244877055,-1.213884524313781,-1.0242323987601136,0.2957939140322263,6,white,-0.5372347605928809,1.4836612529914324
-0.1256892796277091,-0.0996670328275381,-0.8054793930787151,-1.2428389784883005,-0.4655875009923394,-1.0242323987601136,1.2234209086339305,7,white,-0.20098248811642921,-0.3165608540830624
2.1849801887186704,1.9671111708588167,-0.3714027489580425,1.414631009744565,-1.4633168654209254,1.780838167010482,-1.0534817144793436,5,white,0.6364740867115443,0.3894310906151078
-0.3295718797759189,0.0336734964425493,-0.724090022306089,-0.9494381041529332,-0.0290809040548305,0.5786650673945123,1.4764100889798504,7,white,0.4410460887420542,-0.08530514773452684
-0.465493613208059,-0.7441462576329604,-0.5070517002457526,-0.4772987661420325,1.4051550573112643,0.1779407008558561,-0.1258547198776393,6,white,-0.20098248811642921,0.14430692526949632
0.0102324538044309,2.52269670948418,-0.3171431684429583,0.8986501617754825,-0.0290809040548305,-0.7570828210676762,-0.0415249930956665,5,white,-0.648599690443258,1.753928250469823
-0.0577284129116391,-0.3219012482776837,-0.5613112807608368,-0.5919611768018286,1.1557227162041173,-0.2227836656828007,-0.6318330805694778,6,white,-1.63208789301702,-0.6070397836606949
-0.0577284129116391,-0.7885931007229895,-0.4256623294731292,-1.2192320115877495,-1.0268102684834193,-0.4899332433752383,-0.0415249930956665,6,white,-1.1151372948993699,0.24324772616276236
-0.2616110130598489,1.633759847683598,-0.154364426897706,0.5614077774819713,-0.4032294157155512,-0.1559962712596912,-0.547503353787505,6,white,-0.35856968182735394,3.454503270116737
-0.0577284129116391,-0.7441462576329604,-0.5884410710183786,-1.3507565414622194,0.282709522329102,1.0461768283562778,0.717442547942092,7,white,-0.6107588861846927,-0.6770752594737268
-0.6693762133562691,0.255907711892695,0.0898036854201723,1.3640446521005436,-0.2785132451619777,-0.1559962712596912,-1.1378114412613178,5,white,-0.40796605205105646,1.3807268988748267
0.2820759206687107,0.255907711892695,-0.154364426897706,1.3033410229276885,-0.8397360126530602,-0.0224214824134723,-0.7161628073514522,5,white,1.0641542634712555,0.732083483785357
0.146154187236571,-0.5441354637278293,-0.20862400741279,-0.399733017754541,-0.8397360126530602,-0.1559962712596912,-0.4631736270055321,5,white,1.0641542634712555,-0.416439001786527
-0.2616110130598489,0.9448337797881466,-0.2357537976703321,0.1229926779004181,-0.590303671545913,-0.2895710601059102,-0.2101844466596121,6,white,-0.2892362860365332,1.1278466873584212
-0.2616110130598489,0.9003869366981172,-0.2628835879278742,0.2646344793036845,-0.4032294157155512,-0.4231458489521292,-0.6318330805694778,7,white,-0.5067587924984611,-0.2791931962977198
0.6898411209651306,1.5448661615035395,0.2797122172229668,0.9222571286760332,-0.2161551598851922,-1.2913819764525514,-1.0534817144793436,5,white,0.9696143708496654,-0.029369191194455063
-0.2616110130598489,-0.0552201897375089,-0.6155708612759208,-1.4418119852214648,-0.9020940979298456,-0.4231458489521292,1.5607398157618233,7,white,-0.32390298393194344,-0.3757840773121593
-0.873258813504479,1.6115364261385836,-0.2357537976703321,0.7232841219428687,-0.4032294157155512,-0.7570828210676762,-1.0534817144793436,6,white,-1.0962168927700875,1.3365405417288887
-0.2616110130598489,-0.5219120421828147,-0.2357537976703321,0.2241653931884602,0.2203514370523139,1.2465390116256063,-0.8848222609153978,6,white,-0.05914159017163225,1.3870703719769928
0.0781933205205009,-0.3219012482776837,-0.6155708612759208,-1.0438659717551355,-0.9020940979298456,-0.8906576099138948,-0.0415249930956665,6,white,-0.5876477542544187,-1.696339046003482
-0.6693762133562691,-0.1663372974625817,-0.6698304417910048,-1.4789086474937694,0.2203514370523139,-0.0224214824134723,1.898058722889716,7,white,0.12688832475804082,-0.6265454292256224
-0.1256892796277091,-0.7219228360879458,-0.3171431684429583,-1.0573556671268898,-1.4633168654209254,-0.5567206377983478,0.2114641872502534,6,white,-0.13266571576344383,0.9019971073018531
0.0781933205205009,1.5004193184135106,0.0084143146475463,0.8075947180162372,-0.777377927376272,0.1111533064327466,-0.4631736270055321,6,white,-0.3081566881658158,0.8740291290318171
0.146154187236571,-0.7219228360879458,-0.3171431684429583,-1.4114601706350745,0.9686484603737554,2.448712111241576,1.0547614550699849,8,white,-1.490246995072223,3.3160759518351854
0.2820759206687107,-0.810816522268004,-0.5613112807608368,-1.5092604620801595,-0.2161551598851922,0.8458146450869501,1.2234209086339305,6,white,-0.9543759948252902,0.24019151974962152
-0.1256892796277091,0.3448013980727531,-0.8597389735937991,-1.1045696009279535,-0.2785132451619777,-0.4899332433752383,1.729399269325769,6,white,0.2992051907972572,-0.2996361886728457
-0.3295718797759189,-0.7774813899504823,-0.8326091833362572,-1.549729548195384,0.90629037509697,-0.8906576099138948,1.1390911818519576,8,white,-0.8807897512086544,-1.146636431807278
-0.2616110130598489,-0.966380473083106,-0.8054793930787151,-1.580081362781811,-0.590303671545913,-1.4249567652987702,0.0428047336863063,5,white,-1.4366598950475293,-2.0669594174437673
-0.941219680220549,0.3003545549827242,0.6866590710860949,0.8649259233461352,1.2180808014809026,-0.3563584545290197,-1.1378114412613178,5,white,-0.3470141158622171,2.2418266612822193
0.146154187236571,1.5004193184135106,0.0626738951626302,1.4449828243309923,-0.3408713304387659,-0.0892088768365817,-0.4631736270055321,6,white,0.6826963505720917,2.043238772961373
-0.397532746491989,-0.1663372974625817,-0.5070517002457526,0.079151167942274,0.8439322898201819,-0.4899332433752383,-1.1378114412613178,5,white,-1.807578865419392,-0.6911747787466868
-0.397532746491989,0.0114500748975346,-0.4799219099882105,0.0825235917851937,0.8439322898201819,-0.4231458489521292,-1.0534817144793436,6,white,-1.658373131310449,-0.5767218855118323
0.2141150539526407,0.1670140257126366,-0.0458452658675378,0.4130211283928279,0.095635266498743,0.0443659120096371,-0.2945141734415865,6,white,-0.4300605605434943,0.17227490353953215
0.2820759206687107,0.1892374472576513,-0.0729750561250798,0.4197659760787049,0.1579933517755285,0.0443659120096371,-0.2945141734415865,6,white,-0.5141236286626071,0.22209844725332237
-1.145102280368759,-0.8330399438130187,0.0898036854201723,-0.335656964738766,-0.5279455862691249,-0.1559962712596912,-1.5594600751711836,5,white,-1.0047889884868284,1.3294907820924085
0.2141150539526407,-0.810816522268004,-0.1814942171552479,-0.7066235874616246,0.095635266498743,-0.7570828210676762,0.1271344604682791,5,white,-0.055967483808477145,-0.26626208411084235
0.146154187236571,-0.8552633653580332,-0.2357537976703321,-1.24621140233122,-0.2785132451619777,-1.2913819764525514,1.3077506354159032,6,white,0.07431784817118307,-0.9731913756192109
-0.1256892796277091,0.5225887704328698,-0.1814942171552479,0.534428386738501,-0.6526617568226984,-1.0910197931832233,-0.8848222609153978,6,white,-0.40694942861322037,1.5826020538846983
-0.1936501463437792,1.278185102963365,-0.7783496028211758,-0.3289121170528891,-0.2785132451619777,-1.0910197931832233,0.5487830943781448,6,white,-0.7484090543284985,-0.4693187519134578
0.3500367873847808,-0.7219228360879458,-0.6155708612759208,-1.6913713495986875,-1.8374653770816465,0.3783028841251838,1.2234209086339305,6,white,-0.9428204288601532,-0.001170152648535049
0.8257628543972707,2.078228278583889,-0.2357537976703321,1.6911697648652582,0.2203514370523139,0.0443659120096371,-1.475130348389209,7,white,-0.03387297531603891,1.377439632185802
-0.5334544799241291,-0.7441462576329604,-0.127234636640164,-0.2682084878800713,3.587688041998798,0.8458146450869501,0.2114641872502534,6,white,-1.0962168927700875,0.4970652844893662
0.0102324538044309,-0.3219012482776837,-0.8326091833362572,-1.7992889125726068,0.5321418634362493,-1.0910197931832233,2.1510479032356344,7,white,-0.7715201862587724,0.6535856752672167
0.0102324538044309,-0.3219012482776837,-0.5884410710183786,-1.0438659717551355,-0.9020940979298456,0.4450902785482933,1.6450695425437962,7,white,0.3990145546824977,-0.5821280118037999
0.0102324538044309,1.1115094413757558,-0.3171431684429583,-0.342401812424643,-0.8397360126530602,-1.3581693708756608,0.9704317282880104,8,white,-0.04860264764433118,0.4869593184397453
0.0102324538044309,1.2115148383283212,-0.3171431684429583,-0.3491466601104825,-0.8397360126530602,-1.3581693708756608,0.8861020015060377,8,white,-0.04860264764433118,0.45734770682519704
0.2820759206687107,-0.6996994145429313,-0.3714027489580425,-0.7302305543621752,0.4074256928826756,0.0443659120096371,0.6331128211601191,6,white,-0.39958459244907496,-0.2784869097634056
0.3500367873847808,-0.7552579684054677,-0.8597389735937991,-1.4553016805932186,-0.7150198420994867,-0.5567206377983478,0.717442547942092,5,white,-0.8818684926713141,0.3367824007640609
0.146154187236571,-0.6996994145429313,-0.5613112807608368,-1.4215774421638712,1.093364630927329,-0.6235080322214572,1.392080362197876,5,white,-1.0026936235863328,-0.998103147476106
1.9131367218543904,13.501066952721374,0.469620749025761,14.98863697755838,1.0310065456505435,1.0461768283562778,0.9704317282880104,6,white,2.92300196315638,-0.3036297418961849
-0.0577284129116391,0.4003599519352895,-0.1001048463826219,0.4501177906651325,0.5321418634362493,0.3783028841251838,-0.1258547198776393,6,white,-0.6675200925725412,1.2848423043947015
-0.0577284129116391,0.5225887704328698,-0.1001048463826219,0.4501177906651325,0.5321418634362493,0.3783028841251838,-0.1258547198776393,6,white,-0.6675200925725412,1.2848423043947015
-0.465493613208059,3.3671867281947336,0.7137888613436396,1.761990665566873,-0.3408713304387659,-0.2227836656828007,-1.2221411680432908,5,white,-0.874503656507168,0.7313771972510428
0.2820759206687107,1.322631946053394,-0.6155708612759208,-0.335656964738766,-1.0891683537602077,-0.8238702154907857,1.392080362197876,6,white,0.2350791482452628,-1.424659475456463
0.6898411209651306,0.255907711892695,0.2525824269654248,0.3320829561623793,-0.6526617568226984,0.0443659120096371,-0.9691519876973708,5,white,0.06593638856920171,1.2063444958765615
0.7578019876812007,0.255907711892695,0.2254526367078827,0.3320829561623793,-0.7150198420994867,-0.0224214824134723,-0.9691519876973708,5,white,0.06593638856920171,1.2709738453976258
1.3014889214097607,0.6559292997029571,-0.2628835879278742,0.5074489959950306,-0.0290809040548305,-0.2895710601059102,-1.1378114412613178,5,white,-0.7252979223982253,2.1626225662297642
0.8257628543972707,0.7003761427929861,-0.2900133781854162,0.4400005191362984,-0.153797074608404,-0.1559962712596912,-0.9691519876973708,5,white,-0.5760921882892822,1.7304290516815564
-0.1256892796277091,-0.6330291499078875,-0.6427006515334628,-1.886971932488895,-0.0290809040548305,-0.0224214824134723,2.4883668103635275,7,white,-0.27450661370824103,0.26745321148534323
1.4374106548419008,1.122621152148263,-0.1001048463826219,0.5951320159113187,-0.9644521832066338,-0.8906576099138948,-0.9691519876973708,5,white,-0.19780838175327425,0.736077037008696
0.0102324538044309,0.4781419273428406,-0.7783496028211758,-0.5177678522572569,-0.590303671545913,0.1111533064327466,0.2957939140322263,8,white,-0.9585667246262809,-0.9847099147374601
0.0102324538044309,-0.7663696791779749,-0.5613112807608368,-1.3001701838181985,-0.2161551598851922,-0.5567206377983478,0.717442547942092,7,white,-0.31234741796680643,0.15605652466362968
0.3500367873847808,-0.8330399438130187,-0.5613112807608368,-1.6509022634834634,-0.2161551598851922,-0.1559962712596912,1.5607398157618233,7,white,-1.0499946289095397,0.7299646241824144
-0.0577284129116391,0.0558969179875638,-0.5070517002457526,-0.7538375212627259,0.4697837781594611,-0.9574450043370044,-0.0415249930956665,6,white,-1.6814842632407228,-1.3125565021004353
0.0102324538044309,1.9893345924038308,-0.696960232048547,-0.0557457857751529,0.2203514370523139,-1.0242323987601136,0.8017722747240648,8,white,-1.7350713632654158,-0.7456981622181302
-0.397532746491989,-0.7663696791779749,-0.4527921197306684,-0.7268581305192181,0.7192161192666082,-0.6235080322214572,0.2114641872502534,6,white,-0.5603458925231546,0.3475946533479959
2.66070625573116,1.5004193184135106,-0.5070517002457526,1.1718164930532189,-1.213884524313781,-0.4899332433752383,-1.3908006216072364,5,white,-0.5792662946524373,1.2944730441858927
2.7286671224472303,1.01150404442319,-0.4799219099882105,1.175188916896176,-1.213884524313781,-0.4899332433752383,-1.3908006216072364,5,white,-0.5372347605928809,1.3715582796354044
1.0976063212615506,0.2336842903476803,-0.3985325392155843,0.3792968899634806,-0.153797074608404,-0.2227836656828007,-0.9691519876973708,6,white,-0.426886454180339,2.0606255589233577
-0.0577284129116391,-0.5219120421828147,-0.20862400741279,-1.303542607661118,1.342796972034476,1.3133264060487158,1.392080362197876,7,white,-0.8597739841788763,0.28437787689556
-0.0577284129116391,-0.3219012482776837,-0.8597389735937991,-1.3069150315040752,-1.4633168654209254,-0.4231458489521292,1.3077506354159032,7,white,-0.0402211880423495,-0.4949368103046671
0.0102324538044309,-0.7441462576329604,-0.724090022306089,-0.5514920906866042,-0.3408713304387659,0.8458146450869501,0.2957939140322263,5,white,-0.08644345190289661,-0.10645442664396694
0.146154187236571,-0.7663696791779749,-0.8326091833362572,-0.3828708985398674,0.7192161192666082,0.3115154897020743,-0.3788439002235593,6,white,-1.0499946289095397,-0.18424594862779287
0.4859585208169208,-0.8997102084480624,-0.6698304417910048,-1.8262683033160767,0.5321418634362493,-1.0242323987601136,2.0667181764536617,7,white,-0.9239000267308705,-1.1738981235429997
-0.5334544799241291,-0.9219336299930768,-0.5070517002457526,-1.3069150315040752,0.0332771812219549,-0.9574450043370044,0.3801236408141991,5,white,-0.26295104774310446,-1.121724659950383
0.6218802542490606,-0.7663696791779749,-0.127234636640164,-0.7605823689485655,-0.2161551598851922,-0.2895710601059102,0.2114641872502534,5,white,-0.7400275947265169,-0.09164862083669266
1.0296454545454805,1.2337382598733355,-0.127234636640164,0.4265108237645819,-1.96218154763522,-1.2913819764525514,-1.0534817144793436,4,white,-1.6352619993801754,1.96967186447677
0.146154187236571,-0.6774759929979167,-0.3985325392155843,-1.3541289653051765,1.342796972034476,-0.7570828210676762,0.717442547942092,6,white,-1.2149466587846107,1.419969250280566
3.4082757896079303,-0.8552633653580332,2.5857443891140406,-0.4772987661420325,-1.4633168654209254,-1.0242323987601136,-1.1378114412613178,5,white,-0.35647431692685827,0.8265555051968538
0.9616845878294108,0.255907711892695,-0.0187154756099985,0.7637532080580931,1.716945483695197,0.4450902785482933,-0.547503353787505,5,white,-0.09482491150487844,2.055694658889821
-0.5334544799241291,0.9226103582431318,-0.3442729587005004,0.1634617640156424,-0.0290809040548305,-0.6235080322214572,-0.0415249930956665,5,white,-0.9890426927207007,0.2470102191102174
0.146154187236571,-0.0107733466474797,-0.4527921197306684,-1.24621140233122,-1.0268102684834193,-0.3563584545290197,1.5607398157618233,6,white,-0.10536385403217967,-1.2018661018130357
0.553919387532991,0.2781311334377095,-0.2628835879278742,0.4029038568640312,-0.2785132451619777,-0.0224214824134723,-0.8848222609153978,6,white,-0.3617437881905089,1.5934143064686332
-0.6693762133562691,-0.3885715129127274,-0.2357537976703321,-0.6661545013464003,-0.4032294157155512,-0.2227836656828007,-0.0415249930956665,6,white,-0.8860592224723052,1.0195062069498486
0.8937237211133408,0.6559292997029571,-0.1001048463826219,0.4602350621939293,0.0332771812219549,-0.3563584545290197,-1.2221411680432908,6,white,-0.9049796246015878,1.8923555687513742
-0.0577284129116391,-0.8552633653580332,-0.6155708612759208,-1.24621140233122,0.9686484603737554,-1.2245945820294422,0.8017722747240648,7,white,-1.2948189971027324,1.2096317625655866
0.0102324538044309,2.478249866394151,-0.3442729587005004,0.6423459497124201,-0.3408713304387659,-1.0910197931832233,0.5487830943781448,5,white,-0.4153308882152024,0.7344334036641836
0.146154187236571,1.4559724753234813,-0.1814942171552479,0.2443999362460911,-0.0290809040548305,-0.8906576099138948,0.2114641872502534,5,white,-0.8513925245768947,1.472849000407497
0.7578019876812007,0.4781419273428406,0.1983228464503406,0.2916138700471549,-0.6526617568226984,-0.6235080322214572,-0.9691519876973708,5,white,0.11533275879290376,0.9337275785193441
-0.1256892796277091,-0.8774867869030477,-0.696960232048547,-1.2091147400589528,-0.3408713304387659,0.3115154897020743,0.3801236408141991,6,white,-1.0615501948746768,-1.188703929350274
-0.2616110130598489,-0.3663480913677128,-0.2357537976703321,-0.8954793226659924,-0.0914389893316186,-1.0910197931832233,0.6331128211601191,7,white,0.39482382488150725,-0.34546617916329664
-0.3295718797759189,-0.810816522268004,-0.4256623294731292,-1.2259768592736269,0.3450676076058875,-1.0242323987601136,0.5487830943781448,6,white,-1.3599616630925626,0.8686230027398497
-0.1256892796277091,0.9448337797881466,-0.1814942171552479,0.4298832476075016,-0.0914389893316186,-0.2227836656828007,-0.1258547198776393,6,white,-0.3081566881658158,0.6940095394657002
-0.1936501463437792,-0.6108057283628731,-0.6427006515334628,-1.08433505787036,-0.777377927376272,0.3115154897020743,0.5487830943781448,7,white,-0.9848519629197098,-1.0368833783300768
-0.1936501463437792,-0.9219336299930768,-0.6155708612759208,-1.7453301310856284,-0.5279455862691249,-1.1578071876063327,0.464453367596172,7,white,-1.2800893247744407,-0.15534062354755873
0.0781933205205009,-0.3441246698226982,-0.5613112807608368,-1.0708453624986063,-0.2785132451619777,-1.0242323987601136,0.5487830943781448,6,white,-0.27450661370824103,-0.5548663200680781
0.4179976541008508,-0.7441462576329604,-0.5613112807608368,-1.0506108194410126,0.4074256928826756,-0.9574450043370044,-0.0415249930956665,6,white,-0.7893618469253956,-0.7184364704824084
0.553919387532991,-0.8330399438130187,-0.2628835879278742,-0.7470926735768489,-0.153797074608404,-0.5567206377983478,-0.4631736270055321,6,white,-1.31056529286886,-0.5548663200680781
0.4179976541008508,-0.8330399438130187,-0.2900133781854162,-0.7470926735768489,-0.153797074608404,-0.4231458489521292,-0.4631736270055321,6,white,-1.2265022247497472,-0.5400605142608039
-0.0577284129116391,0.1225671826226075,-0.20862400741279,-0.5177678522572569,-0.777377927376272,-0.7570828210676762,0.2957939140322263,5,white,-0.10117312423118875,-0.45286931276167114
-0.1936501463437792,0.5225887704328698,-0.7783496028211758,-0.4806711899849523,-0.4655875009923394,0.1779407008558561,0.2957939140322263,7,white,-0.9049796246015878,-0.8951687933595007
0.146154187236571,-0.8997102084480624,-0.5884410710183786,-1.553101972038341,1.716945483695197,-0.7570828210676762,0.9704317282880104,5,white,-1.3641523928935537,0.04559718465211426
-1.6887892140973189,-0.7885931007229895,-0.6427006515334628,-0.8280308458072976,-0.4032294157155512,-0.7570828210676762,-0.4631736270055321,5,white,-0.4731087180408866,1.36380223346461
0.3500367873847808,1.1003977306032484,3.046950823492253,1.0875058969798503,-1.2762426095905663,0.7122398562407312,-0.8848222609153978,5,white,0.620727790945417,0.8752106418245617
-0.1936501463437792,2.1893453863089625,-0.1001048463826219,1.2999685990847687,-1.213884524313781,-0.0892088768365817,-1.3064708948252637,5,white,-0.7137423564330883,1.26415514603703
0.146154187236571,0.9448337797881466,-0.127234636640164,0.406276280706951,-1.1515264390369928,0.1779407008558561,-0.4631736270055321,5,white,-0.4342512903444852,-0.7884719462954404
0.4859585208169208,-0.8997102084480624,-0.4256623294731292,-1.21585958774483,-0.9020940979298456,-0.6902954266445667,1.1390911818519576,5,white,-0.2388232923749947,0.7734446947940387
0.4859585208169208,-0.8997102084480624,-0.7783496028211758,-1.0033968856399114,2.1534520806327038,0.3783028841251838,0.0428047336863063,6,white,-1.8002140292552458,0.2324354735788273
-0.2616110130598489,0.1892374472576513,-0.2628835879278742,-0.5919611768018286,-0.4655875009923394,-0.8906576099138948,0.3801236408141991,6,white,-1.0005982586858375,-0.20445788072703458
-0.397532746491989,-0.0107733466474797,-0.8054793930787151,-0.7201132828333785,0.1579933517755285,-0.6902954266445667,0.5487830943781448,7,white,-0.22828434984769347,0.9938881485586393
1.7772149884222503,-0.8441516545855259,-0.6155708612759208,-1.5834537866247311,1.7793035689719825,0.4450902785482933,1.2234209086339305,7,white,-1.5553896610620532,0.14430692526949632
-0.0577284129116391,-0.25523098364264,-0.8054793930787151,-1.4114601706350745,0.095635266498743,0.4450902785482933,1.729399269325769,8,white,-0.5571717861599996,0.13043846627242037
0.2820759206687107,-0.9441570515380916,-0.6155708612759208,-0.9730450710534838,0.095635266498743,0.9793894339331692,-0.0415249930956665,6,white,-0.8934240586364512,0.6996467260335517
0.0781933205205009,-0.8997102084480624,-0.5341814905032947,-0.7538375212627259,-0.7150198420994867,-0.0892088768365817,-0.2945141734415865,6,white,-0.5183143584635982,1.8006955877704722
0.0102324538044309,-0.7663696791779749,-0.7783496028211758,-1.50251561439432,2.1534520806327038,-0.0892088768365817,1.392080362197876,6,white,-2.117545899602415,-1.016671446230835
0.0102324538044309,-0.8330399438130187,-0.5613112807608368,-1.6509022634834634,-0.2785132451619777,-0.8238702154907857,1.4764100889798504,6,white,-1.1992003630184829,-0.9130308055799157
0.9616845878294108,-0.8774867869030477,-0.6698304417910048,-1.2259768592736269,0.8439322898201819,-0.2227836656828007,-0.1258547198776393,6,white,-1.513358127002497,0.12879483292790778
0.0102324538044309,-0.810816522268004,-0.9682581346239671,-1.900461627860649,-0.4655875009923394,-0.0224214824134723,1.8137289961077416,7,white,0.2950144609962665,-0.23336320580726888
-0.6014153466401989,-0.8552633653580332,-1.0496475053965937,-0.9292035610953396,-1.0891683537602077,-1.6921063429912078,0.0428047336863063,5,white,-1.023709390616111,-0.30504231496481327
-0.1936501463437792,-0.0107733466474797,-0.7783496028211758,-1.273190793074728,-0.5279455862691249,-1.2913819764525514,1.4764100889798504,6,white,-1.3830727950228365,-0.27613698988457896
0.4179976541008508,-0.7441462576329604,-0.5341814905032947,-1.37436350836277,-0.8397360126530602,-0.0224214824134723,0.717442547942092,6,white,-1.0920261629690964,-0.7736661404881662
0.2820759206687107,-0.7219228360879458,-0.7512198125636337,-1.53286742898071,2.652316762846997,2.3819247168184665,1.2234209086339305,7,white,-2.3476405954673156,3.0848202454866507
0.0102324538044309,-0.7663696791779749,-0.3171431684429583,-1.7116058926562812,0.0332771812219549,2.7158616889340133,1.5607398157618233,8,white,-1.3221208588339974,0.07826500267980353
0.2820759206687107,-0.7885931007229895,-0.724090022306089,-1.610433177368239,0.095635266498743,3.049798661049561,1.3077506354159032,7,white,-1.452406190813657,1.831950832729533
-0.0577284129116391,1.9671111708588167,-0.4527921197306684,0.7367738173146227,-0.0914389893316186,-1.0242323987601136,0.1271344604682791,5,white,-0.9585667246262809,1.331134415436921
1.5733323882740409,0.1892374472576513,-0.3171431684429583,0.0960132871569477,-1.588033035974499,-0.8906576099138948,-1.0534817144793436,5,white,-1.1992003630184829,2.382359733460051
0.0781933205205009,-0.6552525714529022,-0.8054793930787151,-1.714978316499201,0.90629037509697,-0.7570828210676762,1.8137289961077416,6,white,-0.8061868841541826,0.4947153646105396
-0.1256892796277091,-0.8774867869030477,-0.7512198125636337,-1.9240685947611995,-0.2785132451619777,-0.9574450043370044,0.9704317282880104,6,white,-0.7032034139057872,-0.564972286117699
0.2141150539526407,0.3670248196177678,-0.4799219099882105,-0.3086775739952956,-1.8374653770816465,-0.2895710601059102,0.1271344604682791,5,white,-0.028665622077212426,-0.9433487037287783
-0.2616110130598489,-0.5219120421828147,-0.6427006515334628,-1.2765632169176475,-1.4633168654209254,-0.6902954266445667,1.0547614550699849,7,white,-0.5719014584882912,0.06580911675135602
-0.1256892796277091,0.3670248196177678,-0.4799219099882105,-0.0591182096180726,-0.153797074608404,-0.9574450043370044,-0.547503353787505,5,white,-0.5529810563590085,0.4122240028690602
0.0781933205205009,-0.2441192728701326,-0.2628835879278742,-1.5699640912530146,0.0332771812219549,-0.0224214824134723,2.4040370835815548,7,white,0.3275857939911815,-0.9699041089301859
0.0102324538044309,0.6003707458404207,-0.6698304417910048,-0.9966520379540345,-0.6526617568226984,0.7122398562407312,1.898058722889716,7,white,-0.3848549201207825,-0.002813785993047368
-0.1256892796277091,1.2337382598733355,-0.6427006515334628,-0.6358026867599726,-0.4655875009923394,-0.5567206377983478,1.898058722889716,6,white,0.06593638856920171,-0.5774281720461465
-0.0577284129116391,-0.7663696791779749,-0.3985325392155843,-0.8718723557654418,-0.590303671545913,-0.8238702154907857,-0.0415249930956665,5,white,-0.052793377445322164,-0.6413512350328966
-0.2616110130598489,-0.5663588852728438,-0.6698304417910048,-0.9629277995246872,0.5321418634362493,0.1111533064327466,0.8017722747240648,5,white,-1.0426297927453938,-0.6147958298314891
0.146154187236571,-0.966380473083106,-0.4527921197306684,-0.9224587134094628,-1.1515264390369928,-1.0910197931832233,-0.0415249930956665,4,white,0.1667623758922777,-2.1043270752291097
0.2820759206687107,1.3448553675984083,-0.6698304417910048,-0.4739263422991127,-1.7127492065280725,-0.9574450043370044,2.0667181764536617,6,white,0.7016167527013748,-0.13606603825851535
-0.1936501463437792,0.0225617856700421,-0.5884410710183786,-1.6981161972845271,-0.2161551598851922,-1.2913819764525514,1.5607398157618233,8,white,-1.3284069535354832,1.6465251168714485
-0.1256892796277091,-0.0774436112825234,-0.4256623294731292,-0.4503193753985621,-0.4032294157155512,-1.2245945820294422,-0.2945141734415865,6,white,-0.7746942926219275,0.8178621122158614
0.9616845878294108,1.0337274659682043,-0.0729750561250798,1.3303204136711964,0.0332771812219549,-0.2227836656828007,-1.3064708948252637,5,white,0.04282525663892776,2.9614428989949193
0.146154187236571,-0.7441462576329604,-0.5070517002457526,-1.2259768592736269,0.6568580339898229,2.181562533549138,1.2234209086339305,7,white,-1.317930129033006,2.667432536745716
0.2820759206687107,-0.810816522268004,-0.3442729587005004,-1.482281071336689,-0.4655875009923394,-0.2227836656828007,0.9704317282880104,7,white,-1.3578662981920673,-0.8935251600149882
-0.397532746491989,-0.6774759929979167,-0.0729750561250798,0.2241653931884602,2.2158101659094918,0.2447280952789648,-0.4631736270055321,5,white,-0.03387297531603891,0.4220989086427969
0.4859585208169208,0.5448121919778843,-0.0458452658675378,0.6693253404558904,0.90629037509697,0.0443659120096371,-0.2101844466596121,5,white,-0.2587603179421133,1.769209282535527
-0.2616110130598489,-0.9441570515380916,-0.6698304417910048,-1.1787629254725254,-1.4633168654209254,-1.0242323987601136,0.464453367596172,5,white,0.0522233396787448,-0.6498135677380051
-0.397532746491989,1.7893237984987,-0.1814942171552479,1.0740162016081338,0.5321418634362493,-0.4899332433752383,-1.3064708948252637,5,white,-1.107772458735224,1.5974078596919723
0.3500367873847808,-0.8774867869030477,-0.696960232048547,-0.7875617596920733,1.093364630927329,0.3115154897020743,-0.0415249930956665,6,white,-1.3715172290576996,0.06345919687252928
0.0102324538044309,-0.6330291499078875,-0.7783496028211758,-1.273190793074728,0.282709522329102,0.3783028841251838,1.1390911818519576,7,white,-0.9049796246015878,-0.03853781043387764
-1.2130631470848288,0.8559400936080883,-0.5613112807608368,0.5681526251678484,0.282709522329102,-0.2227836656828007,-0.9691519876973708,5,white,-0.4772994478418773,0.8256181583866555
-0.465493613208059,-0.8774867869030477,-0.5884410710183786,-1.4620465282790955,0.5321418634362493,-0.0892088768365817,0.717442547942092,6,white,-1.3757079588586905,-0.5727283322884932
0.0102324538044309,-0.9219336299930768,-0.6155708612759208,-1.145038687043178,0.5321418634362493,0.3115154897020743,0.2114641872502534,7,white,-0.8324721224476115,0.39436199064864524
-0.397532746491989,-0.7441462576329604,0.4424909587682189,-0.2479739448224404,-0.777377927376272,-0.4899332433752383,-0.6318330805694778,5,white,0.06276228220604603,0.9299650855718891
0.9616845878294108,0.411471662707797,-0.2628835879278742,0.4737247575656831,-0.153797074608404,-0.5567206377983478,-1.0534817144793436,5,white,-0.6832663883386688,2.0084520953307408
-0.0577284129116391,-0.8997102084480624,-0.696960232048547,-1.4114601706350745,0.095635266498743,-0.0892088768365817,0.6331128211601191,6,white,-1.1498039927947803,-0.8312457303727505
-0.1256892796277091,-0.8997102084480624,-0.696960232048547,-1.4215774421638712,0.0332771812219549,-0.0892088768365817,0.6331128211601191,6,white,-1.2338670609138933,-0.7915281527085812
-0.8052979467884089,0.5670356135228988,-0.696960232048547,0.3523174992200102,-0.0290809040548305,-0.3563584545290197,-0.8848222609153978,5,white,-0.48885501380701435,1.4493498016192305
-0.1256892796277091,-0.8552633653580332,-0.2900133781854162,-0.1366839580056016,-1.213884524313781,-1.0242323987601136,-1.0534817144793436,5,white,-0.4300605605434943,1.810570493544209
0.4179976541008508,-0.8997102084480624,-0.4256623294731292,-1.3844807798915666,-1.213884524313781,0.0443659120096371,0.717442547942092,6,white,-1.026883496979266,-0.7315986429451703
-0.397532746491989,-0.4330183560027564,-0.1001048463826219,-1.590198634310608,-0.0290809040548305,-0.9574450043370044,1.8137289961077416,6,white,-0.24822137541481223,1.2439432139377882
0.553919387532991,-0.688587703770424,-0.6427006515334628,-1.7520749787715055,-0.153797074608404,-0.5567206377983478,2.4883668103635275,7,white,0.004984452380361938,-0.1118605529359344
-0.2616110130598489,-0.6330291499078875,-1.0225177151390514,-1.4620465282790955,-1.0268102684834193,-0.0892088768365817,0.5487830943781448,6,white,-1.0814872204417951,-1.2089158614495157
0.0102324538044309,0.8226049612905664,-0.5070517002457526,-0.0152766996599285,-0.2161551598851922,-0.8238702154907857,0.1271344604682791,5,white,-1.2107559289836194,0.3647503790340968
0.553919387532991,1.5226427399585252,-0.6698304417910048,0.591759592068399,-1.3386006948673546,-0.4899332433752383,0.2114641872502534,4,white,-0.1705065200220093,-0.9520420967097709
-0.0577284129116391,-0.5219120421828147,-0.0729750561250798,0.0892684394710707,1.46751314258805,0.2447280952789648,-0.0415249930956665,6,white,-0.08326934553974145,0.9741514427178277
1.0296454545454805,0.0892320503050857,-1.1581666664267645,-1.5834537866247311,-0.590303671545913,-1.4249567652987702,2.0667181764536617,8,white,0.019714124708654225,0.8397176776596156
-0.0577284129116391,0.2781311334377095,-0.7512198125636337,-0.4300848323409312,-0.9020940979298456,-0.2895710601059102,0.2114641872502534,6,white,-0.6906312245028146,0.6458296290964224
-0.1936501463437792,2.078228278583889,-0.2900133781854162,1.283106479870095,-1.0891683537602077,-0.2227836656828007,-1.2221411680432908,6,white,-0.8513925245768947,0.4044679566982661
-0.1256892796277091,0.611482456612928,-0.5070517002457526,0.3422002276912134,-0.777377927376272,-0.2227836656828007,-0.3788439002235593,5,white,-0.13583982212659915,2.4881192337139133
0.0781933205205009,-0.7663696791779749,-0.7783496028211758,-1.6138056012111588,0.4697837781594611,2.0479877447029198,1.1390911818519576,8,white,-1.8748168963097172,-1.3630863323485394
-0.0577284129116391,0.9003869366981172,-0.5613112807608368,-0.8010514550637897,-1.5256749506977136,-1.4917441597218797,1.2234209086339305,7,white,-0.2587603179421133,0.9168029131091273
0.553919387532991,-0.8330399438130187,-0.4256623294731292,-1.495770766708443,-0.0290809040548305,2.7826490833571227,0.8861020015060377,8,white,-1.429295058883384,2.4338269105183543
0.0102324538044309,1.3893022106884378,-0.5070517002457526,0.4029038568640312,-0.5279455862691249,-0.2227836656828007,-0.2945141734415865,6,white,-0.8324721224476115,2.5177308453284617
-0.1936501463437792,-0.966380473083106,-0.7783496028211758,-0.8044238789067469,0.4697837781594611,-0.8906576099138948,-0.6318330805694778,5,white,-1.5900563589574637,-1.3553302861777452
-0.2616110130598489,-0.8441516545855259,-0.9139985541088832,-1.553101972038341,-1.7127492065280725,-1.5585315541449891,0.717442547942092,4,white,-0.3732993541556459,-1.386585531136806
-0.3295718797759189,-0.966380473083106,-0.724090022306089,-0.7943066073779502,0.4697837781594611,-0.8238702154907857,-0.6318330805694778,5,white,-1.8117695952203825,-1.3304185143208502
-0.1936501463437792,1.1670679952382923,-0.4799219099882105,0.3725520422776036,-0.2161551598851922,-1.0242323987601136,-0.6318330805694778,8,white,-1.057359465073686,0.23478539345765392
0.146154187236571,0.611482456612928,-0.5613112807608368,-0.1906427394925424,-0.0914389893316186,-0.8906576099138948,0.1271344604682791,6,white,-0.2892362860365332,0.926202592624434
-0.1256892796277091,0.8114932505180589,-0.9411283443664252,0.4130211283928279,-0.7150198420994867,0.5118776729714027,0.0428047336863063,5,white,-0.1936176519522832,-0.6756626864050983
0.9616845878294108,0.722599564338001,-0.5341814905032947,0.4973317244661964,-0.3408713304387659,-0.4231458489521292,-1.0534817144793436,5,white,-0.5760921882892822,1.4867174594045731
-0.0577284129116391,-0.8552633653580332,-1.1039070859116775,-2.49738064806018,0.6568580339898229,0.3783028841251838,2.910015444273393,8,white,-1.3000263503415588,0.8030563064085872
-0.2616110130598489,0.722599564338001,-0.8326091833362572,-0.4907884615137864,0.8439322898201819,-1.0910197931832233,0.3801236408141991,6,white,-1.3609782865303988,-0.20915772048468795
1.0976063212615506,0.255907711892695,-0.20862400741279,0.4332556714504588,-0.0914389893316186,-0.5567206377983478,-0.9691519876973708,6,white,-0.5760921882892822,1.8371258987456165
1.3694497881258307,-0.0107733466474797,0.5781399100559292,0.136482373272172,-0.777377927376272,-1.1578071876063327,-1.3064708948252637,6,white,-0.9207259203677154,0.3085833622181409
-0.465493613208059,-0.7219228360879458,-0.3985325392155843,-0.5514920906866042,-0.9020940979298456,0.1111533064327466,-1.3064708948252637,5,white,-0.9207259203677154,-0.9513358101754567
-0.6693762133562691,-0.7663696791779749,-0.3442729587005004,0.0589166248846431,0.90629037509697,-0.0224214824134723,-0.4631736270055321,5,white,-0.6139329925478476,-0.6810688126970659
-0.465493613208059,-0.7219228360879458,-0.4256623294731292,-0.5514920906866042,-0.9020940979298456,0.0443659120096371,-1.3064708948252637,5,white,-0.9091703544025787,-0.8991623465828397
-0.1256892796277091,-0.4774651990927857,-0.5613112807608368,-1.4047153229491975,0.4074256928826756,0.4450902785482933,1.5607398157618233,7,white,-0.6643459862093858,-0.6373576818095575
-0.5334544799241291,0.2114608688026658,-0.3985325392155843,-0.5042781568855029,-0.5279455862691249,-0.6235080322214572,0.6331128211601191,5,white,0.12371421839488562,0.02985403203464181
0.4179976541008508,-0.9219336299930768,-0.6155708612759208,-1.4418119852214648,-2.648120485679876,0.1111533064327466,1.2234209086339305,6,white,-0.4679013648020601,-0.11327312600456284
-0.1256892796277091,-0.8774867869030477,-0.696960232048547,-1.5767089389388915,-1.3386006948673546,0.1779407008558561,0.9704317282880104,6,white,-1.3788820652218454,0.02609153908718669
-0.397532746491989,0.0892320503050857,-1.1039070859116775,-1.6947437734416075,-2.398688144572729,0.0443659120096371,2.235377630017608,7,white,0.28028478866797457,-0.46062535893246526
0.146154187236571,2.000446303176338,-0.4527921197306684,0.6086217112830726,-0.9644521832066338,0.3783028841251838,0.3801236408141991,7,white,-0.7242812989603896,0.4340795683128145
0.6218802542490606,0.6559292997029571,-0.724090022306089,-0.2884430309376647,-0.0290809040548305,0.0443659120096371,0.3801236408141991,6,white,-0.648599690443258,-0.002813785993047368
0.4179976541008508,1.7893237984987,1.5005527788123565,1.1414646784668283,-1.2762426095905663,-0.3563584545290197,-1.1378114412613178,5,white,-0.01812667954991131,-0.8874127471887064
-0.1936501463437792,-0.0329967681924942,-0.9682581346239671,-1.4418119852214648,-0.9020940979298456,-0.3563584545290197,2.0667181764536617,7,white,0.30339592059824816,0.3024709493918592
-0.5334544799241291,-0.8330399438130187,-0.3442729587005004,-0.3086775739952956,3.400613786168439,0.4450902785482933,0.0428047336863063,5,white,-1.40618392695311,0.4893092383185721
-0.397532746491989,-0.6330291499078875,-0.9682581346239671,-1.8026613364155264,2.0287359100791296,-0.2895710601059102,2.0667181764536617,8,white,-0.936472216133843,0.09918322131335945
-0.1256892796277091,2.1893453863089625,-0.154364426897706,1.2864789037130149,-1.1515264390369928,0.0443659120096371,-1.3064708948252637,6,white,-0.8093609905173382,0.1661624907132504
-0.0577284129116391,-0.9108219192205697,-0.9682581346239671,-1.4013428991062404,-1.8374653770816465,-1.4249567652987702,0.8017722747240648,5,white,0.49145908240359265,1.2944730441858927
-0.1256892796277091,-0.810816522268004,-0.8597389735937991,-1.1787629254725254,-0.7150198420994867,-0.6235080322214572,0.3801236408141991,6,white,-0.8818684926713141,-0.9924659609082542
-0.5334544799241291,-0.7441462576329604,-0.1814942171552479,-0.5649817860583581,-0.7150198420994867,-0.6902954266445667,-0.547503353787505,5,white,-0.3081566881658158,-0.8220771111333279
-0.6693762133562691,0.1225671826226075,-0.4799219099882105,-0.5312575476290108,-0.6526617568226984,-0.4899332433752383,-0.1258547198776393,6,white,-1.0121538246509745,0.2112861946693872
0.553919387532991,0.4559185057978259,-0.0187154756099985,0.2916138700471549,-1.0268102684834193,-0.0892088768365817,-0.547503353787505,6,white,-0.4952032265333244,0.7417142235765477
0.0781933205205009,-0.8552633653580332,-0.3171431684429583,-1.0573556671268898,-0.9644521832066338,-0.4231458489521292,0.3801236408141991,6,white,-0.43742539670764025,2.2234894228033744
0.4859585208169208,1.01150404442319,-0.8326091833362572,-0.5649817860583581,-0.2785132451619777,-1.2245945820294422,1.3077506354159032,6,white,-0.32390298393194344,0.28061538394810487
-0.8052979467884089,1.4115256322334524,-0.3442729587005004,0.5074489959950306,-1.6503911212512872,-0.1559962712596912,-0.7161628073514522,6,white,-0.8093609905173382,0.8046999397530995
-0.397532746491989,0.6337058781579427,-0.6155708612759208,-1.1281765678285045,-1.4633168654209254,-1.5585315541449891,1.392080362197876,7,white,-0.20936394771841096,0.4667473863405038
0.6898411209651306,-0.0107733466474797,-1.1039070859116775,-1.5058880382372395,-0.4655875009923394,-1.4917441597218797,1.5607398157618233,7,white,-0.44682347974745784,0.024447905742674306
-0.2616110130598489,1.3448553675984083,-0.6427006515334628,0.1803238832303161,-1.213884524313781,-0.9574450043370044,-0.0415249930956665,7,white,0.2087939099518342,-0.21456384677665546
-0.0577284129116391,0.6559292997029571,-0.1814942171552479,0.4804696052515227,0.3450676076058875,0.2447280952789648,-0.1258547198776393,6,white,-0.7211071925972343,1.1906013432590892
0.0102324538044309,-0.2774544051876546,-0.7512198125636337,-1.4923983428654857,-0.4655875009923394,-1.2913819764525514,1.2234209086339305,6,white,-1.0047889884868284,1.5341910832395362
-0.1256892796277091,1.2226265491008286,-0.5341814905032947,-0.9089690180377088,-0.9644521832066338,-1.4249567652987702,1.8137289961077416,6,white,-0.35437895202636294,-2.1066769951079367
-0.2616110130598489,1.1448445736932773,-0.4799219099882105,0.0521717771987661,-0.7150198420994867,-0.5567206377983478,0.2957939140322263,7,white,-0.965931560790427,-0.030075477728769177
-0.2616110130598489,1.0559508875132193,-0.4799219099882105,-0.1602909249061148,-0.7150198420994867,-0.5567206377983478,0.2957939140322263,7,white,-0.9123444607657338,-0.05498724958566417
-0.0577284129116391,0.2781311334377095,-0.6155708612759208,-0.5009057330425831,-0.4655875009923394,-0.0892088768365817,0.717442547942092,7,white,-0.655964526607404,-0.6561570408401708
0.0102324538044309,-0.8774867869030477,-0.5613112807608368,-1.205742316216033,-0.0290809040548305,-0.8238702154907857,0.3801236408141991,6,white,-1.317930129033006,2.6166716462217274
0.0102324538044309,-0.1218904543725526,-0.6698304417910048,-1.6778816542269337,1.4051550573112643,-1.4917441597218797,1.729399269325769,7,white,-1.4986284546742046,1.9064550880243343
-0.2616110130598489,0.2781311334377095,-0.6155708612759208,-0.8212859981214207,0.4074256928826756,-0.4899332433752383,0.8861020015060377,7,white,-0.38168081375762775,1.0662735442504978
-0.3295718797759189,1.3004085245083796,-0.5070517002457526,0.1432272209580115,-0.7150198420994867,-0.6235080322214572,-0.0415249930956665,7,white,-0.9354555926960075,0.1567628111979438
0.146154187236571,-0.9441570515380916,-0.5341814905032947,-1.934185866289996,-1.213884524313781,-1.0910197931832233,1.6450695425437962,6,white,-0.5992033202195558,0.5360765756192214
0.2820759206687107,-0.9441570515380916,-0.6155708612759208,-1.725095588028035,-0.7150198420994867,-0.2227836656828007,1.3077506354159032,8,white,-0.35856968182735394,0.0392537115499485
0.0781933205205009,-0.8552633653580332,-0.5884410710183786,-1.252956250017097,-1.2762426095905663,0.3115154897020743,0.6331128211601191,6,white,-0.5645366223241451,0.7438330831794903
-0.1256892796277091,-0.8330399438130187,-0.8597389735937991,-2.197234926038936,-0.9644521832066338,0.7122398562407312,2.3197073567995816,7,white,-0.7525997841294896,-0.5043364898199737
0.2820759206687107,-0.8552633653580332,-0.6155708612759208,-1.2799356407606048,-0.4032294157155512,-0.1559962712596912,0.3801236408141991,6,white,-1.1802799608892003,-0.19905175443506706
0.2820759206687107,-0.9219336299930768,-0.5341814905032947,-1.637412568111709,-0.9020940979298456,-1.1578071876063327,1.3077506354159032,6,white,-0.35437895202636294,0.9175091996434416
0.0781933205205009,-0.2996778267326691,-0.724090022306089,-1.967910104719344,0.8439322898201819,-1.5585315541449891,2.0667181764536617,7,white,-1.3725338524955353,1.6853053477254196
1.2335280546936906,2.900494875749428,-0.0729750561250798,1.6439558310641569,-1.7751072918048607,0.7122398562407312,-1.475130348389209,6,white,-0.9890426927207007,2.124317561634224
-0.0577284129116391,-0.8219282330405113,0.1169334756777144,-0.22099455407897,-0.4032294157155512,-0.0224214824134723,-0.8848222609153978,5,white,-0.6717108223735317,1.3124571393975804
0.2820759206687107,0.100343761077593,-0.7512198125636337,-0.8347756934931372,-0.153797074608404,-0.4231458489521292,1.0547614550699849,6,white,-0.8513925245768947,-0.11491675934907518
0.3500367873847808,-0.4330183560027564,-0.8326091833362572,-1.4114601706350745,-0.5279455862691249,-0.5567206377983478,1.392080362197876,6,white,-0.6181237223488387,-0.30410496815461485
0.3500367873847808,1.733765244636163,-0.3985325392155843,0.4298832476075016,-1.0891683537602077,0.1111533064327466,0.1271344604682791,6,white,-1.0153279310141294,0.12338870663594033
0.146154187236571,3.2782930420146754,-0.4527921197306684,1.0335471154929097,-0.9644521832066338,-1.0242323987601136,0.3801236408141991,6,white,0.32968115889167704,-1.3031568225851284
-0.1256892796277091,0.7114878535654935,-0.9953879248815094,-0.3086775739952956,-1.4633168654209254,-0.6235080322214572,0.717442547942092,6,white,-0.10955458383317018,-0.7628538879042311
-0.1256892796277091,-0.2774544051876546,-0.5884410710183786,-1.475536223650812,-0.8397360126530602,-1.2913819764525514,1.2234209086339305,6,white,-0.7221238160350697,1.331134415436921
-0.0577284129116391,0.411471662707797,-0.5341814905032947,-0.9359484087812168,-1.2762426095905663,-0.9574450043370044,1.1390911818519576,8,white,-0.744218324527508,0.20353014849859302
0.2141150539526407,1.4781958968684958,-0.7512198125636337,-0.0490009380892759,-1.2762426095905663,-1.2913819764525514,1.0547614550699849,6,white,0.5334906164631492,-1.92218862606005
-0.1936501463437792,-0.0996670328275381,-0.2900133781854162,0.015075114926499,0.7192161192666082,-0.3563584545290197,0.0428047336863063,4,white,-0.5340606542297257,-1.279888684072746
-0.7373370800723391,-0.2330075620976254,-0.1814942171552479,-0.1198218387909279,-1.0268102684834193,-1.0242323987601136,-0.7161628073514522,5,white,2.0844666468657467,-0.004457419337559981
-0.1936501463437792,-0.8552633653580332,-0.3171431684429583,-0.9292035610953396,3.3382557008916507,0.6454524618176217,0.3801236408141991,7,white,-1.4944377248732137,2.01949540819056
-0.1256892796277091,0.8559400936080883,-0.8868687638513413,0.008330267240622,-1.4633168654209254,-1.2913819764525514,-0.0415249930956665,6,white,0.11317527586758457,-0.4693187519134578
-0.6693762133562691,1.4781958968684958,-0.5884410710183786,0.4197659760787049,-0.777377927376272,-0.5567206377983478,-0.1258547198776393,5,white,-0.002380383783783599,1.0016441947294334
0.3500367873847808,0.255907711892695,-0.1814942171552479,0.3118484131047858,-0.153797074608404,0.1111533064327466,-0.0415249930956665,6,white,-0.5372347605928809,-0.06133072268783014
-0.1936501463437792,2.1671219647639477,-0.8868687638513413,0.2174205455025832,-0.6526617568226984,-0.3563584545290197,1.2234209086339305,8,white,0.46733132703548297,0.028210398690129247
-0.465493613208059,1.278185102963365,-0.3985325392155843,0.649090797398297,-0.0290809040548305,-0.8238702154907857,-1.1378114412613178,6,white,-1.40618392695311,0.24089780628393553
0.9616845878294108,-0.7663696791779749,-0.5613112807608368,-0.6391751106029299,0.90629037509697,-0.2895710601059102,0.2957939140322263,5,white,-1.1340576970286527,-0.8726069413814322
0.4179976541008508,0.722599564338001,-0.3171431684429583,0.4197659760787049,-0.4655875009923394,-0.2227836656828007,-0.8848222609153978,6,white,-0.6601552564083952,1.6759056682101126
1.0296454545454805,0.7448229858830154,-0.3985325392155843,0.5074489959950306,-0.4655875009923394,0.1111533064327466,-0.9691519876973708,6,white,-0.5645366223241451,0.7586388889867645
0.0781933205205009,-0.5663588852728438,-0.8326091833362572,-1.482281071336689,-0.590303671545913,-0.2227836656828007,0.6331128211601191,7,white,-1.0888520566059414,-0.3243169002538566
0.146154187236571,-0.3441246698226982,-0.0729750561250798,0.1196202540574983,1.2180808014809026,0.3115154897020743,-0.1258547198776393,5,white,-0.4499975861106129,0.7725073479838404
0.6898411209651306,2.700484081844297,-0.5341814905032947,1.451727672016832,0.2203514370523139,0.2447280952789648,-0.9691519876973708,6,white,-0.5498069499958534,1.7670904229325846
0.8937237211133408,-0.6552525714529022,-0.8054793930787151,-1.3473841176192995,-1.2762426095905663,-0.0892088768365817,0.6331128211601191,6,white,-0.8629480905420313,0.38895586435667767
-0.1936501463437792,1.5893130045935686,-0.3442729587005004,1.1077404400374813,-0.5279455862691249,-0.8906576099138948,-1.475130348389209,6,white,-0.8019961543531922,2.170378612400559
0.3500367873847808,1.5004193184135106,-0.3171431684429583,0.2207929693455404,-0.153797074608404,-1.2245945820294422,0.2114641872502534,5,white,-1.0962168927700875,1.3085725634588525
0.6218802542490606,2.611590395664239,-0.5341814905032947,1.4449828243309923,0.1579933517755285,0.2447280952789648,-0.9691519876973708,6,white,-0.6033940500205465,1.8441756583820965
4.631571390497189,-0.8774867869030477,2.6400039696291246,-0.4840436138279095,-1.7127492065280725,-0.6902954266445667,-1.1378114412613178,6,white,-0.5719014584882912,0.6326674566336609
-0.1256892796277091,2.1448985432189325,-0.3442729587005004,0.7165392742569917,-0.6526617568226984,-0.0224214824134723,-0.2101844466596121,6,white,-0.9627574544272719,-0.2249008731021605
-0.397532746491989,0.100343761077593,-0.6155708612759208,-0.4368296800268081,-0.8397360126530602,0.2447280952789648,-0.547503353787505,6,white,-1.7539917653946986,-0.547110273897284
0.3500367873847808,0.2336842903476803,-0.8054793930787151,-1.2394665546453805,-0.2161551598851922,-1.2913819764525514,1.5607398157618233,6,white,-0.6065681563837017,0.29001506346341166
1.4374106548419008,-0.8552633653580332,-0.4256623294731292,-1.259701097702974,-0.7150198420994867,-0.6235080322214572,1.1390911818519576,5,white,-0.4300605605434943,1.133959100184703
0.7578019876812007,-0.8330399438130187,-0.9139985541088832,-1.303542607661118,-0.7150198420994867,0.1779407008558561,0.9704317282880104,6,white,-0.7936146947512105,0.3405448937115158
0.4179976541008508,0.8114932505180589,1.880369842417948,0.8682983471890924,-1.5256749506977136,0.2447280952789648,-0.9691519876973708,5,white,0.09323825030046602,1.810570493544209
-0.5334544799241291,-0.7441462576329604,-0.4799219099882105,-0.0051594281311318,1.904019739525556,-0.0224214824134723,-0.800492534133425,4,white,-0.91863055546722,6.274573367264028
2.3209019221508105,1.1448445736932773,-0.3714027489580425,-0.0119042758169713,-1.5256749506977136,-0.6902954266445667,-0.1258547198776393,7,white,-1.4713265929429404,2.6634389835223766
0.2820759206687107,-0.1218904543725526,-0.3985325392155843,-0.0894700242045003,-0.8397360126530602,-0.4231458489521292,-0.8848222609153978,5,white,-0.5256791946277443,-0.3111547277910949
-0.0577284129116391,0.1892374472576513,-0.5613112807608368,-1.0168865810116654,-0.153797074608404,-0.6902954266445667,1.1390911818519576,6,white,-1.574310063191336,-1.4270093953352894
0.8257628543972707,-0.7441462576329604,-0.8868687638513413,-1.7487025549285855,-0.2785132451619777,-0.8906576099138948,1.6450695425437962,6,white,-0.8860592224723052,0.26040345184886315
0.6218802542490606,-0.810816522268004,-1.1039070859116775,-1.9476755616617505,-0.4032294157155512,-0.8906576099138948,2.4040370835815548,5,white,-0.4384420201454756,-1.6909329197115146
0.3500367873847808,0.0781203395325785,-0.8326091833362572,-0.9426932564670936,-0.590303671545913,2.0479877447029198,1.8137289961077416,5,white,-0.3197122541309524,-0.1219665189855552
0.4179976541008508,0.6337058781579427,-0.3171431684429583,0.3995314330211115,-0.3408713304387659,-0.4899332433752383,-1.2221411680432908,5,white,-0.9396463224969982,2.1212613552210833
1.0976063212615506,-0.8774867869030477,-0.8326091833362572,-0.9089690180377088,-2.024539632912008,-0.2227836656828007,-0.0415249930956665,6,white,0.04066777371360839,-0.9783664416352942
1.5053715215579708,0.4336950842528115,-0.2900133781854162,0.001585419554745,-0.2161551598851922,1.1129642227793872,-0.1258547198776393,5,white,-0.9396463224969982,1.881543316167439
0.7578019876812007,0.5670356135228988,-0.724090022306089,-0.976417494896441,-0.9020940979298456,0.3783028841251838,1.6450695425437962,8,white,-0.49202912017016914,-0.0526373297068375
3.2723540561757907,1.6115364261385836,-0.5070517002457526,1.0942507446657272,-1.7127492065280725,-0.3563584545290197,-1.3064708948252637,5,white,-0.46472725843890467,2.723368493285788
0.4179976541008508,2.27823907248902,-0.3171431684429583,0.999822877063562,-0.2785132451619777,-0.7570828210676762,-0.6318330805694778,6,white,-0.9312648628950166,1.0251433935177001
0.6898411209651306,-0.8552633653580332,-0.6427006515334628,-0.8381481173360943,-0.3408713304387659,-0.6902954266445667,0.1271344604682791,4,white,-0.22409362004670286,0.3062334423393142
0.4179976541008508,-0.6108057283628731,-0.6427006515334628,-1.657647111169303,-0.4032294157155512,-0.2895710601059102,1.5607398157618233,6,white,-1.287454160938587,-0.11961659910672855
0.7578019876812007,0.2336842903476803,-0.7512198125636337,-1.1315489916714614,-0.9020940979298456,-0.2227836656828007,1.6450695425437962,8,white,0.6659334313681287,-1.4293593152141164
0.4179976541008508,1.1448445736932773,-0.7783496028211758,-0.6054508721735825,-0.777377927376272,-0.6902954266445667,1.3077506354159032,7,white,-0.31653814776779754,-0.7985779123450614
1.0296454545454805,-0.2107841405526109,-0.4256623294731292,-0.9089690180377088,-1.8998234623584345,0.3783028841251838,0.6331128211601191,6,white,-0.24301402217598572,3.1891671726718833
0.6218802542490606,-0.4774651990927857,-0.4799219099882105,-1.3541289653051765,0.1579933517755285,-0.6902954266445667,1.2234209086339305,5,white,-0.7137423564330883,0.8117496993895794
0.0781933205205009,0.76704640742803,-0.3985325392155843,0.3118484131047858,0.3450676076058875,0.4450902785482933,-0.1258547198776393,5,white,-0.7252979223982253,0.2937775564108667
0.553919387532991,-0.7885931007229895,-0.3985325392155843,-1.6239228727399555,-0.7150198420994867,-0.4899332433752383,1.392080362197876,7,white,-1.2527874630431761,-0.6171457497103159
-0.1256892796277091,-0.4330183560027564,-0.4799219099882105,-0.1130769911050509,-1.0891683537602077,-0.6902954266445667,-1.6437898019531565,5,white,-0.7599646202936357,-0.22866336604961554
0.2141150539526407,-0.3441246698226982,-0.7783496028211758,-1.4553016805932186,-1.6503911212512872,-1.3581693708756608,1.3077506354159032,5,white,-0.3312678200960894,-0.09071127402649441
0.146154187236571,-0.0329967681924942,-0.6698304417910048,-0.676271772875197,0.5944999487130347,1.847625561433592,1.2234209086339305,5,white,-0.30498258180266086,-0.6998681717276792
1.3014889214097607,-0.8552633653580332,-0.7512198125636337,-1.4283222898497483,1.46751314258805,-0.7570828210676762,1.1390911818519576,6,white,-0.6265051819508204,-0.9466359704178033
0.0102324538044309,-0.1218904543725526,-0.8868687638513413,-1.8465028463736703,0.1579933517755285,-0.0892088768365817,2.6570262639274733,7,white,-0.9018055182384328,-0.3313666598903366
0.2141150539526407,-0.5441354637278293,-0.724090022306089,-1.0371211240692588,-0.0290809040548305,1.2465390116256063,0.6331128211601191,6,white,-1.0615501948746768,-0.33207294642465096
0.553919387532991,1.078174309058234,-0.5613112807608368,0.1904411547591128,-1.2762426095905663,-0.7570828210676762,-0.0415249930956665,6,white,0.2087939099518342,-0.564972286117699
0.146154187236571,0.9892806228781756,-0.4256623294731292,0.1567169163297654,-0.5279455862691249,-0.6235080322214572,-0.3788439002235593,3,white,-1.203391092819474,1.398588911095242
0.3500367873847808,-0.7885931007229895,-0.8868687638513413,-1.9476755616617505,-1.7751072918048607,-0.9574450043370044,1.4764100889798504,6,white,-0.38168081375762775,-1.1910538492291005
0.4179976541008508,-0.4107949344577419,-0.696960232048547,-1.6778816542269337,-1.0268102684834193,-1.3581693708756608,1.2234209086339305,7,white,-0.4772994478418773,-0.7113867108459286
1.0296454545454805,1.367078789143423,-0.4527921197306684,0.4669799098798062,-0.6526617568226984,-0.1559962712596912,-0.8848222609153978,6,white,-0.7599646202936357,2.0878872506590795
1.3694497881258307,-0.4107949344577419,-0.3714027489580425,-1.0944523293991568,-1.2762426095905663,-0.0224214824134723,0.717442547942092,6,white,-0.10536385403217967,0.39107472395962034
0.8937237211133408,-0.6108057283628731,-0.3171431684429583,-1.313659879189952,-0.4032294157155512,-0.3563584545290197,1.1390911818519576,7,white,-0.510949522299452,0.4441855343624353
1.1655671879776206,-0.0329967681924942,-0.6698304417910048,-0.2884430309376647,-2.3363300592959404,0.0443659120096371,-0.4631736270055321,6,white,0.8938706443077093,-2.270953432056581
0.4859585208169208,-0.810816522268004,-0.6155708612759208,-1.1214317201426272,0.0332771812219549,0.4450902785482933,0.6331128211601191,7,white,-1.1225021310635162,-0.5891777714402798
1.2335280546936906,-0.7885931007229895,-0.3171431684429583,-1.1787629254725254,0.1579933517755285,-0.3563584545290197,0.9704317282880104,5,white,1.502373382758267,0.23384804664745568
-0.3295718797759189,0.3670248196177678,-0.9411283443664252,-0.7841893358491161,0.8439322898201819,-0.9574450043370044,0.3801236408141991,7,white,-1.1928521502921727,0.7400705902320353
0.553919387532991,-0.6552525714529022,-0.6427006515334628,-1.7857992172008528,-1.588033035974499,-0.3563584545290197,1.392080362197876,7,white,-0.29342701583752356,0.11868886687828704
1.3014889214097607,-0.1663372974625817,-0.7783496028211758,-0.9359484087812168,-1.96218154763522,0.0443659120096371,0.1271344604682791,7,white,-1.1340576970286527,1.194119670223998
0.146154187236571,1.3004085245083796,-0.5070517002457526,-0.0726079049898266,-0.7150198420994867,-1.2913819764525514,0.2957939140322263,6,white,-0.4689179882398955,-0.5750782521673198
-0.397532746491989,0.4336950842528115,-0.4527921197306684,-0.2951878786235417,-0.3408713304387659,-1.0242323987601136,-0.2945141734415865,6,white,-0.6107588861846927,-0.49188060389152616
1.1655671879776206,-0.5663588852728438,-0.2628835879278742,-0.9292035610953396,-0.4655875009923394,-0.3563584545290197,0.464453367596172,5,white,-0.35755305838951856,-0.20069538777957968
1.3014889214097607,-0.5441354637278293,-0.3171431684429583,-1.1045696009279535,-1.40095878014414,-0.2227836656828007,0.5487830943781448,6,white,-0.09380828806704263,0.3988307701304145
1.1655671879776206,-0.5663588852728438,-0.2628835879278742,-0.6796441967181542,-0.9644521832066338,0.2447280952789648,0.0428047336863063,6,white,-0.13583982212659915,0.721977517735736
0.9616845878294108,2.1448985432189325,-0.2628835879278742,0.8615534995032154,-1.213884524313781,-0.0224214824134723,-0.2101844466596121,5,white,0.23088841844427174,0.577206726352019
0.2820759206687107,-0.1218904543725526,-0.0729750561250798,0.2005584262879095,1.093364630927329,0.2447280952789648,-0.1258547198776393,4,white,-0.35437895202636294,1.1454776393029524
0.9616845878294108,-0.6330291499078875,-0.6427006515334628,-1.3777359322056897,-0.777377927376272,0.5786650673945123,1.1390911818519576,6,white,-0.7137423564330883,-0.47707479808425196
0.4859585208169208,-0.6996994145429313,-0.5613112807608368,-1.5294950051377902,-0.2161551598851922,-0.6902954266445667,1.1390911818519576,7,white,-0.8629480905420313,0.23478539345765392
0.146154187236571,-0.7663696791779749,-0.3714027489580425,-0.5009057330425831,-0.6526617568226984,1.1129642227793872,-0.1258547198776393,5,white,-0.27348999027040555,-0.05428096305135006
0.4859585208169208,2.722707503389312,-0.127234636640164,1.4652173673885858,-0.7150198420994867,-0.4231458489521292,-1.1378114412613178,6,white,-0.820916556482475,-0.1710837761650312
0.0102324538044309,-0.1885607190075962,-0.4527921197306684,-0.9157138657235858,0.095635266498743,-0.6902954266445667,0.6331128211601191,6,white,-1.2223114949487568,0.3125769154414799
0.3500367873847808,-0.5663588852728438,-0.6155708612759208,-1.091079905556237,0.1579933517755285,-0.2227836656828007,0.3801236408141991,7,white,-0.8398369586117577,-0.1156230458833895
0.4859585208169208,-0.810816522268004,-0.696960232048547,-2.08257251537914,-0.9020940979298456,0.7122398562407312,1.982388449671689,7,white,-0.9743130203924084,1.0834292699365986
0.3500367873847808,-0.9441570515380916,-0.8054793930787151,-1.6306677204258324,-0.8397360126530602,-1.4917441597218797,0.2114641872502534,5,white,-1.3525968269284165,-2.2335857742712384
0.6898411209651306,0.6559292997029571,-0.20862400741279,0.4467453668221753,-0.4032294157155512,-0.4231458489521292,-1.2221411680432908,6,white,-0.9396463224969982,2.0566320057000187
-0.3295718797759189,-0.7441462576329604,-0.724090022306089,-1.893716780174772,0.7815742045433964,-1.0910197931832233,1.982388449671689,6,white,-1.5553896610620532,-0.10011095354180105
-0.6693762133562691,0.100343761077593,-0.5341814905032947,-1.0033968856399114,1.46751314258805,-0.6235080322214572,1.392080362197876,5,white,-1.6089767610867465,-1.1459301452729638
0.4179976541008508,0.7892698289730444,-0.127234636640164,0.2713793269895615,-1.0268102684834193,-0.4899332433752383,-0.2101844466596121,5,white,-0.38066419031979165,0.8824914617369256
0.3500367873847808,0.411471662707797,0.0626738951626302,-0.4435745277126851,-0.9020940979298456,-0.4899332433752383,0.3801236408141991,7,white,-0.7400275947265169,0.8467674372960955
0.4179976541008508,-0.6552525714529022,-0.3714027489580425,-0.5312575476290108,-0.3408713304387659,0.7790272506638407,0.3801236408141991,5,white,0.020730748146489515,-0.9964595141315935
-0.7373370800723391,-0.6330291499078875,-0.4799219099882105,-1.198997468530156,2.9017491039541445,0.5786650673945123,0.9704317282880104,6,white,-1.624723056852874,-0.13747861132714367
0.4179976541008508,-0.7885931007229895,-0.4799219099882105,-1.6239228727399555,-0.153797074608404,-0.6902954266445667,1.2234209086339305,6,white,-1.1613595587599177,0.3748563450837176
0.4179976541008508,-0.5663588852728438,-0.2628835879278742,-1.6509022634834634,-0.3408713304387659,-0.6902954266445667,1.8137289961077416,6,white,-0.4426327499464667,0.4206863355741688
-0.397532746491989,2.789377768024355,0.1169334756777144,1.566390082676628,-0.7150198420994867,-0.2895710601059102,-1.475130348389209,5,white,-0.46574388187674065,2.1952903842574543
0.2141150539526407,-0.4774651990927857,-0.6155708612759208,-1.50251561439432,-0.2161551598851922,-0.8906576099138948,1.898058722889716,6,white,-0.7252979223982253,0.4021180368194394
0.0781933205205009,-0.0552201897375089,-0.3714027489580425,-0.855010236550768,-0.2785132451619777,-0.6235080322214572,0.5487830943781448,6,white,-1.1571688289589264,0.5929498789694916
0.4859585208169208,1.5226427399585252,0.0084143146475463,1.340437685199993,0.2203514370523139,-0.1559962712596912,-1.3908006216072364,6,white,-0.136856445564435,2.164035139298393
-0.3295718797759189,-0.9219336299930768,-0.4527921197306684,-1.4418119852214648,1.716945483695197,-0.9574450043370044,0.5487830943781448,5,white,-1.513358127002497,0.7339581774057536
0.4859585208169208,-0.8330399438130187,-0.154364426897706,-1.3271495745616686,0.0332771812219549,-0.8906576099138948,0.464453367596172,6,white,-0.9396463224969982,0.7353707504743818
0.7578019876812007,0.3003545549827242,-0.3985325392155843,-0.5413748191578075,-1.0891683537602077,-0.1559962712596912,0.2114641872502534,6,white,-0.6906312245028146,0.16851241059207714
-0.1936501463437792,-0.1663372974625817,-0.3171431684429583,0.6895598835135214,-0.2785132451619777,-0.7570828210676762,-1.0534817144793436,6,white,-1.1918355268543368,0.26580957814083067
0.0102324538044309,0.6781527212479715,-0.5070517002457526,-1.1585283824149315,-0.0290809040548305,-1.1578071876063327,1.8137289961077416,7,white,-0.7641553500946262,-1.8333537912164046
1.2335280546936906,-0.8330399438130187,-0.3171431684429583,-1.3945980514204008,-0.4032294157155512,-0.8906576099138948,1.2234209086339305,6,white,-0.41850499457835755,0.5196271364674346
-0.3295718797759189,-0.9219336299930768,-0.4527921197306684,-1.4418119852214648,1.716945483695197,-0.9574450043370044,0.5487830943781448,5,white,-1.5669452270271897,0.7339581774057536
0.2820759206687107,2.700484081844297,-0.4799219099882105,1.6608179502788305,0.0332771812219549,-0.6902954266445667,-1.475130348389209,6,white,-1.023709390616111,0.47450343251129784
0.553919387532991,0.8114932505180589,-0.5070517002457526,0.3860417376493575,-0.153797074608404,-0.4231458489521292,-0.1258547198776393,6,white,-0.10955458383317018,1.091185316107393
1.0296454545454805,0.5448121919778843,-0.8054793930787151,-1.2934253361323214,0.9686484603737554,-0.5567206377983478,2.910015444273393,6,white,-0.5655532457619811,-1.0415832180877302
6.1946713249668,-0.0996670328275381,-0.5884410710183786,-1.468791375964973,-1.213884524313781,-0.6902954266445667,2.1510479032356344,6,white,-0.1894269221512927,3.073314812075063
0.0781933205205009,-0.2996778267326691,-0.7512198125636337,-1.549729548195384,0.1579933517755285,-0.7570828210676762,1.4764100889798504,6,white,-0.9858685863575457,-0.3266668201326833
0.4179976541008508,-0.6330291499078875,-0.724090022306089,-1.2765632169176475,0.282709522329102,-0.4899332433752383,1.729399269325769,6,white,0.2266976886432815,0.33208256100640754
0.146154187236571,0.5225887704328698,-0.9953879248815094,-0.8145411504355436,-0.2785132451619777,-0.6235080322214572,1.2234209086339305,7,white,-0.029682245515048326,0.5515886679608097
0.6898411209651306,2.233792229398991,-0.6427006515334628,0.7772429034298095,-2.211613888742367,-0.4231458489521292,-0.8848222609153978,5,white,-1.3294856949981433,0.042309917963089284
0.3500367873847808,-0.0552201897375089,-1.0225177151390514,-1.4080877467921171,-0.9020940979298456,-0.2895710601059102,1.8137289961077416,7,white,0.004984452380361938,0.354644412984476
0.0102324538044309,0.6337058781579427,-0.3985325392155843,0.008330267240622,1.093364630927329,-0.9574450043370044,-0.0415249930956665,6,white,-0.8167258266814839,0.19648038886211308
0.9616845878294108,-0.8997102084480624,-0.9139985541088832,-1.9847722239340173,-0.4655875009923394,0.0443659120096371,1.982388449671689,6,white,-0.40060121588691017,-1.3795357715003262
0.2820759206687107,-0.0996670328275381,-0.8868687638513413,-0.7808169120061963,-1.0268102684834193,0.8458146450869501,1.1390911818519576,6,white,0.1279049481958762,0.6463048553548526
1.3694497881258307,-0.810816522268004,-0.5341814905032947,-1.4553016805932186,0.095635266498743,-0.5567206377983478,1.2234209086339305,6,white,0.8141225420392361,0.18872434269131885
0.3500367873847808,0.255907711892695,-0.696960232048547,-1.273190793074728,0.1579933517755285,-0.8238702154907857,1.6450695425437962,6,white,-1.0972335162079225,0.7104589786174867
0.553919387532991,0.2336842903476803,-0.6155708612759208,-1.0438659717551355,-0.0914389893316186,-0.6902954266445667,1.3077506354159032,7,white,-1.1350743204664886,0.28531522370575824
0.4179976541008508,0.0114500748975346,-1.0225177151390514,-1.66101953501226,-1.0891683537602077,-1.1578071876063327,1.6450695425437962,6,white,-1.1918355268543368,-0.7191427570167228
-0.397532746491989,0.2781311334377095,-0.3714027489580425,-0.3154224216811351,-1.0268102684834193,0.3115154897020743,-0.547503353787505,6,white,-1.5858656291564726,-0.09470482724983346
0.9616845878294108,-0.9219336299930768,-0.5613112807608368,-1.1045696009279535,-1.2762426095905663,-0.8238702154907857,0.1271344604682791,6,white,-0.5256791946277443,1.718910512563307
0.4859585208169208,-0.6108057283628731,-0.2357537976703321,-1.381108356048647,-1.7751072918048607,-1.2245945820294422,1.2234209086339305,6,white,-0.5603458925231546,-0.5774281720461465
0.2820759206687107,0.3448013980727531,-0.3985325392155843,-1.1146868724567502,-1.588033035974499,-1.4917441597218797,1.392080362197876,8,white,-0.33545854989708007,0.18096829652052468
0.146154187236571,0.5448121919778843,-0.5613112807608368,-1.1146868724567502,-1.4633168654209254,-1.4249567652987702,1.5607398157618233,8,white,-0.33545854989708007,0.4792032722689512
0.2141150539526407,0.7892698289730444,-0.5070517002457526,-0.9899071902681577,-1.40095878014414,-1.4249567652987702,1.5607398157618233,8,white,-0.1021897476690243,0.4122240028690602
0.146154187236571,1.5226427399585252,-0.4799219099882105,0.4602350621939293,-1.2762426095905663,-1.4917441597218797,-0.2101844466596121,6,white,-0.25037885834013185,1.31397868975082
-0.6693762133562691,0.4559185057978259,-0.1814942171552479,-0.4840436138279095,0.4697837781594611,-0.8906576099138948,-0.0415249930956665,5,white,-0.588664377692255,1.0514677384432236
0.2141150539526407,-0.1663372974625817,-0.154364426897706,-0.1063321434191739,-0.777377927376272,-0.6235080322214572,-0.8848222609153978,6,white,-0.6097422627468573,-0.4801310044973929
0.553919387532991,-0.8774867869030477,-0.2900133781854162,-0.8752447796083614,-1.40095878014414,-1.2245945820294422,-0.0415249930956665,4,white,0.0826993077731648,-0.06274329575645844
0.4179976541008508,-0.8997102084480624,-0.8054793930787151,-1.779054369514976,0.095635266498743,-1.1578071876063327,1.4764100889798504,6,white,-0.820916556482475,-0.262037470611619
0.3500367873847808,0.6337058781579427,-0.8597389735937991,-0.4975333091996259,-1.8374653770816465,-1.0910197931832233,1.1390911818519576,6,white,-0.19260102851444708,0.22773563382117398
0.0781933205205009,-0.8997102084480624,-0.5070517002457526,-0.976417494896441,0.1579933517755285,-0.5567206377983478,-0.6318330805694778,5,white,-1.861165965444085,-0.06908676885862435
0.6218802542490606,-0.8997102084480624,-0.4527921197306684,-1.5699640912530146,-0.5279455862691249,0.1779407008558561,0.717442547942092,7,white,-1.570119333390345,-0.9924659609082542
0.553919387532991,0.5003653488878551,-0.4256623294731292,-0.6256854152311759,-0.0914389893316186,-0.6902954266445667,0.3801236408141991,6,white,-0.9470111586611443,0.7642760755546162
1.8451758551383204,-0.7441462576329604,-0.2900133781854162,-0.2715809117229911,-1.0268102684834193,0.1779407008558561,0.2114641872502534,4,white,0.6101888484181155,-1.3452243201281244
0.3500367873847808,-0.8330399438130187,-0.8054793930787151,-1.7352128595568317,0.095635266498743,-1.0910197931832233,1.898058722889716,7,white,-0.965931560790427,0.6108118911899065
0.2820759206687107,0.3003545549827242,-0.0458452658675378,-0.457064223084439,-0.7150198420994867,-0.2227836656828007,0.3801236408141991,8,white,-0.8472017947759036,0.5859001193330114
0.0781933205205009,-0.7219228360879458,-0.5884410710183786,-0.868499931922522,-0.4655875009923394,-1.1578071876063327,-0.2945141734415865,5,white,-0.977487126755564,0.8972972675441999
-0.1256892796277091,-0.7885931007229895,-0.8326091833362572,-1.6913713495986875,0.5944999487130347,0.4450902785482933,1.6450695425437962,7,white,-1.0279001204171019,0.036903791671121844
0.8257628543972707,-0.2774544051876546,-0.5341814905032947,-1.1585283824149315,-1.0268102684834193,-1.0910197931832233,0.8861020015060377,6,white,-0.2314584562108492,1.1504085393364898
0.0102324538044309,-0.8552633653580332,-0.5613112807608368,-1.1551559585719746,0.2203514370523139,-0.3563584545290197,0.3801236408141991,5,white,-1.5858656291564726,-1.227715220480129
0.6898411209651306,0.0558969179875638,-0.5341814905032947,-0.4469469515556049,-0.5279455862691249,-0.0892088768365817,0.2957939140322263,6,white,-0.6790756585376779,0.3475946533479959
0.4179976541008508,0.9003869366981172,-0.3442729587005004,-0.4300848323409312,-1.588033035974499,-1.5585315541449891,0.3801236408141991,7,white,-0.9585667246262809,0.3577006193976168
0.8257628543972707,0.3225779765277387,-0.8054793930787151,-1.1113144486138304,-1.6503911212512872,-1.0910197931832233,1.6450695425437962,6,white,0.34961818445879583,0.8218556654392005
0.553919387532991,0.2781311334377095,-0.6698304417910048,-0.8077963027496667,-0.2785132451619777,-0.0224214824134723,1.2234209086339305,7,white,-0.7862498585870645,0.4815531921477779
0.2820759206687107,0.0114500748975346,-0.696960232048547,-1.6306677204258324,-0.5279455862691249,-1.4917441597218797,1.5607398157618233,7,white,-1.223328118386592,1.0187999204155345
0.146154187236571,-0.5885823068178585,-0.9411283443664252,-1.8161510317872804,-0.0290809040548305,-1.0242323987601136,1.898058722889716,7,white,-0.5466328436326986,-0.05569353611997844
0.146154187236571,0.5448121919778843,-0.5884410710183786,0.8042222941733174,0.6568580339898229,-0.6902954266445667,-1.2221411680432908,5,white,-0.49202912017016914,0.9407773381558241
0.2820759206687107,-0.0107733466474797,-0.6427006515334628,-1.1922526208442792,-0.7150198420994867,-0.8906576099138948,1.5607398157618233,7,white,0.2225069588422904,0.4408982676734105
0.4859585208169208,0.378136530390275,-0.696960232048547,-1.091079905556237,-0.4655875009923394,1.780838167010482,1.982388449671689,7,white,-0.5571717861599996,-0.5198485821615622
0.6898411209651306,-0.8552633653580332,-0.3171431684429583,-0.740347825890972,-0.8397360126530602,2.248349927972248,0.2957939140322263,6,white,-0.7862498585870645,-0.09164862083669266
-0.5334544799241291,-0.7663696791779749,-0.3171431684429583,-0.1737806202778687,1.904019739525556,0.3115154897020743,0.2114641872502534,5,white,-0.6181237223488387,0.9774387094068526
0.146154187236571,2.444914734076629,-0.4527921197306684,0.7570083603722161,-0.7150198420994867,-1.0242323987601136,0.0428047336863063,5,white,-1.0005982586858375,1.3786080392718842
-0.6014153466401989,-0.0107733466474797,-0.1001048463826219,0.015075114926499,-0.590303671545913,-0.0892088768365817,-1.3064708948252637,5,white,-0.8177424501193198,-0.1421784510847969
0.8257628543972707,1.633759847683598,-0.3714027489580425,-0.0051594281311318,-1.1515264390369928,-1.3581693708756608,1.2234209086339305,6,white,0.3422533482946491,1.3692083597565778
0.0102324538044309,-0.9108219192205697,-0.4256623294731292,-1.418205018320914,0.1579933517755285,-1.2245945820294422,1.0547614550699849,5,white,-0.874503656507168,-0.06908676885862435
0.8937237211133408,-0.0996670328275381,-0.4256623294731292,-0.618940567545299,-1.3386006948673546,-1.0242323987601136,0.0428047336863063,6,white,-0.5372347605928809,2.014795568432907
-0.8052979467884089,-0.7441462576329604,-0.6427006515334628,-1.5227501574519131,0.7192161192666082,-0.3563584545290197,1.4764100889798504,6,white,-1.118249283237701,-1.0173777327651492
0.0781933205205009,-0.8997102084480624,1.2835144567520225,-1.3372668460905028,-0.2161551598851922,0.7122398562407312,0.8017722747240648,6,white,-0.9197092969298798,-1.1473427183415923
0.9616845878294108,-0.8330399438130187,-0.3442729587005004,-1.1011971770850335,-1.588033035974499,-0.5567206377983478,0.464453367596172,5,white,-0.9081537309647428,0.6747349541766566
-0.465493613208059,-0.5663588852728438,2.31444648653862,-0.618940567545299,-1.40095878014414,-0.6235080322214572,-0.547503353787505,4,white,-0.6107588861846927,-0.913968152390114
-0.0577284129116391,-0.5441354637278293,-0.5613112807608368,-1.7385852833997515,0.282709522329102,-0.0224214824134723,1.898058722889716,7,white,-0.5193309819014337,0.0011797672302916071
1.4374106548419008,-0.6552525714529022,1.2292548762369382,-1.5261225812948709,-1.8374653770816465,0.2447280952789648,1.982388449671689,5,white,1.1072024209686473,-0.9130308055799157
0.4179976541008508,1.7115418230911488,-0.6155708612759208,-0.227739401764847,-0.777377927376272,0.2447280952789648,1.982388449671689,6,white,-0.7673294564577818,-1.3748359317426728
0.146154187236571,-0.8774867869030477,-0.5341814905032947,-1.5632192435671377,-1.3386006948673546,0.9793894339331692,1.2234209086339305,6,white,-1.1035817289342333,0.446535454241262
-0.2616110130598489,-0.2996778267326691,-0.3171431684429583,-1.091079905556237,-0.0290809040548305,-1.7588937374143172,0.5487830943781448,6,white,-1.6278971632160293,1.5304285902920813
0.553919387532991,-0.533023752955322,-0.4256623294731292,-1.8127786079443236,-0.7150198420994867,-0.9574450043370044,2.3197073567995816,7,white,-0.3890456499217736,-0.15299070366873205
-0.1256892796277091,-0.5663588852728438,-0.2900133781854162,-0.5987060244877055,0.7192161192666082,-0.2227836656828007,-0.547503353787505,6,white,-1.417739492918247,0.4519415805332296
0.3500367873847808,0.7003761427929861,-0.0458452658675378,0.4467453668221753,-0.7150198420994867,-0.0892088768365817,-0.8848222609153978,6,white,-0.5340606542297257,1.8425320250375843
0.6898411209651306,0.5003653488878551,-0.0729750561250798,0.3455726515341332,-0.6526617568226984,-0.2895710601059102,-0.9691519876973708,6,white,-0.5340606542297257,2.18048457845018
-0.397532746491989,-0.8774867869030477,-0.2628835879278742,-0.9966520379540345,1.5922293131416234,0.4450902785482933,0.3801236408141991,7,white,-1.1498039927947803,0.5360765756192214
1.7092541217061803,0.3448013980727531,-0.0187154756099985,0.3185932607906628,-1.6503911212512872,-0.6902954266445667,-0.9691519876973708,6,white,-1.1760892310882094,1.6371254373561417
0.3500367873847808,0.4336950842528115,-0.5070517002457526,-0.8347756934931372,-1.5256749506977136,1.9144129558567,0.8017722747240648,6,white,-0.7862498585870645,-0.20915772048468795
0.0102324538044309,2.100451700128904,-0.5070517002457526,-0.1400563818485213,-0.5279455862691249,-1.2913819764525514,1.6450695425437962,5,white,-0.4195216180161931,-1.3919916574287736
-0.1936501463437792,1.5004193184135106,-0.5884410710183786,-0.3019327263094187,-0.2785132451619777,-1.2913819764525514,1.1390911818519576,6,white,-1.1498039927947803,-0.6218455894679691
0.146154187236571,-0.455241777547771,-0.0729750561250798,-0.3896157462257069,0.2203514370523139,-0.4231458489521292,-0.1258547198776393,6,white,-0.7252979223982253,0.01575451276168176
0.4859585208169208,0.2114608688026658,-0.5884410710183786,-1.1146868724567502,-0.7150198420994867,-1.3581693708756608,1.6450695425437962,6,white,-0.6906312245028146,0.8895412213734056
0.2141150539526407,-0.0996670328275381,-0.4799219099882105,-0.8010514550637897,-0.2785132451619777,-0.8906576099138948,0.3801236408141991,7,white,-0.9165351905667244,0.9245589592799216
-0.1936501463437792,-0.5663588852728438,0.0626738951626302,-0.4233399846550542,-0.8397360126530602,-1.0910197931832233,-0.6318330805694778,5,white,-0.10536385403217967,0.2876651435845849
-0.5334544799241291,-0.3885715129127274,-0.6155708612759208,-1.424949866006791,-0.777377927376272,-0.8906576099138948,1.4764100889798504,7,white,-0.3470141158622171,-0.22936965258392966
0.6898411209651306,-0.8997102084480624,-0.5613112807608368,-1.259701097702974,-0.2785132451619777,-0.0892088768365817,0.3801236408141991,6,white,-1.2107559289836194,-0.05498724958566417
0.6898411209651306,-0.8774867869030477,-0.5613112807608368,-1.964537680876424,-0.777377927376272,-0.4899332433752383,1.729399269325769,7,white,-0.9438370522979893,-0.4521630262273569
0.2141150539526407,-0.810816522268004,-0.5613112807608368,-1.1281765678285045,0.5321418634362493,0.5786650673945123,0.8861020015060377,6,white,-0.3428233860612263,0.4115177163347461
0.2820759206687107,0.7781581182005374,-0.9953879248815094,-1.0371211240692588,-0.2161551598851922,-2.092830709529865,2.4040370835815548,7,white,-0.8398369586117577,-0.7487543686312712
0.6218802542490606,0.3670248196177678,-0.6155708612759208,-0.7032511636186674,-0.2785132451619777,-0.4899332433752383,0.8017722747240648,6,white,-0.744218324527508,0.379556184841371
1.1655671879776206,-0.2774544051876546,-0.5341814905032947,-1.138293839357301,-1.1515264390369928,-1.0242323987601136,0.8861020015060377,6,white,-0.051776754007486124,0.9440646048448491
0.3500367873847808,-0.1218904543725526,-0.4799219099882105,-0.8212859981214207,-0.2785132451619777,-0.8906576099138948,0.464453367596172,7,white,-0.8324721224476115,0.845123803951583
0.8937237211133408,-0.1885607190075962,-0.3714027489580425,-0.983162342582318,-1.0268102684834193,0.0443659120096371,0.6331128211601191,6,white,-1.1760892310882094,1.0827229834022845
0.3500367873847808,1.3893022106884378,-0.3714027489580425,0.6018768635971957,-0.9020940979298456,-0.0224214824134723,-0.547503353787505,6,white,-0.7137423564330883,2.082481124367112
0.3500367873847808,0.100343761077593,-0.8597389735937991,-1.252956250017097,-1.0268102684834193,-1.3581693708756608,1.729399269325769,8,white,-0.4153308882152024,-0.07519918168490597
-1.077141413652689,-0.1885607190075962,-0.7512198125636337,-1.360873812991016,0.4697837781594611,-1.1578071876063327,1.0547614550699849,8,white,-1.2117725524214555,0.10082685465787188
0.553919387532991,-0.6330291499078875,-0.3985325392155843,-0.9325759849382594,-1.213884524313781,-0.2227836656828007,0.717442547942092,5,white,0.08904752049947494,2.0340701537219505
-0.0577284129116391,2.100451700128904,-0.3171431684429583,1.3707894997864207,-0.777377927376272,-0.2227836656828007,-1.1378114412613178,6,white,-0.5487903265580174,1.3386594013318311
0.0102324538044309,-0.7885931007229895,-0.724090022306089,-1.7891716410437726,-0.0914389893316186,-0.7570828210676762,2.0667181764536617,5,white,-0.5918384840554098,-0.403045769047881
0.0102324538044309,3.0449471157920227,-0.2628835879278742,1.8901427715984227,-0.777377927376272,-0.2227836656828007,-1.0534817144793436,7,white,-0.44161612650863136,1.0606363576826463
-0.0577284129116391,-0.3219012482776837,-0.724090022306089,-1.4418119852214648,-0.0290809040548305,0.5786650673945123,1.729399269325769,8,white,-0.736853488363362,-0.03853781043387764
-1.3489848805169689,-0.810816522268004,-0.5884410710183786,-0.3221672693670121,0.7192161192666082,-0.6235080322214572,-0.800492534133425,6,white,-1.1424391566306344,2.8453463724155528
-0.6014153466401989,0.0114500748975346,-0.4256623294731292,0.7907325988015634,1.2180808014809026,-0.6235080322214572,-2.1497681626449947,3,white,-2.1584986921993115,1.8831869495119515
0.0102324538044309,1.2115148383283212,-0.724090022306089,-0.156918501063195,-0.7150198420994867,-0.7570828210676762,1.0547614550699849,6,white,0.036477043912617226,0.04395355130760186
-0.8052979467884089,-0.6774759929979167,-0.3714027489580425,-0.7673272166344424,-0.0914389893316186,-0.9574450043370044,-0.2945141734415865,6,white,-1.2380577907148844,0.8528798501223773
0.2820759206687107,-0.5441354637278293,-0.154364426897706,-1.202369892373076,0.5944999487130347,-0.0224214824134723,1.8137289961077416,6,white,0.09323825030046602,-0.012213465508354098
0.2820759206687107,0.9226103582431318,0.1169334756777144,1.0335471154929097,0.5321418634362493,0.1779407008558561,-0.9691519876973708,5,white,-0.17888797962399147,1.719385738821737
-0.1936501463437792,-0.7219228360879458,-0.3442729587005004,-0.969672647210564,-0.777377927376272,-1.0242323987601136,-0.2945141734415865,5,white,-1.2527874630431761,-0.34781609904212335
0.146154187236571,0.1447906041676221,-0.3442729587005004,-0.9089690180377088,0.3450676076058875,0.4450902785482933,1.2234209086339305,7,white,-0.4846642840060232,-0.40845189533984855
0.0102324538044309,-0.5885823068178585,-0.3171431684429583,-1.0742177863415634,-0.9020940979298456,0.4450902785482933,0.6331128211601191,7,white,-0.3691086243546551,-0.21691376665548215
0.0102324538044309,-0.6996994145429313,-0.5070517002457526,-1.2799356407606048,0.5944999487130347,-0.0224214824134723,1.0547614550699849,7,white,-0.9165351905667244,0.4441855343624353
-0.0577284129116391,-0.810816522268004,-0.4799219099882105,-0.8786172034513187,1.4051550573112643,0.3783028841251838,0.2957939140322263,5,white,-1.119328024700361,0.5812002795753581
-2.028593547677669,-0.9219336299930768,-0.3714027489580425,-0.7673272166344424,-0.5279455862691249,-0.4231458489521292,-0.6318330805694778,4,white,0.18784026094687986,-0.11021691959142192
-0.1256892796277091,-0.0996670328275381,0.0898036854201723,-1.0506108194410126,0.0332771812219549,-0.2895710601059102,1.392080362197876,8,white,-0.8093609905173382,0.4557040734806847
-0.465493613208059,-0.810816522268004,0.0084143146475463,-1.2226044354307068,0.0332771812219549,-0.6235080322214572,0.464453367596172,7,white,-1.2107559289836194,-0.22325723975764802
0.0102324538044309,-0.810816522268004,0.2254526367078827,-1.0775902101844832,-1.0268102684834193,-0.4231458489521292,0.717442547942092,6,white,-0.6748849287366867,0.0430162044974035
-0.1256892796277091,-0.6108057283628731,-0.154364426897706,-1.6509022634834634,-0.590303671545913,-0.0892088768365817,1.898058722889716,6,white,-0.4846642840060232,-0.23806304556492225
0.2820759206687107,-0.6108057283628731,-0.4799219099882105,-0.7572099451056457,-0.9644521832066338,0.9126020395100596,-0.3788439002235593,7,white,-1.2181207651477657,0.6505294688540758
-1.2130631470848288,-0.1441138759175671,3.453897677355386,-0.1940151633354996,-1.8374653770816465,-0.5567206377983478,-0.9691519876973708,6,white,-0.9354555926960075,0.8683919424639656
-0.465493613208059,0.3003545549827242,-0.5884410710183786,-1.030376276383382,-1.96218154763522,-2.026043315106755,1.392080362197876,6,white,0.40320528448348886,0.17791209010738385
-0.0577284129116391,-0.4774651990927857,-0.2900133781854162,-1.091079905556237,-0.9644521832066338,0.7790272506638407,0.2957939140322263,7,white,-0.7862498585870645,0.4815531921477779
-0.0577284129116391,-0.4996886206378002,-0.2628835879278742,-1.1045696009279535,-1.0268102684834193,0.7122398562407312,0.2957939140322263,7,white,-0.7021867904679515,0.49400907807622546
0.6898411209651306,0.7003761427929861,-0.3442729587005004,0.3658071945917266,-0.5279455862691249,-0.3563584545290197,-0.9691519876973708,5,white,-0.5992033202195558,2.210096190064728
0.3500367873847808,-0.8997102084480624,-0.3714027489580425,-1.0978247532420766,-0.9020940979298456,-1.0242323987601136,0.717442547942092,5,white,-0.082252722101906,-1.2206654608436491
0.0781933205205009,-0.4774651990927857,-0.3442729587005004,-1.8802270848030556,-0.3408713304387659,-1.4249567652987702,1.982388449671689,8,white,-1.807578865419392,-0.8709633080369198
0.6218802542490606,0.4336950842528115,-0.2900133781854162,0.3523174992200102,-0.5279455862691249,-0.3563584545290197,-0.9691519876973708,5,white,-0.5992033202195558,2.145466840543664
0.2141150539526407,-0.7219228360879458,-0.4527921197306684,-1.66101953501226,-1.96218154763522,0.2447280952789648,1.2234209086339305,7,white,-0.9543759948252902,-0.4162079415106426
-0.2616110130598489,-0.7885931007229895,-0.3714027489580425,-0.3896157462257069,0.9686484603737554,0.1779407008558561,-0.3788439002235593,6,white,-0.3501882222253723,-0.4521630262273569
1.2335280546936906,0.5670356135228988,-0.2628835879278742,0.3995314330211115,-0.3408713304387659,-0.5567206377983478,-1.1378114412613178,5,white,-0.7788850224229185,1.8223200929383423
0.2141150539526407,-0.6108057283628731,-0.4799219099882105,-1.3406392699334226,0.7192161192666082,-0.6235080322214572,1.0547614550699849,6,white,-0.9280907565318617,0.4512352939989154
0.0102324538044309,0.8114932505180589,-0.7512198125636337,-1.0371211240692588,-1.40095878014414,-1.2913819764525514,1.4764100889798504,7,white,-0.32390298393194344,-0.07519918168490597
-0.2616110130598489,0.3670248196177678,-0.6698304417910048,-0.9494381041529332,-0.590303671545913,-1.4249567652987702,1.4764100889798504,6,white,-0.7673294564577818,-0.44816947300401777
0.146154187236571,-0.0107733466474797,-0.6698304417910048,-1.489025919022566,0.282709522329102,-1.1578071876063327,2.4883668103635275,7,white,-1.0121538246509745,-0.026081924505430103
-0.1256892796277091,-0.6996994145429313,-0.6427006515334628,-1.8262683033160767,0.4074256928826756,-0.7570828210676762,1.898058722889716,7,white,-0.7525997841294896,0.7828443743093453
-0.1936501463437792,-0.6774759929979167,-0.9411283443664252,-1.8599925417454248,-1.1515264390369928,0.0443659120096371,1.898058722889716,7,white,-1.1382484268296438,-0.10786699971259534
-0.1936501463437792,0.76704640742803,-0.5341814905032947,-0.1973875871784193,-2.024539632912008,-1.0242323987601136,0.3801236408141991,3,white,0.7331093442336301,4.901491791712932
-0.2616110130598489,1.678206690773627,-0.4799219099882105,0.2882414462042352,-0.153797074608404,-0.6902954266445667,0.0428047336863063,6,white,-0.41215678185204707,-0.31514828101443415
-0.3295718797759189,0.0336734964425493,-0.4799219099882105,-1.0944523293991568,-0.4032294157155512,-0.6235080322214572,1.5607398157618233,7,white,0.21095139287715378,-0.028431844384256732
-0.1936501463437792,-0.6552525714529022,-0.2357537976703321,-1.6778816542269337,-0.0290809040548305,-0.4899332433752383,1.982388449671689,7,white,-0.6759015521745229,0.46510375299599116
-0.1936501463437792,-0.8774867869030477,-0.2628835879278742,-0.9899071902681577,1.966377824802344,0.3783028841251838,0.464453367596172,7,white,-1.2990097269037235,1.9400602528622217
-0.2616110130598489,-0.8330399438130187,-0.6698304417910048,-1.9038340517035688,-0.9020940979298456,0.7122398562407312,1.982388449671689,7,white,-1.1424391566306344,-0.001170152648535049
0.0781933205205009,-0.8774867869030477,-0.3985325392155843,-1.489025919022566,-0.777377927376272,-1.0910197931832233,1.0547614550699849,7,white,-0.7915193298507152,-1.2610893250421324
0.4179976541008508,0.9226103582431318,0.0355441049050855,1.2797340560271753,0.0332771812219549,0.0443659120096371,-1.2221411680432908,6,white,0.05228545770356905,3.033828294686778
0.3500367873847808,-0.8552633653580332,-0.5613112807608368,-2.0252413100492417,-0.8397360126530602,-0.2895710601059102,1.8137289961077416,7,white,-1.4482154610126667,-0.9379425774368109
0.3500367873847808,-0.8774867869030477,-0.5613112807608368,-1.725095588028035,-0.4032294157155512,-0.3563584545290197,1.2234209086339305,6,white,-1.4482154610126667,-0.18730215504093378
0.0102324538044309,0.722599564338001,-0.3714027489580425,-0.632430262917053,0.095635266498743,-0.4231458489521292,0.5487830943781448,6,white,-0.966948184228263,-0.0354816040207367
0.2141150539526407,-0.7219228360879458,-0.3985325392155843,-1.657647111169303,-0.2161551598851922,1.4469011948949346,1.5607398157618233,7,white,-1.1035817289342333,-0.27378707000575225
-0.2616110130598489,-0.810816522268004,-0.2628835879278742,-0.9629277995246872,1.716945483695197,-0.2895710601059102,-0.1258547198776393,5,white,-1.6972305590068504,1.1356027335292154
0.2820759206687107,2.367132758669078,-0.1814942171552479,0.7637532080580931,-1.0268102684834193,0.0443659120096371,-0.1258547198776393,5,white,-0.07488788593775998,0.08202749562725857
0.0781933205205009,-0.1552255866900745,-0.4527921197306684,-1.7520749787715055,0.4074256928826756,-0.2227836656828007,1.8137289961077416,6,white,-1.0047889884868284,-1.0220775725228026
-0.1256892796277091,-0.7219228360879458,-0.4799219099882105,-1.546357124352464,1.5922293131416234,-0.0892088768365817,1.6450695425437962,7,white,-1.1655502885609081,-0.11491675934907518
-0.0577284129116391,-0.7663696791779749,-0.5341814905032947,-1.1922526208442792,-0.5279455862691249,-0.2227836656828007,1.2234209086339305,6,white,-0.7936146947512105,-0.7355921961685093
-0.1256892796277091,-0.6774759929979167,-0.2628835879278742,-1.0168865810116654,-0.4032294157155512,-0.1559962712596912,0.8861020015060377,6,white,-0.9007888948005968,-0.6406449484985826
-0.2616110130598489,-0.0107733466474797,-0.5884410710183786,-1.367618660676893,-0.6526617568226984,-1.0242323987601136,1.729399269325769,7,white,-0.6181237223488387,0.6232677771183541
-0.2616110130598489,-0.7219228360879458,-0.3985325392155843,-0.8415205411790141,-0.4655875009923394,-0.7570828210676762,-0.2945141734415865,5,white,-1.0615501948746768,2.0653253986810114
0.2820759206687107,-0.8330399438130187,-0.5613112807608368,-0.8482653888648911,1.2804388867576908,0.9793894339331692,-0.1258547198776393,7,white,-1.490246995072223,-1.305506742463955
-0.1936501463437792,-0.8997102084480624,-0.5070517002457526,-1.3271495745616686,0.4697837781594611,-0.7570828210676762,0.8017722747240648,5,white,-0.874503656507168,-0.3797776305354984
0.146154187236571,-0.810816522268004,-0.20862400741279,-1.2226044354307068,-1.2762426095905663,-0.2227836656828007,0.3801236408141991,6,white,-0.8398369586117577,0.21057990813507307
0.0781933205205009,0.6781527212479715,-0.2357537976703321,0.0622890487276003,-0.7150198420994867,-0.0892088768365817,-0.3788439002235593,6,white,-0.7557738904926447,1.3652148065332386
0.0102324538044309,0.7892698289730444,-0.2900133781854162,-0.0051594281311318,-0.9020940979298456,-0.0892088768365817,-0.0415249930956665,6,white,-0.7021867904679515,1.232899901077969
-0.2616110130598489,-0.2996778267326691,0.0626738951626302,-0.9325759849382594,0.0332771812219549,-0.8238702154907857,1.3077506354159032,7,white,-0.9049796246015878,0.4183364156953421
-0.6693762133562691,0.1447906041676221,-0.2628835879278742,-0.3828708985398674,-0.2785132451619777,0.1111533064327466,-0.547503353787505,6,white,-1.8863724622748543,0.8723854956873047
-0.465493613208059,-0.5996940175903657,-0.6155708612759208,-1.252956250017097,-1.0891683537602077,-0.8238702154907857,0.717442547942092,6,white,0.010253923644012545,-0.6171457497103159
-0.1936501463437792,1.91155261699628,-0.2357537976703321,1.114485287723321,-1.40095878014414,0.4450902785482933,-0.8848222609153978,6,white,-0.01812667954991131,1.8051643672522415
-0.2616110130598489,2.256015650944005,-0.2900133781854162,0.713166850414072,-0.3408713304387659,-0.9574450043370044,0.2957939140322263,6,white,-0.3197122541309524,-1.86531532270978
-0.3295718797759189,-0.0996670328275381,-0.1814942171552479,-0.1063321434191739,-0.9020940979298456,-0.4231458489521292,-0.8848222609153978,6,white,-0.5256791946277443,-0.4801310044973929
-0.0577284129116391,-0.8552633653580332,-0.2357537976703321,-1.53286742898071,0.5944999487130347,0.0443659120096371,1.729399269325769,6,white,-0.7294886521992159,-0.3026923950859865
0.0102324538044309,0.3559131088452605,0.0626738951626302,-0.6728993490322772,-0.2785132451619777,-0.7570828210676762,0.464453367596172,5,white,-0.736853488363362,0.03149766537915429
-0.2616110130598489,1.8893291954512652,-0.2357537976703321,1.1077404400374813,-1.40095878014414,0.4450902785482933,-0.8848222609153978,7,white,-0.1021897476690243,1.765446789588072
-0.5334544799241291,1.0559508875132193,0.0355441049050855,0.2241653931884602,-0.590303671545913,-0.1559962712596912,0.0428047336863063,6,white,-0.9123444607657338,2.2693194132938252
-0.5334544799241291,1.1670679952382923,0.0084143146475463,0.2207929693455404,-0.6526617568226984,-0.2227836656828007,0.0428047336863063,6,white,-0.965931560790427,2.2319517555084825
-0.7373370800723391,0.3670248196177678,-0.0458452658675378,-0.2344842494507239,-0.4655875009923394,-0.0892088768365817,0.2114641872502534,6,white,-1.1035817289342333,1.049117818564397
-0.3295718797759189,1.078174309058234,-0.2628835879278742,0.4804696052515227,0.7192161192666082,-0.2227836656828007,-0.547503353787505,6,white,-1.168724394924063,-0.3236106137195424
-0.2616110130598489,0.4781419273428406,0.0898036854201723,-0.3491466601104825,-0.9020940979298456,0.3783028841251838,0.6331128211601191,6,white,-0.5298699244287347,0.65828551502487
-0.2616110130598489,-0.8774867869030477,-0.6155708612759208,-1.994889495462814,-0.0290809040548305,-1.0242323987601136,1.729399269325769,6,white,-1.1729151247250542,0.3734437720150894
-0.2616110130598489,0.722599564338001,-0.6155708612759208,-1.0202590048545852,-1.6503911212512872,-0.9574450043370044,1.6450695425437962,6,white,-0.20936394771841096,-0.4535755992959853
-0.2616110130598489,1.3781904999159305,-0.6698304417910048,-0.7875617596920733,-1.2762426095905663,-1.0242323987601136,1.5607398157618233,6,white,-0.022317409350902283,-0.29940512839696165
-0.2616110130598489,1.7226535338636564,-0.5070517002457526,-0.09284244804742,0.5321418634362493,0.2447280952789648,1.0547614550699849,7,white,-1.31056529286886,0.18167458305483886
-0.6014153466401989,1.0226157551956976,-0.8326091833362572,-0.9629277995246872,-0.2785132451619777,-0.0224214824134723,1.392080362197876,6,white,-1.1277094843023425,-0.09940466700748686
-0.2616110130598489,1.678206690773627,-0.2357537976703321,0.3455726515341332,-0.2161551598851922,-1.0910197931832233,0.1271344604682791,6,white,-0.8282813926466209,1.2244375683728608
0.0781933205205009,1.5893130045935686,-0.6427006515334628,-0.3289121170528891,-0.3408713304387659,-0.7570828210676762,0.6331128211601191,7,white,-1.1729151247250542,-0.41315173509750186
1.1655671879776206,-0.8330399438130187,-0.6427006515334628,-1.2866804884464444,-1.0891683537602077,-0.0224214824134723,0.6331128211601191,7,white,-0.7515831606916541,-1.240877392942891
-0.397532746491989,-0.8774867869030477,-0.6427006515334628,-1.6846265019128108,-0.5279455862691249,-1.0242323987601136,0.8017722747240648,6,white,-1.2569781928441672,-0.2704998033167274
-0.397532746491989,-0.0552201897375089,-0.6427006515334628,-1.273190793074728,-1.5256749506977136,-0.2895710601059102,1.4764100889798504,7,white,-0.39958459244907496,-0.6350077619307308
-0.7373370800723391,-0.8774867869030477,-0.6698304417910048,-1.900461627860649,-1.588033035974499,-0.7570828210676762,1.392080362197876,6,white,-0.7294886521992159,-0.0004638661142207683
-0.465493613208059,-0.810816522268004,-0.6427006515334628,-2.224214316782406,-0.9020940979298456,-0.6902954266445667,2.235377630017608,6,white,-0.8786943863081591,-0.002813785993047368
-0.2616110130598489,-0.7441462576329604,-0.4256623294731292,-0.8314032696502174,-0.590303671545913,-0.5567206377983478,-0.2945141734415865,6,white,-1.0195186608151205,1.49611713891988
-0.2616110130598489,1.2337382598733355,-0.4799219099882105,-0.3322845408958089,-1.0891683537602077,0.1111533064327466,0.8017722747240648,7,white,-0.6370441244781214,0.11398902712063365
-0.397532746491989,0.1114554718501002,-0.154364426897706,-0.3963605939115838,1.529871227864838,-0.2227836656828007,0.3801236408141991,6,white,-1.6814842632407228,1.1426524931656954
-0.5334544799241291,-0.6552525714529022,-0.6155708612759208,-1.9274410186041195,-1.5256749506977136,-0.6902954266445667,2.235377630017608,7,white,-0.4384420201454756,0.8390113911253014
-0.7373370800723391,-0.7441462576329604,-0.3171431684429583,-0.3794984746969101,0.5944999487130347,-0.6235080322214572,-0.8848222609153978,5,white,-1.3525968269284165,1.331134415436921
-0.397532746491989,0.8781635151531028,-0.2628835879278742,0.8312016849167878,0.1579933517755285,-0.0224214824134723,-0.2945141734415865,6,white,-0.20834732428057537,0.5391327820323621
-0.465493613208059,-0.7219228360879458,-0.1814942171552479,-0.9426932564670936,-1.40095878014414,0.1111533064327466,0.717442547942092,6,white,0.11952348859389485,1.765446789588072
-0.3295718797759189,-0.0774436112825234,-0.724090022306089,-1.387853203734524,-0.4032294157155512,-0.7570828210676762,1.6450695425437962,8,white,-0.8671388203430221,1.3536962674149893
1.1655671879776206,1.3893022106884378,-0.2900133781854162,1.3033410229276885,-1.3386006948673546,-0.6902954266445667,-1.1378114412613178,5,white,0.2729199525038282,3.5938679352084866
0.146154187236571,-0.3219012482776837,-0.4527921197306684,-1.1551559585719746,0.3450676076058875,-0.3563584545290197,1.3077506354159032,7,white,-0.6527904202442489,0.044659837841916045
0.2141150539526407,0.411471662707797,-0.3171431684429583,-0.4165951369692147,-0.777377927376272,-0.6235080322214572,0.1271344604682791,7,white,-0.8167258266814839,0.9682700901674299
0.0102324538044309,-0.0329967681924942,-0.2900133781854162,-0.4638090707702786,0.9686484603737554,0.1111533064327466,0.5487830943781448,6,white,-0.9585667246262809,1.3146849762851343
-0.1256892796277091,0.4225833734803042,-0.3442729587005004,0.0218199626123759,0.1579933517755285,0.1779407008558561,0.0428047336863063,6,white,-0.7021867904679515,1.2834297313260732
-0.0577284129116391,-0.6996994145429313,-0.5341814905032947,-1.5294950051377902,-1.0268102684834193,-0.5567206377983478,1.0547614550699849,6,white,-0.5382513840307164,0.30552715580500006
0.2141150539526407,-0.7219228360879458,1.0664761346916862,-1.475536223650812,-1.7127492065280725,0.0443659120096371,1.729399269325769,6,white,1.0420597549788178,-0.7440545288736178
-0.1256892796277091,1.3893022106884378,-0.8326091833362572,-0.2446015209795206,-0.590303671545913,0.1111533064327466,1.898058722889716,7,white,-0.7673294564577818,-1.2183155409648223
-0.1256892796277091,0.7003761427929861,-0.8326091833362572,-1.0438659717551355,-1.40095878014414,-1.0910197931832233,1.4764100889798504,6,white,-0.39641048608591944,0.17086233047090385
-0.1256892796277091,0.722599564338001,-0.8326091833362572,-1.0607280909698094,-1.4633168654209254,-1.0242323987601136,1.4764100889798504,8,white,-0.4384420201454756,0.26275337172768987
-0.397532746491989,1.000392333650683,-0.5613112807608368,-0.8887344749801154,-1.5256749506977136,-1.0910197931832233,1.5607398157618233,6,white,-0.12530087959929795,-0.09071127402649441
-0.1256892796277091,0.7448229858830154,-0.724090022306089,-0.8819896272942385,-1.8374653770816465,-0.7570828210676762,1.4764100889798504,6,white,0.15101608012615012,0.2082299882562464
0.8937237211133408,0.611482456612928,-0.2357537976703321,0.4130211283928279,-0.153797074608404,-0.0224214824134723,-1.2221411680432908,5,white,-0.7788850224229185,1.792708481323794
0.9616845878294108,0.611482456612928,-0.2628835879278742,0.4265108237645819,-0.153797074608404,0.0443659120096371,-1.2221411680432908,5,white,-0.6832663883386688,1.6089263988102216
-0.2616110130598489,1.1448445736932773,-0.6698304417910048,0.1904411547591128,-0.777377927376272,-0.4231458489521292,0.0428047336863063,6,white,-0.1284749859624531,0.8124559859238938
-0.1936501463437792,0.100343761077593,-0.3985325392155843,-0.5042781568855029,-0.2161551598851922,-0.4231458489521292,-0.2101844466596121,6,white,-1.1382484268296438,1.4874237459388873
0.0102324538044309,0.611482456612928,-0.127234636640164,0.6861874596705642,1.0310065456505435,0.7790272506638407,-0.8848222609153978,5,white,-0.65698115004524,1.7304290516815564
0.0781933205205009,0.5225887704328698,-0.5341814905032947,-0.6256854152311759,0.1579933517755285,-0.2895710601059102,0.464453367596172,6,white,-0.966948184228263,-0.43806350695439694
-0.941219680220549,-0.3885715129127274,-0.0729750561250798,-0.2075048587072161,-0.6526617568226984,-0.1559962712596912,0.2114641872502534,6,white,0.7468223931240865,-0.11820402603810028
-0.1256892796277091,-0.0107733466474797,-0.7783496028211758,-0.7133684351475016,-1.7751072918048607,-0.4231458489521292,0.5487830943781448,5,white,0.20142907378768868,0.23079184023431482
-0.465493613208059,-0.0107733466474797,-0.8868687638513413,-0.6863890444039937,-2.211613888742367,-0.2895710601059102,0.717442547942092,5,white,0.5376813462641403,0.6841346336919635
-0.2616110130598489,-0.8330399438130187,-0.6155708612759208,-1.2192320115877495,-0.0914389893316186,-0.0892088768365817,0.5487830943781448,6,white,-1.4482154610126667,-1.0860006355095528
0.0102324538044309,-0.8552633653580332,-0.5341814905032947,-1.0674729386556865,-0.2161551598851922,-0.2227836656828007,-0.2945141734415865,6,white,-1.574310063191336,-0.5760155989775181
-0.1256892796277091,1.078174309058234,-0.4256623294731292,0.6356011020265431,-0.6526617568226984,-0.2895710601059102,-0.2945141734415865,6,white,-0.16314168385786373,2.2794253793434462
0.2141150539526407,-0.966380473083106,-0.154364426897706,-0.9899071902681577,0.90629037509697,-0.6902954266445667,0.3801236408141991,3,white,-1.023709390616111,-0.2784869097634056
0.2141150539526407,-0.0996670328275381,-0.6698304417910048,0.015075114926499,-0.4655875009923394,-0.5567206377983478,0.8017722747240648,7,white,0.7173630484675027,0.5001214909025071
-1.0091805469366188,0.1225671826226075,-0.5613112807608368,-0.2715809117229911,-1.0891683537602077,0.2447280952789648,-0.6318330805694778,6,white,-1.5091673972015058,0.4371357747259553
-0.1936501463437792,0.9892806228781756,-0.3985325392155843,0.4467453668221753,-0.7150198420994867,-0.1559962712596912,-0.3788439002235593,6,white,-0.6601552564083952,1.5654463281985973
1.0976063212615506,2.1671219647639477,-0.1814942171552479,1.647328254907077,-1.7127492065280725,1.4469011948949346,-1.475130348389209,6,white,-0.8398369586117577,1.0458305518753723
-0.1256892796277091,-0.6552525714529022,-0.696960232048547,-1.6981161972845271,1.0310065456505435,-0.6902954266445667,1.8137289961077416,7,white,-0.7830757522239096,1.401876177784267
0.553919387532991,1.4559724753234813,-0.6698304417910048,0.5951320159113187,-0.777377927376272,-0.1559962712596912,-0.6318330805694778,6,white,0.10060308646461198,1.4016451175083828
-0.1256892796277091,-0.8552633653580332,-0.724090022306089,-1.7992889125726068,-0.4032294157155512,0.4450902785482933,1.982388449671689,4,white,0.96751900594917,-0.9527483832440851
1.1655671879776206,3.356075017422226,0.0898036854201723,2.5039239110125897,-1.3386006948673546,-0.6235080322214572,-1.7281195287351292,5,white,-0.06333231997262316,0.38331867778882617
-0.2616110130598489,-0.0774436112825234,0.0626738951626302,-1.4080877467921171,0.095635266498743,0.1779407008558561,1.8137289961077416,8,white,-0.7179330862340794,-0.49329317696015457
-0.2616110130598489,-0.1663372974625817,-0.8326091833362572,-1.8667373894313013,-1.5256749506977136,0.7122398562407312,2.1510479032356344,8,white,-0.8135517203183287,-0.43265738066242937
0.4859585208169208,2.100451700128904,-0.154364426897706,1.6641903741217503,0.7815742045433964,1.6472633781642632,-1.2221411680432908,5,white,-0.7515831606916541,1.2352498209567955
-0.3295718797759189,-0.0329967681924942,-0.6155708612759208,-0.9899071902681577,0.8439322898201819,1.1797516172024969,1.6450695425437962,6,white,-0.5382513840307164,-0.3797776305354984
0.553919387532991,2.111563410901411,-0.2628835879278742,1.6574455264358734,0.7192161192666082,1.6472633781642632,-1.2221411680432908,6,white,-0.7936146947512105,1.1955322432926265
-0.397532746491989,1.1115094413757558,-0.4799219099882105,-0.2648360640371141,0.6568580339898229,-0.2227836656828007,0.5487830943781448,6,white,-1.196026256655328,1.90574880149002
0.4859585208169208,2.2671273617165126,-0.2628835879278742,1.6608179502788305,0.7192161192666082,1.5804759837411535,-1.2221411680432908,6,white,-0.7515831606916541,1.141008859821183
-0.1936501463437792,-0.4219066452302492,-0.3442729587005004,-1.013514157168708,0.095635266498743,-1.2245945820294422,0.8017722747240648,5,white,0.08587341413631973,0.47144722609815704
-0.3295718797759189,-0.8330399438130187,-0.5341814905032947,-2.0893173630650166,-1.0891683537602077,0.3783028841251838,1.982388449671689,7,white,-0.91863055546722,-0.3515785919895783
-0.1936501463437792,0.0336734964425493,0.5238803295408452,-1.0641005148127292,-1.7127492065280725,-0.9574450043370044,1.6450695425437962,6,white,0.5103794845328751,-0.7137366307247552
-0.2616110130598489,-0.8774867869030477,-0.6155708612759208,-1.772309521829099,0.1579933517755285,-1.3581693708756608,1.4764100889798504,6,white,-0.820916556482475,-0.5478165604315981
-0.6014153466401989,0.4559185057978259,-0.4256623294731292,-0.6998787397757477,-0.777377927376272,2.1147751391260288,0.717442547942092,6,white,-0.6065681563837017,-0.6117396234183483
-0.6693762133562691,0.8337166720630738,-0.127234636640164,0.4130211283928279,-0.0290809040548305,-0.5567206377983478,-0.9691519876973708,5,white,-0.041237811480184926,-0.25357513790651054
0.8257628543972707,2.989388561929486,0.0084143146475463,1.694542188708178,-0.7150198420994867,-0.0224214824134723,-1.2221411680432908,5,white,-0.4615531520757496,2.7574488843821054
0.0102324538044309,-0.810816522268004,-0.4527921197306684,-1.4418119852214648,-0.4032294157155512,0.8458146450869501,1.2234209086339305,5,white,-0.9543759948252902,0.09612701490021863
-0.2616110130598489,-0.8552633653580332,-0.4527921197306684,-0.9426932564670936,-0.2785132451619777,-0.0224214824134723,0.464453367596172,5,white,-0.45736242227475893,-0.0004638661142207683
-0.3295718797759189,-0.0107733466474797,-0.5884410710183786,-1.3338944222475455,-0.777377927376272,-1.3581693708756608,1.0547614550699849,7,white,-1.016344554451965,-0.8500450894033639
-0.6693762133562691,-0.7663696791779749,-0.3985325392155843,-1.360873812991016,0.095635266498743,-1.4249567652987702,0.717442547942092,6,white,-1.4251043290823928,0.13584459256438786
0.8257628543972707,3.0449471157920227,0.0084143146475463,1.694542188708178,-0.7150198420994867,-0.0224214824134723,-1.2221411680432908,5,white,-0.4615531520757496,2.7574488843821054
0.0102324538044309,0.2114608688026658,-0.6427006515334628,-0.8819896272942385,-0.2161551598851922,1.1797516172024969,1.3077506354159032,8,white,-1.1456132629937898,1.3233783692661265
-0.1256892796277091,0.9670572013331612,0.0084143146475463,0.3388278038482563,-0.4655875009923394,-0.6235080322214572,-0.1258547198776393,6,white,0.02809558431063586,0.9532332240842717
-0.1936501463437792,1.0337274659682043,-0.3442729587005004,0.2781241746754385,-0.6526617568226984,-1.1578071876063327,-1.1378114412613178,6,white,-1.3830727950228365,-0.08295522785570028
-0.1936501463437792,-0.0663319005100162,-0.6155708612759208,-1.3406392699334226,0.4074256928826756,-0.4899332433752383,2.0667181764536617,7,white,0.2529829269367101,0.2065863549117339
-0.1936501463437792,0.0670086287600711,-0.7512198125636337,-1.1517835347290548,-1.8374653770816465,-0.6902954266445667,0.8017722747240648,7,white,-0.8934240586364512,0.4138676362135728
1.0976063212615506,0.3892482411627823,-0.2628835879278742,0.547918082110255,0.0332771812219549,1.1129642227793872,-0.4631736270055321,5,white,-0.01711005611207591,-0.4288948877149745
-0.1256892796277091,0.411471662707797,-0.5070517002457526,-0.632430262917053,0.1579933517755285,-0.2895710601059102,0.464453367596172,6,white,-0.88288511610915,-0.5922339778534207
-2.164515281109809,-0.810816522268004,-0.6427006515334628,-1.806033760258484,0.2203514370523139,-1.2245945820294422,1.5607398157618233,5,white,0.06491976513136587,0.3071707891495125
-0.5334544799241291,-0.9219336299930768,-0.696960232048547,-1.779054369514976,-2.024539632912008,-1.0242323987601136,1.392080362197876,6,white,-0.4342512903444852,-0.3912961696537476
-1.2810240138008988,-0.8552633653580332,-0.3985325392155843,-1.145038687043178,-1.0268102684834193,-0.0892088768365817,0.0428047336863063,5,white,-0.45837904571259447,1.9111549277819873
-0.0577284129116391,-0.8330399438130187,-0.5341814905032947,-1.1248041439855845,1.1557227162041173,-0.8238702154907857,0.464453367596172,7,white,-1.6026906663852605,1.3762581193930576
-0.8052979467884089,-0.5441354637278293,-0.8054793930787151,-1.7453301310856284,0.8439322898201819,1.6472633781642632,2.82568571749142,7,white,-0.8597739841788763,-0.40703932227122014
-0.2616110130598489,1.5448661615035395,-0.0187154756099985,1.269616784498341,-1.4633168654209254,-1.5585315541449891,-1.1378114412613178,6,white,-0.31552152432996206,1.8676748571703632
0.553919387532991,1.0670625982857265,-0.0458452658675378,0.2646344793036845,-1.5256749506977136,0.1779407008558561,-0.0415249930956665,6,white,-0.8703129267061773,0.29706482309989163
-0.1256892796277091,-0.2663426944151472,-0.3985325392155843,-0.8921068988230352,-1.1515264390369928,0.3783028841251838,0.6331128211601191,8,white,-0.7137423564330883,3.785637124168737
0.146154187236571,-0.6774759929979167,-0.4527921197306684,-1.5294950051377902,0.095635266498743,-0.5567206377983478,1.982388449671689,6,white,-0.9543759948252902,0.2775591775349641
-0.0577284129116391,-0.7663696791779749,-0.5884410710183786,-1.8195234556302,0.2203514370523139,-0.9574450043370044,1.982388449671689,7,white,-0.7294886521992159,0.29471490322106497
0.6218802542490606,0.611482456612928,-0.2900133781854162,0.2814965985183582,-0.6526617568226984,-0.1559962712596912,-0.800492534133425,5,white,-0.39641048608591944,1.5809584205401859
0.146154187236571,-0.6996994145429313,-0.4527921197306684,-1.5294950051377902,0.1579933517755285,-0.5567206377983478,1.982388449671689,6,white,-0.8703129267061773,0.3593442527421293
-0.3295718797759189,1.1670679952382923,-0.2628835879278742,0.9728434863200542,-1.1515264390369928,-0.5567206377983478,-1.475130348389209,5,white,-0.7673294564577818,2.258276100434006
0.2820759206687107,-0.8774867869030477,-0.696960232048547,-1.9206961709182424,0.0332771812219549,-1.2913819764525514,2.235377630017608,8,white,-1.1035817289342333,-0.38354012348295347
0.2820759206687107,-0.6774759929979167,-0.3171431684429583,-0.5717266337442352,0.4697837781594611,0.3783028841251838,-0.0415249930956665,6,white,-1.0499946289095397,-0.029369191194455063
-0.3295718797759189,-0.2330075620976254,-0.5070517002457526,-1.4418119852214648,-0.153797074608404,0.4450902785482933,1.729399269325769,8,white,-0.5687273521251361,0.06345919687252928
-0.873258813504479,-0.8774867869030477,0.1983228464503406,-0.5278851237860536,-1.0891683537602077,-0.2227836656828007,-0.8848222609153978,6,white,-0.9049796246015878,1.1945948964824284
0.8937237211133408,1.1892914167833066,0.0898036854201723,0.8682983471890924,0.5321418634362493,0.1779407008558561,-0.6318330805694778,6,white,-0.4772994478418773,0.5513576076849256
-0.5334544799241291,0.2336842903476803,-0.6698304417910048,-1.7520749787715055,-1.1515264390369928,-1.8256811318374264,2.4040370835815548,8,white,-0.43526791378232077,-0.7884719462954404
-0.5334544799241291,-0.7219228360879458,-0.5341814905032947,-1.091079905556237,-1.0891683537602077,-0.6235080322214572,1.0547614550699849,7,white,0.06276228220604603,0.8030563064085872
-0.2616110130598489,-0.0774436112825234,-0.4799219099882105,-1.6509022634834634,-0.0290809040548305,0.2447280952789648,2.1510479032356344,7,white,-0.8061868841541826,-0.09306119390532104
-0.1256892796277091,-0.8774867869030477,-0.2628835879278742,-0.855010236550768,0.2203514370523139,-0.5567206377983478,-0.1258547198776393,5,white,-1.2800893247744407,0.4472417407755761
-0.3295718797759189,0.3003545549827242,-0.6427006515334628,-1.718350740342158,-0.0290809040548305,-1.7588937374143172,2.4040370835815548,8,white,-0.5277124415034151,-0.5494601937761106
-0.397532746491989,0.689264432020479,-0.5884410710183786,-1.424949866006791,-1.0268102684834193,-1.7588937374143172,2.0667181764536617,7,white,-0.5308865478665709,-0.9621480627593917
0.0102324538044309,-0.0552201897375089,-0.0187154756099985,-0.2041324348642963,-0.7150198420994867,-0.0892088768365817,-0.2945141734415865,7,white,-0.4111401584142116,0.3421885270560285
0.0781933205205009,-0.8552633653580332,-0.4799219099882105,-1.3945980514204008,-0.9644521832066338,-0.9574450043370044,0.9704317282880104,6,white,-0.4384420201454756,-0.7581540481465778
-0.8052979467884089,-0.810816522268004,-0.5613112807608368,-1.2327217069595036,-1.213884524313781,-0.4899332433752383,0.9704317282880104,6,white,-0.29241039239968825,-0.5875341380957674
-0.0577284129116391,0.5225887704328698,-0.4256623294731292,-0.6728993490322772,-1.1515264390369928,-0.4231458489521292,0.717442547942092,8,white,-0.5456162201948622,-1.327362307907709
0.8257628543972707,-0.8997102084480624,0.0084143146475463,-0.9966520379540345,-0.8397360126530602,-1.4249567652987702,0.5487830943781448,6,white,-0.18523619235030167,-0.2784869097634056
-0.3295718797759189,2.3226859155790494,-0.5613112807608368,-0.1535460772202752,-0.2161551598851922,-0.6235080322214572,2.0667181764536617,7,white,-0.9207259203677154,0.2860215102400724
0.2820759206687107,0.7448229858830154,-0.3985325392155843,0.06566147257052,0.7192161192666082,-0.0892088768365817,0.2957939140322263,6,white,-0.7137423564330883,0.5859001193330114
-0.2616110130598489,-0.5885823068178585,-0.3985325392155843,-1.5362398528236674,-0.5279455862691249,-1.0910197931832233,0.8861020015060377,7,white,-1.0121538246509745,0.1654562041789363
-0.2616110130598489,-0.2441192728701326,-0.5070517002457526,-1.0371211240692588,0.4697837781594611,0.0443659120096371,0.6331128211601191,7,white,-1.0888520566059414,1.4775488401651502
4.631571390497189,3.311628174332197,-0.6698304417910048,0.9728434863200542,0.4074256928826756,-0.2227836656828007,1.2234209086339305,6,white,0.620727790945417,1.0965914423993603
0.2820759206687107,-0.6774759929979167,-0.127234636640164,-0.6088232960165022,0.9686484603737554,-0.0224214824134723,-0.0415249930956665,6,white,-0.6223144521498294,-0.1431157978949953
-0.1256892796277091,-0.455241777547771,-0.5613112807608368,-1.79254406488673,0.5321418634362493,-0.8906576099138948,2.1510479032356344,7,white,-0.65698115004524,0.12174507329142784
0.8937237211133408,2.0560048570388747,-0.0729750561250798,1.4011413143728109,-0.5279455862691249,0.2447280952789648,-1.2221411680432908,5,white,-0.503584686135306,0.8317305712129373
-0.0577284129116391,-0.1885607190075962,-0.4527921197306684,-1.66439195885518,-0.2785132451619777,-0.3563584545290197,2.4040370835815548,7,white,-0.22828434984769347,-0.6218455894679691
0.146154187236571,-0.810816522268004,-0.7512198125636337,-1.1652732301008089,0.6568580339898229,0.7122398562407312,0.8017722747240648,7,white,-1.1571688289589264,0.1941304689832864
0.0102324538044309,-0.455241777547771,-0.696960232048547,-1.0775902101844832,0.9686484603737554,0.9793894339331692,0.5487830943781448,7,white,-1.2569781928441672,-0.1118605529359344
-0.2616110130598489,-0.0329967681924942,-0.3985325392155843,-0.2311118256077667,0.8439322898201819,0.2447280952789648,0.2957939140322263,6,white,0.09323825030046602,0.15041933809577795
-0.2616110130598489,-0.5885823068178585,-0.5613112807608368,-1.7453301310856284,-0.2161551598851922,-0.6235080322214572,2.4883668103635275,7,white,0.004984452380361938,0.2082299882562464
-0.465493613208059,1.25596168141835,-0.2900133781854162,0.5141938436808701,-0.3408713304387659,0.1111533064327466,-0.547503353787505,6,white,-0.790440588388055,2.2366515952661357
-0.5334544799241291,1.322631946053394,-0.4256623294731292,0.1836963070732359,-1.5256749506977136,0.1779407008558561,-0.0415249930956665,6,white,-0.6370441244781214,2.444639163102289
-0.2616110130598489,-0.810816522268004,-0.2900133781854162,-1.4013428991062404,-0.2785132451619777,-0.1559962712596912,0.9704317282880104,7,white,-1.031074226780257,-0.6194956695891425
-0.0577284129116391,-0.8552633653580332,-0.3714027489580425,-0.9966520379540345,1.6545873984184116,0.9793894339331692,0.3801236408141991,6,white,-1.054185358710531,0.034553871792295174
-0.2616110130598489,1.7448769554086707,-0.6698304417910048,-0.4503193753985621,-1.4633168654209254,-0.6902954266445667,2.0667181764536617,6,white,0.39164971851835206,-1.3132627886347494
-0.6014153466401989,1.278185102963365,-0.724090022306089,-0.976417494896441,-1.8374653770816465,-0.8238702154907857,2.5726965371455,6,white,0.41057012064763476,-0.3189107739618891
0.0781933205205009,-0.8330399438130187,-0.696960232048547,-1.5733365150959344,-0.9020940979298456,0.5786650673945123,1.4764100889798504,7,white,-0.8703129267061773,-0.656863327374485
0.146154187236571,-0.6774759929979167,-0.3442729587005004,-1.7082334688133614,0.1579933517755285,-0.0224214824134723,2.3197073567995816,7,white,-0.06752304977361367,1.9384166195177088
-0.1936501463437792,-0.7219228360879458,-0.5613112807608368,-2.1399037207090377,-0.9020940979298456,-0.7570828210676762,2.6570262639274733,7,white,-0.5571717861599996,0.1654562041789363
0.6218802542490606,-0.8552633653580332,-0.1814942171552479,-1.080962634027403,-0.2161551598851922,-0.0892088768365817,0.464453367596172,5,white,-0.453171692473768,0.0500659641338835
2.0490584552865303,0.5448121919778843,-0.5070517002457526,-1.0472383955980555,0.0332771812219549,-0.6902954266445667,2.4040370835815548,7,white,-0.22828434984769347,0.8568734033457164
-1.145102280368759,1.0337274659682043,-0.2357537976703321,0.3961590091781543,-1.0891683537602077,-1.5585315541449891,-1.2221411680432908,5,white,-1.1308835906654977,3.975531619508591
-0.5334544799241291,-0.2774544051876546,-0.5070517002457526,-1.0607280909698094,0.5321418634362493,-0.2227836656828007,0.6331128211601191,7,white,-1.1844706906901907,1.7017547868772058
0.6218802542490606,0.4781419273428406,-0.2357537976703321,0.2814965985183582,-0.153797074608404,-0.4899332433752383,-0.9691519876973708,5,white,-0.4310771839813301,1.7873023550318263
-0.3295718797759189,0.2781311334377095,-0.7783496028211758,-0.9022241703518692,0.90629037509697,-0.8906576099138948,0.8861020015060377,6,white,-0.9595833480641169,0.6185679373607007
-0.2616110130598489,-0.9441570515380916,-0.8868687638513413,-1.5834537866247311,-1.3386006948673546,-1.2245945820294422,1.5607398157618233,6,white,0.5912684462888333,0.13185103934104872
-0.1936501463437792,0.7892698289730444,-0.1001048463826219,0.5951320159113187,-0.7150198420994867,-1.4249567652987702,-0.6318330805694778,6,white,-0.27348999027040555,1.785889781963198
-1.2810240138008988,0.2781311334377095,-0.5613112807608368,-0.4772987661420325,-0.8397360126530602,-1.8924685262605363,0.464453367596172,4,white,1.5370400806536773,-1.2368838397195514
-0.3295718797759189,-0.4330183560027564,-0.6155708612759208,-1.6306677204258324,0.2203514370523139,-1.0242323987601136,2.1510479032356344,7,white,-0.037047081679194495,0.16686877724756463
0.2141150539526407,0.4781419273428406,-0.2900133781854162,0.3253381084765397,-0.5279455862691249,-0.0224214824134723,-0.7161628073514522,5,white,-0.1515861178927267,1.3901265783901335
0.8257628543972707,0.4559185057978259,-0.2357537976703321,0.251144783931968,-0.4655875009923394,-0.3563584545290197,-1.1378114412613178,5,white,-0.706377520268942,1.5614527749752583
0.9616845878294108,0.3003545549827242,-0.5613112807608368,-0.5885887529589088,-0.777377927376272,1.6472633781642632,0.9704317282880104,6,white,-0.48783839036917825,-0.8803629875522263
-0.1256892796277091,2.1448985432189325,-0.3171431684429583,0.8446913802885417,-0.5279455862691249,-1.0910197931832233,0.0428047336863063,6,white,-0.8513925245768947,1.0655672577161834
-0.2616110130598489,-0.6996994145429313,-0.6698304417910048,-1.0573556671268898,-0.777377927376272,-0.9574450043370044,0.2957939140322263,6,white,-0.4458068563096219,-0.2768432764188931
1.0296454545454805,-0.8552633653580332,2.4229656475687884,-0.7740720643203194,0.0332771812219549,-0.1559962712596912,-0.3788439002235593,5,white,-0.8555832543778852,-0.19435191467741372
-0.465493613208059,-0.0552201897375089,-0.7512198125636337,-1.2799356407606048,-0.3408713304387659,-0.6235080322214572,1.392080362197876,7,white,-0.6527904202442489,1.1247904809452804
-0.0577284129116391,-0.8552633653580332,-0.696960232048547,-1.893716780174772,-1.213884524313781,-1.3581693708756608,1.8137289961077416,6,white,-0.3197122541309524,-0.5454666405527715
-0.465493613208059,-0.3663480913677128,-0.8868687638513413,-1.667764382698137,-1.5256749506977136,-1.0910197931832233,2.0667181764536617,6,white,0.04384188007676352,-0.3088048079122682
-0.3295718797759189,-0.1663372974625817,-0.724090022306089,-0.8145411504355436,-0.4032294157155512,-1.3581693708756608,0.5487830943781448,6,white,0.12054011203173025,0.6256176969971807
0.3500367873847808,0.76704640742803,-0.5613112807608368,0.4130211283928279,-0.153797074608404,-0.3563584545290197,-0.9691519876973708,6,white,-0.8093609905173382,1.1184470078431146
-0.8052979467884089,-0.7219228360879458,-0.696960232048547,-0.8887344749801154,1.1557227162041173,-0.0224214824134723,0.3801236408141991,6,white,-0.7105682500699332,1.3123350564063077
-0.1936501463437792,3.2116227773796315,-0.4799219099882105,1.967708519985914,-0.777377927376272,-0.3563584545290197,-1.1378114412613178,6,white,-0.5603458925231546,3.0782457121086004
-0.1936501463437792,3.3005164635596898,-0.4799219099882105,1.967708519985914,-0.777377927376272,-0.3563584545290197,-1.1378114412613178,6,white,-0.5603458925231546,3.0782457121086004
-0.873258813504479,0.722599564338001,-0.7512198125636337,-0.855010236550768,-0.0290809040548305,-0.5567206377983478,1.4764100889798504,6,white,-0.014952573186756265,0.1076455540184678
0.0102324538044309,-0.8774867869030477,-0.9411283443664252,-0.7943066073779502,-1.1515264390369928,0.9126020395100596,-0.4631736270055321,6,white,-0.8661221969051862,0.7370143838188942
-0.6693762133562691,2.5782552633467164,-0.3442729587005004,1.3539273805717469,0.095635266498743,-0.3563584545290197,-1.3064708948252637,6,white,-1.333676424799134,0.30482086927068586
-0.2616110130598489,-0.9219336299930768,-0.9139985541088832,-1.3204047268758292,-1.8998234623584345,-1.1578071876063327,0.464453367596172,6,white,-0.13164909232560854,0.41551126955808526
-1.145102280368759,0.2336842903476803,-0.3985325392155843,-0.3086775739952956,-1.0268102684834193,0.4450902785482933,-0.547503353787505,6,white,-1.6163415972508923,-0.00986354562952747
-0.7373370800723391,1.1448445736932773,-0.5341814905032947,-0.4368296800268081,2.714674848123786,-0.3563584545290197,1.392080362197876,7,white,-1.8579918590809301,-0.544054067484143
-0.5334544799241291,-0.2663426944151472,-0.696960232048547,-1.198997468530156,-1.3386006948673546,-1.1578071876063327,1.0547614550699849,4,white,0.13526978436002252,-1.9922241018730817
-0.2616110130598489,-0.1441138759175671,-0.6698304417910048,-1.4080877467921171,-0.7150198420994867,0.5786650673945123,1.982388449671689,6,white,0.9139319059244764,-0.8881190337230207
-1.3489848805169689,-0.1218904543725526,-0.1814942171552479,-0.1872703156496226,-2.273971974019155,-1.2245945820294422,-1.3064708948252637,5,white,0.45577576107034623,-0.6296016356387633
0.146154187236571,-0.4107949344577419,-0.7783496028211758,-1.4283222898497483,-1.3386006948673546,-1.3581693708756608,1.5607398157618233,6,white,0.31495148656338473,1.0716796705424652
-0.3295718797759189,1.0337274659682043,-0.5613112807608368,-0.1602909249061148,-1.4633168654209254,-1.1578071876063327,0.5487830943781448,6,white,0.0249214779474806,-0.9597981428805649
-0.2616110130598489,-0.1885607190075962,-0.7512198125636337,-1.3271495745616686,-1.40095878014414,-0.8238702154907857,1.729399269325769,6,white,0.3569830206229412,-0.9412298441258355
-0.3295718797759189,-0.1885607190075962,-0.696960232048547,-1.2293492831165462,-0.6526617568226984,-0.9574450043370044,0.8017722747240648,6,white,-0.5225050882645886,-0.8234896842019563
0.146154187236571,-0.8774867869030477,-0.5884410710183786,-1.205742316216033,-0.9644521832066338,1.2465390116256063,0.6331128211601191,7,white,-0.5025680626974706,-0.2246698128262764
-2.164515281109809,0.1225671826226075,-0.6427006515334628,-0.3154224216811351,0.5944999487130347,-0.1559962712596912,-0.0415249930956665,4,white,0.6018695068409585,-1.9104390266659168
0.553919387532991,-0.7663696791779749,-0.8054793930787151,-1.1585283824149315,-0.4655875009923394,-0.3563584545290197,1.1390911818519576,6,white,0.1699364822554327,-0.7362984827028236
-0.7373370800723391,-0.7663696791779749,-0.5613112807608368,-0.1940151633354996,-0.2785132451619777,-0.0892088768365817,-0.3788439002235593,6,white,-0.2577436945042778,-0.1788398223358254
-0.2616110130598489,-0.8774867869030477,-0.8054793930787151,-1.2293492831165462,-0.4655875009923394,-0.5567206377983478,0.3801236408141991,7,white,-0.9123444607657338,0.051709597478396034
0.2820759206687107,2.1226751216739186,-0.2357537976703321,0.7637532080580931,-0.5279455862691249,0.1779407008558561,0.0428047336863063,5,white,-0.1705065200220093,0.7812007409648329
-0.3295718797759189,-0.5441354637278293,-0.5884410710183786,-1.0641005148127292,-1.1515264390369928,0.3783028841251838,0.6331128211601191,7,white,-0.4342512903444852,0.42937972855516116
-0.6693762133562691,-0.8552633653580332,-0.5070517002457526,-1.198997468530156,-0.777377927376272,-1.0910197931832233,0.5487830943781448,4,white,-0.7978054245522012,-0.871194368312804
-0.2616110130598489,0.4892536381153479,-0.7783496028211758,-0.7268581305192181,-1.7751072918048607,-1.0910197931832233,0.8017722747240648,7,white,-0.2966011222006788,-1.086706922043867
-0.7373370800723391,0.3336896873002459,-0.8326091833362572,-0.7066235874616246,-1.8998234623584345,-1.2245945820294422,0.464453367596172,5,white,-0.03285635187820351,0.4775596389244387
-0.5334544799241291,0.4336950842528115,-0.9139985541088832,-0.9359484087812168,-0.5279455862691249,-0.2895710601059102,1.898058722889716,7,white,-0.3617437881905089,-0.2404129654437489
0.0102324538044309,-0.7885931007229895,-0.5341814905032947,-1.553101972038341,0.4697837781594611,-0.4899332433752383,1.4764100889798504,6,white,-0.5918384840554098,-1.1910538492291005
-0.1256892796277091,-0.810816522268004,-0.4256623294731292,-0.5514920906866042,0.2203514370523139,-0.0224214824134723,-0.1258547198776393,6,white,-0.17787135618615565,-0.7480480820969568
0.2141150539526407,-0.8997102084480624,-0.6698304417910048,-1.5699640912530146,-0.4032294157155512,-1.0910197931832233,0.9704317282880104,7,white,-0.5529810563590085,0.3492382866925084
-0.2616110130598489,-0.1885607190075962,-0.3442729587005004,-0.855010236550768,0.7815742045433964,-0.6235080322214572,0.1271344604682791,7,white,-1.0279001204171019,1.4190319034703678
2.66070625573116,2.7671543464793404,-0.3985325392155843,1.114485287723321,-2.3363300592959404,-0.2227836656828007,-0.8848222609153978,6,white,-0.8703129267061773,-0.36027198497057084
0.2141150539526407,-0.7885931007229895,-0.5341814905032947,-1.5092604620801595,-0.2785132451619777,0.9793894339331692,1.2234209086339305,7,white,-0.977487126755564,0.18801805615700465
0.2820759206687107,-0.8330399438130187,-0.1001048463826219,-0.8179135742784635,0.5321418634362493,-0.5567206377983478,0.2114641872502534,5,white,-0.706377520268942,0.8145748455268363
-0.3295718797759189,-0.25523098364264,-0.3714027489580425,-0.8482653888648911,0.7815742045433964,-0.6235080322214572,0.1271344604682791,7,white,-1.1350743204664886,1.4190319034703678
-0.2616110130598489,-0.1885607190075962,-0.3442729587005004,-0.855010236550768,0.7815742045433964,-0.6235080322214572,0.1271344604682791,7,white,-1.1350743204664886,1.4190319034703678
0.0102324538044309,0.5670356135228988,-0.20862400741279,-0.4098502892833378,-0.6526617568226984,-0.6235080322214572,0.1271344604682791,7,white,-0.8703129267061773,0.18801805615700465
-0.1936501463437792,-0.8997102084480624,-0.696960232048547,-1.6711368065410568,-0.6526617568226984,-0.8906576099138948,1.3077506354159032,7,white,-0.7820591287860733,0.5064649640046729
-0.2616110130598489,-0.8774867869030477,-0.6155708612759208,-1.7352128595568317,-1.40095878014414,-0.0892088768365817,1.1390911818519576,7,white,-1.0615501948746768,0.915390340040499
-0.2616110130598489,1.5004193184135106,-0.3985325392155843,0.129737525586295,-0.2785132451619777,-1.0910197931832233,0.2114641872502534,6,white,-0.977487126755564,1.2368934543013084
-0.5334544799241291,-0.810816522268004,-0.6427006515334628,-1.3844807798915666,2.2781682511862766,0.1779407008558561,1.4764100889798504,7,white,-1.3641523928935537,2.072375158317491
0.4179976541008508,1.0337274659682043,-0.1001048463826219,1.124602559252155,0.4697837781594611,0.2447280952789648,-0.9691519876973708,6,white,-0.136856445564435,2.146879413612292
-0.1256892796277091,1.7448769554086707,-0.20862400741279,0.6760701881417674,-0.153797074608404,-1.2245945820294422,-0.547503353787505,6,white,-1.1645336651230724,-0.24723166480434483
-0.5334544799241291,-0.7663696791779749,-0.4799219099882105,-0.5042781568855029,0.7815742045433964,0.5118776729714027,-0.1258547198776393,7,white,-0.5361560191302214,0.2813216704824192
-0.5334544799241291,0.4781419273428406,-0.5070517002457526,0.2241653931884602,0.7815742045433964,0.4450902785482933,-0.1258547198776393,6,white,-0.6832663883386688,0.2042364350329073
-0.3295718797759189,0.4559185057978259,-0.8054793930787151,-0.9730450710534838,-0.4655875009923394,0.4450902785482933,1.729399269325769,7,white,-0.21672878388255684,0.3748563450837176
-0.6014153466401989,-0.6996994145429313,-1.0767772956541355,-1.7992889125726068,-1.8374653770816465,-1.1578071876063327,1.6450695425437962,6,white,0.16574575245444204,-0.5236110751090173
1.0976063212615506,0.8337166720630738,-0.0187154756099985,0.5883871682254792,-1.1515264390369928,-0.4231458489521292,-0.9691519876973708,5,white,-0.25139548177796733,0.8559360565355181
-0.5334544799241291,0.4781419273428406,-0.2628835879278742,0.5074489959950306,-0.7150198420994867,0.4450902785482933,-1.1378114412613178,5,white,-0.28606217967337766,0.8949473476653731
-0.941219680220549,-0.810816522268004,-0.2628835879278742,-0.976417494896441,0.282709522329102,0.0443659120096371,0.5487830943781448,6,white,-1.0804705970039594,-0.30175504827578814
-0.465493613208059,2.0560048570388747,-0.3442729587005004,1.1684440692102989,-1.96218154763522,-0.4899332433752383,-1.1378114412613178,6,white,-0.88923332883546,0.3139894885101085
-0.941219680220549,-0.7219228360879458,-0.2900133781854162,-0.7673272166344424,0.282709522329102,0.1111533064327466,0.2114641872502534,6,white,-0.9964075288848466,0.036903791671121844
-0.1256892796277091,-0.8552633653580332,-0.5341814905032947,-1.8195234556302,-1.6503911212512872,-1.1578071876063327,1.6450695425437962,6,white,-0.4458068563096219,-0.9941095942527668
1.9810975885704605,1.5004193184135106,-0.4256623294731292,1.1482095261527054,-1.40095878014414,0.0443659120096371,-1.0534817144793436,5,white,0.15838091629029608,2.3487545686221636
0.0781933205205009,-0.9219336299930768,-0.4256623294731292,-1.367618660676893,-0.0914389893316186,-0.2227836656828007,0.717442547942092,5,white,-0.3428233860612263,-0.3626219048493976
-0.5334544799241291,1.678206690773627,-0.3442729587005004,0.9188847048331136,-1.1515264390369928,0.1779407008558561,-0.4631736270055321,7,white,-0.3732993541556459,0.7619261556757893
-0.2616110130598489,4.667256888578086,-0.696960232048547,2.837793871463181,-1.0268102684834193,-0.7570828210676762,0.0428047336863063,6,white,0.2225069588422904,-0.022319431557974997
-0.397532746491989,-0.0774436112825234,-0.4527921197306684,-0.5919611768018286,-0.9644521832066338,1.4469011948949346,0.1271344604682791,7,white,-1.0962168927700875,3.767775111948322
-0.2616110130598489,0.2336842903476803,-0.7512198125636337,-1.3473841176192995,-0.2161551598851922,-1.7588937374143172,1.898058722889716,7,white,-0.26295104774310446,-0.9793037884454925
-0.8052979467884089,0.1225671826226075,1.6362017301000662,0.0184475387694187,0.095635266498743,-0.6902954266445667,-0.8848222609153978,5,white,-0.32809371373293417,2.0878872506590795
-0.8052979467884089,0.0558969179875638,1.6362017301000662,0.0184475387694187,0.095635266498743,-0.6902954266445667,-0.8848222609153978,6,white,-0.28606217967337766,1.9041051681455072
-0.8052979467884089,0.1447906041676221,1.663331520357611,0.0218199626123759,0.095635266498743,-0.6902954266445667,-0.8848222609153978,6,white,-0.3701252477924907,1.9508725054461564
-0.465493613208059,0.6559292997029571,-0.5613112807608368,-0.3086775739952956,-1.0268102684834193,-1.0242323987601136,0.2114641872502534,6,white,-0.5151402521004431,-0.23571312568609565
1.3014889214097607,2.789377768024355,-0.3171431684429583,1.7282664271375252,-0.153797074608404,-0.4231458489521292,-1.475130348389209,6,white,-0.9470111586611443,0.29307126987655246
-0.3295718797759189,0.8337166720630738,-0.9682581346239671,-0.0388836665604792,-0.9020940979298456,-1.0242323987601136,0.3801236408141991,7,white,0.06276228220604603,1.592708019934319
-2.164515281109809,-0.7885931007229895,-0.9953879248815094,-1.806033760258484,0.4074256928826756,-1.0242323987601136,1.5607398157618233,6,white,0.23304590136959133,-0.10786699971259534
0.4859585208169208,-0.810816522268004,-0.9953879248815094,-1.2293492831165462,0.1579933517755285,1.4469011948949346,0.6331128211601191,7,white,-0.736853488363362,-1.315612708513576
0.146154187236571,-0.0552201897375089,-1.0496475053965937,0.0690338964134398,-0.6526617568226984,-0.2895710601059102,0.5487830943781448,7,white,0.6101888484181155,-0.11891031257241443
0.0102324538044309,-0.5885823068178585,-1.1581666664267645,-1.50251561439432,0.095635266498743,0.8458146450869501,1.6450695425437962,7,white,-0.6643459862093858,-0.15534062354755873
0.0102324538044309,-0.2996778267326691,-1.0767772956541355,-0.3558915077963595,-0.6526617568226984,-0.6235080322214572,-0.4631736270055321,6,white,-1.1760892310882094,-0.11021691959142192
0.0781933205205009,-0.0329967681924942,-0.2628835879278742,-0.5750990575871548,-0.6526617568226984,0.1779407008558561,0.3801236408141991,6,white,-0.8703129267061773,0.6730913208321442
0.553919387532991,0.1447906041676221,-0.127234636640164,-0.1872703156496226,-0.4032294157155512,2.315137322395357,-0.0415249930956665,6,white,-1.046820522546385,1.5031668985563598
-0.6014153466401989,-0.6774759929979167,-0.2900133781854162,-1.259701097702974,-0.6526617568226984,0.0443659120096371,0.717442547942092,7,white,-0.874503656507168,0.23384804664745568
-0.2616110130598489,0.0114500748975346,-0.4799219099882105,-0.9730450710534838,-0.4032294157155512,-0.6235080322214572,0.6331128211601191,6,white,-1.394628360987973,1.102934915501526
-0.6693762133562691,-0.1218904543725526,-0.696960232048547,-1.273190793074728,-1.588033035974499,-0.0892088768365817,1.392080362197876,7,white,-0.06752304977361367,-1.3078566623427816
-0.5334544799241291,-0.4107949344577419,-0.5341814905032947,-1.725095588028035,-2.024539632912008,0.8458146450869501,1.729399269325769,7,white,-0.6643459862093858,-0.19975804096938132
-0.465493613208059,0.3559131088452605,-0.6698304417910048,-0.7066235874616246,-2.024539632912008,-1.0910197931832233,0.464453367596172,5,white,-0.09799901786803365,0.2961274762896934
0.3500367873847808,-0.7663696791779749,-0.5884410710183786,-1.3338944222475455,0.2203514370523139,-0.4231458489521292,1.4764100889798504,6,white,-0.3428233860612263,0.30552715580500006
1.9131367218543904,-0.2330075620976254,-0.5341814905032947,-0.66952692518932,-1.8998234623584345,0.3783028841251838,-0.1258547198776393,4,white,-0.8167258266814839,-0.8563885625055297
-1.0091805469366188,2.8227129003418767,0.0898036854201723,1.5596452349907883,-0.590303671545913,-0.3563584545290197,-1.475130348389209,6,white,-0.5918384840554098,1.7779026755165195
0.0781933205205009,-0.810816522268004,-0.5613112807608368,-0.4975333091996259,0.282709522329102,0.5118776729714027,-0.8848222609153978,6,white,-1.4188182343809068,-0.5814217252694855
0.0102324538044309,0.4781419273428406,-0.2628835879278742,0.1499720686438885,1.2180808014809026,-0.6235080322214572,-0.1258547198776393,6,white,-0.9123444607657338,-0.5814217252694855
-0.397532746491989,0.1447906041676221,-0.5070517002457526,-1.5294950051377902,-0.7150198420994867,-1.7588937374143172,2.0667181764536617,7,white,0.5167276972591857,0.07732765586960523
-0.2616110130598489,0.76704640742803,-0.724090022306089,-0.3896157462257069,-0.4032294157155512,-0.4899332433752383,1.392080362197876,7,white,-0.3312678200960894,0.7577015421765665
1.0296454545454805,1.4115256322334524,-0.5884410710183786,0.008330267240622,-1.213884524313781,-1.2913819764525514,-0.0415249930956665,8,white,-1.6278971632160293,0.926202592624434
-0.1256892796277091,0.0781203395325785,-0.3714027489580425,-0.6526648059746464,0.6568580339898229,-0.7570828210676762,0.2114641872502534,7,white,-1.0489158874468802,0.8700355758084781
-1.077141413652689,-0.5219120421828147,-0.5613112807608368,-2.0151240385204447,-0.153797074608404,-0.0224214824134723,2.235377630017608,8,white,-0.19146016902696353,0.33043892766189503
-0.2616110130598489,-0.1663372974625817,-0.6698304417910048,-1.7116058926562812,-0.4032294157155512,0.2447280952789648,2.0667181764536617,8,white,-0.8597739841788763,0.6451233425621083
0.4859585208169208,-0.8552633653580332,-0.20862400741279,-0.3626363554822365,1.716945483695197,-0.4231458489521292,-0.4631736270055321,6,white,-0.7978054245522012,0.3116395686312818
-1.3489848805169689,-0.7219228360879458,-0.1814942171552479,-0.6256854152311759,1.2180808014809026,-0.3563584545290197,-0.1258547198776393,4,white,0.477870269562784,-1.23077142689327
-0.0577284129116391,-0.8330399438130187,-0.6155708612759208,-1.718350740342158,-0.4032294157155512,0.0443659120096371,1.5607398157618233,6,white,-0.736853488363362,1.5351284300497348
1.5053715215579708,0.1447906041676221,-0.5884410710183786,-1.610433177368239,0.282709522329102,-1.2913819764525514,1.982388449671689,8,white,-1.4145653865550918,1.4610994010133638
-0.397532746491989,1.4781958968684958,-0.5070517002457526,0.2342826647172569,-1.2762426095905663,0.1779407008558561,-0.0415249930956665,7,white,-0.7862498585870645,1.7017547868772058
-0.397532746491989,1.322631946053394,-0.724090022306089,-0.1737806202778687,-0.9644521832066338,-1.1578071876063327,0.5487830943781448,5,white,-0.6948219543038054,-1.5134943103001082
0.0102324538044309,-0.7663696791779749,-0.7512198125636337,-1.8127786079443236,1.1557227162041173,0.1111533064327466,1.8137289961077416,7,white,-0.5960292138564005,0.2846089371714441
-0.941219680220549,1.4559724753234813,-0.3442729587005004,0.6794426119847247,-0.5279455862691249,-0.0892088768365817,-0.9691519876973708,6,white,-1.107772458735224,1.7391224446625484
-0.1936501463437792,0.255907711892695,-0.8597389735937991,-1.2900529122894016,-1.213884524313781,-1.4249567652987702,1.982388449671689,7,white,-0.40796605205105646,-0.2791931962977198
-0.1936501463437792,-0.7219228360879458,-0.6698304417910048,-1.9038340517035688,-1.6503911212512872,-1.2245945820294422,2.0667181764536617,8,white,0.32231632272753086,-0.6599195337876259
-0.1256892796277091,-0.8552633653580332,-0.7512198125636337,-2.3995803566150573,0.5321418634362493,-0.8906576099138948,2.5726965371455,7,white,-1.158185452396762,-0.462975278811292
-0.8052979467884089,-0.8997102084480624,-0.1001048463826219,-0.3963605939115838,0.5944999487130347,0.1111533064327466,-1.2221411680432908,5,white,-0.3470141158622171,-0.18659586850661952
-0.873258813504479,-0.5885823068178585,-0.20862400741279,-0.855010236550768,0.1579933517755285,-0.6902954266445667,-0.1258547198776393,6,white,-1.2611689226451581,1.1215032142562555
-0.1256892796277091,-0.8552633653580332,-0.7512198125636337,-2.3995803566150573,0.5321418634362493,-0.8906576099138948,2.5726965371455,7,white,-1.2117725524214555,-0.462975278811292
1.7772149884222503,0.7003761427929861,-0.6698304417910048,-0.6020784483306253,0.3450676076058875,-0.6235080322214572,1.392080362197876,6,white,0.8225040016412176,0.6425423624073976
-0.465493613208059,3.05605882656453,0.7680484418587238,1.9913154868864649,-0.777377927376272,-0.1559962712596912,-1.5594600751711836,5,white,-0.48783839036917825,-0.47707479808425196
-0.3295718797759189,1.01150404442319,-0.5341814905032947,-0.0321388188746022,-1.1515264390369928,-1.0910197931832233,-0.0415249930956665,7,white,-0.6675200925725412,-0.5518101136549372
0.6218802542490606,1.7448769554086707,-0.3442729587005004,0.9728434863200542,0.095635266498743,1.6472633781642632,-0.2945141734415865,6,white,-1.0384390629444031,2.822662437446211
-0.397532746491989,0.9226103582431318,-0.8054793930787151,-0.7605823689485655,-1.0268102684834193,-1.2913819764525514,1.6450695425437962,8,white,-0.6370441244781214,0.3748563450837176
0.8257628543972707,-0.8552633653580332,-0.154364426897706,-1.3338944222475455,-0.7150198420994867,1.4469011948949346,0.6331128211601191,7,white,-1.2107559289836194,0.45429150041205624
-0.1256892796277091,0.6559292997029571,-0.7783496028211758,-0.976417494896441,-0.590303671545913,0.6454524618176217,1.729399269325769,7,white,-0.36593451799149995,0.21598603442704054
0.3500367873847808,-0.7663696791779749,0.8223080223738075,-0.0523733619321957,-0.8397360126530602,-0.2227836656828007,-0.6318330805694778,5,white,0.020730748146489515,0.6627542945066393
-0.3295718797759189,1.5448661615035395,-0.724090022306089,-0.1737806202778687,-0.4655875009923394,-1.2913819764525514,0.2114641872502534,5,white,-1.4251043290823928,0.15535023812931542
0.2141150539526407,-0.5663588852728438,-0.4527921197306684,-1.0978247532420766,0.5944999487130347,0.1779407008558561,1.6450695425437962,6,white,-0.6254885585129848,1.3309033551610367
-0.5334544799241291,-0.1441138759175671,-0.8054793930787151,-1.1922526208442792,0.4697837781594611,-1.4917441597218797,0.8017722747240648,7,white,-1.429295058883384,0.7236211510802485
-0.397532746491989,0.8337166720630738,-0.8054793930787151,-0.4840436138279095,-1.5256749506977136,-0.8238702154907857,0.717442547942092,6,white,-0.42269572437934816,-0.30574860149912736
0.553919387532991,-0.8330399438130187,-0.1001048463826219,-1.1517835347290548,-0.3408713304387659,0.9793894339331692,0.3801236408141991,6,white,-1.2527874630431761,1.6270194713065207
0.6218802542490606,1.7448769554086707,-0.3442729587005004,0.9728434863200542,0.095635266498743,1.6472633781642632,-0.2945141734415865,6,white,-1.0384390629444031,2.8102065515177634
0.146154187236571,-0.8552633653580332,-0.5613112807608368,-1.66101953501226,-1.0268102684834193,1.3801138004718252,0.8861020015060377,6,white,-1.0121538246509745,-0.14758457737676453
-0.3295718797759189,-0.7885931007229895,0.5238803295408452,-0.3693812031681134,-0.777377927376272,-0.0892088768365817,-0.3788439002235593,5,white,-0.3007918520016698,0.1450132118038105
-0.6693762133562691,2.911606586521935,-0.1814942171552479,1.519176148875564,-1.0268102684834193,-0.2227836656828007,-1.1378114412613178,5,white,-0.6832663883386688,0.030560318568955958
-0.0577284129116391,1.7893237984987,-0.1814942171552479,1.451727672016832,-1.0891683537602077,-0.0224214824134723,-1.2221411680432908,6,white,-0.2850455562355422,0.6604043746278125
0.146154187236571,-0.8997102084480624,-0.5341814905032947,-1.7014886211274844,-1.6503911212512872,-0.2227836656828007,0.9704317282880104,6,white,-1.1456132629937898,0.15699387147382787
0.7578019876812007,-0.7663696791779749,-0.4256623294731292,-1.482281071336689,0.0332771812219549,-0.6235080322214572,1.729399269325769,6,white,-0.29342701583752356,-0.04253136365721664
0.9616845878294108,1.5004193184135106,0.8494378126313497,1.1212301354091976,-2.273971974019155,-0.4231458489521292,-1.3064708948252637,5,white,0.28447551846896535,2.0878872506590795
-1.552867480665179,-0.810816522268004,-0.4799219099882105,-0.8347756934931372,-0.6526617568226984,-0.6235080322214572,-0.3788439002235593,5,white,-0.4195216180161931,1.2469994203509291
-1.552867480665179,-0.8997102084480624,-0.9953879248815094,-2.467028833473752,0.4697837781594611,-1.2913819764525514,2.5726965371455,5,white,0.0218716076339742,-2.30362125008427
-0.941219680220549,1.2337382598733355,-0.3171431684429583,0.7165392742569917,-0.8397360126530602,0.0443659120096371,-1.1378114412613178,5,white,-1.0962168927700875,1.6300756777196617
-0.6014153466401989,1.1892914167833066,-0.20862400741279,1.0133125724352785,-0.6526617568226984,-0.1559962712596912,-1.475130348389209,5,white,-0.5992033202195558,1.5395972095315038
-0.1256892796277091,-0.8774867869030477,-0.7783496028211758,-0.612195719859422,-2.461046229849514,-1.1578071876063327,-0.4631736270055321,4,white,-0.0013637603459481149,-0.08060530797687353
0.4179976541008508,0.5225887704328698,-0.5613112807608368,0.8716707710320122,1.529871227864838,-0.3563584545290197,-1.2221411680432908,6,white,-0.35856968182735394,0.6213930834979574
-0.397532746491989,-0.8552633653580332,-0.4256623294731292,-1.1787629254725254,-1.1515264390369928,-1.2245945820294422,0.5487830943781448,5,white,-0.744218324527508,0.8044688794772155
-0.5334544799241291,-0.3663480913677128,-0.1001048463826219,-0.2715809117229911,-0.7150198420994867,-0.0892088768365817,-1.1378114412613178,6,white,-1.1802799608892003,-0.3377101329925025
0.8937237211133408,0.6559292997029571,-0.5070517002457526,0.3590623469058871,-0.2785132451619777,-0.3563584545290197,-0.8848222609153978,5,white,-0.5151402521004431,2.021614267793503
-0.3295718797759189,-0.5663588852728438,-0.8868687638513413,-1.2091147400589528,0.7815742045433964,0.4450902785482933,1.1390911818519576,7,white,-0.5077754159362969,0.8676856559296514
-0.6014153466401989,-0.6774759929979167,0.3068420074805089,-0.2412290971365635,-0.7150198420994867,0.5786650673945123,-0.6318330805694778,5,white,0.07431784817118307,0.2166923209613548
-0.6014153466401989,-0.6774759929979167,0.333971797738051,-0.2412290971365635,-0.7150198420994867,0.5786650673945123,-0.6318330805694778,5,white,0.11634938223073958,0.2065863549117339
-0.2616110130598489,0.411471662707797,-0.5613112807608368,-0.5211402761001767,0.8439322898201819,-0.6235080322214572,0.2114641872502534,7,white,-1.1445345215311298,1.081079350057772
0.0781933205205009,-0.8552633653580332,-0.154364426897706,-1.367618660676893,0.90629037509697,0.8458146450869501,0.6331128211601191,6,white,-1.347327355664766,0.05711572377036357
-0.2616110130598489,0.9670572013331612,-0.7783496028211758,-0.6728993490322772,-0.3408713304387659,-1.2913819764525514,1.3077506354159032,6,white,-0.6832663883386688,-0.5908214047847924
-0.2616110130598489,-0.4774651990927857,-0.724090022306089,-1.4620465282790955,0.9686484603737554,-1.2913819764525514,0.6331128211601191,7,white,-2.026117995319156,-0.3579220650917442
0.0781933205205009,0.0781203395325785,-0.7783496028211758,-1.489025919022566,0.8439322898201819,-0.8238702154907857,2.4883668103635275,7,white,-1.1498039927947803,-0.8460515361800247
0.6218802542490606,-0.8330399438130187,-0.3442729587005004,-0.5413748191578075,0.3450676076058875,-0.5567206377983478,-0.2101844466596121,5,white,-0.11691941999731618,-0.6079771304708932
-0.8052979467884089,3.5005272574648214,-0.5884410710183786,1.9171221623419303,-0.7150198420994867,-0.0224214824134723,-1.3064708948252637,6,white,-1.0657409246756675,1.9811904035950194
-0.397532746491989,1.1670679952382923,-0.4256623294731292,-0.2412290971365635,-0.9020940979298456,-1.2245945820294422,0.8861020015060377,6,white,-0.13266571576344383,1.4789614132337787
0.146154187236571,-0.7663696791779749,-0.7512198125636337,-1.6846265019128108,-0.0914389893316186,0.9793894339331692,1.6450695425437962,6,white,-1.031074226780257,0.379556184841371
-0.1936501463437792,1.7893237984987,-0.3985325392155843,1.627093711849483,1.0310065456505435,-0.5567206377983478,-1.6437898019531565,5,white,-1.2149466587846107,0.054765803891536895
0.9616845878294108,-0.7219228360879458,2.8027827111743773,-2.069082820007423,-0.2161551598851922,-1.3581693708756608,2.4040370835815548,6,white,-1.119328024700361,-0.34217891247427173
1.0976063212615506,0.6559292997029571,-0.8326091833362572,-1.0438659717551355,-0.0290809040548305,1.7140507725873726,1.8137289961077416,4,white,-0.4846642840060232,-0.8032777521027146
2.7286671224472303,-0.7663696791779749,2.992691242977169,-0.4368296800268081,-1.588033035974499,-0.1559962712596912,-1.1378114412613178,5,white,-0.6254885585129848,1.462036747823562
-0.941219680220549,-0.810816522268004,-0.6155708612759208,-0.9426932564670936,0.5944999487130347,-1.2245945820294422,-0.2945141734415865,6,white,-1.2191373885856016,-0.21785111346568053
-0.2616110130598489,2.1448985432189325,-0.154364426897706,1.1414646784668283,-1.6503911212512872,-0.9574450043370044,-1.3064708948252637,7,white,-0.9312648628950166,0.39342464383844705
-0.2616110130598489,-0.7219228360879458,-0.4527921197306684,-1.3844807798915666,-1.2762426095905663,-0.8906576099138948,1.1390911818519576,5,white,-0.2125380540815658,0.6801410804686243
-0.1256892796277091,1.2337382598733355,0.361101587995593,0.6760701881417674,-2.0868977181887933,-0.7570828210676762,-1.3064708948252637,6,white,-0.744218324527508,2.463207461857018
-0.465493613208059,1.6559832692286125,-0.0458452658675378,1.0268022678070323,0.4697837781594611,-0.1559962712596912,-1.3064708948252637,5,white,-0.9816778565565547,0.9215027528667807
-0.1936501463437792,0.3892482411627823,-0.154364426897706,-0.2682084878800713,1.2804388867576908,0.3783028841251838,0.3801236408141991,6,white,-0.7599646202936357,0.7555826825736236
-0.6014153466401989,-0.4774651990927857,-0.4799219099882105,-0.7099960113045444,0.3450676076058875,-0.2227836656828007,-0.4631736270055321,5,white,-1.6510082951463028,-0.8719006548471181
0.146154187236571,-0.810816522268004,-0.4527921197306684,-0.8010514550637897,0.4074256928826756,-0.4899332433752383,0.1271344604682791,5,white,-0.736853488363362,0.6705103406774334
0.0781933205205009,-0.810816522268004,-0.3985325392155843,-0.8044238789067469,0.4074256928826756,-0.4899332433752383,0.1271344604682791,5,white,-0.6412348542791123,0.6183368770848167
-1.145102280368759,-0.6552525714529022,-0.8326091833362572,-1.6879989257557304,1.0310065456505435,1.5804759837411535,2.4040370835815548,8,white,-0.4856809074438586,0.1567628111979438
0.0102324538044309,0.5225887704328698,-1.1310368761692198,-0.5919611768018286,-1.4633168654209254,-0.9574450043370044,0.3801236408141991,6,white,-0.33444192645924464,0.7969438935823053
0.0102324538044309,-0.0107733466474797,-1.1039070859116775,-0.9022241703518692,-1.4633168654209254,-0.9574450043370044,0.3801236408141991,6,white,-0.29241039239968825,-0.12502272539869608
-0.2616110130598489,-0.5663588852728438,-0.7783496028211758,-1.2866804884464444,-0.4032294157155512,-1.0910197931832233,0.464453367596172,7,white,-1.3294856949981433,-0.5198485821615622
0.2141150539526407,0.2336842903476803,-0.8597389735937991,-0.7066235874616246,-2.710478570956661,-0.0892088768365817,0.2957939140322263,5,white,-0.5067587924984611,-1.7189008979815503
-0.5334544799241291,-0.5219120421828147,-1.0767772956541355,-1.24621140233122,-1.213884524313781,-1.0910197931832233,0.8017722747240648,5,white,-0.08326934553974145,-0.7440545288736178
-1.0091805469366188,1.7448769554086707,-0.6427006515334628,1.0133125724352785,-0.9020940979298456,-0.2895710601059102,-0.9691519876973708,5,white,0.06593638856920171,2.0458197531160836
-0.1936501463437792,1.922664327768787,-0.5884410710183786,0.3826693138064378,-0.3408713304387659,-1.0242323987601136,0.0428047336863063,6,white,-0.9280907565318617,1.1598082188517964
-0.0577284129116391,-0.5885823068178585,-1.1581666664267645,-1.2124871639018726,-1.213884524313781,0.7790272506638407,1.2234209086339305,4,white,-0.2125380540815658,-0.23735675903060804
-0.2616110130598489,1.0559508875132193,-0.3985325392155843,0.2646344793036845,-0.5279455862691249,-0.7570828210676762,-0.2945141734415865,6,white,-0.9091703544025787,1.3654458668091225
-1.3489848805169689,-0.8330399438130187,-1.293815617714472,-2.406325204300897,0.2203514370523139,-1.0910197931832233,2.4883668103635275,5,white,-0.06955629664928532,1.2129190292546115
0.4859585208169208,1.567089583048554,-0.4527921197306684,1.1482095261527054,0.5321418634362493,0.3115154897020743,-0.7161628073514522,5,white,0.04282525663892776,2.897519836008169
-0.2616110130598489,0.2336842903476803,-1.0496475053965937,-1.1180592962997076,0.095635266498743,-1.4249567652987702,1.392080362197876,6,white,-0.4426327499464667,0.29706482309989163
-0.0577284129116391,0.5892590350679134,-0.4527921197306684,-0.7673272166344424,-0.7150198420994867,0.2447280952789648,1.4764100889798504,5,white,-0.22828434984769347,0.21904224084018145
-0.1256892796277091,-0.810816522268004,-0.9411283443664252,-1.195625044687199,1.2180808014809026,0.2447280952789648,0.717442547942092,7,white,-1.3063745630678698,0.14054443232204122
0.8937237211133408,0.5892590350679134,-0.9411283443664252,-1.0775902101844832,-0.153797074608404,1.1129642227793872,1.8137289961077416,7,white,-0.4846642840060232,-0.17484626911248624
-0.1936501463437792,0.3892482411627823,-0.9953879248815094,-0.3896157462257069,-0.590303671545913,-1.6253189485680986,0.2114641872502534,6,white,-0.2966011222006788,0.024447905742674306
-0.1256892796277091,0.9226103582431318,-1.0496475053965937,-0.2479739448224404,-0.9020940979298456,-1.6253189485680986,0.3801236408141991,6,white,-0.10536385403217967,-0.505042776354288
0.8937237211133408,0.722599564338001,-0.1814942171552479,0.3253381084765397,-0.2785132451619777,-0.3563584545290197,-0.8848222609153978,5,white,-0.7484090543284985,1.8923555687513742
-0.3295718797759189,2.7449309249343257,0.1983228464503406,1.0875058969798503,-0.153797074608404,-0.2895710601059102,-0.3788439002235593,6,white,-0.7788850224229185,0.2813216704824192
-0.0577284129116391,-0.5219120421828147,-0.8054793930787151,-1.6509022634834634,1.46751314258805,-0.8906576099138948,2.235377630017608,7,white,-1.513358127002497,-0.9318301646105291
1.0976063212615506,1.7226535338636564,-0.5341814905032947,1.1954234599537694,-1.2762426095905663,-1.2913819764525514,-1.475130348389209,5,white,-0.1284749859624531,2.0952901535627166
0.8257628543972707,0.7003761427929861,-0.3714027489580425,0.3287105323194595,-0.2785132451619777,-0.3563584545290197,-0.8848222609153978,5,white,-0.4541883159116033,2.0340701537219505
1.3694497881258307,0.6781527212479715,-0.3442729587005004,0.3185932607906628,-0.2785132451619777,-0.3563584545290197,-0.8848222609153978,5,white,-0.6412348542791123,2.0068084619862288
1.3694497881258307,0.7003761427929861,-0.2628835879278742,0.2949862938901121,-0.4032294157155512,-0.4231458489521292,-0.8848222609153978,6,white,-0.6832663883386688,1.8300761391091367
1.2335280546936906,0.6559292997029571,-0.154364426897706,0.2781241746754385,-0.2785132451619777,-0.4231458489521292,-0.8848222609153978,5,white,-0.736853488363362,1.666505988694806
-0.1256892796277091,1.5004193184135106,-0.3714027489580425,0.2376550885602141,-1.213884524313781,0.3115154897020743,-0.1258547198776393,6,white,-0.6181237223488387,1.1473523329233488
-0.397532746491989,1.5448661615035395,-0.20862400741279,0.527683539052624,-0.5279455862691249,0.1111533064327466,-0.547503353787505,6,white,-0.5918384840554098,2.0053958889176
0.8937237211133408,-0.7441462576329604,-0.2900133781854162,-0.7740720643203194,-0.0290809040548305,-0.3563584545290197,-0.4631736270055321,5,white,-1.3567875567294077,-0.3330102932348491
-0.1936501463437792,1.9671111708588167,-0.0187154756099985,0.8379465326026647,-0.3408713304387659,-0.9574450043370044,-0.9691519876973708,6,white,-1.2296763311129029,-0.12032288564104288
-0.7373370800723391,1.25596168141835,1.1207357152067705,0.6861874596705642,-1.213884524313781,-0.4231458489521292,-1.0534817144793436,5,white,0.07749195453433831,-0.9644979826382185
0.4859585208169208,-0.6774759929979167,0.0084143146475463,-0.9359484087812168,-1.0891683537602077,-0.0892088768365817,0.2957939140322263,5,white,-0.1967917583154383,-0.06133072268783014
-0.2616110130598489,-0.6330291499078875,-0.3985325392155843,-0.969672647210564,-0.153797074608404,0.2447280952789648,0.717442547942092,5,white,-0.3007918520016698,0.42444882852162363
-0.1256892796277091,-0.8330399438130187,-0.5613112807608368,-0.7133684351475016,-1.4633168654209254,1.3133264060487158,-0.2101844466596121,5,white,-0.13164909232560854,-1.7259506576180303
-0.1256892796277091,-0.8774867869030477,-0.6427006515334628,-1.1619008062578515,-1.2762426095905663,-0.1559962712596912,0.3801236408141991,6,white,-0.10853796039533427,-1.1099750605562497
0.146154187236571,0.3003545549827242,-0.3985325392155843,-0.5919611768018286,-1.4633168654209254,-0.8906576099138948,0.2114641872502534,6,white,-0.7400275947265169,-0.5962275310767597
2.0490584552865303,0.3003545549827242,-0.4256623294731292,-0.3221672693670121,-1.6503911212512872,0.3783028841251838,-0.2945141734415865,5,white,-0.7862498585870645,-0.928773958197388
2.0490584552865303,0.2781311334377095,-0.3985325392155843,-0.3221672693670121,-1.6503911212512872,0.3783028841251838,-0.2945141734415865,6,white,-0.7326627585623711,-0.9785975019111781
0.146154187236571,2.233792229398991,0.0898036854201723,0.8480638041314615,0.095635266498743,-0.0892088768365817,-0.0415249930956665,3,white,-0.5760921882892822,1.0716796705424652
0.4179976541008508,-0.6774759929979167,-0.127234636640164,-1.1248041439855845,-0.590303671545913,-0.0892088768365817,0.464453367596172,5,white,-0.2776807200713959,0.2423103793525641
-0.2616110130598489,1.567089583048554,-0.20862400741279,0.7536359365292963,-0.0290809040548305,-0.2895710601059102,-0.2101844466596121,5,white,0.08168268433532941,0.4728597991667855
0.0102324538044309,0.8337166720630738,-0.3985325392155843,-0.9494381041529332,0.3450676076058875,-1.3581693708756608,1.982388449671689,7,white,-0.129491609400289,-0.579071805390659
-0.1256892796277091,0.8337166720630738,-0.3171431684429583,0.2578896316178076,-0.6526617568226984,0.3783028841251838,-0.547503353787505,5,white,0.054380822604064495,0.12950111946222204
-0.5334544799241291,0.0114500748975346,-0.5613112807608368,-0.9022241703518692,0.095635266498743,-0.6235080322214572,0.6331128211601191,6,white,-0.2555862115789582,0.7252647844247609
-0.397532746491989,0.3892482411627823,-0.6155708612759208,-0.8954793226659924,0.9686484603737554,-0.8906576099138948,0.8017722747240648,6,white,-1.1087890821730602,0.31022699556265326
-0.8052979467884089,-0.2996778267326691,-0.4799219099882105,-0.9966520379540345,-1.40095878014414,-1.0242323987601136,0.1271344604682791,5,white,-0.6759015521745229,0.3802624713756852
-0.2616110130598489,1.5893130045935686,-0.3985325392155843,0.2309102408743371,-1.213884524313781,0.1779407008558561,-0.1258547198776393,6,white,-0.4384420201454756,1.1823700708298648
-0.2616110130598489,0.1447906041676221,-0.6427006515334628,-0.9359484087812168,-0.3408713304387659,0.7122398562407312,1.6450695425437962,6,white,-0.17469724982300033,1.4756741465447538
1.1655671879776206,0.6781527212479715,-0.127234636640164,0.3523174992200102,-0.2161551598851922,-0.3563584545290197,-0.8848222609153978,5,white,-0.6296792883139752,1.7459411440231443
-0.1256892796277091,-0.5663588852728438,-0.3985325392155843,-1.1585283824149315,-1.0891683537602077,0.1779407008558561,0.6331128211601191,7,white,-0.39221975628492883,-0.08765506761335354
-0.7373370800723391,-0.2330075620976254,-0.6155708612759208,-1.475536223650812,0.2203514370523139,0.0443659120096371,2.0667181764536617,6,white,0.21095139287715378,-1.0415832180877302
-0.941219680220549,-0.8997102084480624,-0.1001048463826219,-1.6778816542269337,-0.0290809040548305,-0.9574450043370044,0.8017722747240648,5,white,-1.6131674908877374,-0.8648508952106382
-0.6014153466401989,0.1670140257126366,-0.5884410710183786,-1.3204047268758292,-0.4655875009923394,0.2447280952789648,2.235377630017608,7,white,0.3412367248568137,-0.4155016549763285
-0.6014153466401989,1.2337382598733355,-0.6155708612759208,-0.6054508721735825,1.46751314258805,-1.6921063429912078,0.8017722747240648,7,white,-1.6478341887831478,-0.3182044874275749
-0.873258813504479,-0.3441246698226982,0.7951782321162655,-0.5177678522572569,-2.461046229849514,-0.6235080322214572,-0.800492534133425,5,white,-0.36593451799149995,0.19648038886211308
-0.1936501463437792,2.52269670948418,0.0355441049050855,1.1009955923516042,-0.4655875009923394,-1.0910197931832233,-0.7161628073514522,6,white,-0.9312648628950166,0.5431263352557014
-0.6693762133562691,-0.0552201897375089,-0.127234636640164,0.0218199626123759,-0.5279455862691249,0.5786650673945123,-1.1378114412613178,5,white,-0.10638047747001524,1.1005849956226994
-0.6014153466401989,-0.3885715129127274,-0.127234636640164,-0.0827251765186233,-0.4032294157155512,-0.3563584545290197,-1.812449255517102,5,white,-0.6874571181396594,0.14360063873518214
0.0781933205205009,-0.8552633653580332,-0.1814942171552479,-1.5227501574519131,-1.40095878014414,-0.5567206377983478,1.5607398157618233,6,white,0.10898454606659362,0.29706482309989163
-0.465493613208059,-0.5663588852728438,-0.7783496028211758,-1.2259768592736269,-0.5279455862691249,-1.1578071876063327,0.9704317282880104,6,white,-0.16733241365885446,-0.6147958298314891
1.2335280546936906,0.8114932505180589,-0.5613112807608368,-0.5380023953148503,-1.6503911212512872,0.1779407008558561,0.3801236408141991,6,white,-0.8934240586364512,1.3931827848032747
-0.0577284129116391,-0.7663696791779749,-0.6698304417910048,-1.381108356048647,-1.588033035974499,-0.6902954266445667,1.1390911818519576,6,white,-0.20098248811642921,0.17321225034973048
-0.2616110130598489,-0.2330075620976254,-0.7783496028211758,-1.6711368065410568,-0.153797074608404,-0.2227836656828007,2.235377630017608,7,white,0.13526978436002252,0.4582850536353954
-0.6014153466401989,2.478249866394151,-0.0458452658675378,1.3707894997864207,0.2203514370523139,0.0443659120096371,-1.2221411680432908,5,white,-0.5382513840307164,1.0077566075557152
0.0102324538044309,0.8781635151531028,-0.9139985541088832,-0.6459199582888068,0.7192161192666082,-1.2245945820294422,1.729399269325769,6,white,-0.7137423564330883,-0.4622689922769778
3.2043931894597204,-0.810816522268004,3.725195579930804,-0.8145411504355436,-0.3408713304387659,-0.4899332433752383,-0.0415249930956665,6,white,0.1310790545590314,-0.5797780919249731
0.7578019876812007,0.4336950842528115,-0.2628835879278742,0.5883871682254792,0.0332771812219549,0.7122398562407312,0.0428047336863063,5,white,0.3842848823542056,-0.8157336380311622
-0.1936501463437792,-0.4330183560027564,-0.724090022306089,-1.8228958794731571,1.1557227162041173,-1.3581693708756608,2.6570262639274733,7,white,-1.4366598950475293,0.18872434269131885
-0.6014153466401989,-0.7885931007229895,-0.5341814905032947,-1.4586741044361384,0.8439322898201819,-0.2895710601059102,1.2234209086339305,6,white,-1.31056529286886,0.053353230822908486
-0.397532746491989,-0.0996670328275381,-0.696960232048547,-0.8617550842366449,1.093364630927329,1.3133264060487158,1.6450695425437962,7,white,-0.4310771839813301,-0.08694878107903932
-0.3295718797759189,-0.0552201897375089,-0.724090022306089,-0.7673272166344424,2.0287359100791296,0.9793894339331692,1.3077506354159032,6,white,-1.6468175653453117,0.3445384469348551
-0.1936501463437792,-0.0996670328275381,-0.6698304417910048,-0.9932796141111148,-0.0914389893316186,-1.0242323987601136,0.6331128211601191,6,white,-1.394628360987973,1.792939541599678
-0.3295718797759189,-0.5219120421828147,-0.20862400741279,-0.7740720643203194,1.46751314258805,0.1111533064327466,-0.2101844466596121,6,white,-1.7045953951709958,-0.2068078006058613
-0.1256892796277091,0.2781311334377095,-0.4799219099882105,-1.3001701838181985,0.282709522329102,-1.4917441597218797,1.8137289961077416,6,white,-1.1613595587599177,0.9464145247236757
-0.397532746491989,0.4781419273428406,-0.2357537976703321,0.4501177906651325,-0.6526617568226984,-1.0910197931832233,-1.1378114412613178,5,white,-0.3501882222253723,2.029370313964297
-0.1256892796277091,1.633759847683598,-0.0729750561250798,0.9256295525189904,-0.777377927376272,-0.4231458489521292,-0.8848222609153978,6,white,-1.0657409246756675,3.5684809370931614
-0.873258813504479,0.3448013980727531,-0.3171431684429583,-0.3019327263094187,-0.4032294157155512,-1.2913819764525514,-0.3788439002235593,6,white,-0.6948219543038054,3.4577905368057618
-0.6693762133562691,-0.2330075620976254,-0.5070517002457526,-1.468791375964973,0.1579933517755285,-0.0224214824134723,2.0667181764536617,7,white,-0.136856445564435,-0.7184364704824084
0.4179976541008508,-0.0552201897375089,-0.4527921197306684,-1.637412568111709,0.095635266498743,0.1779407008558561,2.1510479032356344,6,white,-0.7946313181890461,0.27215305124299655
0.0102324538044309,-0.8330399438130187,-0.2357537976703321,-0.9292035610953396,-0.777377927376272,0.1111533064327466,0.3801236408141991,6,white,0.15520680992714106,1.1365400803394137
-0.465493613208059,1.3448553675984083,-0.0187154756099985,0.527683539052624,-0.9020940979298456,-1.1578071876063327,-0.9691519876973708,6,white,-1.1729151247250542,4.0387483959610275
-0.3295718797759189,1.0559508875132193,-0.0458452658675378,0.2713793269895615,-0.4032294157155512,-0.8906576099138948,-0.2945141734415865,6,white,-1.0772964906408047,1.993877349799351
1.5053715215579708,1.833770641588729,-0.0729750561250798,1.384279195158137,-1.0268102684834193,-0.2895710601059102,-1.6437898019531565,4,white,0.11215865242974853,2.2918812652718934
1.3014889214097607,1.4781958968684958,1.012216554176602,1.0875058969798503,-1.96218154763522,-0.1559962712596912,-1.3064708948252637,5,white,0.31495148656338473,1.9438227458096766
1.3014889214097607,0.6559292997029571,0.1440632659352565,0.3084759892618286,-0.590303671545913,-0.2227836656828007,-0.800492534133425,5,white,-0.6296792883139752,1.7880086415661405
-0.3295718797759189,-0.7663696791779749,0.0084143146475463,-0.5211402761001767,0.4074256928826756,-0.6235080322214572,-0.547503353787505,7,white,-0.42269572437934816,0.39365570411433104
-0.2616110130598489,2.556031841801702,0.0626738951626302,0.713166850414072,-0.153797074608404,-1.0242323987601136,-0.0415249930956665,5,white,-1.119328024700361,1.2119816824444132
-0.0577284129116391,-0.7885931007229895,-0.1001048463826219,-1.2967977599752785,-0.4655875009923394,-0.2227836656828007,0.717442547942092,5,white,-0.3312678200960894,-0.5992837374899007
-0.0577284129116391,1.1448445736932773,0.333971797738051,0.8042222941733174,-0.2785132451619777,-0.2895710601059102,-0.9691519876973708,5,white,-0.35856968182735394,1.806808000596754
-0.8052979467884089,0.3448013980727531,-0.0729750561250798,-0.4368296800268081,-0.6526617568226984,-1.6921063429912078,0.464453367596172,4,white,1.399389912509871,-0.811740084807823
-0.5334544799241291,2.8338246111143843,-0.2628835879278742,1.492196758132056,-0.777377927376272,-0.5567206377983478,-1.3908006216072364,6,white,-0.9207259203677154,0.4364294881916412
0.3500367873847808,-0.7885931007229895,-0.20862400741279,-0.7673272166344424,-0.4655875009923394,-0.0892088768365817,0.2114641872502534,5,white,-0.6675200925725412,0.10458934760532702
-0.0577284129116391,0.5225887704328698,-0.3171431684429583,-0.7673272166344424,-1.0268102684834193,0.1111533064327466,1.392080362197876,6,white,-0.28187144987238694,0.5172772165886079
0.2820759206687107,-0.6774759929979167,-0.7512198125636337,-1.273190793074728,-0.590303671545913,0.6454524618176217,1.6450695425437962,6,white,-0.4458068563096219,-0.9955221673213951
-0.397532746491989,1.567089583048554,-0.2900133781854162,0.1904411547591128,-0.4032294157155512,-1.0910197931832233,0.2114641872502534,6,white,-0.8555832543778852,0.6754412407109709
-0.397532746491989,0.7003761427929861,-0.3714027489580425,-0.740347825890972,-1.4633168654209254,-1.4917441597218797,0.717442547942092,6,white,-0.28606217967337766,-0.28154311617654654
-0.1256892796277091,0.8114932505180589,-0.5613112807608368,-0.2884430309376647,-0.2785132451619777,-0.9574450043370044,0.0428047336863063,5,white,-1.2149466587846107,0.834311551367648
-1.484906613949109,-0.3441246698226982,-0.3442729587005004,-0.2816981832517878,-1.3386006948673546,-0.9574450043370044,-1.1378114412613178,5,white,-0.13266571576344383,-1.154392477978072
-1.077141413652689,0.3003545549827242,-0.696960232048547,-1.0202590048545852,0.095635266498743,-0.4899332433752383,1.392080362197876,6,white,-0.3228242424692835,-0.11115426640162031
0.0781933205205009,-0.6552525714529022,-0.9682581346239671,-1.4586741044361384,0.2203514370523139,-0.5567206377983478,1.4764100889798504,6,white,-0.510949522299452,-0.9924659609082542
-0.1936501463437792,0.5892590350679134,-0.5070517002457526,0.0858960156281135,0.0332771812219549,0.1779407008558561,-0.1258547198776393,6,white,-0.6296792883139752,1.2039945759977346
-0.1256892796277091,1.6115364261385836,-0.5884410710183786,0.2916138700471549,-1.4633168654209254,0.2447280952789648,-0.1258547198776393,6,white,-0.5529810563590085,2.387765859752019
0.146154187236571,-0.8330399438130187,-0.5884410710183786,-0.9359484087812168,-0.9644521832066338,0.1111533064327466,0.3801236408141991,7,white,0.2087939099518342,0.9005845342332249
-1.3489848805169689,-0.8774867869030477,-1.1852964566843038,-0.6998787397757477,0.5944999487130347,-1.1578071876063327,2.4883668103635275,4,white,-0.008604360460446011,-2.330882941819992
0.4179976541008508,-0.4996886206378002,2.368706067053704,-1.259701097702974,-1.7127492065280725,0.7122398562407312,0.717442547942092,6,white,-1.119328024700361,-1.3280685944420236
-0.397532746491989,-0.3441246698226982,0.3882313782531347,-1.549729548195384,-0.777377927376272,-1.0242323987601136,0.8017722747240648,6,white,-1.0699316544766584,-0.7221989634298636
-0.941219680220549,-0.6996994145429313,-0.5613112807608368,-2.3860906612433035,-0.0914389893316186,1.98120035027981,2.910015444273393,7,white,-0.7210450745724102,0.016691859571880036
-0.1256892796277091,-0.2774544051876546,-0.5613112807608368,-1.4350671375355877,0.1579933517755285,0.6454524618176217,1.6450695425437962,7,white,-0.4426327499464667,-0.16779650947600627
-0.1256892796277091,-0.5885823068178585,-0.5070517002457526,-1.9780273762481404,-0.8397360126530602,-1.1578071876063327,1.898058722889716,7,white,-0.4195216180161931,-0.38894624977492087
-0.5334544799241291,-0.0552201897375089,-0.5341814905032947,-0.9426932564670936,0.0332771812219549,-0.6902954266445667,0.5487830943781448,7,white,-0.35120484566320775,0.8918911412522323
-0.1256892796277091,0.255907711892695,-0.4527921197306684,-1.4586741044361384,-0.3408713304387659,-1.7588937374143172,2.5726965371455,6,white,0.047015986439918445,1.063217337837357
3.4082757896079303,-0.8330399438130187,2.5043550183414145,-0.5042781568855029,-1.8374653770816465,-0.7570828210676762,-1.1378114412613178,6,white,-0.48783839036917825,1.523609890931486
0.0102324538044309,-0.7885931007229895,-0.0729750561250798,-1.0101417333257885,-0.3408713304387659,-0.3563584545290197,0.464453367596172,6,white,-0.4037753222500654,-0.3532222253340908
-0.941219680220549,-0.6996994145429313,-0.5613112807608368,-2.3860906612433035,-0.0914389893316186,1.98120035027981,2.910015444273393,7,white,-0.8818063746464899,0.016691859571880036
1.3014889214097607,0.6337058781579427,-0.0187154756099985,0.3590623469058871,-0.2785132451619777,-0.0892088768365817,-0.9691519876973708,5,white,-0.8135517203183287,1.8977616950433418
-0.2616110130598489,-0.7663696791779749,-0.5341814905032947,-2.274800674426465,-0.6526617568226984,-0.8906576099138948,3.0786748978373386,7,white,-0.41215678185204707,0.024447905742674306
-0.2616110130598489,-0.810816522268004,-0.5884410710183786,-2.08257251537914,-1.40095878014414,-0.8906576099138948,2.235377630017608,6,white,-0.4731087180408866,-0.16944014282051867
0.3500367873847808,-0.5441354637278293,-0.1814942171552479,-1.0641005148127292,-1.1515264390369928,-0.0224214824134723,0.5487830943781448,6,white,-0.2966011222006788,-0.01691330526600752
0.146154187236571,2.1671219647639477,0.0084143146475463,1.0031953009064818,-0.5279455862691249,0.2447280952789648,-0.2945141734415865,5,white,0.11215865242974853,1.3675647264120654
-0.1256892796277091,-0.9219336299930768,-0.3171431684429583,-0.689761468246951,-1.7127492065280725,-0.9574450043370044,-0.3788439002235593,5,white,0.5986332824529788,-0.6211393029336548
0.0781933205205009,-0.8552633653580332,-0.696960232048547,-0.7234857066762983,-2.461046229849514,-1.4917441597218797,-0.2101844466596121,5,white,0.2203494759169706,0.07826500267980353
-0.1936501463437792,1.078174309058234,-0.0187154756099985,0.1971860024449898,-0.2161551598851922,-1.3581693708756608,-0.547503353787505,6,white,-1.026883496979266,-0.28929916234734065
-0.0577284129116391,-0.25523098364264,-0.2900133781854162,-1.198997468530156,-0.4655875009923394,-1.4917441597218797,0.8017722747240648,5,white,-0.9049796246015878,-0.6187893830548282
1.0296454545454805,2.344909337124064,0.1711930561927986,1.4112585859016449,-0.2785132451619777,0.1779407008558561,-1.3064708948252637,5,white,-0.4310771839813301,0.6129307507928492
-0.397532746491989,-0.7885931007229895,-0.724090022306089,-1.886971932488895,-1.213884524313781,-0.8238702154907857,1.3077506354159032,6,white,-0.8671388203430221,-0.3633281913837117
-0.2616110130598489,-0.7663696791779749,-0.5613112807608368,-2.1213553895728854,-0.5279455862691249,-0.8238702154907857,2.3197073567995816,6,white,-0.7294886521992159,-0.1818960287489662
-0.2616110130598489,0.611482456612928,-0.1814942171552479,-0.4300848323409312,-0.0290809040548305,0.4450902785482933,0.8017722747240648,8,white,-0.6906312245028146,0.538426495498048
-0.7373370800723391,0.1225671826226075,-0.4799219099882105,-0.4233399846550542,-1.6503911212512872,-0.0892088768365817,0.3801236408141991,4,white,0.652220382477672,-0.6676755799584201
-0.1256892796277091,-0.8330399438130187,-0.4527921197306684,-0.7808169120061963,0.3450676076058875,-0.0224214824134723,0.1271344604682791,6,white,-0.2661251541062593,-0.5353606745031505
-0.8052979467884089,2.589366974119224,-0.2900133781854162,1.4989416058179332,-0.9020940979298456,0.1779407008558561,-0.9691519876973708,5,white,0.37171269295123355,1.6634497822816652
-0.465493613208059,0.6448175889304498,-0.3985325392155843,0.1095029825286641,1.342796972034476,0.5118776729714027,-0.2101844466596121,6,white,-1.2916448907395774,-0.6335951888621024
0.2820759206687107,0.3670248196177678,3.481027467612928,0.251144783931968,-0.3408713304387659,-0.7570828210676762,-1.0534817144793436,5,white,-0.31653814776779754,1.3119819131391506
0.4179976541008508,-0.8774867869030477,-0.4527921197306684,-1.3204047268758292,-2.1492558034655813,0.4450902785482933,1.2234209086339305,6,white,-0.1621250604200283,0.16005007788696873
0.0102324538044309,0.2781311334377095,-0.2357537976703321,-0.5784714814300747,-0.0914389893316186,0.4450902785482933,0.3801236408141991,6,white,-0.8555832543778852,1.232899901077969
0.3500367873847808,0.8559400936080883,-0.1001048463826219,0.4939593006232766,-0.4032294157155512,-0.2227836656828007,-1.0534817144793436,5,white,0.06593638856920171,0.6589918015591842
0.146154187236571,-0.8997102084480624,0.3068420074805089,-1.0641005148127292,0.095635266498743,-0.8906576099138948,-0.3788439002235593,5,white,-1.2369790492522243,0.4378420612602695
0.4859585208169208,-0.7885931007229895,-0.1001048463826219,-0.969672647210564,-0.2785132451619777,-0.4231458489521292,0.464453367596172,6,white,-0.48783839036917825,-0.2613311840773047
-1.145102280368759,0.3448013980727531,-0.2900133781854162,-0.1535460772202752,-1.4633168654209254,0.3115154897020743,-0.547503353787505,6,white,-1.0426297927453938,-0.17413998257817198
0.0102324538044309,0.255907711892695,-0.2357537976703321,-0.5818439052730319,-0.0290809040548305,0.4450902785482933,0.3801236408141991,6,white,-0.9091703544025787,1.257811672934864
0.0781933205205009,-0.6552525714529022,-0.3985325392155843,-1.6509022634834634,0.5944999487130347,-0.7570828210676762,1.6450695425437962,6,white,-0.8366628522486026,0.1988303087409397
0.0102324538044309,-0.6330291499078875,-0.3985325392155843,-1.6913713495986875,0.5321418634362493,-0.6235080322214572,1.8137289961077416,7,white,-0.7830757522239096,0.7828443743093453
-0.1256892796277091,0.0781203395325785,-0.3171431684429583,0.0521717771987661,0.5944999487130347,-0.5567206377983478,-1.0534817144793436,5,white,-1.6699286972755856,-0.27378707000575225
-0.8052979467884089,2.856048032659398,0.2525824269654248,1.5394106919331576,-0.5279455862691249,-0.1559962712596912,-1.475130348389209,5,white,-0.5498069499958534,0.8209183186290021
-0.1256892796277091,-0.5441354637278293,-0.3714027489580425,-1.3709910845198503,-2.1492558034655813,-0.4231458489521292,0.5487830943781448,6,white,-0.88923332883546,-0.14288473761911114
-0.1256892796277091,-0.8330399438130187,-0.5070517002457526,-0.9292035610953396,-0.590303671545913,0.0443659120096371,0.2114641872502534,7,white,0.11317527586758457,0.6925969663970718
-0.941219680220549,-0.6108057283628731,-0.1814942171552479,-0.8314032696502174,0.095635266498743,-0.4899332433752383,-0.2101844466596121,5,white,-1.4103746567541007,0.06557805647547192
0.2820759206687107,-0.1663372974625817,-0.8326091833362572,-1.0168865810116654,-0.7150198420994867,-0.3563584545290197,1.2234209086339305,5,white,0.11634938223073958,-0.9348863710236699
-0.873258813504479,0.4559185057978259,-0.2357537976703321,-0.0523733619321957,0.2203514370523139,-0.8238702154907857,-0.8848222609153978,6,white,-1.534373894032275,0.18566813627817802
-0.5334544799241291,1.5226427399585252,-0.4527921197306684,0.5681526251678484,-0.5279455862691249,0.0443659120096371,-0.6318330805694778,6,white,0.0312696906737908,1.5109229447271542
0.9616845878294108,1.4781958968684958,0.7409186516011818,1.0773886254510536,-1.96218154763522,-0.1559962712596912,-1.3064708948252637,5,white,0.3990145546824977,1.6876552676042462
-0.3295718797759189,0.1670140257126366,-0.6698304417910048,-1.2327217069595036,-0.3408713304387659,-0.0224214824134723,2.0667181764536617,7,white,0.9832653017152975,0.4441855343624353
0.0102324538044309,-0.2774544051876546,-0.3442729587005004,-1.1652732301008089,1.0310065456505435,-0.6235080322214572,1.0547614550699849,7,white,-0.6685367160103767,-0.6531008344270302
1.0976063212615506,1.633759847683598,-0.0187154756099985,1.1785613407390958,-1.588033035974499,-0.0892088768365817,-1.475130348389209,5,white,0.17730131841957872,2.0069239921241704
-0.6014153466401989,0.3225779765277387,-0.1814942171552479,-0.5042781568855029,-0.777377927376272,0.1111533064327466,0.5487830943781448,4,white,0.1962217205488615,-0.6288953491044491
-0.873258813504479,0.4559185057978259,-0.2357537976703321,-0.0523733619321957,0.2203514370523139,-0.8238702154907857,-0.8848222609153978,6,white,-1.6415480940816611,0.18566813627817802
1.3014889214097607,0.5670356135228988,-0.20862400741279,0.3185932607906628,-0.4032294157155512,0.0443659120096371,-0.9691519876973708,4,white,-0.8019961543531922,1.2669802921742865
1.3694497881258307,0.6337058781579427,-0.20862400741279,0.3287105323194595,-0.4032294157155512,-0.1559962712596912,-0.8848222609153978,6,white,-0.6107588861846927,1.1673332047467064
-0.1256892796277091,-0.4996886206378002,-0.6155708612759208,-1.0168865810116654,-1.213884524313781,-0.2895710601059102,-0.1258547198776393,6,white,-1.168724394924063,0.25335369221238313
-0.0577284129116391,1.2337382598733355,-0.5884410710183786,0.3995314330211115,-0.9020940979298456,-0.2895710601059102,-0.6318330805694778,7,white,-0.965931560790427,0.8350178379019622
2.3888627888668807,-0.7885931007229895,3.209729565037508,-0.7066235874616246,-1.0268102684834193,0.1779407008558561,-0.2101844466596121,6,white,-0.1137453136341613,-0.7581540481465778
-0.397532746491989,-0.7441462576329604,-0.6427006515334628,-1.4283222898497483,-0.2161551598851922,1.847625561433592,1.1390911818519576,7,white,-1.0352649565812482,1.4775488401651502
-0.1936501463437792,0.5670356135228988,-0.8597389735937991,-0.983162342582318,-0.4655875009923394,0.7790272506638407,1.898058722889716,7,white,-0.21672878388255684,0.32033296161227415
-0.465493613208059,0.5448121919778843,-0.724090022306089,-1.138293839357301,-0.8397360126530602,-1.0242323987601136,2.0667181764536617,6,white,-0.4804735542050321,-0.4420570601777361
1.4374106548419008,-0.7441462576329604,-0.4527921197306684,-0.7875617596920733,0.2203514370523139,0.3783028841251838,-0.1258547198776393,7,white,-0.6107588861846927,1.405638670731722
1.3694497881258307,-0.7441462576329604,-0.6155708612759208,-0.7774444881632766,0.1579933517755285,0.3783028841251838,-0.1258547198776393,6,white,-0.6107588861846927,1.4180945566601695
-0.465493613208059,1.567089583048554,-0.5884410710183786,0.0926408633139904,-0.0914389893316186,-0.8906576099138948,0.1271344604682791,5,white,-1.119328024700361,1.2119816824444132
-0.3295718797759189,-0.1218904543725526,-0.5613112807608368,-0.5852163291159516,-1.0891683537602077,1.5136885893180445,0.1271344604682791,7,white,-1.0121538246509745,2.5583857698028294
-0.465493613208059,0.6559292997029571,-0.3714027489580425,-0.0827251765186233,-0.2161551598851922,-0.7570828210676762,-0.1258547198776393,6,white,-1.345231990764271,-0.12502272539869608
-0.3295718797759189,0.7892698289730444,-0.3442729587005004,0.001585419554745,-0.153797074608404,-1.0910197931832233,-0.547503353787505,6,white,-1.2065651991826292,0.46839101968501623
0.6218802542490606,2.1226751216739186,-0.2357537976703321,1.3809067713152174,-0.4032294157155512,1.1797516172024969,-0.9691519876973708,6,white,-0.4342512903444852,3.062733619767012
-1.0091805469366188,-0.7663696791779749,-0.2357537976703321,-1.1922526208442792,0.4697837781594611,-0.6902954266445667,0.717442547942092,6,white,-1.203391092819474,0.8195057455603738
0.6218802542490606,-0.8774867869030477,0.0898036854201723,-0.4604366469273588,-1.4633168654209254,-0.9574450043370044,-1.1378114412613178,5,white,-0.7746942926219275,0.11093282070749276
0.0102324538044309,-0.2996778267326691,-0.4256623294731292,-0.9460656803100134,-2.024539632912008,0.2447280952789648,-0.0415249930956665,7,white,-0.9239000267308705,-0.6350077619307308
0.146154187236571,0.8559400936080883,-0.2357537976703321,0.0049578433977022,0.1579933517755285,0.0443659120096371,0.3801236408141991,7,white,-0.5456162201948622,0.0392537115499485
-0.0577284129116391,-0.0774436112825234,-0.5070517002457526,-0.9022241703518692,-2.024539632912008,1.2465390116256063,1.3077506354159032,5,white,0.529299886662158,-0.9132618658557998
-0.1936501463437792,-0.4330183560027564,-0.4256623294731292,-1.718350740342158,-0.0290809040548305,-0.9574450043370044,1.898058722889716,7,white,-1.0047889884868284,0.6488858355095632
1.1655671879776206,0.1670140257126366,-0.1001048463826219,-0.1130769911050509,-1.3386006948673546,2.9830112666264514,-0.0415249930956665,6,white,-0.874503656507168,-0.1266663587432086
1.7092541217061803,-0.8997102084480624,0.1440632659352565,-0.7268581305192181,-1.40095878014414,-0.8906576099138948,-0.8848222609153978,5,white,-0.8324721224476115,-0.2606248975429906
1.0976063212615506,2.389356180214093,-0.127234636640164,1.1077404400374813,-0.9644521832066338,-0.5567206377983478,-1.1378114412613178,6,white,-0.9932334225216917,-0.4505193928828444
0.2141150539526407,-0.7885931007229895,-0.2628835879278742,-1.1551559585719746,-0.9644521832066338,1.2465390116256063,0.464453367596172,6,white,-1.0804705970039594,0.43172964843398776
-0.397532746491989,0.0336734964425493,-0.3985325392155843,-1.303542607661118,-1.0268102684834193,-0.2227836656828007,1.4764100889798504,7,white,-0.23247507964868455,0.09142717514256524
0.0102324538044309,-0.5663588852728438,-0.5341814905032947,-1.9409307139758727,-1.1515264390369928,0.3115154897020743,1.729399269325769,6,white,-1.7886584632901088,-1.5818861527686274
0.0102324538044309,0.1892374472576513,-0.0729750561250798,-0.2479739448224404,-0.153797074608404,0.2447280952789648,0.2114641872502534,6,white,-0.744218324527508,0.8676856559296514
-0.1936501463437792,-0.4330183560027564,-0.3442729587005004,-1.0472383955980555,-1.40095878014414,0.4450902785482933,0.6331128211601191,6,white,-0.5719014584882912,0.45429150041205624
-0.5334544799241291,1.4337490537784667,-0.154364426897706,0.4534902145080523,-0.9020940979298456,0.1779407008558561,-0.6318330805694778,6,white,0.10377719282776719,1.7398287311968628
1.0976063212615506,2.878271454204413,-0.0729750561250798,1.9710809438287964,-1.5256749506977136,0.5118776729714027,-1.7281195287351292,6,white,-1.0731057608398136,1.8892993623382333
-1.3489848805169689,-0.0552201897375089,-0.0729750561250798,-0.099587295733297,-0.4032294157155512,-0.2227836656828007,-1.0534817144793436,5,white,-0.6454255840801029,-1.167785710716718
-0.5334544799241291,0.76704640742803,-0.0458452658675378,0.5816423205396023,-0.153797074608404,-0.0892088768365817,-1.1378114412613178,5,white,0.2266976886432815,1.0538176583220502
-0.5334544799241291,-0.7663696791779749,-0.5341814905032947,-1.273190793074728,-0.0914389893316186,-0.1559962712596912,0.717442547942092,6,white,-1.1844706906901907,0.08907725526373857
1.0976063212615506,2.878271454204413,-0.0729750561250798,1.9710809438287964,-1.5256749506977136,0.5118776729714027,-1.7281195287351292,6,white,-1.1266928608645068,1.8892993623382333
-1.3489848805169689,0.1892374472576513,-0.0187154756099985,0.2781241746754385,-1.0268102684834193,-0.4899332433752383,-1.812449255517102,4,white,-0.32809371373293417,-1.2425210262874034
0.6898411209651306,-0.8774867869030477,0.1440632659352565,-0.457064223084439,-1.1515264390369928,-0.8906576099138948,-1.1378114412613178,5,white,-0.5950125904185649,0.021391699329533404
0.3500367873847808,1.7893237984987,-0.6427006515334628,0.9188847048331136,-0.2785132451619777,1.7140507725873726,-0.1258547198776393,6,white,-0.44161612650863136,1.3318407019712353
-0.3295718797759189,-0.2107841405526109,-0.2900133781854162,-1.1045696009279535,0.282709522329102,0.1779407008558561,0.8861020015060377,6,white,-0.9207259203677154,1.2025820029291063
0.8937237211133408,-0.4774651990927857,-0.7512198125636337,-1.5362398528236674,0.1579933517755285,0.4450902785482933,1.5607398157618233,6,white,-0.6454255840801029,0.02609153908718669
-0.397532746491989,-0.8774867869030477,-0.127234636640164,-0.5042781568855029,-0.8397360126530602,0.0443659120096371,-1.0534817144793436,5,white,-0.790440588388055,0.4517105202573454
-0.3295718797759189,-0.7885931007229895,-0.7512198125636337,-1.7992889125726068,-0.153797074608404,-0.4899332433752383,1.392080362197876,6,white,-1.100407622571078,-0.13583497798263128
-0.1256892796277091,0.6003707458404207,-0.696960232048547,-0.5312575476290108,-0.0290809040548305,-0.4899332433752383,0.3801236408141991,6,white,-0.8671388203430221,0.4277360952106486
0.4179976541008508,-0.8663750761305405,-0.9139985541088832,-1.3709910845198503,-0.7150198420994867,-1.0242323987601136,0.717442547942092,5,white,-0.8167258266814839,-0.11491675934907518
1.7092541217061803,-0.8997102084480624,0.0898036854201723,-0.7201132828333785,-1.0268102684834193,-0.8238702154907857,-0.8848222609153978,5,white,-0.6643459862093858,-0.5238421353849013
-0.6693762133562691,2.8338246111143843,-0.6155708612759208,1.471962215074463,-0.9644521832066338,-0.0224214824134723,-1.1378114412613178,5,white,-0.5340606542297257,-0.5339481014345222
0.4179976541008508,0.1447906041676221,-0.9682581346239671,-0.3896157462257069,-0.590303671545913,0.5786650673945123,0.464453367596172,6,white,-0.20098248811642921,-0.14382208442930947
-0.6693762133562691,0.5225887704328698,-0.6698304417910048,-0.1670357725919917,0.095635266498743,0.3115154897020743,0.3801236408141991,6,white,-1.0426297927453938,1.6331318841328026
-0.6693762133562691,-0.810816522268004,-0.4256623294731292,-0.5616093622154009,-0.5279455862691249,-0.3563584545290197,-0.547503353787505,5,white,-0.013935949748920642,1.1790828041408397
-0.6693762133562691,-0.810816522268004,-0.3442729587005004,-0.5649817860583581,-0.5279455862691249,-0.4899332433752383,-0.547503353787505,5,white,0.02809558431063586,1.2857796512049
-1.077141413652689,-0.1441138759175671,-0.6427006515334628,-1.3338944222475455,0.7815742045433964,-0.4231458489521292,1.5607398157618233,4,white,2.579446972540607,-0.9388799242470091
-0.1936501463437792,-0.7663696791779749,-0.127234636640164,-0.3828708985398674,-0.0914389893316186,-0.2227836656828007,-0.9691519876973708,5,white,-0.9280907565318617,1.596470512881774
-0.6693762133562691,0.6337058781579427,-0.1001048463826219,0.3084759892618286,0.0332771812219549,-0.0892088768365817,-1.0534817144793436,5,white,-0.9816778565565547,1.0289058864651552
-0.3295718797759189,2.3226859155790494,-0.1814942171552479,1.3033410229276885,-2.024539632912008,-0.6902954266445667,-1.5594600751711836,7,white,-0.6748849287366867,0.06017193018350433
-0.2616110130598489,2.778266057251848,-0.1814942171552479,1.7451285463521988,-1.7751072918048607,-0.6902954266445667,-1.3064708948252637,7,white,-0.7400275947265169,0.6145743841373615
0.2141150539526407,1.8782174846787576,-0.5070517002457526,0.3118484131047858,-1.40095878014414,0.6454524618176217,0.1271344604682791,6,white,-0.8167258266814839,0.8016437333399588
0.2820759206687107,-0.8330399438130187,-0.6155708612759208,-1.3338944222475455,-1.2762426095905663,0.3115154897020743,0.6331128211601191,6,white,-0.9964075288848466,-0.12267280551986949
-0.3295718797759189,1.4559724753234813,-0.7783496028211758,-0.4705539184561556,-1.6503911212512872,-1.0242323987601136,0.9704317282880104,6,white,-0.40796605205105646,-0.5323044680900098
-0.941219680220549,1.8004355092712074,-0.6698304417910048,0.3759244661205608,0.0332771812219549,-0.1559962712596912,0.1271344604682791,5,white,-0.022317409350902283,0.010348386469714189
0.2820759206687107,-0.6996994145429313,-0.5613112807608368,-1.3406392699334226,-1.0891683537602077,0.0443659120096371,0.717442547942092,6,white,-1.0615501948746768,0.2651032916065166
-2.0965544143937387,0.2336842903476803,-0.2357537976703321,-0.3086775739952956,-0.2161551598851922,-0.7570828210676762,-0.4631736270055321,5,white,-0.15996757749470839,-0.9480485434864317
0.0102324538044309,-0.6996994145429313,-0.5613112807608368,-0.868499931922522,-0.4655875009923394,-0.2895710601059102,0.5487830943781448,6,white,0.16574575245444204,-0.059687089343317595
-0.7373370800723391,-0.6996994145429313,0.9036973931464336,-0.66952692518932,-0.9644521832066338,-0.8238702154907857,-0.7161628073514522,5,white,-1.3294856949981433,0.7525264761604827
-0.7373370800723391,-0.7663696791779749,-0.6698304417910048,-1.438439561378545,1.2180808014809026,-0.7570828210676762,1.6450695425437962,5,white,-1.1886614204911816,-0.6420575215672109
-0.397532746491989,1.3893022106884378,-0.7512198125636337,-0.51102300457138,0.282709522329102,1.6472633781642632,1.982388449671689,8,white,0.325490429090686,0.02679782562150097
-0.3295718797759189,0.7448229858830154,0.0084143146475463,-0.6627820775034805,-0.4032294157155512,-1.1578071876063327,1.0547614550699849,6,white,0.3412367248568137,1.7616842966406168
-0.2616110130598489,0.722599564338001,0.1440632659352565,0.1769514593873589,-0.4032294157155512,1.2465390116256063,0.0428047336863063,5,white,-0.01812667954991131,0.32715166097287013
-0.2616110130598489,1.5893130045935686,-0.20862400741279,0.2241653931884602,-0.2161551598851922,-1.0910197931832233,0.1271344604682791,6,white,-0.9816778565565547,1.1870699105875182
-0.3295718797759189,0.6559292997029571,-0.2357537976703321,0.1499720686438885,-0.0914389893316186,-0.1559962712596912,-0.547503353787505,5,white,-0.8671388203430221,1.031962092878296
0.0102324538044309,-0.8330399438130187,-0.2357537976703321,-1.4283222898497483,-1.6503911212512872,-0.4899332433752383,1.2234209086339305,6,white,-0.1473953880917362,-0.7541604949232387
0.4179976541008508,1.7004301123186414,-0.3714027489580425,0.8514362279743812,-0.4655875009923394,1.9144129558567,-0.1258547198776393,7,white,-0.6212978287119937,2.216086519899737
-1.077141413652689,-0.8330399438130187,-0.0729750561250798,-0.1872703156496226,-0.2161551598851922,-0.9574450043370044,-1.7281195287351292,5,white,-0.31653814776779754,-0.8446389631113963
-0.873258813504479,1.2115148383283212,0.0898036854201723,0.4534902145080523,-0.590303671545913,-1.0242323987601136,-0.547503353787505,4,white,-0.30498258180266086,-0.9971658006659077
-0.397532746491989,1.6559832692286125,-0.20862400741279,0.8008498703303601,-0.9020940979298456,-0.5567206377983478,-0.9691519876973708,6,white,-1.2075818226204647,0.9655670270214461
-0.397532746491989,1.01150404442319,-0.1814942171552479,0.5209386913667471,-0.590303671545913,-0.4899332433752383,-0.1258547198776393,5,white,0.20777728651399854,0.3654566655684109
-0.7373370800723391,-0.7885931007229895,-0.3442729587005004,-1.0506108194410126,0.4697837781594611,0.3783028841251838,0.3801236408141991,6,white,-1.2075818226204647,-0.4350073005412561
-0.7373370800723391,-0.7885931007229895,-0.3442729587005004,-1.0641005148127292,0.4697837781594611,0.2447280952789648,0.3801236408141991,6,white,-1.2380577907148844,-0.410095528684361
-0.2616110130598489,0.611482456612928,-0.127234636640164,-0.0726079049898266,-0.2161551598851922,-1.0242323987601136,-0.1258547198776393,6,white,-1.3052958216052095,-0.40845189533984855
-0.3295718797759189,1.278185102963365,-0.1814942171552479,0.4669799098798062,-0.777377927376272,-0.2227836656828007,-0.6318330805694778,6,white,-1.2075818226204647,1.134190160460587
-0.397532746491989,1.6559832692286125,-0.20862400741279,0.8008498703303601,-0.9020940979298456,-0.5567206377983478,-0.9691519876973708,6,white,-1.2075818226204647,0.7911846240231807
-0.2616110130598489,0.7892698289730444,-0.2900133781854162,-0.0726079049898266,0.0332771812219549,-0.0224214824134723,0.0428047336863063,6,white,-1.1844706906901907,0.6239740636526682
0.0102324538044309,-0.8552633653580332,-0.127234636640164,-0.632430262917053,0.3450676076058875,-0.6235080322214572,-0.3788439002235593,5,white,-0.7294886521992159,0.9609892702550658
-0.5334544799241291,2.100451700128904,-0.2357537976703321,0.008330267240622,-1.0268102684834193,-1.5585315541449891,0.8017722747240648,8,white,-0.4426327499464667,-0.6241955093467958
-0.1936501463437792,-0.2996778267326691,-0.2357537976703321,-1.0236314286975048,-1.0268102684834193,-0.5567206377983478,0.717442547942092,6,white,-0.2545695881411223,-1.1489863516861045
0.553919387532991,-0.8774867869030477,0.0355441049050855,-0.4435745277126851,-1.213884524313781,-1.0242323987601136,-1.1378114412613178,6,white,-0.7211071925972343,-0.2643873904904456
0.6898411209651306,-0.8774867869030477,0.0626738951626302,-0.618940567545299,-0.6526617568226984,-1.0242323987601136,-0.7161628073514522,6,white,-0.9470111586611443,-0.04558757007035762
-0.3295718797759189,-0.2774544051876546,-0.2628835879278742,-0.9460656803100134,-0.9644521832066338,-0.4899332433752383,0.6331128211601191,6,white,-0.3501882222253723,-0.9948158807870809
-0.5334544799241291,-0.0996670328275381,1.1207357152067705,-0.1400563818485213,-0.4655875009923394,-0.2895710601059102,-0.800492534133425,6,white,-0.5340606542297257,0.397418197061786
-0.1256892796277091,1.1448445736932773,0.361101587995593,0.7165392742569917,-2.273971974019155,-0.4899332433752383,-1.3908006216072364,6,white,-0.7137423564330883,1.3628648866544117
-0.2616110130598489,0.6337058781579427,0.0084143146475463,-0.0962148718903772,0.2203514370523139,-1.1578071876063327,-0.4631736270055321,6,white,-1.2948189971027324,-0.758860334680892
-0.8052979467884089,-0.5885823068178585,0.0626738951626302,-0.4705539184561556,-0.2785132451619777,-0.8906576099138948,-1.1378114412613178,6,white,0.21831622904129974,-0.4646189121558044
-0.3295718797759189,1.25596168141835,1.4462931982972749,0.7367738173146227,-0.9020940979298456,-0.8238702154907857,-1.3064708948252637,6,white,-0.052793377445322164,-0.5370043078476631
-0.2616110130598489,-0.0329967681924942,-0.724090022306089,-1.4485568329073415,-0.8397360126530602,0.3115154897020743,1.898058722889716,7,white,-0.8324721224476115,-0.24182553851237723
0.2141150539526407,-0.8774867869030477,-0.0729750561250798,-0.2951878786235417,-0.9020940979298456,0.1111533064327466,-0.8848222609153978,5,white,0.0249214779474806,-0.40398311585807944
0.146154187236571,0.1225671826226075,-0.2900133781854162,-0.5211402761001767,-0.0290809040548305,-1.0242323987601136,0.3801236408141991,5,white,-0.8934240586364512,0.32103924814658846
-0.6014153466401989,2.0337814354938595,-0.5341814905032947,0.251144783931968,-0.9020940979298456,-1.0242323987601136,0.0428047336863063,6,white,-0.7179330862340794,-0.42795754090477606
-0.6014153466401989,0.9892806228781756,0.0084143146475463,0.3860417376493575,0.0332771812219549,-0.7570828210676762,-0.4631736270055321,5,white,-0.060158213609467805,1.598114146226287
-0.2616110130598489,-0.2107841405526109,-0.724090022306089,-1.3204047268758292,0.5321418634362493,-1.0242323987601136,0.9704317282880104,7,white,-0.9553926182631258,-0.6693192133029326
-0.3295718797759189,-0.0774436112825234,-0.5884410710183786,-1.3338944222475455,-0.6526617568226984,-1.1578071876063327,1.6450695425437962,7,white,0.2760940588669839,-0.9426424171944641
0.8937237211133408,-0.810816522268004,-0.4799219099882105,-1.330521998404626,-0.9644521832066338,-0.4231458489521292,0.464453367596172,7,white,-0.35437895202636294,0.33513876741954834
1.641293254990111,-0.9219336299930768,-0.4256623294731292,-1.1281765678285045,-0.4032294157155512,0.5786650673945123,-0.7161628073514522,5,white,-1.5059932908383507,0.9689763767017442
-0.397532746491989,3.3894101497397484,-0.5341814905032947,0.9222571286760332,-1.1515264390369928,-1.0242323987601136,1.4764100889798504,6,white,-0.40796605205105646,1.0413617723936026
0.6898411209651306,-0.3441246698226982,-0.5884410710183786,-1.4586741044361384,-0.2785132451619777,-1.0242323987601136,1.392080362197876,6,white,-0.5456162201948622,0.40141175028512527
-0.6693762133562691,-0.5219120421828147,-0.3714027489580425,-0.7268581305192181,3.2758976156148654,1.5136885893180445,0.6331128211601191,6,white,-1.5616757557635392,1.1184470078431146
-0.3295718797759189,-0.8552633653580332,-0.1001048463826219,-0.976417494896441,-0.0290809040548305,-1.0242323987601136,0.8861020015060377,5,white,0.4410460887420542,0.7031781587051228
-0.465493613208059,-0.8552633653580332,-0.4527921197306684,-1.5092604620801595,0.5321418634362493,0.1779407008558561,0.6331128211601191,6,white,-1.4828821589080772,-0.9652042691725325
-0.465493613208059,-0.6774759929979167,-0.4256623294731292,-1.2664459453888508,0.282709522329102,0.1779407008558561,0.464453367596172,6,white,-1.2569781928441672,-0.23947561863355055
-0.1936501463437792,-0.8774867869030477,-0.4256623294731292,-1.4080877467921171,0.2203514370523139,0.2447280952789648,0.5487830943781448,6,white,-1.3294856949981433,-0.19740812109055467
-0.1936501463437792,-0.7885931007229895,-0.2900133781854162,-1.1146868724567502,-0.4655875009923394,-0.5567206377983478,0.6331128211601191,6,white,-0.4111401584142116,0.10858290082866616
0.0102324538044309,-0.8552633653580332,-0.4256623294731292,-1.603688329682362,-0.9644521832066338,-0.5567206377983478,1.2234209086339305,6,white,-0.3081566881658158,-0.2916490822261673
-0.8052979467884089,2.900494875749428,0.333971797738051,1.5326658442472805,-0.4655875009923394,-0.2227836656828007,-1.475130348389209,6,white,-0.5193309819014337,0.6643979278511516
-0.0577284129116391,-0.3219012482776837,-0.2900133781854162,-1.4553016805932186,-0.4655875009923394,-1.2913819764525514,1.2234209086339305,8,white,-0.022317409350902283,-0.078486448373931
-0.0577284129116391,-0.3441246698226982,-0.2900133781854162,-1.4485568329073415,-0.4655875009923394,-1.4917441597218797,1.2234209086339305,7,white,-0.14841201152957154,0.090489828332367
1.2335280546936906,1.567089583048554,-0.20862400741279,0.93237440020483,-1.3386006948673546,-0.6235080322214572,-1.3064708948252637,5,white,-0.1705065200220093,0.8117496993895794
-0.6693762133562691,2.756042635706833,-0.0729750561250798,1.34718253288587,-0.6526617568226984,0.4450902785482933,-1.0534817144793436,6,white,-0.970122290591418,0.9346649253295425
-0.465493613208059,1.567089583048554,0.0626738951626302,1.0638989300792996,-0.5279455862691249,0.1779407008558561,-1.5594600751711836,6,white,-0.56136251596099,0.8263244449209696
0.0102324538044309,-0.455241777547771,1.0393463444341442,-1.6846265019128108,-0.777377927376272,0.6454524618176217,1.898058722889716,6,white,0.07330122473334731,-1.163792157493379
0.2820759206687107,-0.7663696791779749,-0.127234636640164,-1.617178025054116,-0.777377927376272,-0.2227836656828007,0.8017722747240648,7,white,-1.5511989312610623,-0.8039840386370288
-0.6014153466401989,0.1447906041676221,-0.2357537976703321,-0.2412290971365635,-0.9020940979298456,0.0443659120096371,-0.4631736270055321,5,white,-1.2223114949487568,0.9642765369440909
-0.6693762133562691,0.1225671826226075,-0.2628835879278742,-0.2378566732936437,-0.8397360126530602,0.0443659120096371,-0.4631736270055321,5,white,-1.1802799608892003,1.0039941146082603
0.146154187236571,0.3892482411627823,0.0626738951626302,0.2848690223613154,0.6568580339898229,0.1779407008558561,-0.2101844466596121,5,white,-0.4195216180161931,2.089299823727708
0.0102324538044309,2.344909337124064,-0.0729750561250798,0.9458640955765838,0.1579933517755285,0.1779407008558561,-0.1258547198776393,5,white,-0.3890456499217736,2.6756638091749405
-0.0577284129116391,0.2114608688026658,-0.9953879248815094,-1.5935710581535654,-0.0290809040548305,-1.6253189485680986,2.4040370835815548,7,white,-0.5077754159362969,-1.0523954706716652
0.0102324538044309,-0.7219228360879458,-0.6698304417910048,-1.2091147400589528,-1.0891683537602077,0.5786650673945123,0.5487830943781448,6,white,-0.4499975861106129,-0.2801305431079182
-0.397532746491989,0.7892698289730444,-0.2357537976703321,0.6288562543406662,0.2203514370523139,-1.1578071876063327,-1.2221411680432908,5,white,-0.04441191784334011,1.8183265397150032
-0.3295718797759189,1.4337490537784667,-0.4527921197306684,-0.1434288056914411,0.6568580339898229,-1.4917441597218797,0.2114641872502534,6,white,-1.2075818226204647,-0.16638393640737786
-0.2616110130598489,0.611482456612928,-0.5070517002457526,-1.0236314286975048,0.095635266498743,-1.2913819764525514,1.6450695425437962,6,white,-0.5340606542297257,-0.47308124486091285
-0.5334544799241291,-0.5885823068178585,-0.2900133781854162,-0.740347825890972,2.527600592293424,1.3133264060487158,0.6331128211601191,5,white,-1.0583760885115214,0.10223942772650028
-0.6014153466401989,-0.0107733466474797,-0.5884410710183786,-1.475536223650812,1.46751314258805,-0.3563584545290197,1.898058722889716,6,white,0.5808537398111804,-0.22560715963647476
0.0102324538044309,-0.7885931007229895,-0.4256623294731292,-1.7014886211274844,-0.0290809040548305,-0.9574450043370044,1.8137289961077416,6,white,-0.8093609905173382,-1.399747703599568
0.2141150539526407,0.0781203395325785,-0.0729750561250798,-0.5616093622154009,-0.777377927376272,0.0443659120096371,0.3801236408141991,7,white,-0.9123444607657338,1.2719111922078241
-0.1936501463437792,1.5226427399585252,-0.127234636640164,0.3051035654189089,-1.2762426095905663,0.3115154897020743,-0.1258547198776393,6,white,-0.49202912017016914,1.267211352450171
-0.3295718797759189,0.8781635151531028,-0.154364426897706,-0.1468012295343983,0.1579933517755285,-0.0224214824134723,0.1271344604682791,6,white,-1.016344554451965,0.7875442140669986
-0.2616110130598489,1.1003977306032484,-0.0458452658675378,-0.1805254679637457,-0.0290809040548305,-1.2245945820294422,0.2957939140322263,6,white,-0.9932334225216917,1.2415932940589616
-0.1936501463437792,1.5226427399585252,-0.127234636640164,0.3118484131047858,-1.213884524313781,0.3115154897020743,-0.1258547198776393,6,white,-0.5760921882892822,1.5233788306556015
-0.1936501463437792,2.3226859155790494,0.1983228464503406,0.9559813671053806,-0.4032294157155512,-0.8238702154907857,-0.7161628073514522,7,white,-0.9617408309894364,1.0485270621680247
-0.465493613208059,2.2115688078539764,-0.0458452658675378,1.057154082393423,-0.2161551598851922,-0.0224214824134723,-0.800492534133425,6,white,-1.1498039927947803,-0.8018651790340863
-0.2616110130598489,-0.810816522268004,-0.5070517002457526,-2.504125495746019,-0.777377927376272,-1.6253189485680986,2.82568571749142,7,white,-1.196026256655328,-0.0789616746323611
-0.0577284129116391,0.9670572013331612,-0.2900133781854162,0.8784156187178891,-0.9644521832066338,0.5118776729714027,-0.9691519876973708,5,white,0.7772983612185056,0.04043522434269269
0.0102324538044309,-0.2996778267326691,-0.6698304417910048,-1.0775902101844832,-0.777377927376272,0.9126020395100596,1.6450695425437962,6,white,-0.2545695881411223,0.9414836246901385
1.0296454545454805,-0.810816522268004,-0.20862400741279,-0.618940567545299,-0.2161551598851922,-0.5567206377983478,-0.8848222609153978,5,white,-0.7830757522239096,1.7008174400670075
1.2335280546936906,0.3225779765277387,-0.2357537976703321,0.0892684394710707,-0.2161551598851922,-0.5567206377983478,-0.800492534133425,5,white,-0.6454255840801029,2.125254908444422
1.3694497881258307,0.2781311334377095,-0.2628835879278742,0.0926408633139904,-0.2785132451619777,-0.6235080322214572,-0.800492534133425,5,white,-0.5077754159362969,2.2046900637727607
-0.1256892796277091,1.922664327768787,-0.0187154756099985,1.2527546652836674,-2.024539632912008,-0.6235080322214572,-1.5594600751711836,7,white,-0.6748849287366867,0.7889567871356269
0.4179976541008508,-0.7885931007229895,0.1169334756777144,-0.8819896272942385,-0.2785132451619777,-0.4899332433752383,-0.1258547198776393,5,white,-0.3617437881905089,-0.6429948683774092
0.2141150539526407,-0.7663696791779749,0.1711930561927986,-0.9089690180377088,-0.0290809040548305,-0.2227836656828007,0.1271344604682791,5,white,-0.2587603179421133,-0.6157331766416875
0.2141150539526407,-0.810816522268004,-0.1814942171552479,-1.4654189521220151,-0.3408713304387659,-0.3563584545290197,1.2234209086339305,7,white,-0.8513925245768947,-0.6669692934241058
-0.0577284129116391,-0.3441246698226982,-0.3442729587005004,-1.5362398528236674,-0.2161551598851922,-1.0910197931832233,1.3077506354159032,7,white,-1.2380577907148844,0.7438330831794903
0.0102324538044309,-0.8997102084480624,-0.4527921197306684,-1.9139513232324028,0.5321418634362493,-0.8906576099138948,2.1510479032356344,8,white,-1.2223114949487568,0.4044679566982661
-0.397532746491989,-0.810816522268004,-0.4799219099882105,-1.5362398528236674,0.5944999487130347,-0.8238702154907857,1.5607398157618233,6,white,-1.2990097269037235,-0.12737264527752273
0.146154187236571,-0.7885931007229895,-0.5884410710183786,-1.7014886211274844,0.095635266498743,-1.1578071876063327,1.729399269325769,7,white,-0.8398369586117577,0.7050528523255193
0.3500367873847808,-0.7663696791779749,-0.4527921197306684,-1.4991431905513628,-0.4655875009923394,0.8458146450869501,1.2234209086339305,5,white,-0.8513925245768947,-0.12502272539869608
-0.3295718797759189,0.0336734964425493,0.0898036854201723,-0.6796441967181542,0.282709522329102,0.2447280952789648,0.8861020015060377,6,white,-0.23983991581283046,0.04677869744485857
3.6801192564722105,-0.810816522268004,3.1825997747799653,-0.5582369383724812,-1.8998234623584345,-0.2227836656828007,-1.0534817144793436,5,white,-0.0790786157387507,0.04865339106525512
-0.6693762133562691,1.5226427399585252,-0.1814942171552479,0.6929323073564411,-1.0268102684834193,0.3115154897020743,-1.0534817144793436,6,white,-0.9280907565318617,2.1969340176019663
0.4859585208169208,-0.5885823068178585,-0.2357537976703321,-1.080962634027403,-0.153797074608404,0.0443659120096371,0.464453367596172,7,white,-0.14422128172858076,0.33420142060935015
0.0781933205205009,-0.4107949344577419,-0.20862400741279,-0.4368296800268081,-0.777377927376272,1.0461768283562778,-0.2945141734415865,6,white,-0.6601552564083952,2.091880803882419
0.0781933205205009,-0.7441462576329604,-0.5341814905032947,-0.976417494896441,0.0332771812219549,0.8458146450869501,0.0428047336863063,6,white,-0.8324721224476115,0.1833182163993514
0.0781933205205009,-0.1885607190075962,-0.5070517002457526,-1.1686456539437284,-0.4032294157155512,-0.7570828210676762,0.6331128211601191,7,white,-1.40618392695311,0.9884820222666717
0.553919387532991,2.300462494034035,-0.127234636640164,1.3707894997864207,-0.153797074608404,1.0461768283562778,-0.9691519876973708,5,white,-0.6065681563837017,3.069077092869178
1.9810975885704605,1.7671003769536853,-0.1001048463826219,0.8581810756602583,-0.8397360126530602,-0.2227836656828007,-1.0534817144793436,6,white,-0.5266958180655796,0.1490067650271496
0.0102324538044309,0.1225671826226075,-0.4799219099882105,-0.9797899187393608,-1.6503911212512872,-0.0892088768365817,0.464453367596172,6,white,-0.7252979223982253,-1.1715482036641731
1.641293254990111,1.0337274659682043,-0.0458452658675378,0.5108214198379504,-0.590303671545913,0.7790272506638407,-0.547503353787505,6,white,0.30339592059824816,0.09895216103747544
-0.1256892796277091,-0.5663588852728438,-0.4256623294731292,-1.310287455346995,0.5321418634362493,0.5118776729714027,1.0547614550699849,7,white,-0.7294886521992159,-0.44111971336753775
-0.2616110130598489,-0.2330075620976254,-0.4527921197306684,-1.4283222898497483,0.2203514370523139,0.7122398562407312,1.729399269325769,7,white,-0.4962198499711598,-0.6521634876168317
0.0102324538044309,-0.8552633653580332,-0.3714027489580425,-0.733602978205095,-1.0268102684834193,0.9793894339331692,-0.0415249930956665,5,white,-0.10536385403217967,-0.8039840386370288
0.146154187236571,-0.6774759929979167,-0.5341814905032947,-1.7048610449704042,-0.2161551598851922,-0.2227836656828007,1.4764100889798504,6,white,-1.1424391566306344,0.31962667507796
-0.1256892796277091,-0.8552633653580332,-0.2357537976703321,-1.3777359322056897,0.5944999487130347,0.5786650673945123,0.6331128211601191,6,white,-1.085677950242786,-0.13912224467165615
-0.7373370800723391,0.0114500748975346,1.0936059249492256,-0.214249706393093,-0.9644521832066338,-0.4899332433752383,-0.800492534133425,5,white,-1.0005982586858375,-0.47237495832659865
-0.1256892796277091,-0.810816522268004,-0.4527921197306684,-1.580081362781811,-0.153797074608404,-1.3581693708756608,1.2234209086339305,6,white,-0.6370441244781214,-1.27354521097058
0.2141150539526407,-0.8552633653580332,-0.1814942171552479,-1.0641005148127292,-0.8397360126530602,-0.5567206377983478,0.5487830943781448,5,white,0.001810346017207012,0.5593447141316039
-0.5334544799241291,0.3225779765277387,-0.3442729587005004,-0.3558915077963595,-0.6526617568226984,-1.3581693708756608,-0.2945141734415865,6,white,-0.8818684926713141,-0.25663134431965146
0.0781933205205009,-0.8330399438130187,-0.3171431684429583,-1.3069150315040752,-1.5256749506977136,-0.6235080322214572,1.5607398157618233,6,white,0.16257164609128674,-0.33606649964798996
-0.5334544799241291,-0.5219120421828147,-0.4527921197306684,-1.994889495462814,-1.7751072918048607,-1.0242323987601136,2.4040370835815548,8,white,0.3832682589163702,-0.5774281720461465
-0.1936501463437792,-0.8330399438130187,-0.5613112807608368,-1.9847722239340173,0.095635266498743,-1.2245945820294422,1.729399269325769,6,white,-1.2800893247744407,-0.7743724270224803
1.0976063212615506,0.5225887704328698,-0.1001048463826219,0.0622890487276003,-0.2785132451619777,-0.0224214824134723,-0.6318330805694778,5,white,-0.6759015521745229,0.5920125321592933
1.4374106548419008,1.7448769554086707,-0.20862400741279,1.1414646784668283,-1.7751072918048607,-0.5567206377983478,-1.2221411680432908,5,white,0.43368125257790846,1.6192634251357267
0.0781933205205009,-0.8552633653580332,-0.3442729587005004,-1.4114601706350745,-1.213884524313781,-0.6902954266445667,1.6450695425437962,6,white,-0.01711005611207591,-0.24417545839120386
-0.3295718797759189,-0.5441354637278293,-0.6427006515334628,-1.2394665546453805,-1.0891683537602077,-1.2913819764525514,0.9704317282880104,6,white,0.0007937225793713612,-0.5626223662388723
-0.0577284129116391,-0.6108057283628731,-0.3442729587005004,-1.4856534951796465,0.4074256928826756,-0.4899332433752383,1.982388449671689,6,white,-0.7137423564330883,0.26275337172768987
0.0102324538044309,-0.8330399438130187,-0.0729750561250798,-0.632430262917053,0.4697837781594611,-0.6902954266445667,-0.3788439002235593,5,white,-0.7294886521992159,0.7374896100773245
0.4179976541008508,1.2115148383283212,-0.3442729587005004,0.2140481216596635,-1.0268102684834193,-0.2227836656828007,-0.2101844466596121,6,white,-0.5225050882645886,0.4277360952106486
-0.8052979467884089,2.078228278583889,-0.1814942171552479,0.7165392742569917,0.095635266498743,-0.8238702154907857,-0.2101844466596121,6,white,-0.8061868841541826,0.3311452141962093
-0.1256892796277091,-0.8552633653580332,-0.5613112807608368,-1.1922526208442792,0.7192161192666082,0.1779407008558561,0.2114641872502534,7,white,-0.9932334225216917,0.38660594447785107
-0.1936501463437792,-0.4330183560027564,-0.9139985541088832,-1.3001701838181985,0.1579933517755285,-0.1559962712596912,0.5487830943781448,6,white,-1.345231990764271,-0.7511042885100978
0.0102324538044309,-0.7441462576329604,-0.8868687638513413,-1.24621140233122,0.4074256928826756,0.4450902785482933,1.0547614550699849,6,white,-0.8093609905173382,-0.3111547277910949
-0.7373370800723391,0.2114608688026658,-0.1814942171552479,-0.214249706393093,-0.9020940979298456,0.0443659120096371,-0.6318330805694778,6,white,-1.3830727950228365,0.08743362191922609
0.6898411209651306,1.5004193184135106,-0.4256623294731292,0.5748974728537253,-1.1515264390369928,-0.2895710601059102,-0.4631736270055321,6,white,0.08904752049947494,1.0606363576826463
0.3500367873847808,0.255907711892695,-0.127234636640164,0.5007041483091536,0.095635266498743,-0.9574450043370044,-1.475130348389209,4,white,-0.4731087180408866,-0.05521830986154847
1.4374106548419008,-0.810816522268004,2.31444648653862,-0.6526648059746464,-0.5279455862691249,-0.0892088768365817,-0.3788439002235593,4,white,-0.23247507964868455,-1.556268094377418
-0.5334544799241291,1.567089583048554,-0.0187154756099985,0.8919053140896056,-1.0891683537602077,-0.2227836656828007,-0.8848222609153978,5,white,0.28764962483212064,2.702219214376348
-1.2130631470848288,-0.25523098364264,0.0898036854201723,-0.3693812031681134,-0.9644521832066338,-1.2913819764525514,-1.1378114412613178,4,white,-0.44682347974745784,-0.13442240491400273
0.0102324538044309,-0.0996670328275381,-0.4256623294731292,-0.9089690180377088,-1.8998234623584345,1.3801138004718252,1.392080362197876,6,white,0.36117375042393235,0.8589922629486588
-0.1936501463437792,-0.8552633653580332,-0.2900133781854162,-1.418205018320914,-0.0290809040548305,-0.0224214824134723,0.6331128211601191,6,white,-1.2990097269037235,-0.3165608540830624
0.146154187236571,0.6781527212479715,-0.5070517002457526,-0.6931338920898706,0.2203514370523139,-1.6253189485680986,1.3077506354159032,6,white,-0.7599646202936357,0.7400705902320353
-1.416945747233039,-0.8774867869030477,-0.7512198125636337,-1.273190793074728,1.7793035689719825,-0.3563584545290197,0.5487830943781448,4,white,-0.6653626096472216,-1.7407564634253045
0.2141150539526407,0.3225779765277387,-0.7512198125636337,-1.2192320115877495,0.4074256928826756,-0.6235080322214572,1.6450695425437962,7,white,-1.4944377248732137,-0.49799301671780793
-0.3295718797759189,1.122621152148263,-0.0187154756099985,0.1095029825286641,0.5321418634362493,0.1779407008558561,0.0428047336863063,5,white,-0.5403467489312119,1.2242065080969764
1.7092541217061803,1.25596168141835,-0.0187154756099985,0.0353096579840924,0.1579933517755285,0.5118776729714027,-0.1258547198776393,7,white,-1.24015315561538,2.137004507838556
-0.3295718797759189,-0.4107949344577419,-0.2628835879278742,-0.7369754020480522,1.342796972034476,-0.0224214824134723,-0.3788439002235593,7,white,-1.6856749930417132,-0.8204334777888154
-0.6014153466401989,1.633759847683598,-0.2357537976703321,0.534428386738501,-0.7150198420994867,0.1779407008558561,-0.547503353787505,6,white,-0.7715201862587724,1.2000010227743956
-0.465493613208059,0.0336734964425493,-0.2900133781854162,-0.8482653888648911,-1.588033035974499,0.9793894339331692,0.3801236408141991,6,white,-0.8440276884127487,-0.5207859289717606
-0.6014153466401989,-0.0107733466474797,-0.3171431684429583,-0.6492923821317266,-1.7751072918048607,0.6454524618176217,-0.4631736270055321,6,white,-1.1729151247250542,-0.6975182518488526
0.3500367873847808,-0.5663588852728438,0.2525824269654248,-1.6509022634834634,-0.5279455862691249,-0.7570828210676762,1.8137289961077416,6,white,0.17730131841957872,-0.353928511868405
-0.2616110130598489,0.9226103582431318,-0.5613112807608368,-0.8347756934931372,-0.9644521832066338,-1.2245945820294422,1.3077506354159032,6,white,-0.136856445564435,-1.0711948297022786
0.0781933205205009,0.411471662707797,-0.127234636640164,-0.2479739448224404,0.0332771812219549,-0.4899332433752383,-0.1258547198776393,6,white,-0.970122290591418,-0.23101328592844222
-0.1256892796277091,-0.6774759929979167,-0.1814942171552479,-0.8415205411790141,0.095635266498743,-0.4231458489521292,-0.1258547198776393,6,white,-1.0121538246509745,-0.20610151407154714
-0.941219680220549,2.2115688078539764,-0.4527921197306684,0.9526089432624608,-0.5279455862691249,-0.2227836656828007,-1.1378114412613178,5,white,-0.6643459862093858,-0.33536021311367586
-0.1256892796277091,-0.8552633653580332,-0.724090022306089,-0.8819896272942385,-1.0891683537602077,0.9793894339331692,-0.0415249930956665,5,white,-0.32707709029509857,-0.5454666405527715
0.2820759206687107,-0.7219228360879458,-0.4256623294731292,-1.5227501574519131,0.282709522329102,2.9830112666264514,1.1390911818519576,7,white,-1.0814872204417951,0.015985573037565915
-0.5334544799241291,1.278185102963365,-0.3985325392155843,0.4939593006232766,-0.9020940979298456,-0.8906576099138948,-0.3788439002235593,6,white,-0.736853488363362,0.8716792091529906
-0.1936501463437792,-0.25523098364264,-0.6155708612759208,-0.7302305543621752,-0.777377927376272,0.3783028841251838,0.464453367596172,6,white,-0.7484090543284985,1.592001733400005
-0.1936501463437792,-0.1885607190075962,-0.5341814905032947,-0.8077963027496667,-0.590303671545913,1.3801138004718252,0.2114641872502534,7,white,-1.2265022247497472,1.9198483207629797
-0.397532746491989,-0.6774759929979167,-1.0225177151390514,-1.3912256275774435,-0.4032294157155512,-0.4231458489521292,1.0547614550699849,6,white,-0.5760921882892822,-0.7841252498049442
1.0976063212615506,1.8782174846787576,-0.5070517002457526,1.2358925460689938,-1.1515264390369928,-0.3563584545290197,-1.1378114412613178,5,white,0.2729199525038282,0.5781440731622173
1.0296454545454805,1.833770641588729,-0.5341814905032947,1.2426373937548707,-1.1515264390369928,-0.2227836656828007,-1.1378114412613178,5,white,0.23088841844427174,0.4987089178338788
-0.397532746491989,-0.6330291499078875,-0.9139985541088832,-1.7655646741432591,-0.9644521832066338,0.0443659120096371,1.4764100889798504,6,white,-1.5018025610373598,-0.5969338176110741
1.0296454545454805,-0.810816522268004,2.3958358573112464,-0.6054508721735825,-0.8397360126530602,0.1779407008558561,-0.3788439002235593,6,white,-0.26295104774310446,-0.037125237365249246
-0.8052979467884089,-0.7663696791779749,-0.4527921197306684,-1.1753905016296056,0.1579933517755285,-0.5567206377983478,0.717442547942092,6,white,-1.5627544972261986,-0.16168409664972444
-0.873258813504479,-0.6330291499078875,-0.3442729587005004,-0.8246584219643404,-0.2161551598851922,-0.6902954266445667,-0.1258547198776393,6,white,-1.3988190907889642,0.9400710516215101
-0.397532746491989,2.1671219647639477,-0.1001048463826219,0.7502635126863392,-0.153797074608404,-1.2245945820294422,-0.6318330805694778,6,white,-1.2601522992073224,0.31657046866481914
-0.5334544799241291,-0.7219228360879458,-0.2628835879278742,-0.6830166205610739,0.4697837781594611,-0.6902954266445667,-0.547503353787505,6,white,-0.5529810563590085,-0.32901674001150993
-1.484906613949109,-0.8330399438130187,-0.5613112807608368,-1.252956250017097,1.5922293131416234,0.0443659120096371,0.5487830943781448,4,white,-0.4972364734089959,-1.255683198750165
-0.5334544799241291,1.078174309058234,0.0355441049050855,0.3826693138064378,-0.4655875009923394,-0.4899332433752383,0.2957939140322263,5,white,-0.07488788593775998,-0.1889457883854463
-0.397532746491989,0.0114500748975346,-0.154364426897706,-0.1265666864767674,-0.4655875009923394,-0.8238702154907857,-1.1378114412613178,5,white,-0.7105682500699332,-0.4965804436491795
-0.6014153466401989,-0.7885931007229895,-0.6427006515334628,-1.967910104719344,-1.6503911212512872,-1.2245945820294422,1.2234209086339305,5,white,-0.8597739841788763,0.4418356144836087
-0.6014153466401989,-0.7885931007229895,-0.6155708612759208,-1.964537680876424,-1.6503911212512872,-1.2913819764525514,1.3077506354159032,6,white,-0.9438370522979893,0.3624004591552701
-2.028593547677669,1.3448553675984083,-0.5613112807608368,-0.6931338920898706,3.2758976156148654,-0.6235080322214572,1.5607398157618233,6,white,-1.9735475187322986,-0.3999895626347401
-0.6693762133562691,0.0447852072150566,-0.5070517002457526,-0.9089690180377088,-0.0290809040548305,-0.8906576099138948,0.5487830943781448,6,white,-0.4772994478418773,0.9393647650871958
-0.3295718797759189,-0.6108057283628731,-0.3985325392155843,-1.6913713495986875,0.5944999487130347,-0.8238702154907857,1.8137289961077416,7,white,-0.7946313181890461,-0.3649718247282242
1.5053715215579708,0.6337058781579427,-0.5613112807608368,-0.6290578390740957,0.2203514370523139,-0.4231458489521292,1.392080362197876,6,white,0.5703147972838791,0.404236896422382
-1.824710947529459,0.6559292997029571,-0.5613112807608368,-0.6223129913882561,0.2203514370523139,-0.4899332433752383,1.392080362197876,6,white,0.7499964994872417,0.18308715612346727
-1.077141413652689,-0.810816522268004,-0.3985325392155843,-1.8262683033160767,0.0332771812219549,-1.0910197931832233,1.392080362197876,6,white,-1.3641523928935537,0.3663940123786093
-0.3295718797759189,-0.6108057283628731,-0.3442729587005004,-1.6981161972845271,0.5321418634362493,-0.8238702154907857,1.8137289961077416,7,white,-0.8786943863081591,-0.3626219048493976
-0.1936501463437792,-0.3441246698226982,-0.4527921197306684,-1.53286742898071,-0.3408713304387659,-1.1578071876063327,1.3077506354159032,6,white,-1.333676424799134,0.2766218307247658
-0.6014153466401989,1.922664327768787,-0.3171431684429583,1.2021683076396463,-0.7150198420994867,-0.0224214824134723,-0.9691519876973708,5,white,0.4252997929759267,1.52479140372423
-0.1256892796277091,1.078174309058234,-0.4256623294731292,0.1567169163297654,-0.9644521832066338,-0.2227836656828007,-0.3788439002235593,6,white,-0.8934240586364512,2.09493701029556
-0.8052979467884089,2.300462494034035,-0.3714027489580425,1.3303204136711964,-0.9020940979298456,0.0443659120096371,-0.9691519876973708,5,white,0.14999945668831438,2.153222886714458
-0.8052979467884089,2.433803023304122,-0.3442729587005004,1.37753434747226,-0.0290809040548305,-0.4899332433752383,-1.3908006216072364,6,white,-1.333676424799134,0.421623682384367
-0.8052979467884089,-0.5885823068178585,-0.8054793930787151,-1.9139513232324028,2.0910939953559176,-0.5567206377983478,2.0667181764536617,7,white,-1.223328118386592,-0.08459886120021266
0.2141150539526407,0.100343761077593,-0.0729750561250798,0.0690338964134398,-0.9020940979298456,-0.2227836656828007,-0.2101844466596121,5,white,-0.5298699244287347,1.134665386719017
-0.1936501463437792,-0.6108057283628731,-0.4527921197306684,-1.1045696009279535,-0.9644521832066338,-0.5567206377983478,-0.3788439002235593,4,white,-1.5553896610620532,-1.8302975848032639
-0.3295718797759189,2.611590395664239,-0.4527921197306684,0.8008498703303601,0.0332771812219549,-1.0242323987601136,-0.0415249930956665,6,white,-0.9816778565565547,0.8989409008887121
-0.5334544799241291,2.8338246111143843,0.0626738951626302,1.0773886254510536,0.4697837781594611,-0.2227836656828007,-0.3788439002235593,5,white,-1.1655502885609081,-0.1562779703577571
-0.397532746491989,0.3892482411627823,-0.20862400741279,-0.5852163291159516,-0.4655875009923394,-0.7570828210676762,0.3801236408141991,6,white,-1.2569781928441672,-0.5821280118037999
-1.0091805469366188,-0.7663696791779749,-0.2900133781854162,-0.5582369383724812,-0.9020940979298456,-0.6902954266445667,-0.4631736270055321,5,white,-0.06333231997262316,-0.044881283536043384
0.0781933205205009,-0.0774436112825234,-0.724090022306089,-0.8482653888648911,-2.1492558034655813,0.0443659120096371,-0.0415249930956665,6,white,-0.7211071925972343,-0.6747253395949001
-0.3295718797759189,1.5004193184135106,-0.2357537976703321,0.5141938436808701,-2.211613888742367,-0.2895710601059102,-0.7161628073514522,6,white,-0.6832663883386688,-0.107160713178281
0.2820759206687107,2.367132758669078,-0.3171431684429583,1.5798797780483818,0.1579933517755285,1.5136885893180445,-0.9691519876973708,5,white,-0.5719014584882912,2.3659102943082644
0.0102324538044309,0.1670140257126366,-0.4256623294731292,-0.5312575476290108,-0.3408713304387659,0.1111533064327466,0.5487830943781448,6,white,-0.6906312245028146,-0.3377101329925025
-0.2616110130598489,0.8781635151531028,-0.2900133781854162,0.0487993533558463,-0.777377927376272,0.1111533064327466,0.2114641872502534,5,white,-0.42269572437934816,-0.23336320580726888
0.2141150539526407,0.8337166720630738,-0.5341814905032947,-0.22099455407897,-0.590303671545913,-0.2895710601059102,0.3801236408141991,6,white,-0.7211071925972343,-0.10011095354180105
-2.164515281109809,1.1448445736932773,-0.5070517002457526,-0.4671814946132358,1.342796972034476,-0.4899332433752383,1.5607398157618233,6,white,-1.2191373885856016,-0.7153802640692677
-0.1256892796277091,0.3448013980727531,4.105012643536395,0.0825235917851937,-0.777377927376272,-0.8906576099138948,-0.9691519876973708,6,white,-0.7599646202936357,1.6869489810699316
-0.1256892796277091,0.3225779765277387,4.132142433793938,0.0825235917851937,-0.777377927376272,-0.8906576099138948,-0.9691519876973708,5,white,-0.6643459862093858,1.7912959082551656
-0.6014153466401989,0.8559400936080883,1.3106442470095645,0.8042222941733174,-1.3386006948673546,0.3115154897020743,-0.8848222609153978,5,white,-0.02549151571405718,0.19013691575994723
0.4859585208169208,1.3448553675984083,-0.6155708612759208,0.547918082110255,-1.0891683537602077,-0.0892088768365817,-0.4631736270055321,6,white,0.1310790545590314,0.9196280592463841
-0.1936501463437792,-0.1885607190075962,-0.3714027489580425,-1.4620465282790955,-0.4032294157155512,-1.4917441597218797,1.6450695425437962,6,white,-0.5225050882645886,0.11633894699946032
-0.465493613208059,-0.7663696791779749,-0.3442729587005004,-0.8212859981214207,1.0310065456505435,0.3783028841251838,0.2957939140322263,6,white,-1.0352649565812482,-0.22866336604961554
-0.5334544799241291,0.5225887704328698,-0.3442729587005004,0.0285648102982155,0.9686484603737554,0.3115154897020743,-0.0415249930956665,6,white,-1.100407622571078,-0.3727278708990184
-0.3295718797759189,1.4337490537784667,-0.1814942171552479,0.0757787440993168,-0.0290809040548305,-1.0910197931832233,0.2114641872502534,6,white,-1.0352649565812482,1.0679171775950103
-0.3295718797759189,-0.7663696791779749,-0.4799219099882105,-0.9292035610953396,0.9686484603737554,0.2447280952789648,0.3801236408141991,7,white,-0.9049796246015878,0.26040345184886315
-0.1936501463437792,-0.6774759929979167,-0.5613112807608368,-1.256328673860054,0.6568580339898229,0.5118776729714027,1.0547614550699849,6,white,-0.8976147884374417,-0.8951687933595007
-0.465493613208059,-0.0552201897375089,-0.5070517002457526,-0.8617550842366449,0.8439322898201819,1.1797516172024969,1.729399269325769,6,white,-0.3470141158622171,-0.47166867179228444
-0.5334544799241291,1.0559508875132193,-0.0729750561250798,0.3084759892618286,-0.3408713304387659,-0.9574450043370044,-0.2945141734415865,6,white,-1.3662477577940493,1.472849000407497
-0.2616110130598489,-0.6996994145429313,-0.2900133781854162,-1.5396122766665872,-0.6526617568226984,-1.4917441597218797,1.2234209086339305,5,white,-0.5414254903938718,-0.020675798213462573
-0.1256892796277091,-0.7663696791779749,-0.4527921197306684,-1.2293492831165462,0.5944999487130347,0.7790272506638407,0.8017722747240648,6,white,-0.7484090543284985,-0.7884719462954404
-0.6693762133562691,0.5003653488878551,-0.5884410710183786,-0.9494381041529332,-0.153797074608404,-0.9574450043370044,1.1728230725647462,7,white,-0.21355467751940196,-0.24346917185688974
-0.5334544799241291,0.0781203395325785,-0.5884410710183786,-1.495770766708443,-0.6526617568226984,-0.6235080322214572,1.9767664678861965,7,white,0.0007937225793713612,0.12879483292790778
-0.8052979467884089,1.1892914167833066,0.7951782321162655,0.7671256319010128,-0.590303671545913,-0.8906576099138948,-0.9691519876973708,5,white,1.0042810687450756,-0.7682600141961986
-0.397532746491989,-0.6996994145429313,-0.5070517002457526,-1.7655646741432591,-1.40095878014414,-0.4231458489521292,1.392080362197876,7,white,-0.29342701583752356,1.4082196508864329
0.2141150539526407,0.5892590350679134,-0.0187154756099985,0.2477723600890108,-0.4032294157155512,-0.2227836656828007,-0.8848222609153978,5,white,-0.790440588388055,1.5520530954599518
-0.6693762133562691,1.4337490537784667,-0.5613112807608368,-0.0287663950316825,-1.40095878014414,-1.3581693708756608,0.0428047336863063,6,white,-0.7599646202936357,0.326445374438556
0.0781933205205009,-0.8552633653580332,-0.3985325392155843,-0.8617550842366449,-1.1515264390369928,0.9793894339331692,-0.0415249930956665,7,white,-0.6748849287366867,0.7595762357969629
-0.1256892796277091,-0.6330291499078875,-0.5341814905032947,-1.2428389784883005,-2.0868977181887933,-1.5585315541449891,0.773662365796769,6,white,0.32333294616536695,0.4223299689186811
-0.2616110130598489,-0.8997102084480624,-0.3714027489580425,-1.418205018320914,1.093364630927329,-0.8238702154907857,0.717442547942092,6,white,-1.31056529286886,0.4185674759712261
-0.397532746491989,0.7003761427929861,-0.0729750561250798,0.2848690223613154,-0.6526617568226984,-0.2227836656828007,-0.8848222609153978,5,white,-0.874503656507168,1.5193852774322623
0.146154187236571,0.722599564338001,-0.127234636640164,0.585014744382522,-0.7150198420994867,-0.0892088768365817,-1.1378114412613178,5,white,0.24980882057355505,1.225850141441489
-0.873258813504479,0.9448337797881466,-0.3714027489580425,-0.0692354811468694,0.0332771812219549,-0.0224214824134723,0.3632576954578049,5,white,-0.11793604343515197,0.3038835224604876
-0.397532746491989,0.6781527212479715,-0.0729750561250798,0.2916138700471549,-0.6526617568226984,-0.2895710601059102,-0.9691519876973708,5,white,-0.9165351905667244,1.5069293915038147
-0.3295718797759189,1.9671111708588167,0.0084143146475463,1.1920510361108496,-1.7751072918048607,-0.8238702154907857,-1.475130348389209,8,white,-0.602377426582711,1.1036412020358404
-0.1936501463437792,-0.6774759929979167,-0.3442729587005004,-0.7470926735768489,0.0332771812219549,0.7122398562407312,-0.1258547198776393,8,white,-0.6601552564083952,-0.8227833976676421
1.3694497881258307,2.367132758669078,-0.0729750561250798,1.1279749830950747,-1.1515264390369928,0.5786650673945123,-0.4350637180782363,6,white,-0.2125380540815658,0.5468888282031563
0.2141150539526407,-0.8552633653580332,-0.127234636640164,-1.1652732301008089,1.342796972034476,1.0461768283562778,0.6331128211601191,6,white,-1.0814872204417951,0.6909533330525592
-0.465493613208059,-0.7885931007229895,-0.8868687638513413,-0.740347825890972,0.90629037509697,0.3115154897020743,-0.1258547198776393,6,white,-1.2800893247744407,-0.42255141461280854
2.52478452229902,-0.8552633653580332,3.2368593552950498,-0.5582369383724812,-1.6503911212512872,-0.6902954266445667,-1.1378114412613178,6,white,-0.5876477542544187,0.13584459256438786
0.2141150539526407,-0.4107949344577419,-0.6155708612759208,-0.8718723557654418,-0.7150198420994867,0.0443659120096371,0.464453367596172,6,white,-0.6675200925725412,-0.44746318646970357
-0.1256892796277091,-0.5441354637278293,-0.6155708612759208,-1.1214317201426272,-1.213884524313781,0.1779407008558561,0.6331128211601191,7,white,-0.5414254903938718,1.6916488208275853
1.3694497881258307,1.8115472200437144,-0.3985325392155843,1.2999685990847687,-1.5256749506977136,-0.4231458489521292,-1.2221411680432908,6,white,0.06276228220604603,1.6519312431634157
-0.2616110130598489,1.1892914167833066,1.3920336177821906,0.9593537909483376,-1.6503911212512872,0.2447280952789648,-0.9691519876973708,5,white,-0.02549151571405718,1.4227943964178227
-0.465493613208059,0.1447906041676221,-1.1310368761692198,-1.6542746873263832,-2.523404315126302,0.3783028841251838,2.235377630017608,6,white,-0.04860264764433118,-1.1489863516861045
-0.2616110130598489,-0.5663588852728438,-0.4799219099882105,-1.7116058926562812,-0.0290809040548305,-1.0242323987601136,1.8137289961077416,6,white,-0.5802829180902729,0.4425419010179229
0.2141150539526407,-0.7663696791779749,-0.0729750561250798,-0.9292035610953396,-0.2785132451619777,-0.4231458489521292,0.1271344604682791,5,white,-0.22409362004670286,0.46040391323833796
-0.1256892796277091,-0.810816522268004,0.1983228464503406,-1.0708453624986063,-0.7150198420994867,-0.7570828210676762,0.7455524568693893,6,white,-0.6748849287366867,0.8037625929429013
-0.3295718797759189,0.5225887704328698,-0.20862400741279,-0.4402021038697654,0.282709522329102,-0.5567206377983478,0.464453367596172,6,white,-0.5802829180902729,1.3971763380266133
-0.1936501463437792,0.1225671826226075,-0.2900133781854162,-0.4739263422991127,0.1579933517755285,-0.1559962712596912,-0.0134150841683706,5,white,-0.7715201862587724,0.992950801748441
0.146154187236571,-0.3219012482776837,-0.4527921197306684,-1.1248041439855845,0.5321418634362493,-0.0892088768365817,0.8861020015060377,6,white,-0.9743130203924084,1.7880086415661405
-0.8052979467884089,0.5448121919778843,-0.1814942171552479,0.1702066117015194,-0.2785132451619777,-0.3563584545290197,-0.8567123519880766,5,white,-0.8629480905420313,1.3628648866544117
-0.8052979467884089,0.1670140257126366,0.1440632659352565,0.0251923864552957,-0.3408713304387659,-0.6235080322214572,-0.6318330805694778,6,white,-0.02549151571405718,1.979546770250507
0.0781933205205009,-0.7885931007229895,-0.4799219099882105,-1.50251561439432,-0.0290809040548305,0.7790272506638407,1.2234209086339305,6,white,-0.9890426927207007,0.18566813627817802
-0.3295718797759189,-0.4774651990927857,-0.4799219099882105,-1.667764382698137,-0.6526617568226984,-1.0910197931832233,1.898058722889716,6,white,-0.9816778565565547,0.10928918736298036
-0.465493613208059,1.367078789143423,-0.2357537976703321,0.706422002728195,-0.5279455862691249,-0.8906576099138948,-0.8848222609153978,5,white,-0.20517321791742024,0.35065085976113675
-0.7373370800723391,1.0226157551956976,-0.4256623294731292,-0.4031054415974608,-1.4633168654209254,-1.2913819764525514,0.3239038229595236,6,white,-0.6643459862093858,0.2977711096342058
0.0781933205205009,1.122621152148263,0.1711930561927986,0.3624347707488069,-2.273971974019155,-0.8238702154907857,-1.2221411680432908,5,white,-1.1382484268296438,1.5445281095650414
-0.2616110130598489,-0.4107949344577419,-0.5884410710183786,-1.667764382698137,0.2203514370523139,-0.7570828210676762,1.729399269325769,6,white,-0.9322814863328521,-0.5214922155060746
-0.2616110130598489,1.4226373430059591,-0.4256623294731292,-0.1198218387909279,-1.5256749506977136,-1.5585315541449891,0.2957939140322263,6,white,-0.5687273521251361,-0.10481079329945432
-0.873258813504479,-0.1218904543725526,1.0664761346916862,-0.2816981832517878,-1.2762426095905663,-0.6235080322214572,-0.800492534133425,5,white,-0.9049796246015878,-0.5464039873629697
-0.2616110130598489,-0.5219120421828147,-0.1001048463826219,-0.2749533355659108,-0.2785132451619777,0.1779407008558561,-1.0534817144793436,5,white,-0.5950125904185649,-0.832889363717263
-0.6014153466401989,-0.3441246698226982,-0.5070517002457526,-1.0000244617969918,-1.0891683537602077,-1.0910197931832233,0.6893326390147947,6,white,-0.5414254903938718,-0.30574860149912736
-0.2616110130598489,-0.7441462576329604,-0.3714027489580425,-1.806033760258484,-0.5279455862691249,-0.6235080322214572,1.6450695425437962,6,white,-0.9512018884621352,-0.4404134268332236
-0.7373370800723391,-0.6552525714529022,-0.154364426897706,-0.4503193753985621,-0.4032294157155512,-0.2227836656828007,-0.8848222609153978,5,white,-0.41215678185204707,1.3426529545551702
0.0102324538044309,-0.0552201897375089,-0.4256623294731292,-0.7369754020480522,-0.0290809040548305,0.0443659120096371,0.3801236408141991,6,white,-0.7525997841294896,1.2911857774968674
-0.7373370800723391,-0.0107733466474797,-0.3985325392155843,-0.2715809117229911,-1.2762426095905663,-0.0224214824134723,-0.9691519876973708,5,white,-0.6149496159856835,-0.28248046298674484
-0.3295718797759189,-0.5441354637278293,-0.5884410710183786,-1.0573556671268898,-0.0914389893316186,1.5136885893180445,0.6612227300874165,6,white,-1.283263431137596,-0.3967022959457152
-0.8052979467884089,0.3448013980727531,-0.4256623294731292,0.136482373272172,-1.7751072918048607,-0.1559962712596912,-1.475130348389209,5,white,-0.5056800510358014,-0.6874122857992316
-0.1936501463437792,0.5003653488878551,-0.1814942171552479,-0.4098502892833378,0.5321418634362493,-0.2227836656828007,0.4363434586688746,6,white,-0.9553926182631258,0.4775596389244387
-0.3295718797759189,-0.0107733466474797,0.0355441049050855,-0.8617550842366449,-0.0290809040548305,-0.2895710601059102,1.392080362197876,6,white,-0.6223144521498294,0.33890126036700347
-0.397532746491989,-0.7441462576329604,-0.4256623294731292,-1.0506108194410126,-0.153797074608404,-0.0224214824134723,0.3801236408141991,6,white,-0.5529810563590085,-0.012919752042668296
-0.7373370800723391,0.7003761427929861,-0.1814942171552479,0.2983587177330319,0.0332771812219549,-0.3563584545290197,-0.8848222609153978,5,white,-0.790440588388055,1.6782555880889394
-0.0577284129116391,-0.0107733466474797,-0.3714027489580425,-0.7201132828333785,0.3450676076058875,-0.0892088768365817,0.3801236408141991,6,white,-0.9627574544272719,1.6479376899400768
0.0781933205205009,-0.8552633653580332,-0.4799219099882105,-1.1517835347290548,-0.7150198420994867,1.4469011948949346,0.5487830943781448,6,white,-0.6254885585129848,-0.05569353611997844
-0.1936501463437792,0.4559185057978259,-0.5613112807608368,0.2713793269895615,-0.9020940979298456,-1.1578071876063327,-1.0534817144793436,6,white,-0.6296792883139752,-0.25663134431965146
-0.6693762133562691,0.9892806228781756,-0.4527921197306684,-0.3896157462257069,-1.0891683537602077,-1.4917441597218797,0.2114641872502534,4,white,-0.7599646202936357,-0.040181443778389975
0.8257628543972707,2.389356180214093,0.0084143146475463,1.181933764582053,-0.5279455862691249,-0.1559962712596912,-1.1378114412613178,5,white,-0.9396463224969982,1.0148063671921952
0.3500367873847808,2.3226859155790494,-0.2357537976703321,1.5023140296608903,0.1579933517755285,1.5804759837411535,-0.9691519876973708,5,white,-0.4762828244040417,2.694463168205554
-0.2616110130598489,2.667148949526775,-0.2628835879278742,0.9121398571472364,0.1579933517755285,-1.2245945820294422,-0.0415249930956665,6,white,-1.1266928608645068,1.2220876484940342
-0.397532746491989,1.7004301123186414,-0.2900133781854162,0.2443999362460911,0.2203514370523139,-1.2245945820294422,0.2114641872502534,6,white,-1.0962168927700875,1.5499342358570087
-0.6693762133562691,1.6115364261385836,-0.154364426897706,0.7502635126863392,-0.777377927376272,0.9126020395100596,-0.9691519876973708,5,white,-0.7673294564577818,0.5943624520381199
-0.397532746491989,1.5004193184135106,-0.1001048463826219,0.827829261073868,-0.7150198420994867,0.4450902785482933,-0.6318330805694778,5,white,-0.2125380540815658,1.7250229253895886
-0.1936501463437792,1.9004409062237728,-0.4256623294731292,0.0251923864552957,-1.2762426095905663,2.849436477780232,1.3077506354159032,6,white,0.08904752049947494,0.2836715903612459
-0.397532746491989,0.0336734964425493,-0.3714027489580425,-1.138293839357301,-0.3408713304387659,-0.8238702154907857,1.4764100889798504,6,white,0.13844389072317745,1.1666269182123923
0.9616845878294108,0.255907711892695,0.2525824269654248,-0.3086775739952956,-0.2161551598851922,-0.7570828210676762,-0.6880528984241294,5,white,-1.6016119249226002,1.3433592410894843
-1.077141413652689,0.6337058781579427,-0.3442729587005004,0.1971860024449898,-0.0914389893316186,-1.1578071876063327,-0.9691519876973708,5,white,-0.9322814863328521,1.7459411440231443
-0.1936501463437792,-0.3885715129127274,-0.5341814905032947,-1.6981161972845271,-0.3408713304387659,-1.1578071876063327,1.898058722889716,7,white,-0.7179330862340794,0.4004744034749269
0.0102324538044309,-0.4996886206378002,-0.2900133781854162,-1.3844807798915666,-1.8998234623584345,-0.4231458489521292,0.4222885042051863,6,white,-1.1382484268296438,-0.9029248395302949
-1.077141413652689,0.6337058781579427,-0.3442729587005004,0.1971860024449898,-0.0914389893316186,-1.1578071876063327,-0.9691519876973708,5,white,-1.0394556863822388,1.7459411440231443
1.0296454545454805,0.2781311334377095,0.333971797738051,-0.2108772825501733,-0.7150198420994867,-0.4899332433752383,-0.6880528984241294,5,white,-1.2496133566800212,1.042774345462231
0.4179976541008508,-0.0329967681924942,-0.4799219099882105,-1.6542746873263832,0.0332771812219549,0.3115154897020743,2.1510479032356344,7,white,-0.9438370522979893,-0.6693192133029326
-0.3295718797759189,1.1892914167833066,-0.4256623294731292,-0.399733017754541,-1.1515264390369928,-0.0892088768365817,0.8017722747240648,7,white,-0.3732993541556459,-0.16168409664972444
-0.6693762133562691,2.433803023304122,0.1169334756777144,1.2493822414407476,-0.9020940979298456,-0.2227836656828007,-1.2221411680432908,5,white,-0.6548857851447446,0.1746248234183589
1.0296454545454805,0.2781311334377095,0.333971797738051,-0.2108772825501733,-0.7150198420994867,-0.4899332433752383,-0.673997943960465,5,white,-1.2496133566800212,1.042774345462231
-0.2616110130598489,-0.6330291499078875,-0.4527921197306684,-0.9561829518388102,-0.2161551598851922,-0.3563584545290197,-0.0415249930956665,6,white,-1.0657409246756675,-0.1041045067651402
-0.6014153466401989,2.722707503389312,-0.2628835879278742,1.5259209965614036,-0.9020940979298456,-0.4899332433752383,-1.475130348389209,6,white,-0.8513925245768947,0.32503280136992746
1.2335280546936906,0.3448013980727531,-0.3171431684429583,-0.1299391103197246,-0.0290809040548305,-0.2895710601059102,-0.547503353787505,6,white,-1.119328024700361,0.09683330143453284
1.3694497881258307,0.3225779765277387,-0.2628835879278742,-0.1198218387909279,-0.0290809040548305,-0.2895710601059102,-0.547503353787505,6,white,-1.107772458735224,0.02985403203464181
-0.397532746491989,1.6115364261385836,-0.3442729587005004,0.5310559628955812,-0.7150198420994867,0.3115154897020743,-0.547503353787505,5,white,-0.5918384840554098,0.8923663675106625
-0.3295718797759189,-0.0107733466474797,-0.5070517002457526,-1.1113144486138304,-0.153797074608404,-0.7570828210676762,1.392080362197876,6,white,0.23406252480742745,0.7640450152787319
0.146154187236571,-0.4996886206378002,-0.3985325392155843,-0.92583113725242,0.282709522329102,-0.4231458489521292,0.2114641872502534,6,white,-0.7410442181643531,1.7667372796654275
1.8451758551383204,1.9004409062237728,-0.154364426897706,1.4584725197027089,-1.6503911212512872,-0.9574450043370044,-1.5594600751711836,5,white,0.5408554526272946,1.437831262500981
-0.2616110130598489,-0.4996886206378002,-0.3714027489580425,-1.7857992172008528,-0.0914389893316186,-0.4231458489521292,2.235377630017608,6,white,-0.17888797962399147,-1.104568934264282
-0.397532746491989,0.0781203395325785,-0.724090022306089,-1.3777359322056897,-0.4655875009923394,-1.0242323987601136,1.8137289961077416,6,white,-0.7137423564330883,-0.8476951695245372
-0.397532746491989,1.3004085245083796,0.0898036854201723,0.7974774464874405,-0.0914389893316186,-0.6235080322214572,-0.9691519876973708,5,white,0.7384409335221052,1.9741406439585394
-0.5334544799241291,-0.7441462576329604,-0.3171431684429583,-0.868499931922522,0.1579933517755285,-0.0224214824134723,0.5487830943781448,6,white,-0.4458068563096219,0.1060019206739554
-0.1256892796277091,0.9114986474706248,-0.154364426897706,-0.3862433223827871,0.095635266498743,0.1779407008558561,0.6612227300874165,6,white,-0.6107588861846927,0.44630439396537797
-0.2616110130598489,-0.1218904543725526,-0.154364426897706,-0.7740720643203194,0.8439322898201819,0.3115154897020743,1.1390911818519576,6,white,-0.5456162201948622,-0.9123245190456015
-0.1256892796277091,0.9114986474706248,-0.154364426897706,-0.3862433223827871,0.095635266498743,0.1779407008558561,0.6752776845511048,6,white,-0.6107588861846927,0.44630439396537797
-0.873258813504479,-0.810816522268004,-0.2900133781854162,-0.9089690180377088,-0.0290809040548305,-0.9574450043370044,-0.0415249930956665,5,white,-1.1613595587599177,1.043005405738115
-1.077141413652689,0.1892374472576513,-0.2357537976703321,-0.0860976003615431,-0.8397360126530602,-0.2895710601059102,-0.6318330805694778,5,white,0.5209184270601765,-0.501280283406833
-0.0577284129116391,2.52269670948418,-0.154364426897706,1.283106479870095,-1.0268102684834193,0.0443659120096371,-1.2221411680432908,5,white,-0.29342701583752356,-0.001401212924419092
-0.465493613208059,-0.8552633653580332,-0.6427006515334628,-1.806033760258484,-0.4032294157155512,-1.0910197931832233,1.5607398157618233,6,white,-0.6412348542791123,0.19812402220662553
-0.465493613208059,0.611482456612928,-0.696960232048547,-0.7167408589904213,1.0310065456505435,-0.8906576099138948,0.6331128211601191,6,white,-1.1623761821977532,-0.216207480121168
-1.484906613949109,-0.4996886206378002,-0.8868687638513413,-2.1500209922378346,1.5922293131416234,-1.2913819764525514,2.1510479032356344,6,white,-1.0215519076907913,-0.0004638661142207683
-0.1936501463437792,-0.4774651990927857,-0.5884410710183786,-1.8127786079443236,-1.1515264390369928,-1.0910197931832233,1.6450695425437962,6,white,-0.17888797962399147,-0.7605039680254044
-0.465493613208059,-0.5663588852728438,-0.3171431684429583,-0.4199675608121345,-0.2785132451619777,0.0443659120096371,-0.2101844466596121,5,white,-0.14003055192759017,0.17626845676287134
-0.6693762133562691,1.7226535338636564,-0.4799219099882105,0.2747517508324812,0.0332771812219549,-0.6902954266445667,0.1271344604682791,6,white,-0.706377520268942,1.2796672383786183
-0.465493613208059,1.5893130045935686,-0.4527921197306684,0.3320829561623793,-1.0891683537602077,0.7790272506638407,-0.1258547198776393,6,white,-0.39641048608591944,0.231498126768629
-0.873258813504479,0.5892590350679134,-0.20862400741279,0.2039308501308667,-0.0290809040548305,-0.3563584545290197,-0.8848222609153978,5,white,-0.6759015521745229,1.5442970492891575
-0.6693762133562691,-0.4996886206378002,-0.2357537976703321,-0.5042781568855029,0.095635266498743,-0.5567206377983478,-0.6318330805694778,5,white,-0.29761774563851473,1.6455877700612502
-0.397532746491989,2.722707503389312,-0.154364426897706,1.3033410229276885,-1.40095878014414,-0.6902954266445667,-0.9691519876973708,6,white,-1.0195186608151205,-0.0831862881315842
-0.1936501463437792,3.167175934289603,-0.154364426897706,1.5427831157761147,-0.5279455862691249,-0.2227836656828007,-1.3064708948252637,5,white,-0.9207259203677154,0.9828448356988201
-0.397532746491989,-0.5219120421828147,-0.3171431684429583,-1.6913713495986875,0.095635266498743,-0.3563584545290197,2.0667181764536617,7,white,-0.30498258180266086,-0.2528688513721964
-0.941219680220549,0.3003545549827242,-0.4256623294731292,-0.1704081964349489,0.282709522329102,-0.2227836656828007,-0.547503353787505,5,white,-1.2265022247497472,-0.007513625750700786
-0.5334544799241291,-0.5885823068178585,-0.3442729587005004,-0.4772987661420325,0.282709522329102,0.1779407008558561,0.0428047336863063,6,white,-0.009745219947929614,0.49307173126602727
-0.8052979467884089,-0.4996886206378002,-0.5070517002457526,-1.637412568111709,0.0332771812219549,-0.4231458489521292,2.4040370835815548,6,white,0.25717365673770065,-0.1445283709636236
0.0102324538044309,-0.7441462576329604,-0.696960232048547,-1.7116058926562812,-0.6526617568226984,-1.2245945820294422,1.6450695425437962,6,white,-0.3774900839566366,0.036903791671121844
1.641293254990111,2.300462494034035,-0.1001048463826219,1.2021683076396463,-0.7150198420994867,-0.2895710601059102,-1.0534817144793436,5,white,-0.6832663883386688,0.41293028940337445
-0.5334544799241291,-0.2107841405526109,-0.154364426897706,-0.4975333091996259,0.8439322898201819,-0.0892088768365817,0.3801236408141991,5,white,-0.6454255840801029,0.5920125321592933
-0.3295718797759189,0.3448013980727531,-0.0729750561250798,-0.2547187925083174,-0.153797074608404,-0.3563584545290197,-0.2101844466596121,5,white,-0.8860592224723052,0.9424209715003365
-0.5334544799241291,-0.8552633653580332,-0.154364426897706,-1.4080877467921171,0.095635266498743,0.2447280952789648,0.6331128211601191,6,white,-1.107772458735224,-0.19975804096938132
-0.3295718797759189,-0.6552525714529022,-0.3985325392155843,-1.2124871639018726,-1.213884524313781,0.6454524618176217,0.2957939140322263,6,white,-0.9165351905667244,0.021391699329533404
-0.1936501463437792,-0.8997102084480624,-0.3985325392155843,-1.259701097702974,3.3382557008916507,-0.2895710601059102,0.6331128211601191,6,white,-2.1847839304927406,-0.1031671599549419
-0.2616110130598489,-0.8774867869030477,-0.4799219099882105,-1.5632192435671377,0.8439322898201819,-0.4231458489521292,1.3077506354159032,6,white,-1.1498039927947803,-0.6895311454021744
-0.2616110130598489,-0.810816522268004,-0.4799219099882105,-0.9460656803100134,-0.2785132451619777,0.7790272506638407,0.464453367596172,5,white,-0.3848549201207825,-1.1038626477299678
-0.8052979467884089,-0.7663696791779749,5.814189429761544,-0.3289121170528891,-0.7150198420994867,0.6454524618176217,-0.6318330805694778,5,white,0.004984452380361938,0.08273378216157277
-0.6693762133562691,1.0559508875132193,-0.20862400741279,0.3961590091781543,-0.153797074608404,-0.5567206377983478,-0.3788439002235593,6,white,-1.2075818226204647,0.9285525125032607
0.0781933205205009,-0.6996994145429313,-0.5613112807608368,-1.714978316499201,0.2203514370523139,0.3115154897020743,1.5607398157618233,6,white,-1.333676424799134,0.22538571394234727
0.4179976541008508,-0.8330399438130187,-0.6155708612759208,-1.9847722239340173,-0.7150198420994867,-0.0892088768365817,1.8137289961077416,6,white,-1.2569781928441672,0.15065039837166203
-0.397532746491989,0.6337058781579427,-0.1814942171552479,0.2039308501308667,-0.5279455862691249,-0.2227836656828007,-0.800492534133425,5,white,-0.5382513840307164,1.732778971560383
-0.397532746491989,-0.1218904543725526,-0.1001048463826219,-0.0793527526757035,0.095635266498743,-0.4899332433752383,-1.2221411680432908,5,white,0.2351412662700871,-0.36967166448587746
0.8937237211133408,3.9005488452750834,1.7175911008726952,0.6153665589689497,-0.777377927376272,-1.2245945820294422,1.898058722889716,5,white,-1.2265022247497472,1.0897727430387645
0.0781933205205009,-0.3441246698226982,-0.5341814905032947,-1.5733365150959344,-0.2785132451619777,-1.0910197931832233,1.5607398157618233,6,white,-0.7294886521992159,0.7859005807224861
-0.941219680220549,-0.8552633653580332,0.0355441049050855,-0.5582369383724812,0.0332771812219549,0.3115154897020743,-0.8426573975244107,4,white,-1.0279001204171019,-0.9910533878396257
-0.397532746491989,-0.1218904543725526,-0.1001048463826219,-0.0793527526757035,0.095635266498743,-0.4899332433752383,-1.2221411680432908,5,white,0.1279670662207005,-0.36967166448587746
0.0781933205205009,-0.6774759929979167,-0.6427006515334628,-1.313659879189952,0.4074256928826756,0.7790272506638407,1.6450695425437962,6,white,-0.4195216180161931,-1.2159656210859957
-0.465493613208059,0.611482456612928,-0.1814942171552479,-0.2007600110213391,-0.4032294157155512,-0.8906576099138948,-0.547503353787505,6,white,-1.2527874630431761,-1.2509833589925117
-0.2616110130598489,-0.9219336299930768,-0.3171431684429583,-0.9393208326241363,1.529871227864838,-0.0892088768365817,0.5487830943781448,6,white,-1.3368505311622891,-0.25968755073279237
1.1655671879776206,-0.4774651990927857,-0.724090022306089,-1.779054369514976,-0.590303671545913,-0.8906576099138948,2.0667181764536617,6,white,0.2950144609962665,0.017398146106194282
0.0781933205205009,-0.3441246698226982,-0.6427006515334628,-1.3372668460905028,-0.153797074608404,-0.6235080322214572,0.9704317282880104,6,white,-0.9438370522979893,-0.17648990245699875
-0.6014153466401989,-0.1885607190075962,-0.5070517002457526,-1.8734822371171784,-1.588033035974499,1.1129642227793872,2.1510479032356344,6,white,-0.8671388203430221,-0.9146744389244283
0.3500367873847808,1.0337274659682043,-0.6698304417910048,-0.4503193753985621,-0.9020940979298456,0.8458146450869501,1.2234209086339305,6,white,-1.2990097269037235,-1.31631899504789
-0.465493613208059,1.2115148383283212,-0.3714027489580425,0.8986501617754825,0.8439322898201819,0.1111533064327466,0.0006398702953206,6,white,-0.36593451799149995,0.6324363963577767
-0.1936501463437792,-0.8774867869030477,-0.2900133781854162,-1.4620465282790955,-1.1515264390369928,-0.9574450043370044,0.7596074113330776,6,white,-0.2850455562355422,-0.21762005318979633
0.4859585208169208,2.4560264448491367,-0.1001048463826219,1.4382379766451154,-0.2785132451619777,0.7122398562407312,-0.2945141734415865,6,white,-0.7021867904679515,2.6220777725136952
-0.1256892796277091,0.6781527212479715,4.213531804566564,0.4265108237645819,-0.777377927376272,-0.8906576099138948,-1.0534817144793436,5,white,-0.7179330862340794,1.6371254373561417
-0.465493613208059,0.255907711892695,-0.127234636640164,-0.3491466601104825,-0.8397360126530602,0.0443659120096371,0.2114641872502534,5,white,-0.8282813926466209,-0.42020149473398183
-0.397532746491989,0.5892590350679134,-0.1001048463826219,-0.6863890444039937,0.282709522329102,-0.5567206377983478,1.392080362197876,6,white,-0.929107379969697,-0.5370043078476631
0.0781933205205009,-0.5885823068178585,-0.1001048463826219,-0.855010236550768,-0.153797074608404,0.1111533064327466,0.3801236408141991,6,white,0.001810346017207012,0.9953007216272675
-0.7373370800723391,2.500473287939166,-0.0458452658675378,1.3707894997864207,0.7815742045433964,0.0443659120096371,-0.1258547198776393,6,white,0.493616565328912,1.2810798114472466
-0.0577284129116391,-0.6108057283628731,-0.1814942171552479,-1.0573556671268898,-0.5279455862691249,-0.1559962712596912,0.717442547942092,6,white,-0.45736242227475893,0.5997685783300875
-2.0965544143937387,0.7448229858830154,-0.4256623294731292,-1.2259768592736269,0.2203514370523139,1.2465390116256063,2.9521803076643804,7,white,0.35914050354826077,-0.08765506761335354
-0.6014153466401989,0.76704640742803,-0.154364426897706,-0.0793527526757035,-1.213884524313781,-0.7570828210676762,0.1271344604682791,5,white,-0.4846642840060232,-0.10104830035199942
-0.6014153466401989,0.2114608688026658,-0.154364426897706,-0.1805254679637457,-0.4655875009923394,-0.0892088768365817,-0.2945141734415865,5,white,-0.706377520268942,1.3894202918558194
-0.2616110130598489,-0.8774867869030477,-0.3442729587005004,-1.3945980514204008,-0.0290809040548305,1.0461768283562778,0.5487830943781448,6,white,-0.977487126755564,0.14054443232204122
-1.2810240138008988,-0.7330345468604531,-0.5613112807608368,-1.5294950051377902,1.093364630927329,-0.1559962712596912,1.5045199979071475,5,white,-1.2979309854410641,-1.0298336186935968
-0.1256892796277091,-0.5441354637278293,-0.6155708612759208,-1.4620465282790955,-0.153797074608404,-1.0242323987601136,0.8017722747240648,4,white,-1.111963188536215,1.9713154978212826
-1.0091805469366188,-0.8330399438130187,0.1169334756777144,-0.6863890444039937,-0.9644521832066338,0.1111533064327466,-0.8848222609153978,5,white,-0.7557738904926447,-0.8126774316180212
-0.1256892796277091,-0.6552525714529022,-0.2628835879278742,-2.001634343148691,0.095635266498743,0.1779407008558561,2.4040370835815548,6,white,-0.28187144987238694,0.6068183379665675
0.0102324538044309,-0.8774867869030477,-0.6155708612759208,-1.5969434819964852,0.8439322898201819,-0.8906576099138948,1.6450695425437962,6,white,-0.9091703544025787,-0.29094279569185316
-0.1936501463437792,-0.4996886206378002,-0.3442729587005004,-1.3945980514204008,-0.6526617568226984,-0.7570828210676762,0.5487830943781448,6,white,0.012349288544508211,-0.3337165797691633
-0.941219680220549,0.8781635151531028,-0.154364426897706,0.6288562543406662,-0.2161551598851922,-0.2227836656828007,-1.475130348389209,5,white,-0.3627604116283448,1.743713307135591
-0.397532746491989,-0.4996886206378002,-0.4799219099882105,-1.259701097702974,-1.0268102684834193,0.3783028841251838,0.5487830943781448,6,white,-0.3312678200960894,0.8413613110041279
0.0102324538044309,-0.6330291499078875,-0.5613112807608368,-1.5632192435671377,-0.4032294157155512,-0.3563584545290197,1.8137289961077416,6,white,-0.6454255840801029,-1.146636431807278
-1.0091805469366188,0.0114500748975346,-0.20862400741279,-0.5177678522572569,-1.40095878014414,-1.0242323987601136,-0.6318330805694778,6,white,-0.9543759948252902,-0.5602724463600457
0.0781933205205009,-0.3441246698226982,-0.20862400741279,-0.0456285142463562,-0.5279455862691249,-1.1578071876063327,-0.6318330805694778,6,white,0.35063480789663115,-1.7189008979815503
-0.6693762133562691,1.7004301123186414,0.0355441049050855,0.3590623469058871,0.5944999487130347,-0.7570828210676762,0.9704317282880104,6,white,-1.658373131310449,0.6183368770848167
-0.0577284129116391,0.5448121919778843,-0.127234636640164,0.1229926779004181,-0.2161551598851922,-0.4899332433752383,-0.6318330805694778,5,white,-0.9018055182384328,2.435008423311098
-0.8052979467884089,-0.6774759929979167,-0.2357537976703321,-0.5514920906866042,-0.3408713304387659,-0.1559962712596912,-0.800492534133425,5,white,-0.42371234781718425,1.6712058284524596
-0.465493613208059,2.0560048570388747,-0.2357537976703321,0.999822877063562,-0.6526617568226984,-1.0910197931832233,-0.7161628073514522,5,white,-0.965931560790427,2.3793035270469103
-0.465493613208059,1.0559508875132193,-0.20862400741279,0.1567169163297654,-0.4032294157155512,-1.0242323987601136,-0.4631736270055321,6,white,-1.1035817289342333,1.4553401314542391
-0.6693762133562691,1.7004301123186414,0.0355441049050855,0.0218199626123759,0.5944999487130347,-1.0242323987601136,1.4764100889798504,6,white,-1.0699316544766584,1.6197386513941567
-0.873258813504479,-0.3441246698226982,0.3068420074805089,-0.3828708985398674,-1.213884524313781,-1.0242323987601136,-1.3064708948252637,6,white,-0.32809371373293417,-0.6413512350328966
1.4374106548419008,1.7004301123186414,-0.2628835879278742,1.3033410229276885,-1.0268102684834193,-0.5567206377983478,-1.2221411680432908,6,white,-0.3081566881658158,1.8375945721507159
1.5053715215579708,1.7448769554086707,-0.20862400741279,1.3033410229276885,-1.0268102684834193,-0.5567206377983478,-1.2221411680432908,6,white,-0.22409362004670286,1.8722591667900745
-0.7373370800723391,-0.8330399438130187,-0.0187154756099985,-1.259701097702974,0.5944999487130347,-1.3581693708756608,0.717442547942092,6,white,-1.7004046653700053,0.2829653038269316
-0.941219680220549,1.2115148383283212,-0.20862400741279,0.5951320159113187,-0.5279455862691249,-1.2245945820294422,-0.0415249930956665,5,white,-0.9932334225216917,0.5586384275972897
-0.3295718797759189,-0.7885931007229895,-0.4527921197306684,-1.8195234556302,-0.590303671545913,-1.5585315541449891,1.5607398157618233,6,white,-0.874503656507168,0.0836711289717711
1.4374106548419008,1.7004301123186414,-0.2628835879278742,1.3033410229276885,-1.0268102684834193,-0.5567206377983478,-1.2221411680432908,6,white,-0.3081566881658158,1.7317195417589117
1.5053715215579708,1.7448769554086707,-0.20862400741279,1.3033410229276885,-1.0268102684834193,-0.5567206377983478,-1.2221411680432908,6,white,-0.22409362004670286,1.7414723645413754
0.3500367873847808,-0.8552633653580332,-0.20862400741279,-0.2816981832517878,-0.2785132451619777,-0.0892088768365817,-0.3788439002235593,5,white,-0.10853796039533427,-1.2051533685020606
-0.1256892796277091,0.255907711892695,-0.6698304417910048,-0.5177678522572569,-1.4633168654209254,-0.9574450043370044,0.2957939140322263,6,white,-1.1298669672276622,0.007998466590887533
0.2820759206687107,0.8337166720630738,-0.8326091833362572,0.3590623469058871,-0.590303671545913,-1.2245945820294422,0.4222885042051863,5,white,-0.27666409663355995,-1.350630446420092
-0.1256892796277091,-0.25523098364264,-0.8326091833362572,-1.6542746873263832,0.2203514370523139,0.3115154897020743,1.8558938594987289,6,white,-1.0279001204171019,0.12338870663594033
0.146154187236571,-0.8330399438130187,-0.8597389735937991,-1.66101953501226,0.8439322898201819,-1.0910197931832233,1.8137289961077416,6,white,-1.1308835906654977,-0.3182044874275749
0.3500367873847808,0.9003869366981172,-0.5341814905032947,0.0892684394710707,-1.0891683537602077,0.0443659120096371,0.464453367596172,5,white,-0.4384420201454756,-1.0321835385724234
1.4374106548419008,-0.7219228360879458,-0.9682581346239671,-1.7605060383788236,-0.2161551598851922,-1.4917441597218797,2.0667181764536617,6,white,-0.8860592224723052,0.27215305124299655
-0.0577284129116391,-0.6552525714529022,-0.6427006515334628,-1.7200369522636367,-1.6503911212512872,0.5118776729714027,1.2234209086339305,6,white,-0.9890426927207007,-0.16004046330521207
0.0102324538044309,-0.810816522268004,-0.9411283443664252,-1.5632192435671377,0.7815742045433964,-1.2245945820294422,0.8017722747240648,6,white,-0.9322814863328521,-1.3536866528332328
-0.6693762133562691,2.1448985432189325,-0.2628835879278742,1.261185724891023,1.0310065456505435,0.4450902785482933,-0.0415249930956665,5,white,0.05019009280307405,1.690711474017387
0.0781933205205009,-0.6996994145429313,-0.2628835879278742,-1.0573556671268898,-0.777377927376272,-0.4899332433752383,0.464453367596172,6,white,-0.7021867904679515,-0.5619160797045581
0.0102324538044309,-0.7219228360879458,-0.2357537976703321,-1.0236314286975048,-0.7150198420994867,-0.4231458489521292,0.464453367596172,6,white,-0.5950125904185649,-0.2138575602423413
-0.397532746491989,1.01150404442319,-0.8054793930787151,-0.7201132828333785,-0.0290809040548305,1.3133264060487158,2.1510479032356344,6,white,0.4284738993390822,-0.5245484219192156
-0.1256892796277091,-0.25523098364264,-0.8326091833362572,-1.6542746873263832,0.2203514370523139,0.3115154897020743,1.8558938594987289,6,white,-1.0814872204417951,0.12338870663594033
-0.1256892796277091,1.5004193184135106,1.012216554176602,0.8312016849167878,-0.8397360126530602,-0.6235080322214572,-0.800492534133425,5,white,0.2225069588422904,-0.4925868904258404
0.553919387532991,-0.6996994145429313,-0.7783496028211758,-1.0573556671268898,0.2203514370523139,1.2465390116256063,0.9704317282880104,5,white,-1.203391092819474,0.37556263161803183
0.9616845878294108,1.5448661615035395,-0.3985325392155843,0.8312016849167878,-0.3408713304387659,0.3783028841251838,-0.7161628073514522,6,white,-0.48885501380701435,2.424196170727163
-0.6014153466401989,0.6337058781579427,-0.6427006515334628,-0.0456285142463562,0.9686484603737554,0.3783028841251838,0.2957939140322263,6,white,-1.2685337588093037,-0.12126023245124114
0.0102324538044309,0.9448337797881466,-0.4527921197306684,0.4265108237645819,0.7192161192666082,0.0443659120096371,0.1271344604682791,7,white,-0.6906312245028146,-0.3703779510201917
-0.6693762133562691,-0.0996670328275381,-0.9411283443664252,-1.9038340517035688,0.6568580339898229,0.0443659120096371,2.741355990709448,6,white,-1.2842800545754312,-0.1297225651563494
-0.397532746491989,-0.6330291499078875,-0.5884410710183786,-1.7099196807348025,-0.7150198420994867,-0.3563584545290197,1.3499154988068904,6,white,-1.0047889884868284,-1.3203125482712292
-0.1256892796277091,1.1448445736932773,-0.7783496028211758,0.2916138700471549,1.6545873984184116,-0.7570828210676762,0.2114641872502534,7,white,-1.5553896610620532,0.12950111946222204
-0.3295718797759189,1.2337382598733355,-0.724090022306089,0.0555442010417233,1.093364630927329,-1.2913819764525514,0.1271344604682791,7,white,-1.2191373885856016,-0.059687089343317595
0.2141150539526407,-0.810816522268004,-0.5613112807608368,-1.1248041439855845,-0.4032294157155512,-0.3563584545290197,0.2114641872502534,7,white,-0.5950125904185649,0.024447905742674306
2.3209019221508105,0.9003869366981172,-0.4799219099882105,0.6625804927700509,2.714674848123786,0.1111533064327466,0.2114641872502534,5,white,-1.0279001204171019,0.3988307701304145
-0.397532746491989,1.3448553675984083,-0.724090022306089,0.0892684394710707,-1.213884524313781,-0.2895710601059102,1.2234209086339305,5,white,0.8087909527507608,1.2433590103947472
-0.3295718797759189,-0.1441138759175671,-0.0458452658675378,-0.6863890444039937,0.0332771812219549,-0.6235080322214572,1.392080362197876,6,white,-0.6223144521498294,-0.25756869112984976
0.0102324538044309,-0.4996886206378002,-0.1814942171552479,-0.3154224216811351,-0.2785132451619777,0.1111533064327466,-0.9691519876973708,6,white,-1.1498039927947803,-0.36967166448587746
-1.145102280368759,-0.8774867869030477,-0.7512198125636337,-1.5969434819964852,0.4697837781594611,-0.8906576099138948,0.717442547942092,6,white,-0.9858685863575457,-1.1038626477299678
-0.2616110130598489,-0.8330399438130187,-0.8054793930787151,-1.7048610449704042,0.7815742045433964,-1.0242323987601136,1.6450695425437962,7,white,-1.333676424799134,-0.3236106137195424
0.0102324538044309,-0.8552633653580332,-0.8868687638513413,-2.126414025337284,-0.153797074608404,-0.4899332433752383,2.108883039844649,7,white,-1.3872635248238276,-0.25428142444082474
-0.6014153466401989,-0.3885715129127274,-0.8326091833362572,-1.66439195885518,-0.777377927376272,-0.8906576099138948,1.5607398157618233,6,white,-0.32390298393194344,-0.14993449725559116
-0.397532746491989,1.0337274659682043,-0.724090022306089,-1.259701097702974,-0.9020940979298456,0.1779407008558561,1.982388449671689,7,white,-1.1498039927947803,0.20517378184310558
-0.5334544799241291,-0.6108057283628731,-0.6155708612759208,-1.3271495745616686,0.7192161192666082,0.3783028841251838,1.2234209086339305,7,white,-0.5729180819261273,0.035260158326609274
-0.1936501463437792,-0.8774867869030477,-0.5613112807608368,-1.3945980514204008,-0.2161551598851922,-1.0242323987601136,0.6331128211601191,5,white,-0.8902499522732956,-1.0032782134921894
0.146154187236571,1.4115256322334524,-0.1814942171552479,1.0133125724352785,-0.0914389893316186,-0.2895710601059102,-0.4631736270055321,6,white,-1.3063745630678698,-0.4256076210259494
0.0102324538044309,-0.8552633653580332,-0.3985325392155843,-1.5969434819964852,1.2180808014809026,0.7122398562407312,1.0547614550699849,7,white,-2.1942441315573817,0.19506781579348464
-0.397532746491989,2.1448985432189325,-0.3171431684429583,1.2915375394774131,-1.4633168654209254,1.0461768283562778,-0.9691519876973708,6,white,-1.2569781928441672,1.0477052454957687
-0.5334544799241291,1.9448877493138017,-0.2628835879278742,1.2932237513988918,-1.588033035974499,0.8458146450869501,-1.475130348389209,6,white,-1.417739492918247,0.5283205294484272
-0.397532746491989,-0.8330399438130187,-0.5070517002457526,-1.1079420247709109,1.46751314258805,-0.6902954266445667,0.464453367596172,6,white,-0.9627574544272719,0.37556263161803183
1.3014889214097607,0.2781311334377095,-0.2357537976703321,-0.0793527526757035,-0.777377927376272,3.18337344989578,-0.0415249930956665,6,white,-0.38168081375762775,0.5943624520381199
0.3500367873847808,0.6337058781579427,-0.1814942171552479,0.1162478302145411,-2.273971974019155,-0.2895710601059102,-1.0534817144793436,6,white,-0.9165351905667244,1.6371254373561417
-0.465493613208059,-0.6774759929979167,-0.3985325392155843,-1.4148325944779945,-1.2762426095905663,0.0443659120096371,0.717442547942092,6,white,-0.7221238160350697,-0.7675537276618845
-0.6014153466401989,1.5004193184135106,-0.724090022306089,-0.4435745277126851,1.1557227162041173,0.7122398562407312,1.0547614550699849,6,white,-1.2464392503168658,0.2672221512094591
0.4179976541008508,-0.8552633653580332,-0.7512198125636337,-1.8835995086459751,0.3450676076058875,-1.1578071876063327,1.5607398157618233,6,white,-1.2002169864563186,0.26110973838317736
0.2141150539526407,1.1003977306032484,-0.5884410710183786,0.0117026910835418,-0.6526617568226984,-1.1578071876063327,0.8861020015060377,6,white,0.36117375042393235,-0.3952897228770868
0.0781933205205009,0.0336734964425493,-0.1814942171552479,-0.5042781568855029,0.2203514370523139,0.3115154897020743,0.464453367596172,5,white,-0.6223144521498294,0.2836715903612459
-0.1256892796277091,0.4781419273428406,-0.4256623294731292,-0.4132227131262575,-0.0290809040548305,-0.2895710601059102,0.464453367596172,6,white,-0.4962198499711598,1.1464149861131503
3.1364323227436506,1.078174309058234,-0.3985325392155843,-0.0624906334610298,-1.3386006948673546,0.1111533064327466,0.3801236408141991,6,white,-0.17469724982300033,1.3461843872267412
-0.1256892796277091,0.0558969179875638,-0.5613112807608368,-1.1180592962997076,-0.6526617568226984,-0.4899332433752383,1.392080362197876,6,white,0.16891985881759727,0.5132836633652689
-0.0577284129116391,1.8893291954512652,-0.1001048463826219,0.3051035654189089,-0.153797074608404,0.1779407008558561,0.3801236408141991,6,white,-0.31653814776779754,-0.41244544856318766
-0.1256892796277091,-0.6330291499078875,-0.5884410710183786,-1.8667373894313013,0.5944999487130347,-0.4231458489521292,1.982388449671689,6,white,-0.4394586435833119,0.025154192276988497
-0.1256892796277091,1.078174309058234,-0.5341814905032947,-0.1333115341626444,-0.9644521832066338,-0.7570828210676762,0.2957939140322263,6,white,0.1310790545590314,0.08202749562725857
-0.1936501463437792,-0.1663372974625817,0.333971797738051,-1.482281071336689,-0.0290809040548305,0.3783028841251838,2.4040370835815548,6,white,0.5051721312940489,-0.3999895626347401
-2.164515281109809,1.7671003769536853,-0.6427006515334628,0.3287105323194595,-0.4655875009923394,-0.2227836656828007,0.1271344604682791,6,white,1.0515820740682826,-0.40915818187416275
0.0781933205205009,-0.8997102084480624,-0.8054793930787151,-1.259701097702974,0.4697837781594611,-0.9574450043370044,0.717442547942092,7,white,-1.1571688289589264,-0.7666163808516862
0.146154187236571,-0.8774867869030477,-0.3714027489580425,-0.618940567545299,-1.40095878014414,-0.4231458489521292,-0.2945141734415865,6,white,0.059588175842891535,-0.37507779077784514
0.2141150539526407,0.411471662707797,-0.724090022306089,-0.7066235874616246,-2.648120485679876,0.0443659120096371,0.3801236408141991,6,white,-0.648599690443258,0.6178616508263866
0.146154187236571,1.855994063133744,-0.3442729587005004,1.0065677247494016,-1.0268102684834193,-0.6902954266445667,-1.2221411680432908,6,white,-1.168724394924063,0.9043470271806798
-0.941219680220549,-0.0996670328275381,-0.6698304417910048,-1.145038687043178,-0.2785132451619777,-0.8906576099138948,0.3801236408141991,6,white,-1.2464392503168658,0.5189208499331204
-0.1936501463437792,1.078174309058234,-0.5341814905032947,-0.4300848323409312,-0.7150198420994867,-1.0910197931832233,0.8017722747240648,6,white,-0.0717137795746048,0.7929503403589662
0.0102324538044309,-0.455241777547771,-0.5613112807608368,-1.3271495745616686,-0.4032294157155512,0.3783028841251838,1.2234209086339305,6,white,-0.6107588861846927,0.053353230822908486
0.0102324538044309,0.1670140257126366,-0.4527921197306684,-0.5177678522572569,-1.1515264390369928,0.3115154897020743,0.5487830943781448,5,white,-0.39641048608591944,-0.5837716451483123
-0.1256892796277091,1.7448769554086707,-0.6427006515334628,0.0858960156281135,-0.6526617568226984,-0.9574450043370044,0.5487830943781448,6,white,-0.5992033202195558,0.8216246051633163
-0.3295718797759189,-0.4107949344577419,-0.6698304417910048,-1.725095588028035,-2.024539632912008,1.0461768283562778,1.729399269325769,7,white,-0.4772994478418773,-1.188703929350274
-1.892671814245529,-0.9441570515380916,-0.6698304417910048,-1.4080877467921171,-0.5279455862691249,-0.8906576099138948,0.3801236408141991,4,white,0.48733047062742574,-1.6737771940254134
0.2820759206687107,-0.5663588852728438,-0.724090022306089,-0.8516378127078482,-0.0290809040548305,-0.3563584545290197,0.2114641872502534,6,white,-0.30180847543950523,-1.2284215070144433
0.2820759206687107,-0.5885823068178585,-0.6155708612759208,-0.9089690180377088,0.1579933517755285,-0.3563584545290197,0.2957939140322263,5,white,-0.3858715435586183,-0.9005749196514682
-0.7373370800723391,0.4781419273428406,-0.4256623294731292,-0.042256090403399,-0.4032294157155512,-0.2895710601059102,-0.6318330805694778,5,white,-0.7757109160597633,1.1106909616723202
-0.8052979467884089,0.5003653488878551,-0.4527921197306684,-0.0388836665604792,-0.4655875009923394,-0.3563584545290197,-0.6318330805694778,5,white,-1.0699316544766584,0.8599296097588572
-0.941219680220549,0.2781311334377095,1.012216554176602,0.0690338964134398,-2.024539632912008,-0.2895710601059102,-0.8848222609153978,5,white,-0.12111014979830721,0.5257395492937165
-0.2616110130598489,-0.177449008235089,-0.6698304417910048,-0.9899071902681577,0.2203514370523139,-0.4231458489521292,0.6050029122328203,7,white,-0.1946342753901191,0.7377206703532085
0.3500367873847808,-0.8552633653580332,-0.4799219099882105,-0.8617550842366449,-1.3386006948673546,0.5786650673945123,0.2114641872502534,5,white,-0.22409362004670286,-0.3485223855764375
-0.941219680220549,-0.6774759929979167,-0.5613112807608368,-1.7014886211274844,0.8439322898201819,1.5804759837411535,2.4040370835815548,7,white,-0.4247289712550195,-0.09399854071551934
-0.2616110130598489,-0.177449008235089,-0.6698304417910048,-0.9899071902681577,0.2203514370523139,-0.4231458489521292,0.6331128211601191,7,white,-0.1946342753901191,0.7377206703532085
-1.3489848805169689,-0.0774436112825234,0.0898036854201723,0.3455726515341332,-0.0290809040548305,-0.3563584545290197,-1.3908006216072364,5,white,0.7226946377559772,1.1377215931321578
-0.873258813504479,-0.1218904543725526,-0.5070517002457526,-1.0202590048545852,-0.9644521832066338,-0.7570828210676762,0.5487830943781448,6,white,-0.28606217967337766,0.2977711096342058
0.4179976541008508,-0.810816522268004,-0.2628835879278742,-0.9966520379540345,-0.0290809040548305,-0.0892088768365817,0.8017722747240648,7,white,-0.011840584848425198,-0.23947561863355055
-0.6693762133562691,-0.2107841405526109,-0.5613112807608368,-1.4620465282790955,0.2203514370523139,0.1111533064327466,2.0667181764536617,7,white,0.2719033290659929,0.4075241631114069
-0.1256892796277091,0.0558969179875638,-0.5070517002457526,-0.8415205411790141,0.8439322898201819,1.3133264060487158,1.729399269325769,6,white,-0.09482491150487844,-0.26297481742181733
-0.465493613208059,-0.1885607190075962,-0.6698304417910048,-1.5699640912530146,0.2203514370523139,-0.0892088768365817,2.1510479032356344,6,white,-0.20199911155426467,-0.8850628273098797
-0.6014153466401989,0.3559131088452605,-0.6155708612759208,-0.3693812031681134,-1.0891683537602077,-0.3563584545290197,0.5487830943781448,5,white,1.1944395954509157,-0.40797666908141855
4.019923590052561,0.7003761427929861,-0.6155708612759208,-0.2007600110213391,1.0310065456505435,-0.2895710601059102,0.9704317282880104,6,white,-0.6759015521745229,1.8502880712083782
0.3500367873847808,-0.5441354637278293,-0.4256623294731292,-1.013514157168708,-0.2785132451619777,-0.2227836656828007,0.2957939140322263,6,white,-1.2454226268790303,-0.42795754090477606
0.146154187236571,-0.6774759929979167,-0.4256623294731292,-1.5935710581535654,-1.1515264390369928,-0.5567206377983478,0.8861020015060377,7,white,-1.3032004567047146,-1.1489863516861045
0.0102324538044309,1.5893130045935686,-0.4256623294731292,0.2376550885602141,0.0332771812219549,-0.0224214824134723,-0.1258547198776393,7,white,-1.2075818226204647,0.6754412407109709
0.4859585208169208,-0.6108057283628731,-0.4256623294731292,-0.7841893358491161,-0.0290809040548305,0.3115154897020743,0.2957939140322263,7,white,-0.8934240586364512,-0.11256683947024859
0.6218802542490606,-0.0107733466474797,-0.3714027489580425,-0.457064223084439,0.0332771812219549,0.7122398562407312,0.2114641872502534,6,white,-0.8135517203183287,1.7132733259954551
0.4179976541008508,1.25596168141835,-0.5070517002457526,-0.2951878786235417,-0.7150198420994867,0.3783028841251838,0.5487830943781448,6,white,-0.9858685863575457,1.0258496800520143
-1.145102280368759,1.278185102963365,-0.6427006515334628,0.136482373272172,0.1579933517755285,-0.2895710601059102,-0.4631736270055321,6,white,-0.7546951490299852,-0.08694878107903932
-0.465493613208059,-0.7441462576329604,-0.2357537976703321,-0.8145411504355436,0.3450676076058875,0.2447280952789648,0.0146948247590105,5,white,0.3139348631255495,1.1393652264766705
0.6218802542490606,-0.8330399438130187,-0.5613112807608368,-1.468791375964973,-1.1515264390369928,0.7122398562407312,0.9985416372153092,6,white,-1.0888520566059414,0.5236206896907738
-0.465493613208059,-0.7441462576329604,-0.2357537976703321,-0.8145411504355436,0.3450676076058875,0.2447280952789648,0.0428047336863063,5,white,0.3139348631255495,1.1393652264766705
-0.397532746491989,1.7004301123186414,-0.20862400741279,0.4804696052515227,0.2203514370523139,0.0443659120096371,-0.0415249930956665,6,white,0.6543778654029921,2.157922726472112
0.6218802542490606,-0.8330399438130187,-0.5613112807608368,-1.468791375964973,-1.1515264390369928,0.7122398562407312,1.0125965916789976,6,white,-1.0888520566059414,0.5236206896907738
0.2820759206687107,-0.8552633653580332,-0.5884410710183786,-1.2124871639018726,-1.3386006948673546,0.6454524618176217,0.717442547942092,6,white,-0.6832663883386688,0.6629853547825234
-0.1256892796277091,-0.8330399438130187,-0.724090022306089,-1.637412568111709,0.90629037509697,-0.6902954266445667,1.5607398157618233,7,white,-1.2496133566800212,-0.4006958491690544
0.2141150539526407,0.1447906041676221,-0.3714027489580425,-0.2075048587072161,0.095635266498743,-0.2227836656828007,-0.3788439002235593,6,white,-0.9470111586611443,1.7062235663589753
-0.6693762133562691,-0.3663480913677128,-0.5884410710183786,-1.4485568329073415,-0.8397360126530602,-0.4231458489521292,1.4764100889798504,6,white,-0.4499975861106129,0.49400907807622546
0.146154187236571,-0.8774867869030477,-0.6155708612759208,-2.2916627936411382,0.5944999487130347,-1.4249567652987702,2.1510479032356344,7,white,-1.624723056852874,1.29987917047786
-0.2616110130598489,-0.8997102084480624,-0.5341814905032947,-1.2124871639018726,0.4074256928826756,0.1111533064327466,0.0849695970772934,7,white,-1.394628360987973,-0.564972286117699
-0.1936501463437792,-0.8997102084480624,-0.3985325392155843,-1.381108356048647,0.8439322898201819,-0.3563584545290197,0.717442547942092,7,white,-1.111963188536215,0.033847585257980976
-0.7373370800723391,-0.7552579684054677,1.6362017301000662,-0.2479739448224404,-0.7150198420994867,0.2447280952789648,-1.0534817144793436,5,white,0.8414244037705004,1.9638036176330345
-1.756750080813389,0.3892482411627823,-0.3985325392155843,-0.0726079049898266,1.342796972034476,-0.6235080322214572,-0.2945141734415865,5,white,0.6628214430297974,-1.210559494794028
-1.756750080813389,0.3892482411627823,-0.3985325392155843,-0.0726079049898266,1.342796972034476,-0.6235080322214572,-0.2945141734415865,5,white,0.6092343430051038,-1.210559494794028
-0.465493613208059,-0.0329967681924942,-0.6427006515334628,-1.6441574157975865,0.2203514370523139,0.3115154897020743,2.1510479032356344,7,white,-0.6191403457866742,0.7393643036977211
1.0296454545454805,-0.810816522268004,-0.154364426897706,-0.4874160376708292,0.095635266498743,-0.2227836656828007,-0.800492534133425,5,white,-0.44682347974745784,2.3447610153988245
-0.2616110130598489,-0.5663588852728438,-0.5884410710183786,-1.9746549524052208,-0.777377927376272,-0.4231458489521292,1.898058722889716,7,white,-0.42371234781718425,-0.9901160410294276
0.6218802542490606,1.278185102963365,-0.2357537976703321,-0.2816981832517878,-0.8397360126530602,0.3783028841251838,0.3520137318869033,7,white,-0.8786943863081591,1.426081663106848
0.6218802542490606,1.278185102963365,-0.2357537976703321,-0.2816981832517878,-0.8397360126530602,0.3783028841251838,0.3801236408141991,7,white,-0.8786943863081591,1.426081663106848
-0.465493613208059,-0.4996886206378002,-0.5613112807608368,-1.6138056012111588,-0.0914389893316186,-0.4231458489521292,2.4040370835815548,6,white,0.2992051907972572,0.7377206703532085
-0.465493613208059,-0.8330399438130187,-0.4527921197306684,-1.5834537866247311,-2.211613888742367,-0.3563584545290197,0.5487830943781448,6,white,-0.7252979223982253,-0.4434696332463644
0.6218802542490606,-0.6774759929979167,-0.8054793930787151,-1.317032303032872,0.282709522329102,0.6454524618176217,1.5607398157618233,6,white,-0.3890456499217736,-1.0742510361154194
0.6218802542490606,-0.8774867869030477,-0.2357537976703321,-0.9629277995246872,-0.8397360126530602,-0.4231458489521292,0.5487830943781448,5,white,-0.05914159017163225,0.64418599575191
0.2820759206687107,0.7003761427929861,-0.7783496028211758,-0.612195719859422,-0.5279455862691249,-0.8238702154907857,1.5607398157618233,6,white,-0.6864404947018239,0.5158646435199797
0.0781933205205009,0.2114608688026658,-0.5613112807608368,-0.3086775739952956,0.5944999487130347,0.3115154897020743,-0.350733991296262,7,white,-1.3830727950228365,-0.040181443778389975
0.146154187236571,0.2336842903476803,-0.6155708612759208,-0.2985603024664615,0.5944999487130347,0.3115154897020743,-0.350733991296262,7,white,-1.3715172290576996,0.036903791671121844
1.4374106548419008,0.8337166720630738,0.0084143146475463,0.6356011020265431,-0.3408713304387659,-0.6235080322214572,-1.2221411680432908,5,white,-0.5802829180902729,1.5682714743358541
0.146154187236571,0.2336842903476803,-0.6155708612759208,-0.2985603024664615,0.5944999487130347,0.3115154897020743,-0.3366790368325721,7,white,-1.3715172290576996,0.036903791671121844
0.0781933205205009,0.2114608688026658,-0.5613112807608368,-0.3086775739952956,0.5944999487130347,0.3115154897020743,-0.3366790368325721,7,white,-1.3830727950228365,-0.040181443778389975
0.0781933205205009,-0.8552633653580332,-0.20862400741279,-1.0775902101844832,1.46751314258805,-0.6235080322214572,0.8017722747240648,5,white,-0.30180847543950523,-0.6803625261627517
1.1655671879776206,1.4115256322334524,-0.5884410710183786,0.9391192478907068,-0.9020940979298456,0.0443659120096371,-1.3908006216072364,6,white,-0.5781875531897778,1.3560461872938159
-1.2130631470848288,-0.8330399438130187,-0.5613112807608368,-0.8145411504355436,1.529871227864838,-0.4899332433752383,-0.0696349020229623,5,white,-1.2790105833117806,2.2187895830457203
1.3694497881258307,0.255907711892695,-0.7783496028211758,-0.9865347664252376,0.3450676076058875,-0.1559962712596912,1.0547614550699849,7,white,-0.9207259203677154,0.15065039837166203
-0.1936501463437792,-0.4107949344577419,-0.6155708612759208,-1.1248041439855845,0.7815742045433964,0.3115154897020743,0.9142119104333348,7,white,-0.733679382000207,0.8949473476653731
0.3500367873847808,-0.1218904543725526,-0.4527921197306684,-0.4098502892833378,0.4074256928826756,0.5786650673945123,0.0428047336863063,6,white,-1.3757079588586905,1.4331314227433278
0.0102324538044309,1.078174309058234,-0.3171431684429583,0.6153665589689497,-0.2785132451619777,-0.0892088768365817,-0.800492534133425,6,white,-0.7788850224229185,0.6084619713110798
-1.2130631470848288,-0.8330399438130187,-0.5613112807608368,-0.8145411504355436,1.529871227864838,-0.4899332433752383,-0.0415249930956665,5,white,-1.3861847833611673,2.2187895830457203
-1.892671814245529,-0.8330399438130187,0.0355441049050855,-0.6155681437023792,-0.3408713304387659,-0.9574450043370044,-0.2945141734415865,4,white,0.9790745719143066,0.035260158326609274
0.3500367873847808,-0.9219336299930768,-0.8597389735937991,-2.052220700792712,0.4074256928826756,-1.3581693708756608,2.1510479032356344,6,white,-1.177105854526045,-1.5670803469613532
0.0781933205205009,-0.966380473083106,-0.8054793930787151,-1.5632192435671377,-0.7150198420994867,-1.4917441597218797,1.0547614550699849,6,white,-0.32390298393194344,-1.196459975521068
0.0102324538044309,-0.8997102084480624,-0.4256623294731292,-1.5160053097660364,-1.0268102684834193,-1.0910197931832233,1.392080362197876,6,white,-0.4426327499464667,0.42937972855516116
0.146154187236571,-0.8997102084480624,-0.5613112807608368,-1.202369892373076,1.342796972034476,-0.6235080322214572,0.7596074113330776,6,white,-1.0888520566059414,1.7428849376100037
0.0102324538044309,1.1892914167833066,0.1440632659352565,0.6963047311993983,0.0332771812219549,-0.2895710601059102,-0.0415249930956665,5,white,-0.3617437881905089,-0.2808368296422323
0.0102324538044309,1.6559832692286125,-0.5884410710183786,0.7165392742569917,-2.1492558034655813,-1.1578071876063327,-1.3064708948252637,6,white,-1.0499946289095397,0.04372249103171776
-0.0577284129116391,3.1560642235170957,-0.3714027489580425,1.6877973410223008,-1.8374653770816465,-0.0892088768365817,-1.2221411680432908,7,white,-0.8167258266814839,0.9750887895280258
0.0102324538044309,-0.8774867869030477,-0.1001048463826219,-0.1333115341626444,0.9686484603737554,0.0443659120096371,-1.475130348389209,5,white,-0.584473647891264,0.5732131731286799
0.0102324538044309,0.8781635151531028,-0.6698304417910048,-0.8954793226659924,-0.590303671545913,0.7790272506638407,1.982388449671689,7,white,-0.25139548177796733,-0.05498724958566417
0.553919387532991,-0.8552633653580332,-0.724090022306089,-1.779054369514976,-0.2161551598851922,2.849436477780232,2.0667181764536617,6,white,-1.4135487631172563,-0.8133837181523353
2.8645888558793704,-0.8330399438130187,3.155469984522423,-0.4031054415974608,-1.1515264390369928,-0.4899332433752383,-1.1378114412613178,6,white,-0.426886454180339,0.24324772616276236
0.0781933205205009,1.7226535338636564,-0.4256623294731292,0.6929323073564411,-0.777377927376272,0.1779407008558561,-0.6318330805694778,5,white,-0.40796605205105646,1.861331384068197
-1.552867480665179,0.5670356135228988,-0.3442729587005004,0.0892684394710707,0.2203514370523139,-1.0242323987601136,-0.3788439002235593,6,white,1.0169153761728722,0.5297331025170555
-0.2616110130598489,-0.810816522268004,-0.5341814905032947,-1.2799356407606048,0.6568580339898229,-0.7570828210676762,0.2957939140322263,7,white,-1.6468175653453117,-0.1506407837899054
1.2335280546936906,0.722599564338001,-0.1001048463826219,0.3253381084765397,-0.153797074608404,-0.1559962712596912,-0.800492534133425,6,white,-0.42371234781718425,1.92737330665789
-1.077141413652689,0.8781635151531028,-0.1001048463826219,0.0690338964134398,0.8439322898201819,-1.0910197931832233,-0.1258547198776393,6,white,-1.1235187545013516,0.0392537115499485
0.553919387532991,-0.7108111253154386,-0.696960232048547,-1.6441574157975865,-1.213884524313781,-1.5585315541449891,1.0547614550699849,7,white,-1.119328024700361,-0.23876933209923637
-1.077141413652689,1.66709498000112,-0.154364426897706,0.3725520422776036,1.093364630927329,-1.0242323987601136,0.2114641872502534,6,white,-1.4503108259131623,0.04935967759956931
-0.2616110130598489,-0.810816522268004,-0.6155708612759208,-0.6998787397757477,0.3450676076058875,0.2447280952789648,0.0428047336863063,6,white,-0.06752304977361367,-0.22396352629196215
-0.0577284129116391,-0.7219228360879458,-0.6427006515334628,-1.5834537866247311,0.7815742045433964,-0.2227836656828007,1.8137289961077416,6,white,-1.2685337588093037,0.9417146849660224
-0.0577284129116391,-0.2330075620976254,-0.724090022306089,-1.424949866006791,0.4697837781594611,-0.6902954266445667,1.392080362197876,7,white,-1.0320908502180925,-0.1967018345562404
-1.077141413652689,1.66709498000112,-0.154364426897706,0.3725520422776036,1.093364630927329,-1.0242323987601136,0.2114641872502534,6,white,-1.5574850259625483,0.04935967759956931
-0.2616110130598489,-0.455241777547771,-0.4527921197306684,-0.8010514550637897,0.1579933517755285,-0.4231458489521292,0.464453367596172,6,white,-0.706377520268942,-0.63900131515407
0.0102324538044309,0.6337058781579427,-0.6155708612759208,0.1971860024449898,0.4074256928826756,-1.4917441597218797,-0.4631736270055321,6,white,-1.0920261629690964,-0.9301865312660166
0.4179976541008508,-0.5441354637278293,-0.6427006515334628,-1.2259768592736269,-0.6526617568226984,0.3783028841251838,0.2114641872502534,6,white,-1.0415510512827342,-1.357680206056572
0.4179976541008508,-0.8552633653580332,0.469620749025761,-1.08433505787036,0.5321418634362493,-0.8906576099138948,-0.2101844466596121,6,white,-1.7949445579915955,0.8716792091529906
-1.145102280368759,0.4559185057978259,-0.3714027489580425,-0.2547187925083174,0.095635266498743,-0.3563584545290197,-0.547503353787505,6,white,-1.5175488568034874,0.32573908790424166
0.0102324538044309,-0.8330399438130187,-0.3442729587005004,-1.381108356048647,-0.7150198420994867,0.1779407008558561,1.4342452255888634,5,white,-0.6412348542791123,-0.7409983224604769
0.0781933205205009,1.25596168141835,-0.5613112807608368,0.2275378170314174,0.7192161192666082,-0.0892088768365817,-0.2945141734415865,6,white,-0.6990126841047966,-0.3212606938407158
-0.2616110130598489,0.5892590350679134,-0.1001048463826219,0.1196202540574983,-1.0268102684834193,-0.2227836656828007,-0.9691519876973708,6,white,-1.046820522546385,0.4994152043681929
0.9616845878294108,0.7448229858830154,-0.1814942171552479,0.1398547971150917,-0.2785132451619777,-0.4899332433752383,-0.7161628073514522,6,white,-0.11793604343515197,1.931366859881229
0.0781933205205009,1.7004301123186414,-0.5070517002457526,0.2916138700471549,-1.1515264390369928,0.7790272506638407,-0.1258547198776393,6,white,-0.31234741796680643,0.14125071885635532
1.0976063212615506,-0.7219228360879458,-0.5884410710183786,-1.1214317201426272,1.6545873984184116,1.3801138004718252,1.392080362197876,6,white,0.08066606089749316,-0.028431844384256732
-0.0577284129116391,1.2115148383283212,-0.5884410710183786,0.0825235917851937,-0.6526617568226984,-0.8906576099138948,0.0428047336863063,6,white,-0.5719014584882912,0.33513876741954834
0.7578019876812007,-0.7663696791779749,-0.1814942171552479,-0.3626363554822365,0.282709522329102,-0.4231458489521292,0.1271344604682791,5,white,-0.32390298393194344,-1.6458092157553779
1.9131367218543904,-0.7108111253154386,-0.2357537976703321,-0.4132227131262575,0.095635266498743,-0.2895710601059102,1.0969263184609706,5,white,0.18149204822056977,-0.7776596937115055
0.4179976541008508,1.2115148383283212,-0.696960232048547,-0.4469469515556049,0.7192161192666082,-0.4899332433752383,0.9704317282880104,6,white,-1.169741018361899,1.2345435344224815
-0.6693762133562691,-0.8997102084480624,-0.724090022306089,-0.7943066073779502,2.0287359100791296,-0.6235080322214572,-0.3366790368325721,6,white,-1.7487222941310478,0.7844880076538578
-0.0577284129116391,-0.8552633653580332,-0.8326091833362572,-1.5969434819964852,0.6568580339898229,-0.6235080322214572,0.9142119104333348,6,white,-1.693039829205859,-0.5360669610374648
0.2820759206687107,-0.7441462576329604,-0.3985325392155843,-1.0438659717551355,-0.0290809040548305,0.0443659120096371,0.2114641872502534,6,white,-1.3830727950228365,-1.298456982827475
0.2820759206687107,-0.7663696791779749,-0.3985325392155843,-1.0472383955980555,-0.0290809040548305,0.0443659120096371,0.2114641872502534,6,white,-1.4251043290823928,-1.3381745604916444
0.0102324538044309,0.8781635151531028,-0.696960232048547,-0.740347825890972,0.1579933517755285,-1.8256811318374264,1.4764100889798504,7,white,-1.0352649565812482,0.6831972868817651
-0.465493613208059,-0.6996994145429313,-0.7512198125636337,-1.6239228727399555,0.8439322898201819,0.8458146450869501,1.6450695425437962,6,white,-1.104598352372069,0.1661624907132504
-0.0577284129116391,-0.8552633653580332,-0.8326091833362572,-1.5969434819964852,0.6568580339898229,-0.6235080322214572,0.9282668648970248,6,white,-1.693039829205859,-0.5360669610374648
0.9616845878294108,-0.7885931007229895,-0.1814942171552479,-0.4907884615137864,0.095635266498743,-0.2895710601059102,-0.800492534133425,5,white,-0.7525997841294896,1.9640346779089184
-0.0577284129116391,-0.25523098364264,-0.6155708612759208,-0.7943066073779502,0.095635266498743,-0.4899332433752383,0.2957939140322263,6,white,-0.9091703544025787,0.760282522331277
0.0102324538044309,-0.3219012482776837,-0.5884410710183786,-0.8044238789067469,0.0332771812219549,-0.4899332433752383,0.2114641872502534,6,white,-0.9627574544272719,0.4721535126324712
0.3500367873847808,-0.8552633653580332,-0.6698304417910048,-0.9055965941947892,0.5944999487130347,-0.6235080322214572,0.5487830943781448,5,white,-1.5091673972015058,1.7313663984917544
-0.873258813504479,-0.0107733466474797,-0.3714027489580425,-0.0523733619321957,2.7770329334005712,0.2447280952789648,-0.4631736270055321,5,white,-1.624723056852874,-0.6810688126970659
-0.465493613208059,-0.4774651990927857,-0.2628835879278742,-0.4705539184561556,1.342796972034476,0.7122398562407312,-0.0415249930956665,3,white,-0.9512018884621352,14.344657641700689
1.2335280546936906,1.1892914167833066,-0.3714027489580425,0.2983587177330319,-2.273971974019155,-0.4899332433752383,-1.2221411680432908,6,white,-0.970122290591418,1.452637068308255
1.2335280546936906,1.4115256322334524,-0.7512198125636337,-0.0860976003615431,0.0332771812219549,-0.2895710601059102,-0.0415249930956665,6,white,-1.2191373885856016,-0.462975278811292
-0.5334544799241291,2.9560534296119645,-0.1814942171552479,1.6507006787500338,-0.6526617568226984,0.5118776729714027,-1.0534817144793436,5,white,-0.6149496159856835,0.9882509619907874
-0.465493613208059,2.967165140384471,-0.154364426897706,1.6608179502788305,-0.590303671545913,0.5786650673945123,-1.0534817144793436,6,white,-0.5193309819014337,0.7647513018130462
2.0490584552865303,0.4559185057978259,-0.6427006515334628,0.0622890487276003,-0.5279455862691249,0.5786650673945123,0.0428047336863063,6,white,0.11215865242974853,1.596470512881774
0.2820759206687107,-0.8330399438130187,-0.5884410710183786,-1.833013151001954,0.0332771812219549,0.7122398562407312,1.3077506354159032,7,white,-1.5291044227686246,-0.05404990277546607
-0.397532746491989,-0.7885931007229895,-0.6698304417910048,-1.273190793074728,1.2804388867576908,1.5804759837411535,1.2234209086339305,6,white,-1.693039829205859,0.021391699329533404
0.2141150539526407,1.1448445736932773,-0.3714027489580425,0.6018768635971957,-0.4032294157155512,-0.2227836656828007,-0.7161628073514522,6,white,-1.08466132680495,0.29471490322106497
2.7966279891633,-0.6330291499078875,-0.8054793930787151,-1.5294950051377902,-0.6526617568226984,-0.3563584545290197,1.5607398157618233,6,white,-0.5571717861599996,-0.6343014753964167
-0.397532746491989,-0.3441246698226982,-0.5884410710183786,-1.9611652570334668,-0.2785132451619777,-0.4231458489521292,2.5726965371455,7,white,-0.500410579772151,0.2775591775349641
0.2141150539526407,-0.25523098364264,-0.4527921197306684,-1.1855077731584025,-1.5256749506977136,-0.0224214824134723,1.0547614550699849,6,white,-0.9890426927207007,0.2018865151540806
-0.397532746491989,0.5225887704328698,-0.127234636640164,-0.22099455407897,-0.4032294157155512,-1.0910197931832233,-0.4631736270055321,6,white,-1.0615501948746768,0.7673322819677569
-0.3295718797759189,1.322631946053394,-0.5884410710183786,0.5007041483091536,-0.6526617568226984,-1.0242323987601136,-1.2221411680432908,6,white,-1.3599616630925626,0.6575792284905558
-0.1256892796277091,-0.7885931007229895,-0.5341814905032947,-1.3372668460905028,1.529871227864838,-0.7570828210676762,1.1390911818519576,7,white,-0.13368233920127962,-0.8881190337230207
-0.465493613208059,-0.25523098364264,-0.696960232048547,-1.2866804884464444,0.5321418634362493,0.3115154897020743,1.0125965916789976,7,white,-0.7914572118258909,0.792244053824652
-0.1936501463437792,0.0781203395325785,-0.2900133781854162,-0.7740720643203194,0.095635266498743,-0.8238702154907857,0.717442547942092,6,white,-1.0583760885115214,0.18096829652052468
0.146154187236571,-0.7885931007229895,-0.5070517002457526,-1.725095588028035,2.0910939953559176,-0.3563584545290197,2.0667181764536617,8,white,-1.2653596524461486,-0.7036306646751344
-0.465493613208059,-0.0107733466474797,-0.0458452658675378,-0.9528105279958904,0.282709522329102,-0.2227836656828007,1.5607398157618233,8,white,-0.5382513840307164,0.2166923209613548
-0.465493613208059,-0.8552633653580332,-0.127234636640164,-0.342401812424643,0.4697837781594611,-0.7570828210676762,-0.9691519876973708,7,white,-0.977487126755564,0.9906008818696143
-0.1256892796277091,1.7671003769536853,-0.2628835879278742,0.8480638041314615,-0.4032294157155512,-0.2227836656828007,-0.800492534133425,6,white,-0.5340606542297257,2.1191424956181404
0.8937237211133408,0.7892698289730444,0.0084143146475463,0.6760701881417674,-0.4032294157155512,-0.1559962712596912,-1.2221411680432908,5,white,-0.706377520268942,2.030076600498611
-0.0577284129116391,-0.7441462576329604,-0.2357537976703321,-1.6879989257557304,0.095635266498743,-1.0910197931832233,1.2234209086339305,7,white,-1.6436434589821567,-1.179304249834967
0.146154187236571,-0.8552633653580332,-0.3171431684429583,-1.08433505787036,-0.4032294157155512,-0.4899332433752383,0.5487830943781448,4,white,-0.49939395633431544,-0.7318297032210545
0.553919387532991,-0.8552633653580332,0.5238803295408452,-0.8415205411790141,0.5944999487130347,-0.4231458489521292,-0.3788439002235593,6,white,-1.4986284546742046,0.5983560052614589
0.553919387532991,-0.8552633653580332,0.5238803295408452,-0.9055965941947892,-0.590303671545913,-0.5567206377983478,-0.2101844466596121,6,white,-1.0699316544766584,0.8716792091529906
0.0102324538044309,-0.6774759929979167,-0.6155708612759208,-1.6913713495986875,-0.4032294157155512,0.1779407008558561,1.4764100889798504,6,white,-1.016344554451965,-0.11256683947024859
-0.873258813504479,3.1893993558346168,-0.696960232048547,0.8446913802885417,-1.588033035974499,-0.8906576099138948,0.0006398702953206,6,white,-0.8807897512086544,-0.1818960287489662
-2.164515281109809,-0.9441570515380916,-0.5341814905032947,-1.4215774421638712,-0.777377927376272,-0.8906576099138948,0.2957939140322263,4,white,0.3822516354785346,-0.23947561863355055
-1.552867480665179,0.2781311334377095,-0.3985325392155843,-0.2412290971365635,-0.4655875009923394,-0.3563584545290197,-0.7161628073514522,5,white,-0.9438370522979893,0.5344329422747088
-1.484906613949109,0.3003545549827242,-0.3714027489580425,-0.2412290971365635,-0.5279455862691249,-0.3563584545290197,-0.6318330805694778,5,white,-1.051011252347376,0.5048213306601604
1.2335280546936906,1.567089583048554,-0.3171431684429583,0.9660986386341772,-1.1515264390369928,-0.0224214824134723,-1.3908006216072364,6,white,-0.4615531520757496,0.4768533523901246
-0.0577284129116391,1.7448769554086707,-0.3171431684429583,0.3118484131047858,-1.2762426095905663,0.3783028841251838,-0.2945141734415865,5,white,-0.5802829180902729,1.5755522942482183
-0.1936501463437792,-0.5885823068178585,-0.5070517002457526,-1.2327217069595036,-1.3386006948673546,-1.1578071876063327,0.9704317282880104,7,white,-0.5645366223241451,-0.5555726066023923
0.4859585208169208,-0.1663372974625817,-0.724090022306089,-1.853247694059548,1.46751314258805,-1.1578071876063327,1.898058722889716,8,white,-1.6099933845245817,0.1988303087409397
0.553919387532991,-0.1885607190075962,-0.724090022306089,-1.8667373894313013,2.1534520806327038,-1.1578071876063327,1.898058722889716,8,white,-2.277228458213835,0.007292180056573425
0.0781933205205009,-0.7441462576329604,-0.5341814905032947,-2.34562157512808,-0.4655875009923394,-0.9574450043370044,2.5305316737545147,6,white,0.2404107375337375,-0.19129570826427295
0.6898411209651306,-0.6330291499078875,-0.5613112807608368,-1.495770766708443,-0.590303671545913,-1.0242323987601136,0.8861020015060377,6,white,-0.7294886521992159,0.09213346167687943
-2.164515281109809,-0.3663480913677128,-0.5613112807608368,-1.5935710581535654,1.904019739525556,2.5822869000877957,2.741355990709448,6,white,0.5052342493188733,-0.03171911107328174
0.0102324538044309,0.5225887704328698,3.209729565037508,0.2241653931884602,-0.2161551598851922,-0.2227836656828007,-0.9691519876973708,6,white,-0.7946313181890461,1.232899901077969
-0.1256892796277091,0.5003653488878551,3.1825997747799653,0.2207929693455404,-0.2785132451619777,-0.2895710601059102,-0.9691519876973708,5,white,-0.7525997841294896,1.1931823234138
-0.1936501463437792,-0.8774867869030477,-0.5884410710183786,-1.0506108194410126,-0.3408713304387659,0.1111533064327466,0.1271344604682791,7,white,-1.4419293663111803,0.8770853354449581
0.0102324538044309,-0.810816522268004,-0.3714027489580425,-1.6306677204258324,0.5321418634362493,-0.2227836656828007,1.4764100889798504,6,white,-0.8713295501440129,-0.3438225458187842
-0.873258813504479,2.100451700128904,-0.3985325392155843,0.7772429034298095,-0.4032294157155512,-0.6902954266445667,-0.2101844466596121,5,white,-0.8061868841541826,0.2876651435845849
-0.8052979467884089,0.6559292997029571,-0.2628835879278742,-0.0287663950316825,-0.7150198420994867,-0.7570828210676762,-0.1258547198776393,6,white,-0.8976147884374417,0.1584064445424563
0.0781933205205009,-0.8774867869030477,-0.4799219099882105,-1.3575013891480965,0.5321418634362493,-0.5567206377983478,0.8861020015060377,7,white,-1.2569781928441672,0.742420510110862
0.146154187236571,-0.6330291499078875,-0.5341814905032947,-1.5767089389388915,0.8439322898201819,-1.3581693708756608,1.898058722889716,8,white,-1.0279001204171019,-0.1041045067651402
1.2335280546936906,0.1670140257126366,-0.5070517002457526,-0.8921068988230352,-0.2785132451619777,-0.0224214824134723,1.1390911818519576,7,white,-0.5802829180902729,0.4364294881916412
0.9616845878294108,-0.9219336299930768,-0.6427006515334628,-1.7520749787715055,0.095635266498743,-1.2245945820294422,1.3077506354159032,4,white,-0.6265051819508204,-1.4472213274345314
0.146154187236571,0.3003545549827242,-0.6155708612759208,-0.0152766996599285,0.0332771812219549,-0.8238702154907857,-1.1378114412613178,6,white,-1.487072888709068,-0.3485223855764375
-1.552867480665179,1.3004085245083796,-0.154364426897706,0.3792968899634806,-1.8374653770816465,0.5786650673945123,-0.8848222609153978,6,white,-0.5992033202195558,0.4869593184397453
-0.1256892796277091,0.5003653488878551,-0.4799219099882105,-0.6796441967181542,-1.96218154763522,0.2447280952789648,0.3801236408141991,6,white,-1.3830727950228365,0.23008555370000064
2.3888627888668807,0.722599564338001,-0.1001048463826219,0.4602350621939293,-0.2161551598851922,-0.2227836656828007,0.2957939140322263,5,white,0.07012711837019209,-0.9715477422746983
-0.5334544799241291,-0.8330399438130187,-0.1001048463826219,-0.7201132828333785,-0.0914389893316186,0.5786650673945123,-0.1258547198776393,6,white,-1.0047889884868284,1.8754309033411576
0.553919387532991,-0.3885715129127274,-0.0729750561250798,0.0960132871569477,1.2180808014809026,-0.0892088768365817,-1.2221411680432908,5,white,-0.8429489469500886,0.36851287198155197
0.6898411209651306,-0.8997102084480624,0.496750539283303,-1.1821353493154825,0.5944999487130347,0.5786650673945123,0.717442547942092,6,white,-0.8472017947759036,-0.9753102352221534
0.0781933205205009,-0.8774867869030477,-0.8054793930787151,-1.7116058926562812,0.7815742045433964,-0.6902954266445667,0.717442547942092,7,white,-1.487072888709068,0.6202115707052134
1.2335280546936906,-0.8997102084480624,1.9074996326754896,-0.8145411504355436,-0.777377927376272,-0.5567206377983478,-0.7161628073514522,5,white,-0.6916478479406506,2.1050429763451803
0.2141150539526407,0.0114500748975346,-0.8326091833362572,-1.3541289653051765,-0.2785132451619777,0.9126020395100596,1.5607398157618233,6,white,-0.5771088117271177,-0.5315981815556954
-2.0965544143937387,-0.4107949344577419,-0.4256623294731292,-1.4418119852214648,-0.153797074608404,2.7158616889340133,2.6570262639274733,7,white,1.203961914540381,-0.4046894023923935
-0.8052979467884089,1.678206690773627,-0.6698304417910048,0.2106756978167437,-1.96218154763522,-0.6902954266445667,0.0428047336863063,6,white,-0.32072887756878854,1.2244375683728608
-0.465493613208059,-0.2996778267326691,-0.696960232048547,-1.0978247532420766,-0.153797074608404,0.6454524618176217,0.5487830943781448,6,white,-0.5865690127917593,0.41457392274788696
0.553919387532991,-0.7441462576329604,-0.9682581346239671,-1.833013151001954,0.095635266498743,2.7826490833571227,2.179157812162932,6,white,-0.9627574544272719,-0.8780130676733998
1.0296454545454805,-0.8330399438130187,-0.3714027489580425,-0.9359484087812168,-0.2161551598851922,-0.5567206377983478,0.3801236408141991,6,white,-0.5529810563590085,-0.26767465717947064
1.0976063212615506,-0.7885931007229895,-0.5613112807608368,-0.983162342582318,-0.2785132451619777,-0.5567206377983478,0.6331128211601191,6,white,-0.7021867904679515,0.831024284678623
0.146154187236571,-0.0996670328275381,-0.0729750561250798,-0.8786172034513187,-0.153797074608404,-0.4899332433752383,1.2234209086339305,7,white,-0.6527904202442489,-0.12126023245124114
0.2141150539526407,1.1670679952382923,-0.3985325392155843,0.7300289696287456,0.0332771812219549,-0.4231458489521292,-1.1378114412613178,5,white,-0.9165351905667244,1.274261112086651
-0.1936501463437792,0.2336842903476803,-0.2900133781854162,0.0285648102982155,1.5922293131416234,0.2447280952789648,0.1271344604682791,6,white,-0.6685367160103767,0.2065863549117339
0.0781933205205009,-0.8552633653580332,-0.5613112807608368,-1.3338944222475455,-0.777377927376272,1.5136885893180445,0.717442547942092,6,white,-0.7978054245522012,-0.11327312600456284
0.0781933205205009,1.078174309058234,-0.6698304417910048,-0.6594096536605233,-0.777377927376272,-0.6902954266445667,1.3077506354159032,7,white,-0.7525997841294896,-0.6194956695891425
-0.3295718797759189,-0.7663696791779749,0.1440632659352565,-1.0641005148127292,0.0332771812219549,-1.2245945820294422,0.464453367596172,6,white,-0.9858685863575457,-0.19528926148761205
-0.397532746491989,-0.8774867869030477,0.0355441049050855,-0.6155681437023792,0.282709522329102,-0.6902954266445667,-0.7161628073514522,6,white,-0.6075847798215376,-0.07613652849510434
-0.397532746491989,-0.7885931007229895,0.0084143146475463,-0.9561829518388102,0.095635266498743,-1.1578071876063327,0.1271344604682791,5,white,-0.8061868841541826,-0.1828333755591645
-0.2616110130598489,-0.8552633653580332,-0.696960232048547,-1.1045696009279535,1.6545873984184116,0.3115154897020743,0.2957939140322263,6,white,-0.9249166501687065,-0.0954111137841478
-0.1256892796277091,-0.7885931007229895,-0.6427006515334628,-1.5767089389388915,0.8439322898201819,0.1779407008558561,1.2234209086339305,7,white,-0.5960292138564005,-0.04088773031270427
-0.397532746491989,-0.8774867869030477,-0.5884410710183786,-1.0101417333257885,1.529871227864838,0.1779407008558561,0.0428047336863063,6,white,-1.0720270193771542,0.2448913595072748
0.2820759206687107,1.4337490537784667,1.0664761346916862,0.6356011020265431,-0.7150198420994867,-0.2895710601059102,-0.800492534133425,5,white,0.3790775291153795,-0.7534542083889244
0.4179976541008508,0.611482456612928,-0.696960232048547,-1.0101417333257885,-1.213884524313781,-0.7570828210676762,2.1510479032356344,6,white,-0.6527904202442489,2.2209084426486636
-0.5334544799241291,0.5225887704328698,-0.5070517002457526,-0.4739263422991127,0.9686484603737554,-0.1559962712596912,0.3801236408141991,6,white,-1.3168513875703465,-0.08224894132138592
-1.145102280368759,-0.7997048114954968,-0.5070517002457526,-1.1079420247709109,1.8416616542487705,-0.8906576099138948,0.8861020015060377,4,white,-0.8240285448208058,-1.6690773542677604
0.2820759206687107,0.8559400936080883,-0.7512198125636337,-0.457064223084439,0.3450676076058875,-1.2245945820294422,1.1812560452429433,7,white,-0.23983991581283046,0.7276147043035877
-0.465493613208059,-0.8774867869030477,-0.1814942171552479,-1.195625044687199,1.342796972034476,0.5786650673945123,0.464453367596172,6,white,-1.333676424799134,3.4180729591415924
1.7092541217061803,-0.8997102084480624,-0.3714027489580425,-1.5160053097660364,-0.3408713304387659,-1.1578071876063327,0.8017722747240648,6,white,-0.8135517203183287,0.5175082768644921
-0.465493613208059,-0.5663588852728438,-0.2900133781854162,-1.21585958774483,-0.0914389893316186,-0.8906576099138948,0.6331128211601191,5,white,-0.88288511610915,1.5193852774322623
-0.6014153466401989,-0.8774867869030477,-0.3442729587005004,-1.7857992172008528,0.3450676076058875,-1.2913819764525514,1.1390911818519576,6,white,-1.5217395866044785,1.1370153065978437
-0.1936501463437792,-0.5885823068178585,2.151667744993368,-0.3963605939115838,-0.2785132451619777,0.4450902785482933,-0.8848222609153978,5,white,-0.17888797962399147,-0.8601510554529848
-0.1256892796277091,-0.6108057283628731,-0.2357537976703321,-1.718350740342158,0.4074256928826756,-0.4899332433752383,1.392080362197876,6,white,-1.3189467524708423,0.8427738840727563
-1.552867480665179,0.0114500748975346,-0.5070517002457526,-1.4553016805932186,1.1557227162041173,-0.8906576099138948,1.392080362197876,7,white,-0.6852996352143397,0.6592228618350684
0.2141150539526407,-0.5663588852728438,-0.2357537976703321,-1.0371211240692588,-1.0891683537602077,0.1779407008558561,0.464453367596172,6,white,-0.04860264764433118,2.0521632262182496
0.8257628543972707,0.8559400936080883,-0.0458452658675378,0.1162478302145411,-0.777377927376272,-0.3563584545290197,-0.800492534133425,5,white,-0.4962198499711598,1.4937672190410531
0.4179976541008508,-0.7663696791779749,-0.3442729587005004,-0.9359484087812168,0.4697837781594611,1.3133264060487158,0.717442547942092,5,white,-1.023709390616111,-0.7301860698765419
-0.6014153466401989,-0.810816522268004,-0.2628835879278742,-1.5261225812948709,0.5944999487130347,0.5786650673945123,0.717442547942092,5,white,-1.4755173227439309,-0.8608573419872989
-0.1936501463437792,-0.25523098364264,-0.4256623294731292,-1.5126328859231166,-0.777377927376272,0.3783028841251838,1.279640726488606,6,white,-0.5193309819014337,-0.7565104148020654
0.4859585208169208,1.922664327768787,0.0355441049050855,1.0166849962782358,-2.024539632912008,-0.4899332433752383,-1.3064708948252637,6,white,-0.5414254903938718,0.5607572872002323
0.0781933205205009,0.9226103582431318,-0.3714027489580425,-0.0321388188746022,-0.9020940979298456,-0.7570828210676762,0.717442547942092,6,white,0.30339592059824816,-0.41479536844201437
1.3014889214097607,0.611482456612928,-0.0458452658675378,0.1634617640156424,-0.6526617568226984,-0.5567206377983478,-0.800492534133425,5,white,-0.41215678185204707,1.6954113137750402
0.146154187236571,0.5670356135228988,-0.3171431684429583,-0.7808169120061963,-1.213884524313781,-1.0910197931832233,0.3801236408141991,6,white,-0.2902529094743687,-0.1515781306001037
0.0781933205205009,0.5892590350679134,-0.2900133781854162,-0.7740720643203194,-1.1515264390369928,-1.0242323987601136,0.3801236408141991,6,white,0.08803089706163945,-0.1788398223358254
-0.1936501463437792,-0.455241777547771,-0.8054793930787151,-1.303542607661118,0.0332771812219549,0.1779407008558561,0.5487830943781448,6,white,-1.0625668183125125,-0.7083305044327877
-0.1256892796277091,-0.8330399438130187,-0.127234636640164,-1.2967977599752785,0.5321418634362493,-0.4231458489521292,0.843937138115052,6,white,-1.2265022247497472,0.12503233998045282
0.0102324538044309,-0.2330075620976254,-0.5613112807608368,-1.7453301310856284,-0.153797074608404,-0.2227836656828007,2.3197073567995816,7,white,-0.4772994478418773,0.27920281087947657
-0.6014153466401989,-0.8774867869030477,0.2525824269654248,-0.632430262917053,0.4697837781594611,-0.4231458489521292,-0.7723826252061037,5,white,-0.3743159775934817,0.10294571426081454
0.2141150539526407,-0.6774759929979167,-0.2900133781854162,-2.129786449180241,-1.0268102684834193,-0.4899332433752383,2.5726965371455,6,white,-0.4983152148716555,-0.19975804096938132
-0.7373370800723391,-0.6996994145429313,-0.2357537976703321,-1.0641005148127292,0.4074256928826756,0.1111533064327466,0.5487830943781448,6,white,-0.5350772776675614,-0.02772555784994244
0.146154187236571,-0.810816522268004,-0.696960232048547,-2.021868886206322,0.282709522329102,-1.0242323987601136,2.0667181764536617,6,white,0.0491734693652379,-1.7478062230617846
-0.0577284129116391,-0.1218904543725526,-0.2900133781854162,-0.4368296800268081,0.5321418634362493,0.7122398562407312,0.2114641872502534,6,white,-1.2380577907148844,0.5983560052614589
0.0781933205205009,1.122621152148263,-0.6698304417910048,0.5816423205396023,-0.2161551598851922,-0.1559962712596912,-0.6318330805694778,6,white,-0.7673294564577818,-1.28764473024354
-0.2616110130598489,0.3448013980727531,-0.9682581346239671,-0.8954793226659924,-0.4655875009923394,-1.1578071876063327,0.7596074113330776,7,white,-0.6990126841047966,0.18167458305483886
0.553919387532991,-0.6996994145429313,-1.1310368761692198,-1.6306677204258324,0.90629037509697,0.1111533064327466,1.2655857720249175,6,white,-1.7928491930910997,-0.5992837374899007
0.6218802542490606,1.633759847683598,-0.6698304417910048,0.5681526251678484,-0.5279455862691249,0.4450902785482933,-0.7161628073514522,5,white,-0.3322844435339253,1.6011703526394272
0.0102324538044309,-0.7663696791779749,-0.724090022306089,-1.381108356048647,0.6568580339898229,-0.0892088768365817,1.1390911818519576,6,white,-1.3757079588586905,0.21598603442704054
0.2820759206687107,-0.5663588852728438,-0.2357537976703321,-0.5784714814300747,1.6545873984184116,-0.2895710601059102,-0.4631736270055321,6,white,-1.4713265929429404,-0.42184512807849434
-0.397532746491989,-0.8552633653580332,-0.5884410710183786,-0.7032511636186674,-0.6526617568226984,-0.8238702154907857,-0.7161628073514522,6,white,-0.42269572437934816,-0.6911747787466868
0.6898411209651306,-0.5663588852728438,-0.5070517002457526,-1.08433505787036,0.8439322898201819,0.3783028841251838,0.8861020015060377,7,white,-0.39323637972276426,0.19342418244897222
-2.164515281109809,-0.9441570515380916,-0.6698304417910048,-0.5649817860583581,0.1579933517755285,-1.1578071876063327,-1.475130348389209,5,white,0.11850686515605945,-1.1163185336584154
-2.028593547677669,-0.9219336299930768,-0.5884410710183786,-0.740347825890972,0.095635266498743,-1.2245945820294422,-0.8848222609153978,4,white,0.23723663117058255,-1.3670798855718787
0.553919387532991,0.6781527212479715,-0.2900133781854162,0.136482373272172,-0.4655875009923394,-0.2227836656828007,-0.8567123519880766,6,white,-0.3470141158622171,2.203983777238447
-0.3295718797759189,1.4893076076410032,-0.724090022306089,0.2916138700471549,-0.9644521832066338,-0.2227836656828007,-0.9691519876973708,6,white,-1.6457388238826522,0.20588006837741973
-1.2810240138008988,-0.8330399438130187,-0.5341814905032947,-0.9089690180377088,0.2203514370523139,-1.0242323987601136,0.1271344604682791,5,white,-1.020535284252956,1.116097087964288
-1.0091805469366188,-0.6996994145429313,-0.5884410710183786,-1.6509022634834634,0.282709522329102,-1.2245945820294422,0.8017722747240648,6,white,-0.7115848735077687,1.6122136654992465
0.4179976541008508,0.722599564338001,-0.2357537976703321,0.129737525586295,-0.5279455862691249,-0.2227836656828007,-0.800492534133425,5,white,-0.4426327499464667,2.253807320952237
0.553919387532991,0.6781527212479715,-0.2900133781854162,0.136482373272172,-0.4655875009923394,-0.2227836656828007,-0.8426573975244107,6,white,-0.3470141158622171,2.203983777238447
-0.2616110130598489,0.1447906041676221,-0.7783496028211758,-0.9629277995246872,-0.0914389893316186,3.650885210857546,1.3499154988068904,7,white,-1.107772458735224,0.6801410804686243
-0.6693762133562691,-0.6996994145429313,-0.9139985541088832,-1.772309521829099,-1.1515264390369928,1.7140507725873726,2.0667181764536617,7,white,-0.26714177754409496,-1.7181946114472362
0.2820759206687107,-0.8552633653580332,-0.127234636640164,-0.4165951369692147,-1.1515264390369928,0.0443659120096371,-1.1378114412613178,5,white,-0.744218324527508,0.4768533523901246
-0.3295718797759189,1.4893076076410032,-0.724090022306089,0.2916138700471549,-0.9644521832066338,-0.2227836656828007,-0.9691519876973708,6,white,-1.6993259239073453,0.20588006837741973
-0.1936501463437792,-0.6330291499078875,-0.5613112807608368,-1.7385852833997515,-1.0268102684834193,-0.6235080322214572,1.0547614550699849,6,white,-0.6149496159856835,-0.3757840773121593
0.0102324538044309,-0.9219336299930768,-0.5070517002457526,-1.2799356407606048,0.095635266498743,-0.4899332433752383,0.0428047336863063,6,white,-1.3757079588586905,0.4021180368194394
0.4179976541008508,-0.8330399438130187,-0.6698304417910048,-0.5245126999431339,0.4074256928826756,0.0443659120096371,-0.7161628073514522,5,white,-0.8629480905420313,-0.06744313551411171
-0.1936501463437792,-0.7663696791779749,-0.4799219099882105,-1.145038687043178,0.282709522329102,-0.2227836656828007,0.5487830943781448,6,white,-1.107772458735224,-0.5151487424039088
0.2820759206687107,0.6559292997029571,-0.2628835879278742,0.1229926779004181,-0.4655875009923394,-0.4899332433752383,-0.800492534133425,5,white,-0.4310771839813301,1.7421786510756894
-0.873258813504479,-0.8552633653580332,-0.4256623294731292,-0.6728993490322772,-1.4633168654209254,-0.4899332433752383,-0.9691519876973708,6,white,-0.820916556482475,-0.040181443778389975
-0.1256892796277091,-0.8774867869030477,-0.9411283443664252,-1.9712825285623008,0.7192161192666082,-1.0242323987601136,1.898058722889716,7,white,-1.1466298864316256,-0.4498131063485303
0.4179976541008508,-0.9441570515380916,-0.9953879248815094,-1.7284680118709548,0.2203514370523139,-1.4249567652987702,1.0547614550699849,6,white,-1.2149466587846107,-0.5198485821615622
