citric_acid,residual_sugar,chlorides,density,pH,sulphates,alcohol,quality,color,combined_acidity,combined_sulfur_dioxide
0.0,1.9,0.076,0.9978,3.51,0.56,9.4,5,0,0.1946429863517584,-82.33980128259657
0.0,2.6,0.098,0.9968,3.2,0.68,9.8,5,0,0.599492290212094,-47.003145841896966
0.04,2.3,0.092,0.997,3.26,0.65,9.8,5,0,0.596156360036681,-61.95614927022915
0.56,1.9,0.075,0.998,3.16,0.58,9.8,6,0,3.981498612411368,-55.65687749135208
0.0,1.8,0.075,0.9978,3.51,0.56,9.4,5,0,0.1935310096266214,-76.0405295037195
0.06,1.6,0.069,0.9964,3.3,0.46,9.4,5,0,0.6916698052854349,-57.09045648609586
0.0,1.2,0.065,0.9946,3.39,0.47,10.0,7,0,0.0932916632960321,-94.06972164550888
0.02,2.0,0.073,0.9968,3.36,0.57,9.5,7,0,0.5911524647735611,-98.37045862974024
0.36,6.1,0.071,0.9978,3.35,0.8,10.5,5,0,0.2890444548753725,-14.785058104632412
0.08,1.8,0.0969999999999999,0.9959,3.28,0.54,9.2,5,0,-0.5084224088687845,-51.251625145135904
0.0,1.6,0.089,0.9943,3.58,0.52,9.9,5,0,-1.6070243028766358,-56.860236267137296
0.29,1.6,0.114,0.9974,3.26,1.56,9.1,5,0,0.5919864473174146,-87.66593450464698
0.18,3.8,0.176,0.9986,3.16,0.88,9.2,5,0,1.6918393151410456,35.11760750246357
0.19,3.9,0.17,0.9986,3.17,0.93,9.2,5,0,1.6918393151410456,37.806802953984985
0.56,1.8,0.092,0.9969,3.3,0.75,10.5,7,0,1.2825421043801573,-9.667955606551644
0.08,4.4,0.086,0.9974,3.38,0.5,9.0,4,0,0.1915850503576299,-88.35659516152268
0.48,1.8,0.077,0.9968,3.39,0.53,9.4,6,0,1.6807195478896677,-52.89423486384932
0.31,2.3,0.0819999999999999,0.9982,3.52,0.65,9.7,5,0,0.3859478710305479,-43.57103205250746
0.21,1.6,0.106,0.9966,3.17,0.91,9.5,5,0,0.6869439042035994,-79.65060583107515
0.11,2.3,0.084,0.9968,3.17,0.53,9.4,5,0,1.288379982187131,-50.686669345233966
0.14,2.4,0.085,0.9968,3.43,0.63,9.7,6,0,-0.3135035998332958,-74.198767752051
0.16,1.4,0.08,0.9955,3.34,0.56,9.3,5,0,-0.9135497069104056,-93.0443254076898
0.24,1.8,0.08,0.9962,3.28,0.59,9.5,5,0,0.3865038593931169,-106.33352962231965
0.0,1.9,0.08,0.9972,3.47,0.55,9.4,5,0,-0.1049630759148705,-80.67600206889423
0.0,2.0,0.0819999999999999,0.9964,3.38,0.59,9.8,6,0,0.5929594269519098,-100.54695596235211
0.07,2.4,0.089,0.9958,3.35,0.54,10.1,5,0,-0.5057814641465823,-34.24782924116559
0.0,2.5,0.105,0.9966,3.46,0.57,10.6,6,0,-0.3055807656666891,-76.88796320357241
0.12,2.3,0.083,0.9966,3.17,0.66,9.8,5,0,1.0930441818797174,-4.540974417456297
0.12,10.7,0.073,0.9993,3.45,0.52,9.4,6,0,-0.307804719116965,-27.979625648291982
0.25,1.8,0.103,0.9957,3.38,0.55,9.2,5,0,-2.0150705398217426,-66.30914393545291
0.0,5.5,0.086,0.9986,3.4,0.55,9.6,6,0,0.5929594269519098,-99.29133950557448
0.14,2.4,0.086,0.9975,3.42,0.6,10.8,6,0,0.5917084531361301,-102.67119561397158
0.28,2.1,0.066,0.9968,3.23,0.73,9.7,7,0,0.8854766375957848,-85.77191507198609
0.09,1.5,0.172,0.994,3.5,0.48,9.8,4,0,-1.492746250391182,-97.8577605108307
0.36,5.9,0.074,0.9978,3.33,0.83,10.5,5,0,0.0877317796703431,-30.53323755182511
0.3,2.8,0.088,0.9976,3.26,0.51,9.3,4,0,1.591599968810458,-69.2808172869253
0.22,2.2,0.069,0.9968,3.3,1.2,10.3,5,0,0.8932604746717487,-93.50476584560694
0.02,1.8,0.05,0.9962,3.48,0.52,9.5,5,0,-0.4059591090879202,-106.1033094033611
0.43,2.2,0.114,0.997,3.25,0.73,9.2,5,0,0.5010599060598553,-1.9562943279197071
0.52,1.6,0.113,0.9969,3.25,0.58,9.5,5,0,1.4827428028600504,-79.19016539315803
0.23,1.6,0.066,0.9958,3.34,0.56,9.2,5,0,-0.8133103605798162,-105.13017084653444
0.37,1.4,0.074,0.9954,3.32,0.58,9.2,5,0,-1.6155031254058114,-21.77499054038519
0.26,1.7,0.074,0.9971,3.15,0.74,9.2,5,0,1.5929899397168796,-94.65586694039976
0.04,2.2,0.069,0.9956,3.4,0.63,9.4,6,0,-0.6100517261057963,-101.52009451917876
0.04,2.1,0.068,0.9955,3.39,0.64,9.4,6,0,-0.6106077144683653,-102.95367351392257
0.36,3.0,0.081,0.997,3.2,0.56,9.4,5,0,1.385283398342306,4.751160207882094
0.15,2.8,0.11,0.9955,3.17,0.63,10.2,6,0,0.3892838012059609,-39.322552749268525
0.04,3.8,0.084,0.9978,3.34,0.53,9.5,5,0,0.4923030893493951,-68.41219409208345
0.57,3.4,0.07,0.9971,3.04,0.63,9.6,5,0,2.98577700945631,-107.30666817914631
0.12,5.1,0.111,0.9983,3.26,0.77,9.4,5,0,0.2926583792320709,0.5973175756134026
0.18,2.3,0.076,0.9975,3.43,0.59,10.0,5,0,0.5914304589548456,-61.495708832312026
0.31,2.4,0.074,0.9962,3.41,0.54,9.4,6,0,0.0860638145826362,-71.1225790385938
0.4,2.2,0.079,0.998,3.44,0.64,9.2,5,0,1.5857620910034846,-62.98154550804822
0.49,1.8,0.115,0.9968,3.21,0.71,9.3,5,0,0.4942490486183857,-4.363011879490145
0.16,1.9,0.085,0.9968,3.38,0.62,9.5,7,0,0.2896004432379415,-81.13644250681135
0.05,2.0,0.081,0.9966,3.39,0.57,9.8,5,0,-0.2042294426109627,-62.41658970814628
0.05,4.65,0.086,0.9962,3.41,0.39,10.9,5,0,-0.0045847324936385,-106.33352962231965
0.11,1.5,0.079,0.9968,3.42,0.58,9.6,5,0,0.2896004432379415,-77.47410849846328
0.07,1.6,0.076,0.9962,3.44,0.58,10.7,5,0,-0.6049088337520336,-101.9805349570959
0.57,2.0,0.074,0.9969,3.28,0.79,10.7,5,0,2.083344898299728,-48.48898251763316
0.05,1.9,0.074,0.9962,3.34,0.95,10.5,6,0,0.7945500963382255,-97.62754029187214
0.08,1.9,0.076,0.9967,3.32,0.54,9.5,6,0,0.4925810835306796,-88.23089030454892
0.23,2.1,0.088,0.9962,3.32,0.48,9.5,5,0,0.4936930602558176,-20.62388944559237
0.22,1.9,0.084,0.9961,3.31,0.48,9.5,5,0,0.4942490486183857,-22.339946340287117
0.26,2.1,0.084,0.9976,3.31,0.53,9.2,4,0,1.0936001702422846,-73.58155427115665
0.54,2.5,0.094,0.9984,3.28,0.82,9.6,5,0,2.483190306896944,-30.742268275794743
0.64,2.2,0.093,0.9986,3.54,0.66,10.5,5,0,1.5860400851847682,-75.01513326590043
0.0,2.4,0.104,0.9966,3.52,0.55,10.7,6,0,-0.4027621760031499,-85.54169485302751
0.12,2.0,0.086,0.9958,3.38,0.52,10.1,5,0,-0.5036965077869491,-37.34520744961172
0.2,1.5,0.08,0.9972,3.16,1.12,9.1,4,0,1.092210199335863,4.0604995510064015
0.2,1.6,0.069,0.9958,3.41,0.56,9.2,5,0,-1.0118430939720024,-102.67119561397158
0.47,2.0,0.086,0.997,3.36,0.57,9.1,5,0,0.1890831027260695,-42.08519537677127
0.48,1.8,0.069,0.9959,3.44,0.78,10.3,6,0,-0.916051654541966,-54.45351871556686
0.15,2.2,0.076,0.9961,3.41,0.59,10.1,5,0,-0.3093336871140293,-74.65920818996813
0.28,1.9,0.11,0.9972,2.93,1.95,9.9,6,0,1.3883413343364346,18.99231348434968
0.26,1.9,0.062,0.9966,3.39,0.64,9.6,5,0,0.4886891649926967,-85.71965739099367
0.44,2.1,0.107,0.9978,3.14,1.22,9.5,5,0,2.085290857568719,11.510872424676291
0.08,1.8,0.076,0.9978,3.48,0.53,9.0,5,0,-0.2074263756957339,-92.76184750773884
0.26,1.9,0.079,0.9964,3.23,0.54,9.5,5,0,0.6894458518351589,27.94971252874465
0.29,2.0,0.11,0.9972,2.93,1.98,9.8,5,0,1.3883413343364346,15.842677594911107
0.04,1.4,0.045,0.9938,3.75,0.48,10.5,4,0,-2.1955336514304395,-25.803128315680127
0.17,2.3,0.0579999999999999,0.9932,3.85,0.6,12.9,6,0,-2.507093463492299,-10.89250387732578
0.0,3.0,0.102,0.9965,3.45,0.56,10.7,5,0,-0.4030401701844344,-93.7349860645655
0.25,2.0,0.07,0.9963,3.25,0.63,9.2,5,0,-0.2107623058711478,-95.85922571618497
0.06,2.5,0.079,0.9967,3.39,0.56,9.8,5,0,0.4001255742760543,-107.07644796018776
0.18,1.9,0.08,0.9972,3.3,0.59,9.0,6,0,0.8900635415869775,-80.90622228785278
0.3,2.1,0.084,0.9972,3.4,0.61,10.2,6,0,1.0917932080639368,-66.76958437337004
0.3,1.9,0.075,0.9959,3.31,0.56,10.4,6,0,0.5889285113232852,-94.70812462139216
0.22,2.1,0.077,0.9967,3.29,0.51,9.2,5,0,0.8908975241308319,-51.9422858020116
0.24,2.2,0.07,0.996,3.33,0.48,9.4,5,0,-0.0111175957538236,-81.77484548269462
0.31,1.7,0.088,0.9969,3.46,0.79,9.3,5,0,-1.0068391987088825,-52.22476370196257
0.53,2.5,0.091,0.9976,3.37,0.8,9.6,6,0,0.7841253145400593,-35.963886135860335
0.52,2.0,0.122,0.9969,3.21,0.69,9.3,5,0,0.8967354019378053,39.449412672698415
0.19,1.8,0.104,0.9964,3.19,0.93,9.5,5,0,0.5905964764109921,-69.45877982489145
0.09,2.2,0.084,0.9964,3.15,0.66,9.8,5,0,1.1920325543945245,-10.327548077423842
0.1,2.2,0.085,0.9964,3.15,0.66,9.8,5,0,1.1914765660319553,-6.717471750068185
0.44,2.3,0.08,0.9988,3.32,0.67,9.7,6,0,2.8827577213128777,-68.12971619213249
0.31,2.2,0.09,0.9966,3.07,0.63,10.5,6,0,2.185530203899308,-54.63148125353301
0.28,1.9,0.077,0.9978,3.39,0.61,10.0,6,0,1.0898472487949462,-76.50096994163661
0.12,2.0,0.0819999999999999,0.997,3.37,0.5,9.4,6,0,0.5905964764109921,-89.09951349939077
0.04,2.2,0.119,0.9962,3.21,0.6,10.9,6,0,1.5899320037227511,-60.2400923755344
0.08,1.8,0.0969999999999999,0.9959,3.34,0.54,9.2,6,0,-0.2054804164267434,-26.28475824858617
0.09,1.7,0.178,0.9962,3.3,0.57,9.0,5,0,0.104967418909978,-29.047400876088915
0.0,2.5,0.075,0.998,3.49,0.52,9.2,5,0,0.0945426371118118,-104.6174727276249
0.0,2.6,0.08,0.9976,3.44,0.53,9.5,5,0,0.7946890934288682,-82.33980128259657
0.17,1.6,0.0819999999999999,0.996,3.39,0.48,9.5,5,0,0.5889285113232852,-13.86417722879817
0.04,1.9,0.146,0.9984,3.16,0.7,9.4,5,0,1.7918006672903497,-24.160518596966696
0.0,1.7,0.081,0.9964,3.53,0.49,10.9,5,0,1.0118474369671109,-105.59061128445155
0.0,1.8,0.0819999999999999,0.9964,3.54,0.48,10.9,5,0,0.911886084817807,-105.59061128445155
0.16,1.8,0.065,0.9962,3.42,0.92,10.5,7,0,0.7913531632534543,-101.69805705714492
0.15,1.8,0.072,0.9955,3.42,0.57,9.4,5,0,-1.113750405390299,-98.08798072978924
0.56,2.0,0.118,0.9968,3.24,0.66,9.4,5,0,0.7956620730633635,19.34823856028196
0.09,2.3,0.049,0.9937,3.63,0.63,13.0,5,0,-1.610221235961407,-17.70447377511239
0.01,1.5,0.06,0.9952,3.4,0.58,9.8,6,0,-0.6106077144683653,-88.74358842345846
0.05,2.2,0.084,0.9959,3.22,0.55,9.9,6,0,0.7039015492619507,-86.74505362881274
0.11,1.9,0.09,0.9965,3.19,0.82,9.6,5,0,1.1955074816605809,-52.96768203983066
0.15,1.8,0.089,0.9968,3.23,0.77,9.5,5,0,1.0947121469674226,-65.05352747867528
0.36,2.0,0.081,0.9972,3.48,0.64,9.2,5,0,-0.0132025521134568,-71.17483671958621
0.19,2.1,0.081,0.9962,3.33,0.54,9.5,5,0,0.5905964764109921,-12.326082872069565
0.19,2.0,0.081,0.9962,3.32,0.54,9.5,5,0,0.5905964764109921,-8.946226763672456
0.0,1.8,0.05,0.9916,3.68,0.79,14.0,6,0,-2.0145145514591736,-50.435259631286485
0.08,1.7,0.066,0.9954,3.34,0.58,9.4,5,0,-0.9135497069104056,-97.80550282983828
0.55,1.8,0.1169999999999999,0.9968,3.17,0.62,9.4,5,0,0.8935384688530341,26.620648895985696
0.02,1.8,0.087,0.9944,3.54,0.52,10.0,5,0,-1.4052946363996783,-21.649285683411435
0.26,1.6,0.236,0.9968,3.11,0.8,9.3,5,0,0.388727812843392,-30.02053943291557
0.1,2.3,0.074,0.9959,3.42,0.58,10.2,6,0,-0.3110016522017362,-86.00213529094464
0.44,2.8,0.089,0.9975,3.53,0.61,10.5,6,0,0.9859939781076577,-73.58155427115665
0.47,2.1,0.077,0.9958,3.33,0.53,10.3,6,0,0.0843958494949292,-106.1033094033611
0.03,1.8,0.095,0.995,3.35,0.54,10.1,5,0,0.2918243966882174,-15.86271202344389
0.42,5.5,0.07,0.9973,3.42,0.72,10.5,5,0,-0.1127469129908345,14.252325557190105
0.42,5.5,0.071,0.9973,3.42,0.71,10.5,5,0,-0.1127469129908345,13.0489667814049
0.0,2.2,0.073,0.9969,3.48,0.5,9.3,5,0,-0.105797058458724,-93.78724374555792
0.18,1.9,0.079,0.9968,3.59,0.57,9.3,6,0,-0.4079050683569116,-30.12505479490038
0.03,2.0,0.09,0.9959,3.2,0.56,9.6,5,0,0.4015155451824768,-96.88462195400405
0.02,1.3,0.072,0.9965,3.17,1.08,9.2,4,0,0.3940097022877964,-96.42418151608692
0.04,1.7,0.076,0.9964,3.33,0.56,10.0,6,0,0.5897624938671386,-83.87789563932517
0.26,7.3,0.07,0.9982,3.37,0.49,9.4,5,0,0.1918630445389144,8.078758635286775
0.26,7.2,0.07,0.9981,3.37,0.49,9.4,5,0,0.0916236982083251,7.848538416328211
0.48,1.7,0.1,0.9961,3.19,0.62,9.5,5,0,0.5925424356799835,-21.31455010246806
0.1,2.1,0.085,0.9956,3.34,0.52,10.2,5,0,-0.4067930916317737,-15.527976442500504
0.03,1.6,0.072,0.9956,3.37,0.48,9.0,4,0,0.0905117214831872,-73.17337151423193
0.07,2.1,0.089,0.9953,3.47,0.55,10.4,6,0,-0.4070710858130582,-72.60841571433
0.03,1.8,0.0579999999999999,0.9972,3.36,0.33,9.1,4,0,0.6995926394520415,-109.25294529279962
0.17,2.0,0.073,0.9972,3.29,0.61,9.2,6,0,0.7866272621716188,-99.06111928661592
0.05,1.9,0.068,0.9961,3.42,0.57,11.5,6,0,0.1924190329014834,-71.561829981522
0.21,2.0,0.08,0.9961,3.33,0.47,9.5,5,0,0.0857858204013517,-82.28754360160417
0.04,1.5,0.085,0.9958,3.35,0.78,9.5,5,0,-0.3107236580204517,-65.90096117852819
0.42,2.3,0.087,0.9972,3.58,0.61,10.5,6,0,0.2896004432379415,-79.13790771216563
0.0,2.5,0.068,0.9969,3.48,0.56,9.6,5,0,-0.2022834833419722,-96.88462195400405
0.14,2.4,0.067,0.9969,3.19,0.59,9.5,5,0,1.591599968810458,-74.78491304694187
0.49,2.0,0.27,0.9972,3.12,1.02,9.3,5,0,1.691561320959762,-5.618628336267776
0.02,2.5,0.076,0.9972,3.44,0.52,9.3,5,0,-0.0044457354029967,-73.4035917331905
0.2,1.8,0.077,0.9971,3.54,0.58,9.3,5,0,-0.4076270741756271,-52.17250602097016
0.21,1.9,0.079,0.997,3.52,0.58,9.3,6,0,-0.5073104321436466,-55.78258234832582
0.57,2.0,0.111,0.9971,3.26,0.53,9.7,5,0,1.683221495521229,-29.25643160005856
0.48,2.0,0.0819999999999999,0.9972,3.34,0.55,9.2,5,0,0.186025166731941,-49.53556825044116
0.1,2.6,0.084,0.9976,3.39,0.49,9.7,5,0,0.4946660398903129,-90.58535017512696
0.33,2.0,0.084,0.9968,3.2,0.55,9.5,5,0,0.68888986347259,24.65318228734345
0.32,1.9,0.0819999999999999,0.9968,3.2,0.55,9.5,5,0,0.6886118692913055,26.08676128208724
0.35,2.9,0.077,0.9976,3.23,0.62,9.4,5,0,0.9887739199205026,10.46428669186831
0.25,1.9,0.074,0.9974,3.57,0.62,9.8,6,0,-0.8141443431236697,-65.44052074061108
0.12,3.8,0.099,0.9969,3.28,0.61,9.5,5,0,-0.4070710858130582,8.34004704024882
0.21,2.2,0.071,0.9964,3.28,0.55,9.7,5,0,0.3903957779310989,-89.09951349939077
0.33,2.0,0.074,0.9968,3.25,0.54,9.4,5,0,0.5914304589548456,4.3429774509573775
0.3,2.4,0.074,0.9968,3.46,0.59,10.2,5,0,0.0913457040270406,-60.98301071340249
0.6,2.0,0.067,0.9981,3.11,0.97,10.1,6,0,4.2819386572218505,-88.92155096142461
0.08,1.2,0.046,0.9924,3.57,0.85,13.0,7,0,-1.8008311351869848,-24.464185991906604
0.06,2.1,0.061,0.9948,3.51,0.43,11.4,4,0,-0.2943220013246694,-85.02899673411798
0.47,1.4,0.0559999999999999,0.99695,3.22,0.82,10.3,7,0,2.38322895474764,-92.53162728878029
0.48,2.1,0.0969999999999999,0.9975,3.04,1.03,9.3,5,0,1.584928108459632,32.12474465600228
0.11,1.5,0.075,0.99545,3.36,0.79,9.5,5,0,-0.4106850101697565,-66.59162183540388
0.35,1.6,0.088,0.9961,3.34,0.55,9.2,5,0,-0.2129862593214229,-76.32300740367046
0.36,1.6,0.089,0.99615,3.34,0.56,9.2,6,0,-0.2127082651401384,-78.72972495524091
0.74,2.6,0.095,0.9994,3.2,0.77,10.8,7,0,5.581436235162807,-88.63907306147365
0.31,1.8,0.069,0.99625,3.29,0.53,9.3,5,0,0.5908744705922766,4.803417888874492
0.28,2.7,0.1,0.9966,3.22,0.67,9.4,5,0,0.5872605462355791,-21.36680778346046
0.58,2.1,0.054,0.998,3.31,0.88,10.5,7,0,3.782131896475329,-97.8577605108307
0.6,2.0,0.039,0.99585,3.3,0.86,12.4,6,0,2.4890281847039173,-98.31820094874784
0.24,2.8,0.083,0.99685,3.35,0.56,10.0,6,0,0.7951060847007945,-55.322141910408696
0.64,2.1,0.059,0.998,3.21,0.67,10.2,6,0,4.385791927909137,-102.21075517605443
0.26,2.2,0.06,0.9959,3.3,0.43,10.1,5,0,0.9907198791894932,-48.2587622986746
0.08,2.4,0.092,0.9974,3.24,0.71,9.8,6,0,0.5954613745834703,-75.75805160376854
0.49,5.6,0.06,0.9974,3.34,0.76,10.5,5,0,-0.2110403000524323,5.7765564457011465
0.16,2.0,0.1009999999999999,0.9962,3.14,0.57,11.0,5,0,1.492055607933079,-67.28228249227956
0.22,2.2,0.072,0.9967,3.36,0.55,9.1,5,0,0.8950674368500984,-75.52783138480996
0.19,1.9,0.076,0.9957,3.39,0.54,9.7,5,0,0.288766460694088,-72.83863593328854
0.33,2.4,0.08,0.99655,3.3,0.6,9.5,5,0,0.5897624938671386,27.698302814797174
0.37,2.0,0.0819999999999999,0.9964,3.34,0.59,9.4,6,0,0.5844806044227342,-55.99161307229546
0.26,2.0,0.1009999999999999,0.9957,3.15,0.57,9.4,5,0,0.189917085269923,-44.20943502839073
0.04,1.5,0.057,0.99525,3.42,0.6,9.5,5,0,-0.4076270741756271,-107.07644796018776
0.25,2.0,0.083,0.99815,3.28,0.6,10.0,6,0,1.3926502441463438,-88.8692932804322
0.36,2.0,0.089,0.99745,3.31,0.57,10.4,4,0,1.1924495456664523,-60.98301071340249
0.25,2.6,0.073,0.99615,3.37,0.58,10.5,6,0,0.4870211999049907,-49.97481919336936
0.14,2.6,0.089,0.9984,3.39,0.63,9.8,5,0,1.7973605509160393,-93.50476584560694
0.25,2.6,0.081,0.99685,3.46,0.5,11.0,5,0,-0.3101676696578828,-79.65060583107515
0.04,1.6,0.054,0.9927,3.54,0.62,12.2,7,0,-2.0106226329211907,-10.432063439408664
0.06,1.8,0.078,0.99625,3.37,0.52,9.9,6,0,0.7855152854464809,-67.51250271123813
0.2,2.8,0.09,0.998,3.34,0.7,9.6,6,0,1.2850440520117186,-57.37293438604683
0.09,2.3,0.065,0.99685,3.32,0.55,9.0,6,0,1.0026736289847236,-80.34126648795085
0.0,1.9,0.0969999999999999,0.99675,3.37,0.58,9.0,6,0,-0.0072256772158407,-77.75658639841424
0.0,1.9,0.0969999999999999,0.99675,3.37,0.58,9.2,6,0,-0.0068086859439144,-76.55322762262904
0.56,2.1,0.093,0.99925,3.14,0.71,10.9,6,0,4.783969371418648,-93.22228794565596
0.1,1.8,0.102,0.99565,3.08,0.49,9.8,6,0,0.4911911126242572,-5.440665798301623
0.44,2.2,0.075,1.00005,3.07,0.84,9.2,7,0,7.778084034815937,-92.30140706982172
0.0,2.0,0.084,0.9983,3.61,0.96,9.9,6,0,0.0935696574773166,-94.19542650248265
0.07,1.9,0.075,0.99685,3.38,0.52,9.5,5,0,-0.105797058458724,-64.64534472175056
0.17,2.3,0.072,0.9963,3.2,0.45,9.3,5,0,0.9915538617333456,-44.387397566356896
0.06,1.7,0.074,0.99615,3.35,0.48,9.8,6,0,0.4898011417178347,-77.93454893638041
0.44,1.6,0.063,0.9985,3.22,0.78,10.0,6,0,3.582765180539292,-78.26928451732378
0.0,1.8,0.074,0.9972,3.47,0.7,9.9,6,0,-0.108021011908999,-81.18870018780376
0.48,3.1,0.09,0.9986,3.17,0.53,10.5,5,0,3.883483219531057,-96.3719238350945
0.42,1.9,0.092,0.9959,3.23,0.59,9.5,5,0,0.4966119991593034,-32.42725698448601
0.23,3.2,0.073,0.99675,3.26,0.57,9.3,5,0,0.7907971748908853,1.7582973614207873
0.37,2.2,0.075,0.998,3.22,0.62,9.2,5,0,2.183862238811601,-104.15703228970776
0.0,2.1,0.075,0.9968,3.49,0.67,9.2,5,0,-0.6051868279333181,-60.70053281345152
0.47,2.6,0.085,0.99965,3.36,0.8,10.5,7,0,2.7827963691635738,-82.62227918254754
0.23,1.7,0.077,0.99625,3.29,0.65,9.3,5,0,0.6841639623907545,-70.02373562479339
0.04,2.0,0.087,0.99565,3.35,0.6,9.4,4,0,-0.1975575822601367,-49.99600868835829
0.03,1.7,0.07,0.99575,3.34,0.57,10.0,5,0,0.7894072039844637,-81.59688294472848
0.23,1.8,0.077,0.9963,3.28,0.67,9.3,5,0,0.6852759391158925,-64.98008030269395
0.49,2.4,0.064,0.9999,3.08,0.87,10.9,5,0,5.28878002742829,-90.53309249413456
0.52,1.8,0.071,0.9968,3.2,0.72,10.2,7,0,4.580710736944626,-106.8462277412292
0.46,3.6,0.078,0.9973,3.35,0.86,12.8,8,0,0.6847199507533235,-78.49950473628235
0.04,3.0,0.077,0.9987,3.69,0.91,9.4,6,0,-0.3096116812953138,-90.07265205621744
0.51,4.0,0.104,0.9996,3.28,0.97,10.1,6,0,4.278602727046438,-94.65586694039976
0.06,4.0,0.087,0.9965,3.36,0.67,10.7,6,0,0.6901408372883706,-52.381536744939794
0.58,4.0,0.071,0.99935,3.22,0.78,10.1,5,0,3.6841165035950194,-50.791184707218775
0.2,2.4,0.076,0.99735,3.31,0.64,9.4,5,0,1.1946734991167265,-78.6774672742485
0.18,7.0,0.088,0.99915,3.38,0.77,9.4,5,0,0.2932143675946399,-20.267964369660064
0.45,6.4,0.073,0.9976,3.23,0.82,12.6,8,0,3.082958419792771,-104.15703228970776
0.32,5.6,0.087,0.9991,3.38,0.77,10.5,7,0,1.6857234431527883,-69.91922026280858
0.44,3.6,0.071,0.9986,3.12,0.82,9.3,6,0,4.180865328347409,-98.08798072978924
0.12,3.0,0.067,0.9971,3.36,0.57,9.1,5,0,0.3895617953872454,-63.619948483931495
0.07,3.4,0.102,1.00015,3.31,0.71,9.8,5,0,2.690618854090234,-41.4990500818804
0.55,2.0,0.073,0.9997,3.1,0.76,10.3,6,0,4.785915330687638,-64.51963986477682
0.12,3.0,0.092,0.9967,3.37,0.7,10.3,6,0,0.2862645130625285,-59.70620476163594
0.09,2.5,0.091,0.9976,3.34,0.86,10.6,7,0,1.4891366690295929,-65.67074095956963
0.53,3.3,0.105,1.001,3.2,0.95,9.2,5,0,4.385235939546568,-14.99408882860206
0.48,2.0,0.3429999999999999,0.9979,3.3,0.71,10.5,5,0,3.779351954662484,-99.06111928661592
0.23,2.7,0.091,0.9994,3.22,0.64,10.3,6,0,3.189313638111617,-67.10431995431341
0.25,2.4,0.098,0.9964,3.41,0.6,10.1,6,0,-0.3146155765584337,-101.2376166192278
0.52,3.2,0.094,1.0014,3.05,0.81,9.5,6,0,6.082354972634464,-62.46884738913869
0.46,2.5,0.073,1.0001,3.05,0.64,9.5,5,0,3.587769075802413,-90.53309249413456
0.37,2.6,0.086,0.9981,3.16,0.52,9.9,5,0,3.397020179486189,-43.85350995245844
0.06,2.0,0.083,0.99855,3.67,0.73,9.6,5,0,-0.1071870293651455,-87.89615472360555
0.02,2.3,0.094,0.9993,3.67,0.8,9.7,5,0,-0.0066696888532717,-86.64053826682792
0.06,2.1,0.08,0.99845,3.68,0.71,9.6,5,0,-0.3059977569386154,-84.00360049629892
0.06,2.6,0.086,0.9965,3.38,0.59,10.7,6,0,0.289878437419226,-70.53643374370293
0.48,1.5,0.068,0.9973,3.22,0.64,10.1,6,0,3.878757318449221,-101.75031473813732
0.12,2.6,0.092,0.9994,3.51,0.72,10.0,5,0,1.094434152786139,-87.94841240459796
0.12,1.6,0.186,0.996,3.39,0.54,9.5,5,0,0.1938090038079059,-96.3719238350945
0.6,2.1,0.1119999999999999,0.9973,3.2,0.52,9.2,5,0,1.1928665369383786,-27.61382188134513
0.48,2.5,0.063,0.9998,3.12,0.59,9.3,6,0,3.0887962975997443,-92.24914938882932
0.32,2.2,0.0819999999999999,0.9966,3.36,0.52,9.4,5,0,0.3923417372000903,-63.79791102189765
0.42,2.4,0.213,0.9994,3.19,0.62,9.5,6,0,3.0854603674243304,-102.95367351392257
0.44,2.4,0.214,0.9994,3.19,0.63,9.5,6,0,3.0860163557869,-105.13017084653444
0.38,1.7,0.062,0.9968,3.41,0.53,9.5,6,0,0.1832452249190961,-86.69279594782033
0.24,2.0,0.072,0.996,3.27,0.54,9.4,6,0,0.6897238460164434,-12.326082872069565
0.31,2.8,0.093,0.99815,3.32,0.63,9.5,6,0,1.7873527603897994,-18.21717189402193
0.3,3.0,0.076,0.9976,3.3,0.53,9.4,5,0,1.3877853459738656,20.32137711710861
0.29,2.6,0.087,0.99645,3.39,0.68,11.0,5,0,0.1851911841880875,-41.90723283880512
0.29,2.5,0.096,0.9962,3.42,0.65,11.0,6,0,-0.1149708664411104,-61.778186732263
0.23,3.4,0.102,0.9996,3.3,0.65,10.1,5,0,2.389900815098468,-19.91203929372776
0.12,2.9,0.0819999999999999,0.99865,3.3,0.64,10.4,6,0,2.395738692905441,-39.04007484931755
0.39,3.2,0.083,0.9989,3.37,0.71,11.5,7,0,2.5926034612099205,-55.70913517234449
0.26,3.4,0.09,0.99975,3.24,0.62,9.7,5,0,2.0914067295569776,-27.54037470536379
0.05,2.3,0.079,0.99735,3.29,0.63,9.3,5,0,0.5922644414986991,-99.06111928661592
0.42,2.8,0.09,0.999,3.28,0.7,9.5,6,0,3.0904642626874512,-38.8621123113514
0.2,11.0,0.071,1.0015,3.16,0.69,9.2,6,0,2.787800264426693,-66.30914393545291
0.66,3.65,0.121,0.9978,3.05,0.74,11.5,7,0,4.388293875540697,-102.95367351392257
0.5,4.5,0.107,0.998,3.28,0.83,11.5,5,0,3.0862943499681847,-104.15703228970776
0.62,2.6,0.0819999999999999,1.0002,3.16,0.67,9.7,6,0,6.1803703655147775,-96.14170361613594
0.39,2.0,0.061,0.9981,3.18,0.62,9.5,5,0,3.4866957469279694,-101.75031473813732
0.64,2.9,0.122,0.998,3.23,0.66,12.5,6,0,2.984109044368603,-75.75805160376854
0.28,3.2,0.066,0.9973,3.22,0.54,9.4,6,0,0.7910751690721689,-2.1865145468782714
0.08,2.1,0.105,0.9958,3.13,0.52,11.0,5,0,1.190364589306819,-71.45731461953717
0.01,2.5,0.078,0.9963,3.34,0.74,11.7,7,0,0.6930597761918573,-77.06592574153856
0.53,3.4,0.128,0.9992,3.17,0.84,12.2,7,0,4.692764835979803,-95.91148339717738
0.45,1.9,0.052,0.9948,3.35,0.7,12.5,6,0,1.6865574256966411,-101.00739640026924
0.32,2.8,0.08,0.9974,3.31,0.64,10.3,5,0,0.5869825520542946,-54.84051197750264
0.58,3.0,0.103,1.0008,3.16,1.0,11.5,6,0,5.186872716009994,-15.172051366568212
0.5,2.4,0.066,1.0,3.12,1.18,9.2,6,0,4.982780098992118,-95.22082274030168
0.48,2.7,0.065,0.9972,3.21,0.87,11.3,6,0,3.3856224180535275,-99.29133950557448
0.47,1.8,0.118,0.9982,3.3,0.75,9.8,6,0,3.6846724919575866,-102.95367351392257
0.5,2.6,0.0819999999999999,1.0006,3.12,0.78,10.7,6,0,4.689289908713748,-85.4371794910427
0.0,1.9,0.067,0.9979,3.6,0.81,9.9,5,0,-0.2056194135173852,-47.44239678482516
0.02,2.7,0.072,0.9955,3.58,0.89,12.3,7,0,-0.6018508977579051,-80.9584799688452
0.67,3.0,0.093,0.9986,3.02,0.93,12.0,6,0,6.586331646100252,-101.9805349570959
0.31,2.8,0.089,0.9979,3.11,0.92,10.0,6,0,2.389900815098468,-69.74125772484243
0.0,2.6,0.093,0.9994,3.36,0.86,9.4,6,0,1.8963489234308464,-88.17863262355652
0.22,2.7,0.107,1.0004,3.28,0.98,9.9,6,0,3.4925336247349428,-80.9584799688452
0.0,2.6,0.096,0.9994,3.35,0.83,9.4,6,0,1.8966269176121295,-90.12490973720983
0.0,2.4,0.09,0.9974,3.27,0.73,9.3,5,0,0.4935540631651749,-97.62754029187214
0.4,1.4,0.066,0.9912,3.25,0.59,11.9,6,0,-1.118476306472134,51.93284612097328
0.01,2.4,0.078,0.9955,3.55,0.61,12.8,6,0,-0.5036965077869491,-82.90475708249852
0.52,3.0,0.08,1.0001,3.26,0.88,11.0,5,0,4.284996593215979,-57.75992764798262
0.66,2.95,0.1159999999999999,0.997,3.24,0.75,11.7,7,0,3.285661065904224,-86.9752738477713
0.66,3.1,0.109,1.0,3.15,0.85,10.4,7,0,4.685397990175765,-93.27454562664838
0.66,2.6,0.088,1.001,3.17,0.68,9.8,6,0,5.383737484314473,-75.75805160376854
0.23,2.0,0.099,0.9973,3.19,0.7,9.4,5,0,0.9943338035461906,-35.91162845486794
0.31,2.6,0.086,0.9982,3.37,0.91,9.9,6,0,1.3872293576112966,-64.46738218378442
0.66,2.5,0.072,0.9992,3.05,0.56,10.0,5,0,4.689567902895032,-80.57148670690941
0.63,2.0,0.071,0.9988,2.99,0.87,10.2,5,0,5.286000085615445,-101.9805349570959
0.5,3.4,0.107,0.9979,3.26,0.93,11.8,6,0,2.7858543051577023,-95.91148339717738
0.61,2.6,0.076,1.0,3.16,0.69,9.0,5,0,3.190008623564829,-92.07118685086316
0.52,2.8,0.159,0.9998,3.18,0.64,9.4,5,0,3.08351440815534,-41.52023957686932
0.53,2.4,0.074,0.9962,3.2,1.13,12.0,7,0,2.1819162795426106,-99.06111928661592
0.02,2.3,0.063,0.9975,3.57,0.78,9.9,5,0,-0.3033568122164132,-48.59349787961799
0.4,1.6,0.0559999999999999,0.9967,3.32,0.87,8.7,6,0,0.681662014759195,-91.0980482940365
0.48,1.8,0.067,0.9967,3.32,1.04,10.6,6,0,1.8823102172759807,-67.20883531629823
0.22,2.2,0.106,0.9959,3.05,0.63,9.2,5,0,0.190473073632492,-45.130315904224986
0.63,3.8,0.089,1.0014,3.01,0.81,10.8,6,0,6.784030396948584,-70.84010113864282
0.5,3.0,0.078,1.0003,3.26,1.11,11.0,6,0,4.286108569941117,-67.84723829218152
0.38,2.5,0.094,0.9979,3.31,0.7,10.8,6,0,1.0865113186195323,-54.04533595864214
0.42,2.0,0.08,0.9974,3.21,0.8,9.4,6,0,1.0820634117189805,-89.15177118038318
0.68,2.9,0.085,1.0014,3.06,0.8,10.0,6,0,6.484285337591313,-72.20023295740526
0.28,2.1,0.087,0.998,3.42,0.74,9.2,5,0,0.4892451533552657,-60.11438751856065
0.07,2.4,0.09,0.9979,3.43,0.76,9.7,6,0,0.1926970270827679,-79.4203856121166
0.26,2.0,0.088,0.9981,3.41,0.74,9.2,6,0,0.5900404880484231,-65.9532188595206
0.15,1.9,0.079,0.9972,3.31,0.54,9.6,6,0,1.0931831789703583,-73.17337151423193
0.26,1.9,0.088,0.9981,3.43,0.74,9.2,6,0,0.5878165345981481,-61.08752607538731
0.31,2.5,0.096,0.9982,3.19,0.7,10.0,7,0,2.384896919835347,-66.59162183540388
0.05,1.4,0.045,0.9924,3.56,0.82,12.9,8,0,-1.600491439616451,-29.56009899499845
0.52,2.0,0.0819999999999999,0.998,3.18,0.51,9.5,5,0,2.2846575735047594,-91.27601083200264
0.61,2.0,0.1119999999999999,0.997,3.16,0.54,9.1,5,0,1.193283528210305,-22.51790887825328
0.65,2.3,0.063,0.9997,3.03,0.57,9.9,5,0,5.489814708452034,-92.24914938882932
0.02,7.9,0.122,0.9994,3.47,0.53,9.9,5,0,-0.6040748512081802,18.365221312440735
0.59,2.6,0.087,0.9988,3.18,0.65,11.0,6,0,4.2900004884791,-67.28228249227956
0.22,2.3,0.064,0.9963,3.1,0.55,9.4,5,0,1.4959475264710616,-75.01513326590043
0.3,1.7,0.059,0.9949,3.29,0.47,10.8,6,0,0.4822952988231552,-76.37526508466287
0.54,2.6,0.085,1.0,3.1,0.61,10.5,6,0,4.9866720175301005,-51.30388282612832
0.49,2.7,0.085,0.9994,3.15,0.63,10.5,6,0,4.19031713051108,-75.75805160376854
0.05,2.7,0.075,0.9974,3.26,0.61,9.1,5,0,0.4942490486183857,-88.23089030454892
0.46,1.4,0.059,0.9966,3.36,0.76,10.1,6,0,1.4832987912226194,-91.0980482940365
0.47,2.5,0.063,0.9981,3.24,0.65,10.8,6,0,2.5864875892216634,-88.63907306147365
0.66,3.0,0.093,0.9996,3.18,0.63,10.8,7,0,4.784247365599931,-86.00213529094464
0.58,3.7,0.174,0.997,3.19,0.7,11.3,6,0,3.183475760304644,-101.00739640026924
0.49,4.5,0.07,0.9981,3.05,0.57,9.6,4,0,5.286000085615445,-64.28941964581826
0.34,2.5,0.08,0.9987,3.38,0.62,9.5,6,0,1.786518777845945,-28.283293043231893
0.35,2.4,0.08,0.9987,3.38,0.62,9.5,5,0,1.887036118357816,-36.75906215472085
0.16,1.9,0.1,0.9966,3.27,0.64,9.3,5,0,-0.1042680904616588,-39.573962463216006
0.53,6.7,0.0969999999999999,0.9986,3.27,0.82,11.7,7,0,2.6853369646458294,-98.08798072978924
0.34,2.7,0.087,0.9982,3.26,0.61,9.5,5,0,1.5890980211788983,6.289254564610687
0.64,2.2,0.111,0.997,3.26,0.66,11.7,6,0,3.3872903831412344,-97.1148421729626
0.12,1.9,0.091,0.9956,3.44,0.48,10.5,5,0,-0.2085383524208719,10.53773386784964
0.51,2.0,0.121,0.9996,3.24,0.76,10.4,6,0,4.684008019269344,-96.88462195400405
0.0,1.8,0.066,0.9976,3.62,0.68,9.9,5,0,-0.4031791672750762,-59.528242223669785
0.33,2.4,0.089,0.9972,3.28,0.73,11.8,7,0,2.289939462949164,-44.70094365231135
0.03,2.3,0.059,0.9952,3.52,0.56,12.3,7,0,-0.6011559123046935,-63.88123688889355
0.2,2.0,0.047,0.9955,3.36,0.44,10.9,5,0,0.5017548915130661,-56.1173179292692
0.47,2.1,0.066,0.9978,3.15,0.9,11.0,7,0,3.2806571706411027,-93.22228794565596
0.08,2.1,0.045,0.9949,3.49,0.49,11.4,6,0,-0.8058045176851358,-66.87409973535486
0.22,1.9,0.077,0.9988,3.26,0.56,10.6,6,0,2.296055334937421,-85.4371794910427
0.33,1.3,0.07,0.9978,3.24,0.6,9.3,5,0,1.8889820776268085,-86.69279594782033
0.63,2.4,0.088,0.9997,3.1,0.6,10.4,6,0,5.596447920952167,-80.90622228785278
0.35,2.2,0.074,0.9974,3.25,0.56,9.2,5,0,0.5903184822297076,-48.89716527455788
0.69,2.3,0.078,0.9958,3.0,0.65,12.8,6,0,4.68373002508806,-91.8409666319046
0.63,2.3,0.091,1.0004,3.16,0.49,9.5,5,0,5.084131422047845,-99.06111928661592
0.55,3.2,0.076,0.9996,3.15,0.89,9.9,6,0,3.1854217195736343,-60.34460773751921
0.3,2.0,0.06,0.9958,3.26,0.56,10.2,6,0,0.7935771167037302,-48.87597577956895
0.73,3.2,0.066,0.9986,3.17,0.66,11.2,6,0,3.8862631613439,-95.16856505930927
0.18,1.5,0.062,0.9951,3.08,0.6,9.3,5,0,-0.2074263756957339,-67.6904652492043
0.65,2.15,0.068,0.9988,3.06,0.68,11.3,6,0,4.684564007631913,-90.07265205621744
0.49,2.7,0.077,0.9963,3.23,0.63,11.6,7,0,2.7864102935202717,-96.93687963499644
0.01,1.7,0.054,0.9934,3.57,0.84,12.5,7,0,-1.9081593331403277,-90.53309249413456
0.1,2.1,0.079,0.9986,3.23,0.56,10.1,6,0,2.29480436112164,-86.41031804786935
0.6,2.6,0.081,0.9996,3.1,0.73,10.5,5,0,5.283776132165169,-40.75613174401229
0.29,2.1,0.127,0.9968,3.22,0.72,11.2,5,0,2.08779280520028,-101.00739640026924
0.22,2.0,0.1,0.9967,3.2,0.56,10.2,6,0,1.3894533110615723,-90.07265205621744
0.69,2.8,0.095,0.9994,3.1,0.61,10.8,6,0,4.684286013450628,-79.98534141201854
0.03,1.7,0.084,0.9968,3.44,0.63,10.0,6,0,-0.4090170450820496,-79.75512119305998
0.63,2.8,0.084,0.9998,3.26,0.74,11.2,7,0,3.18319776612336,-95.39878527826784
0.4,1.6,0.063,0.9952,3.5,0.63,11.1,5,0,-0.2182681487658273,-47.92402671773122
0.39,2.3,0.095,0.9986,3.37,0.58,10.3,5,0,1.691005332597193,-95.39878527826784
0.21,2.7,0.0969999999999999,0.9988,3.28,0.58,9.6,5,0,1.992001365770241,-48.02854207971603
0.52,2.3,0.083,0.9976,3.35,0.61,11.3,6,0,1.986441482144551,-92.35366475081412
0.22,2.6,0.087,0.9982,3.26,0.61,9.3,5,0,1.0919322051545794,-98.08798072978924
0.68,2.55,0.085,0.997,3.18,0.61,11.8,5,0,3.7810199197501912,-91.32826851299508
0.7,2.2,0.098,0.9972,3.08,0.53,9.0,5,0,0.8932604746717487,13.331444681355848
0.54,2.1,0.084,0.9987,2.98,0.7,9.2,6,0,4.282355648493777,-102.21075517605443
0.4,2.9,0.098,1.0006,3.48,0.91,9.7,5,0,2.7822403808010048,-90.3551299561684
0.42,2.0,0.069,0.9982,3.16,0.72,11.5,6,0,3.087962315055892,-63.49424362695776
0.45,2.6,0.065,0.9947,3.32,0.79,14.0,6,0,1.5874300560911916,-98.83089906765736
0.69,2.1,0.09,1.0,3.17,0.62,9.2,6,0,4.183645270160254,-96.14170361613594
0.02,1.2,0.07,0.9952,3.2,0.58,9.8,5,0,1.4974764944681258,-62.9603560130593
0.65,2.6,0.093,0.9996,3.05,0.61,10.6,5,0,5.781914927823983,-68.76811916801576
0.42,2.4,0.081,0.997,3.2,0.71,11.4,6,0,2.3893448267358988,-61.60022419429685
0.55,2.6,0.083,0.9995,3.15,0.82,10.4,6,0,5.2834981379838855,-46.0300072850703
0.55,2.1,0.062,0.9971,3.26,0.79,10.6,5,0,2.683946993739408,-103.18389373288112
0.51,1.7,0.08,0.9982,3.2,0.89,9.4,6,0,3.2817691473662407,-92.30140706982172
0.24,2.2,0.087,0.9988,3.14,0.6,10.2,5,0,2.39323674527388,-89.5599539373079
0.41,2.0,0.091,0.998,3.28,0.7,9.7,5,0,2.0819549273933067,-101.00739640026924
0.49,1.8,0.075,0.9977,3.18,1.06,11.0,6,0,3.180695818491799,-97.1148421729626
0.11,2.7,0.077,0.9984,3.19,0.7,10.1,6,0,2.1934530380659147,-86.41031804786935
0.56,2.8,0.08,0.9964,3.15,0.92,11.7,8,0,2.182750262086463,-100.03425784344256
0.59,2.2,0.152,0.9986,3.04,1.05,9.4,5,0,3.3839544529658205,-99.06111928661592
0.6,2.2,0.152,0.9986,3.04,1.06,9.4,5,0,3.3839544529658205,-98.83089906765736
0.68,4.1,0.114,0.997,3.06,0.66,13.4,6,0,3.3861784064160965,-93.22228794565596
0.39,1.9,0.054,0.9976,3.17,0.47,10.0,5,0,2.992726863988421,-100.03425784344256
0.36,1.8,0.053,0.9982,3.17,0.42,10.0,6,0,2.99203187853521,-103.18389373288112
0.55,2.8,0.081,1.0002,3.32,0.92,10.8,7,0,4.382455997733723,-44.70094365231135
0.4,2.6,0.073,0.9984,3.34,0.75,10.2,6,0,2.085290857568719,-90.3551299561684
0.27,2.8,0.078,0.9984,3.31,0.67,10.6,6,0,2.0959936335481704,-57.93789018594877
0.5,2.5,0.055,0.9952,3.34,0.79,13.3,7,0,1.985885493781982,-90.86782807507794
0.51,2.6,0.052,0.995,3.32,0.9,13.4,7,0,1.6857234431527883,-88.69133074246605
0.31,3.0,0.086,1.0002,3.48,0.74,11.6,6,0,1.4938625701114283,-33.83964648424087
0.23,8.3,0.051,0.9952,3.44,0.55,12.1,6,0,-0.7136270026117968,-22.95715982118148
0.53,2.6,0.07,0.9972,3.15,0.65,11.0,8,0,3.483637810933841,-101.2376166192278
0.25,1.9,0.081,0.9984,3.43,0.65,9.0,6,0,0.5894844996858541,-77.75658639841424
0.32,2.5,0.09,0.9966,3.32,0.79,11.1,5,0,-0.0152875084730901,1.905191713383445
0.73,6.55,0.074,0.999,3.17,0.85,12.0,7,0,3.1862557021174887,-35.252035983995725
0.47,1.9,0.078,0.9976,3.18,1.04,10.9,7,0,3.281213159003672,-93.22228794565596
0.42,1.8,0.077,0.9976,3.21,1.05,10.8,7,0,3.2806571706411027,-95.16856505930927
0.63,2.9,0.072,0.9968,3.16,0.78,12.5,7,0,2.9877229687253006,-90.3551299561684
0.46,1.8,0.075,0.9976,3.25,1.02,10.8,7,0,3.180695818491799,-96.14170361613594
0.55,2.3,0.084,1.0,3.17,0.71,9.5,6,0,3.9923403854814623,-103.9268120707492
0.31,2.2,0.09,0.9994,3.18,0.63,10.2,6,0,2.7905802062395377,-51.6386184070717
0.75,2.8,0.084,0.9986,3.04,0.68,11.4,7,0,6.0809650017280426,-70.81891164365389
0.49,4.6,0.073,0.9978,3.02,0.61,9.5,5,0,5.184926756741003,-71.73979251948813
0.48,2.1,0.125,0.998,3.03,0.81,9.7,6,0,3.4850277818402624,-66.82184205436243
0.64,2.4,0.107,0.9973,3.09,0.66,11.8,7,0,3.288163013535783,-101.9805349570959
0.49,4.3,0.1,1.001,3.25,0.74,11.9,6,0,5.289892004153426,-103.18389373288112
0.49,2.8,0.088,0.9972,3.22,0.68,11.7,6,0,3.679668596694468,-84.28607839624989
0.49,2.5,0.088,0.9966,3.36,0.78,11.0,5,0,0.0853688291294254,-5.8276590602374085
0.49,2.7,0.088,0.9982,3.42,0.9,10.0,6,0,2.581205699777259,-82.39205896358898
0.49,2.0,0.088,0.998,3.48,0.64,9.1,5,0,0.3865038593931169,-72.43045317636383
0.49,2.3,0.099,0.9979,3.38,0.99,9.8,5,0,0.9857159839263724,22.28884372575085
0.49,2.5,0.085,0.9978,3.22,0.55,9.4,5,0,2.085568851750004,28.975108766563707
0.49,2.4,0.086,0.9976,3.23,0.64,9.5,5,0,1.986441482144551,0.2202030046921805
0.24,2.8,0.105,0.9998,3.24,0.67,9.9,5,0,3.1918155857431767,-59.70620476163594
0.49,2.5,0.0969999999999999,0.9962,3.39,0.77,11.4,6,0,-0.2140982360465608,-27.644890067348623
0.49,2.6,0.084,0.9988,3.34,0.75,8.7,6,0,0.9865499664702266,-57.069266991106936
0.24,2.4,0.077,0.9974,3.09,0.57,9.4,5,0,2.691730830815372,-84.46404093421604
0.24,2.1,0.078,0.999,3.41,0.87,10.3,6,0,1.8806422521882735,-90.48083481314214
0.49,2.7,0.098,1.0004,3.16,0.61,10.3,5,0,4.684008019269344,-74.32447260902474
0.24,2.1,0.072,0.9956,3.22,0.66,12.8,6,0,3.0815684488863493,-82.39205896358898
0.24,2.7,0.102,1.0,3.28,0.56,10.0,6,0,2.787522270245409,-83.82563795833276
0.24,2.1,0.084,0.9972,3.37,0.77,10.7,6,0,0.8978473786629433,-104.15703228970776
0.74,5.15,0.1,0.9996,3.22,0.62,11.2,5,0,3.987614484399627,-100.26447806240114
0.24,3.3,0.1009999999999999,0.9988,3.26,0.67,9.6,5,0,1.990889389045103,-67.61701807322295
0.49,6.3,0.064,0.9988,3.21,0.73,11.0,6,0,2.287159521136319,-100.26447806240114
0.24,2.1,0.07,0.9966,3.12,0.59,9.9,5,0,2.0943256684604634,-97.34506239192116
0.24,2.5,0.085,0.9993,3.06,0.72,11.0,6,0,3.992062391300177,-62.699067608097245
0.49,2.6,0.094,0.9982,3.08,0.59,9.1,5,0,1.887592106720385,-6.057879279195973
0.24,2.0,0.078,0.9983,3.45,0.78,9.5,6,0,0.290434425781795,-88.40885284251507
0.49,2.5,0.067,0.9987,3.26,0.86,10.7,6,0,3.382564482059399,-96.14170361613594
0.49,2.6,0.079,0.9994,3.12,0.75,10.4,6,0,5.182980797472013,-44.59642829032653
0.49,1.9,0.171,0.9975,3.27,0.61,9.4,6,0,1.78929871965879,-92.24914938882932
0.01,2.1,0.074,0.9958,3.33,0.56,9.5,6,0,-0.410407015988472,-91.55848873195362
0.24,2.8,0.092,0.998,3.19,0.73,10.0,6,0,2.1863641864431607,-70.94461650062763
0.24,2.7,0.092,0.998,3.12,0.74,10.0,6,0,2.287159521136319,-71.9177550574543
0.24,1.6,0.05,0.9934,3.74,0.62,11.5,5,0,-2.1949776630678706,-17.170586161213933
0.49,4.6,0.118,1.0002,3.07,0.56,11.7,6,0,3.6885644104955695,-99.11337696760832
0.49,4.3,0.085,1.0021,3.3,0.68,12.7,6,0,5.78608484054325,-70.84010113864282
0.49,2.8,0.075,0.9994,3.14,0.57,11.4,5,0,5.489814708452034,-98.31820094874784
0.49,2.4,0.078,0.9978,3.23,0.58,9.2,5,0,1.7867967720272304,5.7765564457011465
0.49,2.9,0.094,0.9982,3.08,0.61,9.2,5,0,1.789576713840075,-1.4746643950136615
0.49,2.7,0.092,0.9971,3.31,0.61,10.1,6,0,0.383167929217703,-53.81511573968358
0.24,2.5,0.226,0.9991,3.32,0.6,9.0,6,0,1.494140564292712,-102.21075517605443
0.49,2.6,0.25,0.999,3.31,0.79,10.7,6,0,2.5881555543093704,-97.34506239192116
0.24,2.2,0.095,0.9946,3.57,0.57,11.7,6,0,-1.0143450416035629,-72.7129310763148
0.49,3.3,0.07,1.0003,3.32,0.91,11.0,6,0,4.283328628128274,-79.65060583107515
0.49,2.4,0.075,0.9978,3.14,0.61,10.4,5,0,2.980773114193189,-88.40885284251507
0.49,2.1,0.07,0.9991,3.3,0.56,9.6,4,0,3.290386966986059,-68.99833938697432
0.49,3.2,0.078,0.9992,3.19,0.7,10.0,6,0,3.383398464603252,-37.449722811596544
0.49,3.1,0.079,0.9993,3.2,0.8,10.2,6,0,5.080795491872433,-66.7483948783811
0.24,2.3,0.103,0.9978,3.34,0.52,10.0,4,0,2.6881169064586743,-102.95367351392257
0.49,2.8,0.083,0.9982,3.3,0.6,9.5,5,0,1.5868740677286226,-5.796590874233928
0.49,2.9,0.085,0.9982,3.29,0.6,9.8,5,0,1.5877080502724752,-6.999949650019147
0.49,2.2,0.063,0.9976,3.14,0.51,9.8,6,0,3.382564482059399,-74.88942840892668
0.49,2.2,0.089,1.0002,3.19,0.44,9.6,5,0,5.087189358041975,-103.18389373288112
0.49,2.2,0.083,1.0,3.19,0.43,9.2,5,0,4.487143250964863,-102.21075517605443
0.49,1.9,0.074,0.9976,2.98,0.66,9.9,7,0,4.781189429605803,-95.22082274030168
0.49,3.4,0.093,1.0002,3.3,0.76,10.7,7,0,4.582656696213618,-27.675958253352107
0.24,2.4,0.091,0.998,3.47,0.66,9.6,6,0,0.3892838012059609,-79.13790771216563
0.49,2.7,0.094,0.9986,3.12,1.02,10.6,7,0,3.8823712428059194,-68.5378989490572
0.24,1.9,0.108,0.9967,3.26,0.59,9.3,5,0,0.0955156167463071,-14.554837885673848
0.49,2.6,0.059,0.9976,3.05,0.74,10.5,7,0,2.9821630850996126,-104.15703228970776
0.49,2.6,0.084,0.9987,3.35,0.57,9.7,5,0,1.787074766208514,-40.13891826311794
0.49,1.7,0.07,0.9922,3.12,0.5,11.5,6,0,-0.6136656504624938,32.3337753799719
0.58,3.5,0.094,1.0004,3.29,0.58,9.0,5,0,2.687838912277389,-74.04199470907376
0.17,2.6,0.096,0.9978,3.4,0.53,9.5,5,0,0.6950057354608479,-76.37526508466287
0.41,7.9,0.086,0.9998,3.27,0.57,9.3,5,0,1.6911443296878357,-4.980225360384495
0.51,2.0,0.059,0.9994,3.04,0.6,9.3,6,0,5.184370768378434,-93.22228794565596
0.58,1.9,0.071,0.998,3.09,0.63,10.0,6,0,4.689567902895032,-99.29133950557448
0.18,2.1,0.078,0.9967,3.2,0.48,9.8,6,0,1.291020926909333,-87.61367682365457
0.45,2.3,0.0819999999999999,1.0,3.0,0.7,9.3,6,0,5.48953671427075,-94.01746396451648
0.27,2.1,0.088,0.9962,3.26,0.47,10.0,4,0,1.0003106784438067,-93.96520628352408
0.52,2.2,0.071,1.0006,3.1,0.56,9.0,6,0,5.985729550660572,-81.13644250681135
0.0,2.6,0.081,0.9975,3.3,0.52,9.3,5,0,0.4982799642470104,-102.95367351392257
0.13,2.9,0.096,0.9984,3.17,0.62,9.1,6,0,1.0909592255200824,-53.42812247774779
0.13,2.6,0.085,0.9984,3.31,0.59,9.2,6,0,1.0915152138826514,-93.22228794565596
0.48,4.6,0.072,0.9973,3.34,0.79,12.2,7,0,2.185808198080592,-96.19396129712835
0.41,3.3,0.092,0.9982,3.31,0.53,10.5,6,0,1.5879860444537606,-61.370003975338285
0.37,5.1,0.11,1.0026,3.32,0.64,10.4,6,0,2.8922095234765486,-52.17250602097016
0.19,3.2,0.075,0.9956,3.56,0.52,12.7,6,0,-0.914383689454259,-76.55322762262904
0.54,2.5,0.083,0.9983,3.39,0.54,9.2,5,0,1.5813141841029328,-56.73453141016356
0.55,2.7,0.081,1.0006,2.98,0.54,9.4,5,0,5.983505597210296,-101.2376166192278
0.0,2.4,0.077,0.9965,3.32,0.6,10.0,6,0,0.2929363734133554,-85.59395253401993
0.38,1.5,0.0579999999999999,0.9962,3.26,0.74,9.8,5,0,0.9857159839263724,-87.43571428568842
0.5,2.3,0.079,0.9997,3.5,0.57,9.7,5,0,2.391012791823604,-42.419930957714655
0.51,2.2,0.079,0.9982,3.03,0.93,9.8,6,0,4.282216651403136,-87.48797196668083
0.5,2.7,0.122,1.0006,3.13,0.7,10.2,5,0,4.1864252119730985,-100.4946982813597
0.41,2.3,0.088,0.9988,3.09,0.8,9.3,5,0,4.083961912192235,-101.00739640026924
0.24,3.4,0.076,0.9976,3.27,0.61,9.4,5,0,1.0898472487949462,-5.283892755324388
0.23,3.4,0.078,0.9976,3.28,0.62,9.4,5,0,0.9904418850082096,-13.529441647854796
0.22,1.9,0.08,0.9974,3.13,0.55,9.5,5,0,2.7903022120582524,-84.746518834167
0.25,2.9,0.077,0.9974,3.49,0.96,12.1,6,0,0.6891678576538744,-69.3330749679177
0.0,5.6,0.124,0.9997,3.46,0.72,10.2,5,0,-0.4054031207253521,-56.68227372917114
0.29,2.2,0.098,0.9988,3.36,0.49,9.1,5,0,1.591321974629173,-102.21075517605443
0.26,2.5,0.0969999999999999,0.9976,3.27,0.6,9.3,6,0,1.4896926573921618,-86.18009782891079
0.23,2.3,0.111,0.9964,3.21,0.61,9.3,5,0,0.3941486993784391,-31.610891470636588
0.54,2.7,0.105,0.9988,3.25,0.63,9.5,5,0,3.181807795216937,-98.31820094874784
0.14,3.0,0.087,0.9964,3.32,0.57,10.5,6,0,0.3865038593931169,-71.27935208157102
0.22,3.4,0.105,1.001,3.43,0.64,11.3,4,0,2.9001323576431552,-31.73659632761033
0.21,1.9,0.073,0.9964,3.27,0.58,9.5,5,0,0.6847199507533235,-8.108671754834106
0.0,1.4,0.065,0.9954,3.27,0.55,9.7,5,0,1.4980324828306948,-80.32007699296193
0.28,2.4,0.086,0.9979,3.24,0.53,9.4,5,0,2.3987966288995697,31.999039799028523
0.27,2.3,0.084,0.9978,3.24,0.53,9.4,5,0,2.2989742738409067,30.282982904333764
0.12,2.2,0.143,0.9964,3.35,0.65,10.2,7,0,0.5005039176972863,-93.96520628352408
0.35,1.9,0.067,0.997,3.18,1.36,10.3,6,0,1.68266550715866,-56.73453141016356
0.45,2.3,0.071,0.9991,3.39,0.62,9.4,5,0,2.6892288831838123,-75.3498688468438
0.44,2.3,0.071,0.9992,3.46,0.63,9.5,5,0,2.2907734454930164,-46.95088816090456
0.1,6.0,0.115,0.9984,3.37,0.69,10.1,7,0,0.592820429861268,-106.1033094033611
0.05,3.6,0.107,0.9972,3.4,0.63,10.1,5,0,0.0938476516586011,-97.1148421729626
0.01,2.2,0.07,0.9967,3.32,0.58,11.0,4,0,1.098326071324122,-103.18389373288112
0.3,2.8,0.066,0.9964,3.33,0.67,11.2,7,0,1.4880246923044549,-88.40885284251507
0.27,8.6,0.068,0.9948,3.16,0.57,11.3,6,0,-0.5128703157693355,31.590857042103792
0.39,2.2,0.106,0.9986,2.89,0.5,9.6,5,0,3.485861764384115,-84.97673905312558
0.25,2.5,0.104,1.001,3.41,0.67,11.2,5,0,2.5987193331981797,40.9352493484346
0.59,2.8,0.079,0.9976,3.12,0.54,12.0,6,0,2.183584244630317,-86.69279594782033
0.47,2.4,0.074,0.9979,3.08,0.46,9.5,5,0,1.3877853459738656,-88.12637494256411
0.17,2.9,0.087,1.0004,3.14,0.61,9.4,5,0,2.4895841730664863,-61.778186732263
0.59,1.4,0.073,0.998,2.92,0.68,10.5,7,0,4.787305301594062,-71.79205020048056
0.07,1.4,0.074,0.9973,3.32,0.81,9.6,6,0,-0.0102836132099701,-97.34506239192116
0.02,4.4,0.096,0.997,3.41,0.57,11.0,4,0,-0.1013491515581721,-104.15703228970776
0.31,1.6,0.08,0.9978,3.31,0.64,9.0,5,0,0.2868205014250975,-73.63381195214905
0.06,1.6,0.076,0.9972,3.36,0.7,9.6,6,0,-0.0088936423035477,-89.61221161830031
0.46,1.8,0.05,0.9974,3.04,0.79,10.2,6,0,2.8819237387690237,-104.15703228970776
0.52,2.0,0.092,1.0,3.03,0.66,10.2,5,0,4.884486711930521,-61.95614927022915
0.14,2.0,0.084,0.9981,3.14,0.56,9.7,5,0,2.1908120933437125,-65.49277842160348
0.36,1.8,0.222,0.998,3.18,0.6,9.5,6,0,1.0884572778885229,-101.00739640026924
0.45,2.0,0.0819999999999999,0.9988,2.94,0.66,9.2,6,0,4.083127929648381,-101.9805349570959
0.43,2.3,0.059,0.9966,3.15,0.57,11.0,5,0,2.7944721247775206,-84.3383360772423
0.24,2.5,0.083,0.9959,3.26,0.58,10.0,5,0,-0.3135035998332958,-67.26109299729063
0.21,1.7,0.074,0.9968,3.2,0.52,9.5,5,0,0.995167786090045,-104.15703228970776
0.34,2.0,0.079,0.998,3.15,0.53,9.5,5,0,2.608727123724419,36.3520344642523
0.41,2.2,0.084,0.9984,3.08,0.67,9.3,6,0,3.584989133989568,-99.804037624484
0.39,2.2,0.064,0.9984,3.26,0.65,10.2,5,0,2.085846845931288,-85.02899673411798
0.11,2.3,0.084,0.9979,3.4,0.48,9.9,5,0,1.396959153956253,-85.02899673411798
0.1,2.6,0.081,0.9983,3.48,0.53,10.0,5,0,1.0965191091457722,-22.935970326192543
0.45,3.3,0.06,0.9972,3.13,0.54,9.6,5,0,3.581097215451585,-65.67074095956963
0.58,1.9,0.07,1.0004,3.06,0.49,9.0,5,0,6.084856920266024,-75.58008906580237
0.23,2.2,0.094,0.9962,3.21,0.49,10.2,6,0,0.7874612447154714,-86.05439297193705
0.31,2.25,0.078,0.998,3.33,0.54,9.8,5,0,1.287545999643278,-54.14985132062696
0.23,2.6,0.059,0.997,3.37,0.56,11.3,5,0,0.8965964048471626,-102.21075517605443
0.32,2.3,0.078,0.998,3.25,0.48,9.4,5,0,2.6014992750110224,38.01583367795463
0.18,1.8,0.07,0.997,3.44,0.6,9.1,5,0,-0.1066310410025765,-76.0405295037195
0.23,3.1,0.095,0.9998,3.28,0.59,9.7,5,0,1.8923180078022208,-77.98680661737282
0.04,1.6,0.039,0.9962,3.4,0.47,9.4,5,0,0.4934150660745331,-108.27980673597295
0.48,1.8,0.157,0.9976,3.3,1.05,9.4,5,0,0.8854766375957848,-100.26447806240114
0.0,4.25,0.0969999999999999,0.9966,3.63,0.54,10.7,3,0,0.208125704144054,-103.18389373288112
0.24,2.6,0.087,0.9998,3.48,0.54,9.8,5,0,2.0000631970274902,-24.694406210865168
0.32,2.8,0.084,0.9984,3.32,0.62,9.4,5,0,1.7879087487523684,5.598593907734994
0.31,2.7,0.084,0.9984,3.31,0.61,9.4,5,0,1.787630754571083,9.208670235090665
0.02,1.3,0.034,0.9921,3.9,0.62,12.8,6,0,-2.11086197925178,-70.99687418162006
0.02,2.1,0.066,0.9972,3.47,0.67,9.5,6,0,-0.2065923931518805,-91.78870895091218
0.28,3.2,0.087,1.0001,3.31,0.53,9.7,5,0,2.191507078796924,-43.7489945904736
0.55,2.1,0.071,0.9986,3.11,0.62,10.8,6,0,4.58404666712004,-98.31820094874784
0.43,2.9,0.076,0.9984,3.08,0.57,10.1,6,0,3.4023020689305934,-26.337015929578584
0.02,2.1,0.067,0.997,3.47,0.67,9.4,6,0,-0.2068703873331649,-93.50476584560694
0.48,2.6,0.073,0.9972,3.32,0.7,9.6,4,0,0.2857085246999595,-31.15045103271946
0.04,1.6,0.078,0.998,3.29,0.54,9.7,4,0,1.8957929350682767,-103.41411395183968
0.15,6.0,0.073,0.999,3.37,0.49,9.9,5,0,1.2035693129178302,-62.8770301460634
0.08,2.0,0.093,0.9956,3.4,0.47,10.0,5,0,-0.202978468795183,-97.167099853955
0.19,3.0,0.077,0.9966,3.37,0.51,10.5,5,0,0.188805108544785,-78.26928451732378
0.12,2.5,0.068,0.996,3.34,0.61,11.6,6,0,0.5901794851390658,-81.36666272576991
0.47,1.6,0.062,0.9983,3.27,0.66,10.0,6,0,2.4829123127156603,-82.85249940150611
0.43,2.8,0.08,0.9985,3.06,0.57,10.1,5,0,3.402441066021236,-31.380671251678024
0.34,3.0,0.093,0.9998,3.38,0.61,9.5,5,0,1.690310347143981,-5.283892755324388
0.0,3.2,0.084,0.9992,3.36,0.45,9.4,5,0,1.4938625701114283,-82.85249940150611
0.36,2.3,0.075,0.9976,3.34,0.46,9.4,5,0,0.7869052563529024,-68.94608170598192
0.28,2.6,0.078,0.998,3.28,0.51,9.8,5,0,2.6947887668095003,-38.19264114946464
0.18,2.7,0.069,0.9967,3.29,0.48,9.2,6,0,-0.0111175957538236,-81.87936084467944
0.11,2.6,0.079,0.9968,3.21,0.57,10.0,5,0,0.3878938302995394,-67.51250271123813
0.04,2.0,0.0819999999999999,0.9976,3.22,0.44,9.6,5,0,1.190364589306819,-94.24768418347504
0.0,3.9,0.086,0.9976,3.46,0.54,9.5,5,0,-0.1063530468212921,-70.25395584375195
0.24,2.85,0.094,0.9982,3.1,0.53,9.2,5,0,1.6879473966030645,-6.748539936071666
0.08,2.7,0.084,0.9968,3.21,0.59,10.0,5,0,0.3867818535744014,-67.7949806111891
0.3,2.2,0.053,0.9965,2.94,1.62,9.5,5,0,-0.1160828431662484,13.917589976246733
0.1,3.1,0.086,0.9958,3.54,0.6,11.2,4,0,0.3061410970243665,-105.13017084653444
0.17,3.0,0.077,0.9976,3.29,0.55,10.4,5,0,1.7929126440154874,-104.15703228970776
0.09,2.8,0.084,0.9994,3.43,0.72,11.1,6,0,0.8949284397594557,-66.13118139748676
0.02,1.8,0.067,0.997,3.46,0.68,9.5,5,0,-0.8085844594979807,-106.33352962231965
0.03,3.2,0.071,0.995,3.61,0.49,12.7,6,0,-0.8003836311500896,-55.30095241541977
0.13,3.45,0.088,0.9994,3.44,0.52,11.5,5,0,1.6989281667637997,-103.41411395183968
0.03,2.1,0.092,0.9966,3.39,0.47,9.6,5,0,0.0984345556497938,-97.167099853955
0.34,2.7,0.0819999999999999,0.998,3.55,0.6,9.5,5,0,-0.2121522767775694,-44.20943502839073
0.2,2.0,0.075,0.9987,3.48,0.62,9.3,5,0,0.4906351242616882,-77.93454893638041
0.1,2.1,0.1119999999999999,0.9963,3.26,0.5,9.5,5,0,0.5018938886037079,-94.01746396451648
0.0,2.5,0.093,1.0002,3.5,0.65,9.3,6,0,0.991275867552062,-57.142714167088265
0.23,2.8,0.092,0.9983,3.1,0.56,9.2,5,0,1.7873527603897994,-10.306358582434925
0.0,2.4,0.088,0.999,3.35,0.6,9.3,5,0,1.7937466265593418,-76.60548530362144
0.29,4.2,0.075,0.9965,3.45,0.68,11.5,6,0,1.0959631207832032,-99.62607508651786
0.24,2.6,0.078,0.99788,3.21,0.57,9.5,5,0,1.989221423957396,23.75349090649813
0.0,1.9,0.065,0.9972,3.46,0.65,9.2,5,0,-0.7073721335328971,-98.37045862974024
0.58,2.8,0.096,1.00024,3.13,0.53,10.0,5,0,4.384957945365283,-13.916434909790569
0.54,2.7,0.095,1.0001,3.13,0.51,9.5,5,0,3.8845951962561927,-14.837315785624824
0.18,2.1,0.07,0.99768,3.52,0.73,9.5,6,0,0.0893997447580492,-87.94841240459796
0.38,2.5,0.08,0.9978,3.3,0.47,9.0,6,0,0.9843260130199508,-59.72739425662486
0.4,2.6,0.083,0.99782,3.3,0.48,9.4,5,0,1.3838934274358845,-48.10198925569736
0.18,2.1,0.071,0.99761,3.52,0.72,9.6,6,0,-0.0108396015725391,-85.02899673411798
0.1,2.9,0.089,0.99803,3.29,0.55,9.5,5,0,1.0929051847890747,-75.11964862788525
0.13,2.5,0.0969999999999999,0.99785,3.39,0.61,9.4,5,0,0.3901177837498144,-48.206504617682185
0.07,1.9,0.0579999999999999,0.99525,3.51,0.43,10.7,6,0,0.6003262727559475,-67.15657763530582
0.01,2.0,0.057,0.99488,3.6,0.46,11.2,6,0,-0.8971480502146232,-82.39205896358898
0.0,2.2,0.084,0.99656,3.25,0.5,9.8,5,0,0.8990983524787222,-85.48943717203511
0.21,2.5,0.092,0.99823,3.19,0.52,9.2,5,0,1.5863180793660536,-24.72547439686865
0.25,2.8,0.075,0.99779,3.23,0.57,9.7,5,0,1.7906886905652115,-14.680542742647605
0.26,2.0,0.096,0.99738,3.25,0.42,9.6,5,0,2.0926577033727582,-82.74798403952128
0.0,1.7,0.069,0.99701,3.31,0.53,10.0,6,0,1.5941019164420176,-97.62754029187214
0.11,2.8,0.093,0.99888,3.31,0.55,9.5,6,0,1.8934299845273583,-72.60841571433
0.1,3.0,0.091,0.99888,3.31,0.54,9.5,6,0,1.9931133424953789,-68.4856412680648
0.18,2.9,0.089,0.99738,3.14,0.54,9.4,5,0,1.591043980447889,-43.18403879057168
0.32,2.7,0.103,0.99938,3.45,0.62,9.5,5,0,0.2918243966882174,-19.598493207773306
0.02,2.3,0.0819999999999999,0.99744,3.55,0.53,9.7,6,0,-0.1082990060902835,-20.958625026535746
0.01,1.9,0.076,0.99668,3.39,0.54,9.6,5,0,0.6950057354608479,-85.20695927208413
0.26,2.4,0.0819999999999999,0.9978,3.28,0.55,9.4,5,0,2.1934530380659147,26.49494403901197
0.27,2.3,0.0819999999999999,0.99782,3.27,0.55,9.4,5,0,2.2902174571304474,27.468082595838624
0.29,1.8,0.157,0.9973,3.3,0.92,9.5,6,0,0.6861099216597459,-74.91061790391561
0.3,1.8,0.157,0.99727,3.31,0.91,9.5,6,0,0.6861099216597459,-73.70725912813039
0.0,3.0,0.102,0.99586,3.43,0.46,10.0,5,0,0.0030601074916836,-100.77717618131068
0.18,2.4,0.243,0.99612,3.4,0.6,10.3,6,0,-0.3033568122164132,-69.98207269129546
0.17,2.4,0.241,0.9961,3.4,0.59,10.3,6,0,-0.3069707365731116,-99.06111928661592
0.3,3.4,0.079,0.99788,3.36,0.61,10.5,5,0,1.086789312800816,-83.26068215843082
0.03,2.6,0.076,0.99745,3.5,0.6,9.8,5,0,-0.1102449653592749,-23.59556279706476
0.0,2.0,0.19,0.99676,3.31,0.6,9.4,6,0,-0.2088163466021564,-71.40505693854476
0.14,2.4,0.114,0.99732,3.66,0.65,9.8,5,0,-0.7116810433428054,-79.88082605003372
0.05,2.4,0.081,0.99814,3.36,0.53,10.0,5,0,1.7973605509160393,-18.55190747496532
0.01,2.5,0.077,0.99746,3.55,0.59,9.8,5,0,-0.1082990060902835,-30.637752913809933
0.41,2.3,0.083,0.9982,3.21,0.5,9.5,5,0,2.683946993739408,-56.0650602482768
0.24,2.2,0.079,0.9991,3.18,0.56,10.1,6,0,2.789746223695685,-57.142714167088265
0.17,2.9,0.099,0.998,3.09,0.52,9.3,5,0,1.3922332528744177,2.67917823725503
0.43,2.6,0.0819999999999999,0.99708,3.33,0.68,9.7,6,0,0.185469178369372,-34.017609022207026
0.17,2.9,0.084,0.99818,3.23,0.54,9.6,5,0,1.5924339513543109,14.30458323818253
0.02,2.5,0.081,0.99745,3.48,0.6,9.7,6,0,-0.1077430177277145,-29.38213645703229
0.0,2.6,0.055,0.99639,3.38,0.56,10.8,5,0,0.4917471009868261,-103.69659185179066
0.54,2.3,0.065,0.99531,3.17,0.53,12.5,6,0,2.88164574458774,-91.04579061304408
0.3,2.6,0.132,0.99786,2.99,1.18,10.2,5,0,3.598610848872505,-57.9590796809377
0.31,2.5,0.126,0.99746,3.1,0.74,9.6,5,0,1.487468703941886,-50.15278173133551
0.44,1.6,0.038,0.99526,3.24,0.81,10.8,7,0,2.084734869206152,-72.25249063839769
0.34,3.6,0.0819999999999999,0.9987,3.29,0.52,10.7,6,0,2.188310145712153,-103.18389373288112
0.08,4.0,0.0819999999999999,0.99641,3.25,0.51,9.4,5,0,-0.0077816655784097,-6.874244793045406
0.09,3.3,0.068,0.99735,3.23,0.44,10.0,5,0,1.3900092994241415,-99.57381740552545
0.0,1.7,0.044,0.99264,3.56,0.94,12.9,7,0,-2.1076650461670097,-31.04593567073464
0.08,2.5,0.114,0.9971,3.24,0.66,9.6,6,0,0.4906351242616882,-69.97147794380098
0.22,2.7,0.084,0.99682,3.26,0.57,9.9,6,0,1.1892526125816811,-99.52155972453303
0.4,2.4,0.052,0.99356,3.33,0.7,12.8,7,0,0.9826580479322438,-107.30666817914631
0.39,2.0,0.0409999999999999,0.99386,3.27,0.71,12.5,7,0,1.1817467696870008,-107.30666817914631
0.12,1.9,0.165,0.99702,3.26,0.86,9.2,5,0,0.189917085269923,-105.360391065493
0.31,2.8,0.07,0.99693,3.22,0.55,10.3,6,0,0.3884498186621083,-102.440975395013
0.1,2.6,0.068,0.99562,3.3,0.47,10.5,5,0,0.0888437563954802,-103.41411395183968
0.55,2.8,0.072,1.00012,3.09,0.68,10.9,6,0,5.6869574709378,-92.9920677266974
0.33,2.5,0.099,0.99818,3.24,0.71,10.8,5,0,3.5863791048959897,-76.37526508466287
0.24,2.1,0.102,0.99462,3.44,0.58,11.4,4,0,-0.3137815940145803,-110.22608384962628
0.54,2.8,0.103,0.99939,3.21,0.76,11.3,6,0,5.3845714668583256,-73.68606963314147
0.19,3.2,0.081,0.9984,3.23,0.58,10.5,6,0,2.588433548490654,-86.9230161667789
0.42,1.6,0.084,0.99545,3.28,0.73,11.9,6,0,3.58193119799544,-87.31000942871468
0.0,2.35,0.071,0.99632,3.29,0.45,9.4,5,0,-0.1048240788242278,-67.38679785426439
0.15,3.2,0.0969999999999999,0.99976,3.28,0.54,9.6,5,0,1.8928739961647896,-58.47177779984723
0.0,1.9,0.099,0.99606,3.34,0.6,9.7,5,0,-0.2056194135173852,-94.4779044024336
0.13,2.0,0.076,0.9973,3.61,0.64,9.8,5,0,-0.5095343855939225,-79.472643293109
0.28,2.8,0.068,0.99682,3.24,0.53,10.3,5,0,-0.111356942084412,-101.00739640026924
0.14,2.8,0.076,0.99624,3.36,0.49,10.7,5,0,-0.111912930446981,-78.49950473628235
0.34,2.3,0.05,0.9951,3.4,0.64,11.0,7,0,0.282650588705831,-109.25294529279962
0.09,2.3,0.065,0.99417,3.46,0.74,12.7,8,0,0.5908744705922766,-66.34021212145639
0.08,2.1,0.071,0.99376,3.56,0.77,11.1,6,0,-1.307279243519364,-90.92008575607036
0.07,2.5,0.0579999999999999,0.99632,3.38,0.55,10.9,4,0,0.2941873472291352,-108.0495865170144
0.42,1.5,0.145,0.99832,3.38,0.86,9.9,3,0,3.1862557021174887,-63.42079645097642
0.44,1.6,0.147,0.99836,3.38,0.86,9.9,4,0,4.38662591045299,-60.04094034257932
0.26,1.6,0.088,0.99694,3.32,0.47,9.4,5,0,1.5936849251700913,-91.893224312897
0.1,1.5,0.066,0.99655,3.39,0.51,9.3,5,0,0.3935927110158701,-58.22036808589975
0.28,2.4,0.012,0.99064,3.26,0.39,11.7,7,0,-0.5167622343073175,-12.357151058073056
0.35,1.6,0.075,0.99672,3.24,0.83,11.2,7,0,2.8827577213128777,-88.63907306147365
0.04,2.2,0.092,0.99647,3.46,0.47,10.0,5,0,-1.2103758273641896,-89.66446929929272
0.47,2.65,0.085,0.99736,3.24,0.77,12.1,7,0,3.885429178800047,-82.8002417205137
0.0,3.0,0.115,0.99629,3.45,0.63,10.3,5,0,-0.6061598075678134,-82.95701476349092
0.45,2.6,0.119,0.99708,3.23,0.72,10.9,6,0,3.3878463715038034,-43.95802531444325
0.35,2.0,0.088,0.9963,3.28,0.62,9.4,5,0,-0.1056580613680813,-26.3582054245675
0.46,1.7,0.062,0.9959,3.18,0.83,10.6,6,0,2.681167051926563,-71.10138954360487
0.21,1.8,0.081,0.99689,3.59,0.66,9.8,5,0,-0.8066385002289893,-84.56855629620085
0.16,1.8,0.078,0.9977,3.5,0.7,9.9,6,0,0.1940869979891895,-77.24388827950472
0.21,1.6,0.08,0.99689,3.58,0.66,9.8,5,0,-0.8069164944102738,-84.05585817729133
0.44,1.9,0.085,0.99708,3.28,0.55,9.5,5,0,2.0864028342938568,-94.4779044024336
0.32,2.5,0.08,0.99801,3.22,1.07,9.7,5,0,0.7866272621716188,6.749695002527801
0.39,1.5,0.08,0.99652,3.47,0.73,10.9,6,0,2.084456875024866,-54.99728502047987
0.02,2.5,0.071,0.99538,3.51,0.71,11.7,7,0,0.3955386702848615,-102.0327926380883
0.34,2.5,0.073,0.99594,3.4,0.78,11.3,7,0,0.9821020595696748,-68.5378989490572
0.47,1.7,0.054,0.99686,3.15,0.67,10.6,7,0,4.481305373157889,-82.90475708249852
0.22,1.8,0.074,0.99438,3.4,0.82,11.2,6,0,-0.4090170450820496,-91.15030597502891
0.06,2.7,0.077,0.99746,3.51,0.54,9.5,5,0,-0.0075036713971252,-31.78885400860274
0.66,2.0,0.039,0.99357,3.66,0.6,11.5,6,0,-1.396120828417291,-28.86943833812276
0.32,2.7,0.067,0.99628,3.24,0.44,10.4,5,0,0.2868205014250975,-92.01892916987074
0.06,2.5,0.078,0.99746,3.51,0.53,9.7,5,0,-0.0075036713971252,-32.30155212751227
0.07,2.6,0.077,0.99748,3.51,0.54,9.7,5,0,-0.0070866801251989,-30.585495232817507
0.22,2.3,0.071,0.99438,3.41,0.83,11.3,6,0,-0.410963004351041,-91.61074641294604
0.23,2.0,0.072,0.99438,3.4,0.84,11.2,6,0,-0.3104456638391673,-93.55702352659937
0.03,2.0,0.08,0.99578,3.44,0.64,10.9,6,0,0.3926197313813748,-69.89803076781965
0.01,2.1,0.064,0.99371,3.41,0.57,11.8,6,0,0.4949440340715973,-68.97714989198539
0.03,1.5,0.086,0.99522,3.53,0.57,10.6,5,0,-0.3090556929327448,-64.90663312671262
0.24,2.0,0.067,0.99576,3.43,0.54,10.0,4,0,0.0849518378574982,-64.8021177647278
0.37,1.6,0.067,0.99552,3.23,0.58,11.1,7,0,1.88036425800699,-106.8462277412292
0.46,2.1,0.104,0.99664,3.12,0.65,11.8,7,0,3.1845877370297817,-106.8462277412292
0.4,2.8,0.109,0.99614,3.31,0.79,11.8,7,0,1.583260143371925,-100.77717618131068
0.0,2.2,0.067,0.99517,3.4,0.58,10.9,4,0,-0.1116349362656965,-102.723453294964
0.19,4.0,0.094,0.99787,3.22,0.5,10.0,6,0,1.591599968810458,-43.90576763345084
0.04,2.5,0.076,0.99745,3.53,0.55,9.5,5,0,-0.0080596597596942,-28.17877768124707
0.18,1.6,0.078,0.99576,3.15,0.49,9.9,5,0,1.9900554065012503,-95.22082274030168
0.0,2.1,0.068,0.99533,3.48,0.65,11.4,6,0,0.3949826819222926,-76.99247856555724
0.29,3.1,0.1939999999999999,0.99536,3.22,0.78,12.0,6,0,1.1834147347747077,-89.43424908033415
0.14,2.5,0.086,0.99824,3.34,0.64,10.5,5,0,1.6954532394977448,-86.69279594782033
0.12,2.4,0.083,0.99836,3.33,0.65,10.4,6,0,1.7968045625534703,-88.8692932804322
0.38,2.6,0.066,0.99577,3.15,0.79,12.1,7,0,3.4883637120156763,-56.78678909115596
0.0,2.5,0.072,0.99491,3.43,0.56,11.2,6,0,-0.4087390509007651,-48.31101997966701
0.34,6.6,0.1119999999999999,1.00289,3.22,0.68,9.3,5,0,3.498927490904485,-16.32315246136102
0.24,2.0,0.071,0.99576,3.44,0.58,10.1,5,0,-0.0152875084730901,-60.44912309950404
0.03,2.3,0.078,0.99743,3.53,0.57,9.7,5,0,-0.0063916946719873,-30.585495232817507
0.23,1.9,0.0819999999999999,0.99774,3.22,0.65,9.3,6,0,2.8866496398508588,-98.14023841078168
0.03,2.2,0.08,0.99745,3.53,0.58,9.8,6,0,-0.0072256772158407,-28.408997900205637
0.01,2.3,0.08,0.9955,3.42,0.58,10.7,6,0,-0.1082990060902835,-69.89803076781965
0.39,2.4,0.078,0.99444,3.31,0.77,12.5,7,0,1.0834533826254038,-72.20023295740526
0.02,3.4,0.084,0.99892,3.48,0.49,11.0,3,0,1.1031909694965982,-105.87308918440252
0.36,2.6,0.0559999999999999,0.99562,3.4,0.69,11.8,5,0,1.683221495521229,-77.70432871742184
0.1,2.4,0.08,0.99736,3.58,0.69,10.8,7,0,0.1928360241734097,-82.16183874463042
0.06,6.0,0.06,0.9962,3.41,0.59,10.8,7,0,-0.4081830625381961,-97.9100181918231
0.2,3.0,0.081,0.998,3.23,0.59,9.5,5,0,1.9906113948638176,-2.594697303802988
0.27,2.6,0.084,0.9964,3.39,0.71,11.0,5,0,-0.0097276248474011,-39.29148456326504
0.0,2.2,0.079,0.9948,3.59,0.54,11.5,6,0,-1.1087465101271787,-107.81936629805584
0.13,2.4,0.078,0.99528,3.43,0.59,10.8,6,0,0.1896390910886385,-50.76999521222986
0.39,1.2,0.059,0.99331,3.29,0.52,11.5,6,0,0.0837008640417185,-105.64286896544397
0.48,3.8,0.132,0.99577,3.23,0.57,13.2,6,0,2.085012863387435,-106.5637498412782
0.46,9.0,0.114,0.99901,3.18,0.6,10.9,6,0,1.8823102172759807,-108.51002695493152
0.44,2.9,0.065,0.99674,3.33,0.62,12.2,6,0,2.78696628188284,-109.25294529279962
0.46,4.6,0.094,0.99639,3.27,0.64,12.2,7,0,2.1853912068086654,-107.53688839810488
0.4,2.2,0.079,0.99512,3.27,0.67,11.9,6,0,1.3834764361639564,-111.42944262541153
0.19,1.5,0.161,0.99395,3.62,0.61,11.0,5,0,-1.9041284175117024,-56.01280256728438
0.31,8.8,0.084,0.99824,3.38,0.64,10.1,6,0,-0.4131869578013161,-68.18197387312489
0.32,2.2,0.081,0.9964,3.3,0.72,11.0,6,0,1.1848047056811293,-33.71394162726712
0.12,1.8,0.072,0.99504,3.38,0.89,11.8,6,0,1.1920325543945245,-64.44619268879549
0.37,2.3,0.091,0.99786,3.24,0.56,10.5,5,0,2.3857309023791995,-93.27454562664838
0.27,2.3,0.055,0.99516,3.18,0.8,11.2,5,0,1.3877853459738656,-87.48797196668083
0.36,1.9,0.064,0.99604,3.47,0.87,11.0,7,0,1.3808354914417542,-30.825594142790635
0.33,2.3,0.061,0.99786,3.47,0.9,10.2,6,0,2.181082296998756,-34.94836858905583
0.19,2.2,0.093,0.99736,3.2,0.59,9.2,4,0,1.1934225253009476,-42.44112045270357
0.38,3.3,0.063,0.99468,3.3,0.73,12.0,7,0,1.4838547795851884,-97.167099853955
0.01,1.9,0.08,0.99746,3.69,0.73,10.5,5,0,-0.6075497784742359,-91.78870895091218
0.01,2.0,0.074,0.99748,3.48,0.65,9.8,5,0,0.1921410387201989,-77.98680661737282
0.29,1.9,0.078,0.9971,3.45,0.59,9.5,6,0,0.3862258652118324,-47.05540352288938
0.38,2.3,0.06,0.99543,3.39,0.72,11.8,6,0,1.5829821491906395,-43.51877437151505
0.5,1.4,0.071,0.99791,3.07,0.6,10.4,4,0,4.790919225950759,-91.27601083200264
0.38,2.8,0.068,0.99356,3.34,0.72,12.9,7,0,-0.0141755317479521,-71.79205020048056
0.17,1.6,0.073,0.99425,3.61,0.54,11.4,5,0,-1.011565099790718,-105.64286896544397
0.52,2.2,0.074,0.99509,3.36,0.76,12.4,7,0,2.3835069489289253,-90.63760785611936
0.49,5.0,0.0819999999999999,0.99484,3.19,0.52,12.5,7,0,2.681723040289132,-99.34359718656688
0.4,2.6,0.092,0.99834,3.22,0.64,10.0,7,0,2.88609365148829,-64.3628668217996
0.34,2.3,0.094,0.99864,3.24,0.6,9.7,7,0,2.5881555543093704,-71.86549737646189
0.49,3.8,0.09,0.99498,3.27,0.64,12.1,7,0,1.0831753884441184,-92.07118685086316
0.42,2.0,0.071,0.99566,3.14,0.79,11.1,7,0,2.986332997818879,-96.88462195400405
0.58,4.1,0.092,0.99745,3.29,0.99,12.0,7,0,2.986332997818879,-92.07118685086316
0.48,2.1,0.093,0.99408,3.26,0.62,12.4,7,0,1.0826194000815494,-104.89995062757588
0.45,1.8,0.075,0.99552,3.41,0.76,11.9,7,0,1.6779396060768246,-95.22082274030168
0.4,2.2,0.0579999999999999,0.99536,3.31,0.68,11.2,7,0,0.983492030476098,-106.8462277412292
0.48,2.1,0.052,0.99458,3.2,0.69,12.1,7,0,2.983553056006034,-108.0495865170144
0.4,2.7,0.0819999999999999,0.99538,3.44,0.54,12.2,6,0,0.3870598477556859,-105.87308918440252
0.52,1.9,0.09,0.99648,3.36,0.67,10.4,5,0,1.2805961451111667,-93.50476584560694
0.52,2.1,0.111,0.99568,3.31,0.62,11.3,6,0,1.7845728185769545,-107.07644796018776
0.52,2.0,0.088,0.99613,3.29,0.58,11.1,6,0,2.2846575735047594,-65.5662255975848
0.12,2.3,0.12,0.99519,3.47,0.71,11.3,7,0,-0.8085844594979807,-77.17044110352339
0.05,2.0,0.089,0.99735,3.36,0.61,10.0,5,0,0.7913531632534543,-84.05585817729133
0.27,1.9,0.0579999999999999,0.99518,3.16,0.85,11.1,6,0,1.2878239938245617,-76.83570552258
0.14,1.6,0.078,0.99592,3.27,0.62,9.3,5,0,-0.109132988634137,-98.83089906765736
0.02,2.1,0.115,0.99654,3.38,0.69,9.5,5,0,-0.6086617551993738,-101.00739640026924
0.39,2.0,0.1,0.99546,3.15,0.69,11.2,6,0,1.5821481666467871,-87.07978920975611
0.4,2.4,0.065,0.99554,3.34,0.86,11.0,6,0,1.0842873651692564,-65.72299864056205
0.41,2.4,0.103,0.99604,3.13,0.58,11.9,7,0,1.7851288069395237,-106.8462277412292
0.2,2.1,0.0969999999999999,0.99733,3.13,0.48,9.2,5,0,1.293105883268966,-2.699212665787797
0.43,2.4,0.068,0.9943,3.2,0.6,12.2,6,0,1.7856847953020925,-66.51817465942256
0.09,2.9,0.079,0.99669,3.46,0.61,10.2,5,0,-0.5089783972313535,-94.93834484035072
0.48,1.9,0.066,0.99724,3.33,0.87,10.9,6,0,3.181251806854368,-106.8462277412292
0.5,2.4,0.104,0.99643,3.22,0.65,11.6,7,0,2.884703680581868,-103.9268120707492
0.44,1.7,0.079,0.99605,3.52,0.63,10.7,5,0,1.2842100694678642,-104.89995062757588
0.41,5.9,0.073,0.99658,3.3,0.62,12.1,7,0,1.583816131734494,-103.69659185179066
0.3,2.1,0.083,0.997,3.44,0.52,9.4,5,0,-0.0133415492040986,-39.83525086817805
0.29,2.6,0.109,0.99801,3.15,0.5,9.1,5,0,1.1911985718506717,4.9813804268406585
0.32,3.6,0.061,0.99416,3.28,0.49,11.3,7,0,-0.2135422476839918,-87.66593450464698
0.49,1.4,0.075,0.9969,3.13,0.63,10.4,5,0,4.985838034986246,-111.42944262541153
0.3,1.9,0.065,0.99774,3.32,0.71,10.5,6,0,1.8884260892642395,-99.57381740552545
0.26,1.9,0.079,0.99712,3.25,0.62,10.0,5,0,2.298279288387697,-87.7181921856394
0.32,2.1,0.07,0.99418,3.34,0.82,12.9,6,0,0.0896777389393337,-38.09800447849437
0.0,2.0,0.064,0.99562,3.45,0.58,11.3,6,0,0.1913070561763454,-105.64286896544397
0.39,1.4,0.066,0.9947,3.19,0.55,11.4,7,0,2.5837076474088185,-110.45630406858484
0.3,1.6,0.08,0.99693,3.44,0.5,9.4,5,0,-0.1146928722598259,-41.781527981831374
0.12,1.7,0.0969999999999999,0.99596,3.16,0.49,9.4,5,0,0.4859092231798527,-87.31000942871468
0.4,1.5,0.073,0.99556,3.14,0.51,10.9,6,0,2.482495321443732,-94.29994186446744
0.28,2.0,0.0819999999999999,0.99694,3.45,0.48,9.4,5,0,-0.1152488606223949,-44.648685971318926
0.1,2.0,0.076,0.99554,3.36,0.48,9.4,6,0,-0.7133490084305123,-65.31481588363732
0.45,2.5,0.092,0.99918,3.15,0.43,9.4,5,0,2.783908345888712,-27.718337243329955
0.06,2.0,0.079,0.99697,3.39,0.62,10.1,6,0,0.4917471009868261,-73.68606963314147
0.0,2.2,0.087,0.99378,3.71,0.63,12.8,7,0,-1.6057733290608551,-106.5637498412782
0.34,1.4,0.05,0.99554,3.12,0.48,9.1,6,0,1.6979551871293044,-107.30666817914631
0.0,1.65,0.055,0.99162,3.47,0.53,12.9,6,0,-0.8052485293225677,-104.66973040861733
0.3,2.2,0.062,0.99495,3.44,0.72,11.5,7,0,0.287098495606382,-104.89995062757588
0.38,1.5,0.0579999999999999,0.99676,3.26,0.82,10.6,7,0,2.683946993739408,-65.08459566467877
0.33,2.05,0.063,0.99516,3.26,0.84,11.7,7,0,1.882588211457266,-88.69133074246605
0.32,1.8,0.067,0.9928,3.36,0.55,12.8,7,0,-0.4145769287077385,-109.25294529279962
0.29,1.6,0.081,0.99603,3.25,0.54,10.3,5,0,0.9868279606515102,-67.95175365416632
0.34,2.0,0.064,0.99516,3.26,0.84,11.7,7,0,1.8828662056385497,-90.86782807507794
0.4,3.6,0.11,0.99549,3.23,0.7,12.0,7,0,1.684333472246367,-91.8409666319046
0.36,2.8,0.1159999999999999,0.99722,3.18,0.68,10.9,5,0,2.388232850010761,-58.45058830485831
0.45,1.7,0.067,0.99354,3.25,0.55,12.3,7,0,1.6823875129773749,-104.66973040861733
0.31,2.0,0.088,0.9957,3.17,0.55,10.4,6,0,1.6834994897025126,-96.7066594160379
0.15,2.1,0.102,0.99604,3.23,0.48,10.0,5,0,0.5030058653288458,-84.28607839624989
0.0,1.6,0.092,0.99635,3.38,0.58,10.0,6,0,0.294882332682346,-82.72679454453237
0.16,2.0,0.12,0.99454,3.22,0.58,11.2,6,0,0.7910751690721689,-110.45630406858484
0.46,2.2,0.075,0.99598,3.06,0.84,11.4,6,0,3.284827083360369,-88.4611105235075
0.4,2.2,0.068,0.99486,3.27,0.75,12.6,7,0,1.6851674547902196,-87.94841240459796
0.37,0.9,0.049,0.99007,2.89,0.44,12.7,6,0,0.7799554018207928,-3.5989040466331232
0.14,1.8,0.078,0.99636,3.53,0.61,10.4,5,0,-0.2107623058711478,-93.27454562664838
0.66,2.4,0.123,0.99642,3.2,0.53,11.9,6,0,4.08368391801095,-109.4831655117582
0.09,2.1,0.062,0.99584,3.35,0.54,10.5,5,0,-0.2104843116898633,-108.27980673597295
0.42,2.3,0.098,0.99506,3.27,0.55,12.3,6,0,0.9837700246573816,-108.51002695493152
0.01,1.8,0.088,0.99568,3.32,0.56,10.5,7,0,0.4911911126242572,-97.67979797286456
0.0,2.8,0.095,0.99822,3.33,0.6,10.4,6,0,1.3977931365001055,-72.20023295740526
0.32,1.9,0.066,0.99364,3.41,0.56,12.6,6,0,0.6836079740281855,-79.70286351206757
0.0,2.2,0.065,0.99378,3.49,0.52,11.6,5,0,-0.802329590419081,-60.90956353742117
0.21,2.5,0.075,0.99586,3.37,0.54,10.1,6,0,-0.0152875084730901,-42.34648378173331
0.0,2.1,0.091,0.99488,3.42,0.55,11.5,7,0,-0.1082990060902835,-102.26301285704686
0.01,1.8,0.093,0.99514,3.35,0.58,11.0,7,0,0.0905117214831872,-101.2898743002202
0.0,4.1,0.095,0.99854,3.36,0.53,9.6,5,0,0.8977083815723006,-103.18389373288112
0.08,2.6,0.089,0.99592,3.3,0.59,10.4,6,0,0.290990414144364,-88.4611105235075
0.18,2.5,0.077,0.99739,3.2,0.47,9.7,6,0,1.6953142424071022,-67.7949806111891
0.34,2.4,0.085,0.99683,3.17,0.65,10.6,7,0,2.8844256864005846,-100.26447806240114
0.34,2.5,0.0819999999999999,0.99356,3.22,0.59,12.5,7,0,0.383723917580272,-77.91335944139148
0.1,1.8,0.074,0.99672,3.35,0.56,9.2,5,0,0.1005195120094271,-58.85877106178302
0.41,6.2,0.078,0.9953,3.24,0.77,12.6,7,0,1.4860787330354626,-71.33160976256343
0.21,2.2,0.088,0.99692,3.33,0.83,11.1,6,0,1.6885033849656337,-75.17190630887765
0.0,2.2,0.088,0.99756,3.58,0.67,10.2,5,0,0.2020098321557961,-83.13497730145707
0.19,1.7,0.079,0.99547,3.38,0.64,9.8,6,0,-0.3110016522017362,-89.66446929929272
0.41,8.9,0.069,0.99859,3.29,0.81,10.9,7,0,2.2852135618673266,-75.86256696575335
0.33,3.3,0.046,0.99294,3.36,0.62,12.2,6,0,-0.8135883547611007,-63.619948483931495
0.0,1.4,0.07,0.99438,3.32,0.58,11.4,6,0,-0.3123916231081578,-73.61262245716013
0.0,1.7,0.076,0.99612,3.31,0.62,10.7,6,0,0.3967896441006413,-66.57043234041495
0.17,1.8,0.0819999999999999,0.99634,3.49,0.64,10.4,5,0,-0.1127469129908345,-62.11292231320638
0.36,1.7,0.081,0.99702,3.27,0.78,10.9,6,0,2.088070799381564,-103.64433417079825
0.36,1.8,0.084,0.99704,3.27,0.77,10.8,6,0,2.088348793562849,-100.03425784344256
0.05,2.4,0.073,0.99258,3.56,0.55,12.9,5,0,-1.6073022970579205,-89.256286542368
0.42,2.3,0.07,0.99426,3.38,0.77,12.7,7,0,1.0840093709879728,-96.42418151608692
0.27,2.0,0.095,0.99747,3.13,0.62,9.1,6,0,0.9926658384584836,-41.876164652801634
0.53,4.0,0.1009999999999999,0.99586,3.21,0.59,12.1,7,0,1.6879473966030645,-107.53688839810488
0.25,3.9,0.104,0.99784,3.15,0.57,9.1,5,0,0.3867818535744014,-23.93029837800813
0.57,2.4,0.093,0.9971,3.19,0.76,11.6,7,0,2.688950889002527,-60.44912309950404
0.57,1.8,0.074,0.9981,3.14,0.7,9.9,6,0,4.379954050102164,-109.4831655117582
0.5,1.8,0.071,0.99462,3.21,0.69,12.5,8,0,1.8856461474513944,-100.77717618131068
0.44,1.9,0.098,0.9956,3.3,0.64,11.4,6,0,0.7855152854464809,-101.9805349570959
0.65,2.4,0.075,0.99565,3.22,0.63,11.8,6,0,2.9821630850996126,-100.03425784344256
0.09,2.0,0.067,0.99418,3.28,0.57,11.8,6,0,0.9954457802713286,-107.07644796018776
0.18,2.4,0.083,0.9963,3.29,0.6,10.2,6,0,0.4920250951681106,-97.1148421729626
0.08,2.4,0.07,0.99358,3.4,0.72,12.5,7,0,-0.6100517261057963,-89.66446929929272
0.53,2.2,0.06,0.99572,3.02,0.83,10.9,7,0,3.8823712428059194,-107.53688839810488
0.35,2.8,0.086,0.997,3.31,0.62,10.8,5,0,0.7921871457973069,-60.90956353742117
0.45,1.5,0.057,0.99498,3.18,0.89,11.1,7,0,2.0836228924810136,-77.57862386044809
0.2,8.1,0.098,0.99892,3.2,0.58,9.2,5,0,0.2965502977700529,-21.52358082643769
0.26,1.8,0.083,0.9968,3.4,0.58,9.5,6,0,-0.0150095142918056,-37.3762756356152
0.33,2.7,0.088,0.9972,3.31,0.58,10.7,6,0,0.7921871457973069,-78.26928451732378
0.34,2.0,0.071,0.99769,3.44,0.86,10.2,7,0,1.881476234732128,-42.39874146272573
0.56,2.0,0.073,0.99534,3.15,0.73,11.4,6,0,2.683113011195553,-109.4831655117582
0.65,6.4,0.08,0.99817,3.27,0.58,11.0,5,0,1.3850054041610225,-109.4831655117582
0.68,8.3,0.05,0.99316,3.01,0.51,12.3,7,0,0.683329979846901,161.20684238551
0.56,1.4,0.047,0.99471,3.16,0.51,11.8,6,0,3.0815684488863493,-109.4831655117582
0.68,8.3,0.05,0.99316,3.01,0.51,12.3,7,0,0.683329979846901,171.91136651060327
0.3,1.8,0.073,0.99685,3.42,0.59,9.5,6,0,-0.0141755317479521,-42.70240885766562
0.45,2.4,0.072,0.99617,3.33,0.77,12.0,6,0,1.486356727216748,-53.176712763800296
0.08,1.8,0.074,0.99529,3.12,0.49,9.6,5,0,-0.4112409985323246,-46.46925822799851
0.4,4.7,0.055,0.99738,3.38,0.66,11.6,7,0,1.2842100694678642,-108.51002695493152
0.42,1.6,0.057,0.994,3.29,0.69,11.2,6,0,0.6802720438527725,-84.62081397719327
0.54,1.5,0.095,0.99735,3.02,0.76,9.9,7,0,4.384957945365283,-72.99540897626578
0.54,1.9,0.083,0.99451,2.98,0.63,11.8,8,0,2.7814063982571504,-36.277432221814806
0.42,2.0,0.086,0.99546,3.35,0.6,11.4,6,0,0.684441956572039,-97.62754029187214
0.09,2.0,0.081,0.99479,3.43,0.59,11.5,6,0,-0.2096503291460099,-100.086515524435
0.36,2.2,0.079,0.99615,3.33,0.86,12.0,7,0,1.983105551969139,-85.25921695307655
0.09,5.5,0.1169999999999999,0.99655,3.35,0.49,10.8,6,0,-0.6043528453894647,-99.34359718656688
0.47,2.5,0.087,0.99772,3.15,0.5,10.5,5,0,2.185530203899308,-97.1148421729626
0.38,1.5,0.096,0.99666,3.2,0.52,9.4,5,0,1.389175316880289,-99.29133950557448
0.45,2.1,0.216,0.99358,3.15,0.81,12.5,7,0,0.7835693261774903,-101.2376166192278
0.42,2.1,0.072,0.99392,3.11,0.78,12.4,6,0,1.1842487173185603,-77.6308815414405
0.27,2.1,0.071,0.99388,3.35,0.63,12.0,6,0,0.188805108544785,-90.4073876371608
0.09,1.7,0.078,0.99402,3.45,0.54,11.2,6,0,-1.1109704635774538,-84.62081397719327
0.34,2.2,0.073,0.9936,3.28,0.66,12.4,6,0,0.7882952272593258,-89.94694719924368
0.28,2.1,0.048,0.99374,3.41,0.6,12.8,5,0,-0.9085458116472857,-67.28228249227956
0.42,1.9,0.069,0.99376,3.21,0.54,12.3,6,0,0.9812680770258222,-99.34359718656688
0.41,2.0,0.068,0.99523,3.27,0.85,11.7,7,0,1.8828662056385497,-92.30140706982172
0.1,3.3,0.09,0.99855,3.36,0.49,9.5,5,0,0.8965964048471626,-104.38725250866634
0.43,2.1,0.171,0.9982,3.17,0.76,10.8,6,0,3.586935093258558,-47.51584396080651
0.0,1.4,0.07,0.99593,3.25,0.64,10.0,6,0,1.0895692546136608,-102.95367351392257
0.27,2.0,0.092,0.99471,3.78,0.64,12.3,7,0,-1.812367893710289,-59.14124896173399
0.41,1.5,0.0559999999999999,0.99396,3.29,0.71,11.0,6,0,0.6841639623907545,-82.51776382056272
0.39,1.6,0.074,0.99698,3.12,0.59,9.5,6,0,1.6812755362522367,-107.53688839810488
0.5,4.3,0.046,0.9902,3.49,0.66,13.6,6,0,-2.2127692906700758,-33.43146372731616
0.07,2.5,0.091,0.99572,3.38,0.6,11.3,6,0,-0.2054804164267434,-94.06972164550888
0.12,2.1,0.065,0.99252,3.3,0.53,13.3,6,0,-0.1138588897159724,-91.38052619398746
0.0,2.5,0.066,0.99256,3.52,0.58,12.9,5,0,-1.6057733290608551,-101.75031473813732
0.34,2.5,0.076,0.99235,3.2,0.72,13.1,8,0,0.6900018401977279,-99.57381740552545
0.0,1.8,0.062,0.99352,3.44,0.55,12.3,6,0,-0.6106077144683653,-85.8764304339709
0.0,1.4,0.055,0.9922,3.45,0.48,12.3,6,0,-0.9113257534601296,-79.62941633608624
0.37,1.9,0.081,0.99674,3.12,0.65,11.2,6,0,3.4850277818402624,-85.82417275297848
0.0,2.2,0.096,0.99557,3.62,0.62,11.5,4,0,-0.7083451131673923,-104.6174727276249
0.35,1.7,0.055,0.99394,3.14,0.59,11.3,7,0,1.5813141841029328,-88.69133074246605
0.26,1.7,0.063,0.9915,3.39,0.54,13.5,6,0,-1.4161364094697717,-106.5637498412782
0.0,2.9,0.072,0.99379,3.51,0.6,11.5,6,0,-0.9032639222028812,-61.370003975338285
0.33,2.7,0.095,0.9984,3.22,0.68,10.0,5,0,2.786132299338986,-24.9034369348348
0.35,3.3,0.092,0.99798,3.21,0.69,10.5,6,0,3.285939060085507,-44.31395039037555
0.0,1.9,0.0579999999999999,0.9977,3.18,0.63,10.4,6,0,1.8912060310770824,-107.07644796018776
0.21,1.7,0.045,0.99341,3.32,0.44,9.5,5,0,-1.318954999133311,26.537323028989803
0.34,1.8,0.075,0.9933,3.38,0.88,13.6,7,0,0.1851911841880875,-76.83570552258
0.07,5.5,0.089,0.99684,3.37,0.68,11.2,7,0,-0.0113955899351072,-98.14023841078168
0.35,1.7,0.061,0.99524,3.3,0.74,11.8,7,0,1.2825421043801573,-101.9805349570959
0.43,1.7,0.067,0.9946,3.38,0.6,11.9,6,0,0.7819013610897834,-64.23716196482584
0.45,2.0,0.08,0.99774,3.22,0.76,11.4,6,0,3.1884796555677646,-103.9268120707492
0.15,3.7,0.104,0.99786,3.14,0.58,9.1,5,0,0.286542507243813,-19.80752393174293
0.24,2.0,0.079,0.99764,3.34,0.64,9.5,6,0,0.9890519141017862,-30.585495232817507
0.3,1.7,0.08,0.9969,3.41,0.65,9.5,6,0,0.0863418087639207,-33.48372140830857
0.32,2.5,0.08,0.99624,3.27,0.85,11.0,6,0,0.9854379897450888,-43.3408118335489
0.11,2.4,0.043,0.99354,3.3,0.65,11.4,6,0,-0.3121136289268733,-104.89995062757588
0.3,1.8,0.065,0.99672,3.61,0.82,10.0,6,0,-0.2185461429471118,-94.81263998337698
0.23,2.3,0.066,0.99588,3.43,0.62,10.1,5,0,0.0841178553136448,-41.781527981831374
0.43,2.5,0.076,0.99672,3.53,0.81,10.4,6,0,0.9804340944819678,-61.19204143737213
0.12,1.8,0.178,0.996,3.28,0.87,9.8,6,0,0.5889285113232852,-96.14170361613594
0.45,6.2,0.071,0.99702,3.21,0.49,11.8,7,0,2.785576310976417,-102.95367351392257
0.42,2.0,0.086,0.99526,3.39,0.66,11.6,6,0,0.5858705753291567,-95.45104295926026
0.47,2.0,0.061,0.99585,3.23,0.52,12.0,6,0,2.783908345888712,-105.87308918440252
0.32,2.8,0.067,0.99473,3.3,0.76,12.8,7,0,0.9840480188386672,-105.360391065493
0.23,2.5,0.044,0.99352,3.46,0.65,12.5,6,0,-1.1081905217646095,-46.15571214204405
0.25,2.2,0.118,0.99616,3.15,0.53,9.8,5,0,1.0915152138826514,-78.90768749320706
0.35,2.1,0.083,0.99622,3.23,0.66,11.1,6,0,2.386008896560485,-77.06592574153856
0.0,2.2,0.1,0.99544,3.59,0.68,11.4,6,0,-0.6083837610180893,-45.14019459523955
0.51,1.75,0.071,0.99524,3.33,0.76,11.8,7,0,1.279762162567314,-21.96283176936589
0.18,2.1,0.042,0.9924,3.46,0.87,12.9,7,0,-2.109750002526643,-15.988416880417631
0.43,2.8,0.076,0.99572,3.42,1.16,10.6,6,0,-0.51314830995062,-60.34460773751921
0.43,2.2,0.11,0.99728,3.16,0.67,10.8,5,0,2.9854990152750247,-79.4203856121166
0.57,2.3,0.087,0.99676,3.14,0.72,11.1,7,0,3.3839544529658205,-97.1148421729626
0.43,1.4,0.076,0.99551,3.21,0.75,10.2,6,0,1.5871520619099062,-94.76038230238456
0.42,2.3,0.075,0.99434,3.14,0.71,11.8,7,0,1.2836540811052952,-96.7066594160379
0.24,1.7,0.078,0.99692,3.29,0.67,10.0,5,0,1.796387571281544,-95.22082274030168
0.26,2.0,0.111,0.99709,2.94,0.98,10.2,5,0,2.6892288831838123,-57.9590796809377
0.39,2.5,0.074,0.99528,3.32,0.88,12.4,7,0,0.9840480188386672,-64.57189754576923
0.27,2.8,0.067,0.99384,3.21,0.56,12.0,6,0,-0.7150169735182192,-73.29907637120567
0.29,2.3,0.086,0.99502,3.32,0.62,11.5,6,0,0.3890058070246764,-103.18389373288112
0.34,1.6,0.062,0.99667,3.2,0.67,10.5,6,0,1.9844955228755603,-105.13017084653444
0.0,2.2,0.078,0.99522,3.42,0.68,10.8,6,0,-0.1082990060902835,-69.15511242995154
0.46,2.1,0.074,0.99649,3.27,0.74,12.3,6,0,2.4859702487097888,-101.2376166192278
0.31,1.7,0.079,0.99716,3.46,0.62,9.5,6,0,0.3851138884866945,-48.719202736591726
0.0,2.2,0.095,0.99541,3.61,0.7,11.5,6,0,-0.7075111306235389,-49.49318926046331
0.03,5.6,0.079,0.99572,3.58,0.5,11.2,4,0,-0.7000052877288594,-66.92635741634726
0.0,2.4,0.052,0.99318,3.35,0.66,12.7,7,0,-0.1063530468212921,-105.87308918440252
0.0,2.1,0.0409999999999999,0.99346,3.68,0.73,11.4,5,0,-1.598684477438102,-38.14038346847222
0.33,2.4,0.076,0.99599,3.27,0.81,11.0,6,0,0.984604007201236,-69.68900004385
0.43,1.65,0.068,0.99478,3.19,0.46,11.4,5,0,2.58509761831524,-106.1033094033611
0.4,2.5,0.068,0.99754,3.38,0.86,10.5,6,0,2.985221021093741,-55.970423577306526
0.07,1.6,0.07,0.99572,3.29,0.6,9.3,5,0,-0.4062371032692047,-54.91395915348398
0.23,2.1,0.08,0.99538,3.36,0.7,10.9,5,0,-0.5067544437810776,0.3769760476694017
0.3,2.0,0.085,0.99346,3.33,0.46,11.9,6,0,-0.2127082651401384,-78.6252095932561
0.03,7.8,0.079,0.9963,3.52,0.5,12.2,5,0,-0.6022678890298314,-104.89995062757588
0.05,1.8,0.075,0.99616,3.3,0.44,9.6,4,0,1.6011907680647717,-98.31820094874784
0.57,4.6,0.08,0.99652,3.28,0.57,12.5,6,0,1.8856461474513944,-97.1148421729626
0.0,2.3,0.166,0.99551,3.56,0.51,10.8,5,0,-0.6998662906382167,-104.89995062757588
0.37,2.5,0.063,0.99439,3.52,0.8,12.4,7,0,-0.0177894561046496,-75.52783138480996
0.0,2.3,0.166,0.99551,3.56,0.51,10.8,5,0,-0.7998276427875206,-104.89995062757588
0.12,1.8,0.114,0.99588,3.22,0.59,9.5,6,0,-0.2039514484296782,-52.22476370196257
0.22,1.8,0.078,0.99633,3.52,0.6,9.5,6,0,-1.0123990823345714,-58.62855084282446
0.23,2.3,0.076,0.99686,3.21,0.58,9.5,6,0,0.6911138169228659,-21.188845245494303
0.21,1.5,0.069,0.99458,3.16,0.54,9.8,6,0,0.4909131184429727,-108.27980673597295
0.26,2.0,0.052,0.9951,3.15,0.79,10.9,6,0,0.4822952988231552,-38.65308158738176
0.36,1.9,0.065,0.99419,3.27,0.54,11.2,7,0,0.684441956572039,-107.07644796018776
0.39,1.8,0.068,0.99516,3.35,0.69,11.7,8,0,1.386395375067444,-104.89995062757588
0.19,5.8,0.111,0.99878,3.14,0.55,9.4,5,0,2.6947887668095003,-36.40313707878855
0.46,2.1,0.074,0.99534,3.4,0.85,11.0,7,0,-0.0147315201105211,-69.61555286786867
0.55,1.7,0.136,0.99752,3.35,0.94,10.0,5,0,2.6942327784469318,-61.83044441325541
0.43,2.0,0.071,0.99428,3.45,0.87,11.2,7,0,-1.0135110590597094,-91.38052619398746
0.02,2.1,0.078,0.99498,3.35,0.62,10.4,6,0,-0.4065150974504892,-101.52009451917876
0.15,2.1,0.076,0.9957,3.32,0.62,9.3,5,0,-0.6122756795560713,-61.31774629434587
0.42,1.9,0.071,0.99659,3.15,0.75,10.5,6,0,2.384896919835347,-104.15703228970776
0.46,1.9,0.081,0.99628,3.1,0.48,10.4,6,0,2.9832750618247506,-107.81936629805584
0.46,2.1,0.095,0.99488,3.26,0.56,11.3,6,0,1.5821481666467871,-85.1335120961028
0.31,2.0,0.079,0.99677,3.29,0.69,9.5,6,0,0.6908358227415814,-38.77878644435549
0.37,1.9,0.057,0.99408,3.23,0.81,12.0,6,0,0.9843260130199508,-36.04721200285624
0.31,1.9,0.0819999999999999,0.996,3.24,0.69,10.6,6,0,0.9859939781076577,-92.76184750773884
0.4,1.3,0.044,0.99478,3.2,0.83,10.9,6,0,1.785406801120807,-63.546501307950166
0.52,1.8,0.132,0.99734,3.28,0.77,11.5,6,0,3.682726532688596,-71.22709440057861
0.22,2.2,0.078,0.99678,3.26,0.46,9.6,6,0,0.8896465503150512,-23.752335840041997
0.47,2.2,0.074,0.99638,3.23,0.76,12.0,6,0,3.2839931008165166,-93.50476584560694
0.49,2.5,0.08,0.9992,3.07,0.82,10.3,6,0,5.384015478495757,-96.65440173504548
0.23,2.6,0.091,0.99922,3.15,0.51,9.4,5,0,1.9872754646884052,-38.88330180634033
0.03,4.1,0.08,0.99592,3.02,0.47,9.2,5,0,0.2912684083256485,-66.97861509733967
0.25,2.0,0.104,0.99769,3.27,0.72,9.6,5,0,1.7906886905652115,-95.6812631782188
0.0,1.8,0.044,0.99157,3.68,0.73,13.6,7,0,-2.1122519501582024,-28.17877768124707
0.29,2.1,0.075,0.99718,3.4,0.64,9.5,5,0,0.3870598477556859,-49.35760571247501
0.34,2.7,0.066,0.9947,3.37,0.78,11.8,6,0,0.4800713453728793,-58.06359504292252
0.01,2.6,0.074,0.99621,3.38,0.62,10.8,5,0,0.5976853280337453,-19.32589399883689
0.37,2.2,0.057,0.99614,3.23,0.49,9.3,4,0,2.9804951200119056,-79.70286351206757
0.01,2.2,0.059,0.99242,3.39,0.4,12.8,6,0,-0.1038510991897325,-97.9100181918231
0.32,12.9,0.054,0.99572,3.3,0.56,11.5,4,0,-1.215101728446025,-6.6129563880833615
0.0,1.7,0.07,0.99659,3.26,0.64,9.4,6,0,0.5903184822297076,-99.804037624484
0.0,2.5,0.081,0.99798,3.38,0.46,9.6,4,0,0.8952064339407411,-91.8409666319046
0.0,4.3,0.057,0.99488,3.45,0.56,11.8,4,0,-0.7058431655358319,-95.9637410781698
0.2,1.7,0.076,0.99494,3.1,0.4,9.3,5,0,0.2921023908695019,-51.28269333113938
0.39,2.5,0.079,0.99729,3.16,0.59,9.8,5,0,2.584541629952673,-48.2587622986746
0.41,2.0,0.0579999999999999,0.99414,3.22,0.6,12.2,6,0,1.7856847953020925,-75.58008906580237
0.22,2.4,0.0819999999999999,0.9983,3.37,0.62,9.5,5,0,1.0904032371575152,-31.96681654656888
0.25,13.4,0.067,0.99721,3.33,0.54,10.3,6,0,-1.316175057320467,54.319090234034704
0.19,1.8,0.0819999999999999,0.99655,3.49,0.68,10.5,5,0,0.190473073632492,-81.41892040676231
0.07,1.7,0.086,0.99502,3.12,0.48,10.0,5,0,0.1957549630768964,-67.7949806111891
0.33,2.2,0.081,0.9949,3.41,0.75,11.1,6,0,-0.3132256056520113,-77.86110176039907
0.01,2.3,0.079,0.99514,3.4,0.61,10.9,6,0,-0.108021011908999,-76.42752276565528
0.14,2.2,0.077,0.9963,3.28,0.59,9.8,5,0,0.2912684083256485,-53.35467530176645
0.0,1.8,0.123,0.99627,3.45,0.58,9.8,5,0,-0.104685081733586,-102.95367351392257
0.0,1.4,0.096,0.99569,3.43,0.58,9.5,5,0,0.6933377703731418,-103.9268120707492
0.06,1.9,0.079,0.99628,3.4,0.69,10.9,5,0,0.5944883949489741,-79.29468075514285
0.02,2.4,0.069,0.99358,3.47,0.45,11.0,5,0,-1.1065225566769028,-67.20883531629823
0.22,1.8,0.0819999999999999,0.99499,3.1,0.42,9.2,5,0,0.291546402506933,-49.67115179842945
0.28,4.8,0.085,0.99633,3.32,0.7,11.0,6,0,-0.2085383524208719,-48.04973157470496
0.0,2.7,0.123,0.99538,3.44,0.63,11.3,6,0,-0.4067930916317737,-82.39205896358898
0.0,2.0,0.083,0.99437,3.59,0.55,11.2,4,0,-0.8960360734894852,-90.6898655371118
0.38,2.5,0.081,0.99726,3.15,0.58,9.8,5,0,2.586765583402947,-45.90430242809657
0.0,2.2,0.089,0.9978,3.37,0.46,9.6,4,0,0.9965577569964664,-89.66446929929272
0.32,1.8,0.066,0.99456,3.38,0.72,11.8,6,0,1.2850440520117186,-62.34314253216494
0.05,2.3,0.081,0.99564,3.38,0.6,10.3,6,0,-0.0088936423035477,-79.24242307415044
0.5,2.3,0.068,0.996,3.1,0.87,11.4,6,0,3.1859777079362037,-96.47643919707932
0.31,2.0,0.079,0.99668,3.47,0.55,9.5,6,0,-0.3132256056520113,-63.49424362695776
0.01,1.6,0.048,0.99084,3.7,0.75,14.0,6,0,-2.2133252790326443,-53.58489552072501
0.2,1.6,0.049,0.9935,3.38,0.57,11.7,6,0,0.0874537854890586,-50.15278173133551
0.0,1.9,0.077,0.99385,3.5,0.53,11.2,5,0,-1.3114491562386306,-69.38533264891012
0.2,2.0,0.073,0.99494,3.1,0.43,9.3,5,0,0.2912684083256485,-67.31335067828306
0.13,2.1,0.102,0.9944,3.24,0.53,11.2,6,0,0.5911524647735611,-79.01220285519187
0.22,2.3,0.075,0.99688,3.24,0.54,9.5,6,0,0.7948280905195091,-36.1418486738265
0.4,6.3,0.05,0.99566,3.28,0.56,12.0,4,0,1.2858780345555711,-107.53688839810488
0.0,1.9,0.114,0.99636,3.35,0.6,9.7,6,0,-0.2054804164267434,-107.53688839810488
0.39,1.7,0.062,0.9948,3.14,0.57,11.5,7,0,2.582595670683681,-108.51002695493152
0.2,1.9,0.077,0.9956,3.37,0.64,10.4,6,0,-0.111912930446981,-58.96328642376784
0.0,2.0,0.084,0.99619,3.33,0.68,10.9,6,0,0.6962567092766285,-94.4779044024336
0.28,2.7,0.096,0.99734,3.26,0.63,10.2,6,0,1.4921946050237214,-46.89863047991214
0.19,2.3,0.071,0.99476,3.39,0.56,10.9,5,0,-0.2129862593214229,-78.78198263623332
0.5,1.8,0.09,0.99734,3.15,0.57,10.5,5,0,4.083961912192235,-67.61701807322295
0.44,2.5,0.068,0.99328,3.35,0.54,12.4,6,0,-0.1202527558855148,-83.87789563932517
0.08,2.6,0.0559999999999999,0.99286,3.22,0.37,13.0,5,0,0.7916311574347379,-110.45630406858484
0.3,4.5,0.068,0.99914,3.3,1.17,10.2,5,0,-0.2079823640583029,-6.309288993143468
0.0,1.9,0.1,0.99521,3.36,0.59,11.0,5,0,0.3956776673755033,-104.89995062757588
0.1,2.1,0.073,0.99638,3.29,0.75,10.9,6,0,0.9925268413678427,-53.81511573968358
0.13,2.4,0.0559999999999999,0.99362,3.62,0.67,12.4,6,0,-1.3132561184169802,-87.48797196668083
0.0,1.9,0.084,0.99672,3.34,0.49,9.7,4,0,0.2961333064981266,-104.89995062757588
0.0,4.3,0.093,0.99558,3.2,0.45,9.5,5,0,-0.6069937901116669,-30.79946530229444
0.14,2.1,0.064,0.99323,3.35,0.61,12.1,6,0,-0.0100056190286856,-86.28461319089561
0.0,1.4,0.063,0.99191,3.45,0.56,12.2,6,0,-1.5074799419992573,-97.9100181918231
0.0,2.1,0.1369999999999999,0.99476,3.5,0.4,10.9,3,0,0.419029178603397,-108.0495865170144
0.0,2.15,0.08,0.99444,3.78,0.61,12.5,6,0,-2.006035728929998,-87.25775174772227
0.07,2.0,0.1,0.99598,3.6,0.74,11.7,6,0,-0.5006385717928197,-57.88563250495636
0.32,2.1,0.064,0.99576,3.3,0.8,11.2,6,0,1.884812164907542,-102.440975395013
0.44,1.8,0.081,0.99501,3.36,0.66,11.2,5,0,0.782735343633636,-45.33934662819462
0.21,2.3,0.087,0.9955,3.12,0.44,9.2,5,0,0.3970676382819258,-46.95088816090456
0.26,1.9,0.073,0.99612,3.3,0.53,9.8,5,0,0.2921023908695019,-26.7974563674957
0.32,2.5,0.088,0.9979,3.29,0.62,10.1,5,0,2.493476091604469,-24.33848113493285
0.09,3.9,0.068,0.99524,3.41,0.52,11.1,4,0,-0.4056811149066366,-86.28461319089561
0.1,1.4,0.071,0.996,3.28,0.61,9.2,5,0,-0.2074263756957339,-50.435259631286485
0.15,3.0,0.064,0.9929,3.33,0.59,12.8,6,0,-0.7102910724363838,-88.92155096142461
0.21,1.9,0.083,0.99532,3.34,0.47,10.5,5,0,0.8077548199492366,-74.83717072793428
0.21,2.3,0.086,0.99558,3.4,0.54,10.1,6,0,-0.2146542244091298,-50.1005240503431
0.21,2.4,0.086,0.99556,3.4,0.53,10.1,6,0,-0.2146542244091298,-45.28708894720221
0.27,2.0,0.083,0.99616,3.26,0.58,9.8,6,0,0.2926583792320709,-25.489582229725656
0.0,1.2,0.0409999999999999,0.99258,4.01,0.59,12.5,6,0,-1.803472079909187,-69.51103750588385
0.46,2.2,0.091,0.99638,3.18,0.69,11.9,6,0,2.686448941370968,-75.75805160376854
0.34,2.6,0.094,0.99796,3.26,0.66,10.1,5,0,2.492642109060615,-29.56009899499845
0.0,1.2,0.0409999999999999,0.99258,4.01,0.59,12.5,6,0,-2.2033174885064044,-69.51103750588385
0.42,1.8,0.0579999999999999,0.99392,3.18,0.55,11.4,5,0,1.883978182363688,-98.37045862974024
0.39,1.8,0.06,0.99495,3.18,0.82,11.0,7,0,1.8845341707262568,-59.60168939965112
0.24,1.7,0.077,0.9948,3.39,0.6,10.6,6,0,-0.5117583390441975,-80.72825974988663
0.11,1.8,0.073,0.9955,3.34,0.52,9.3,5,0,-0.7100130782550993,-77.98680661737282
0.26,2.1,0.083,0.99616,3.29,0.56,9.8,6,0,0.1918630445389144,-25.489582229725656
0.26,3.8,0.107,0.99668,3.26,0.46,9.2,5,0,0.5992142960308096,-45.6218245281456
0.1,1.7,0.075,0.99581,3.09,0.43,9.7,6,0,1.185638688224982,-92.24914938882932
0.22,2.2,0.079,0.9976,3.18,0.51,9.6,5,0,1.8960709292495608,-68.4856412680648
0.0,2.0,0.166,0.99608,3.39,0.52,10.0,5,0,-0.00152679649951,-106.33352962231965
0.02,2.4,0.069,0.99387,3.38,0.66,12.6,6,0,-0.6083837610180893,-74.65920818996813
0.0,1.4,0.057,0.99448,3.36,0.45,9.5,5,0,-1.2103758273641896,-89.20402886137559
0.02,1.7,0.084,0.99538,3.36,0.54,10.5,6,0,0.289322449056657,-84.79877651515943
0.02,1.7,0.085,0.99589,3.37,0.51,10.4,6,0,0.3901177837498144,-83.87789563932517
0.48,2.6,0.077,0.99852,3.09,0.53,11.0,5,0,4.285274587397264,-96.65440173504548
0.24,2.3,0.063,0.99613,3.25,0.53,10.2,6,0,0.9871059548327956,-88.40885284251507
0.01,2.1,0.0559999999999999,0.99472,3.52,0.56,11.4,5,0,-1.1079125275833253,-104.15703228970776
0.03,1.8,0.078,0.99587,3.34,0.39,9.5,5,0,-0.0065306917626299,-104.66973040861733
0.0,2.8,0.081,0.99518,3.41,0.52,10.8,5,0,-0.3087776987514603,-73.22562919522434
0.29,2.0,0.069,0.99654,3.34,0.57,10.0,5,0,1.7912446789277805,-39.55277296822708
0.01,2.3,0.065,0.99332,3.32,0.51,11.8,6,0,-0.0075036713971252,-71.35279925755236
0.03,1.9,0.086,0.9969,3.37,0.46,10.3,5,0,0.3930367226533011,-59.26695381870774
0.03,2.3,0.077,0.99568,3.35,0.52,10.0,5,0,-0.0086156481222632,-89.09951349939077
0.25,1.8,0.086,0.99464,3.36,0.44,10.1,5,0,-1.1154183704780056,-85.66739971000126
0.25,1.8,0.084,0.99464,3.36,0.44,10.1,5,0,-1.1148623821154366,-89.79017415626646
0.24,2.5,0.078,0.99648,3.6,0.59,11.1,6,0,0.0871757913077742,-46.54270540397985
0.17,5.4,0.168,0.99736,3.28,0.5,9.5,5,0,0.1929750212640524,-10.619904668389369
0.4,1.4,0.091,0.99704,3.07,0.65,10.0333333333333,6,0,4.386764907543633,-89.32973371834933
0.31,2.3,0.1119999999999999,0.99699,3.24,0.56,10.9,5,0,1.9894994181386811,-78.44724705528994
0.14,2.5,0.093,0.99724,3.36,0.54,10.1,5,0,1.0984650684147628,-62.41658970814628
0.27,2.0,0.08,0.99652,3.29,0.48,9.8,4,0,0.7980250236042803,-54.11878313462348
0.02,1.9,0.096,0.995,3.46,0.53,11.8,6,0,-0.0079206626690524,-85.48943717203511
0.09,2.2,0.115,0.9971,3.18,0.62,9.5,5,0,0.5889285113232852,-74.78491304694187
0.08,1.7,0.094,0.99576,3.24,0.5,9.8,5,0,0.0957936109275916,-71.86549737646189
0.3,2.2,0.088,0.99725,3.25,1.18,10.5,6,0,-0.3096116812953138,-13.707404185820934
0.32,2.1,0.079,0.99656,3.27,0.5,9.8,6,0,0.7963570585165751,-42.26315791473742
0.0,1.6,0.069,0.99396,3.33,0.37,10.4,4,0,-0.6075497784742359,-109.25294529279962
0.56,3.1,0.153,0.99476,3.21,1.03,11.6,6,0,0.2912684083256485,-103.18389373288112
0.27,3.8,0.11,0.99664,3.24,0.45,9.3,5,0,0.4959170137060926,-23.52211562108343
0.26,2.0,0.083,0.99586,3.26,0.52,9.9,5,0,-0.0091716364848322,-17.652216094119993
0.2,1.4,0.086,0.9946,3.11,0.46,10.0,5,0,0.9994766958999524,-86.18009782891079
0.26,2.3,0.09,0.9953,3.71,0.62,12.2,6,0,-2.010344638739907,-40.65161638202749
0.15,2.0,0.078,0.99609,3.29,0.51,9.9,6,0,-0.0122295724789607,-88.40885284251507
0.02,2.6,0.077,0.99557,3.36,0.62,10.8,6,0,0.290990414144364,-81.36666272576991
0.09,1.8,0.074,0.99534,3.38,0.45,9.6,5,0,-0.4015112021873692,-92.70958982674644
0.22,2.1,0.08,0.99613,3.3,0.49,9.9,5,0,0.7916311574347379,-10.023880682483934
0.15,1.8,0.107,0.99593,3.19,0.5,9.5,5,0,-0.1037121020990898,-31.610891470636588
0.25,3.4,0.076,0.99668,3.19,0.42,9.2,5,0,0.7974690352417113,-27.414669848390066
0.07,1.8,0.1,0.9961,3.3,0.58,9.6,5,0,0.1929750212640524,-93.7349860645655
0.31,6.1,0.083,0.99718,3.35,0.68,10.3,5,0,-0.6067157959303824,-68.66360380603095
0.02,2.2,0.08,0.99524,3.1,0.53,9.7,5,0,-0.5112023506816286,-1.652626932979814
0.0,2.3,0.068,0.99292,3.58,0.59,12.5,6,0,-1.210653821545474,-82.39205896358898
0.22,2.4,0.094,0.99612,3.37,0.58,11.0,5,0,0.7927431341598759,-84.69426115317461
0.06,1.3,0.07,0.9942,3.17,0.48,9.8,5,0,-0.10746502354643,-105.13017084653444
0.25,2.0,0.078,0.99612,3.3,0.48,10.2,5,0,0.7894072039844637,-56.16957561026161
0.14,3.9,0.07,0.99669,3.32,0.48,9.2,5,0,-0.8085844594979807,-40.703874063019896
0.1,1.6,0.092,0.99745,3.31,0.65,9.55,6,0,1.3937622208714815,-105.59061128445155
0.1,1.6,0.09,0.99745,3.31,0.65,9.55,5,0,1.4934455788395002,-106.33352962231965
0.26,2.0,0.08,0.99584,3.28,0.52,9.9,5,0,0.0916236982083251,-12.838780990979105
0.12,2.2,0.083,0.9966,3.52,0.62,10.2,7,0,-0.2079823640583029,-87.7181921856394
0.0,2.2,0.068,0.9956,3.42,0.72,11.1,6,0,-0.0061137004907028,-92.30140706982172
0.21,2.1,0.08,0.9962,3.25,0.51,9.9,5,0,0.6941717529169944,26.85086911494425
0.42,2.0,0.052,0.9963,3.44,0.82,11.9,6,0,0.3834459233989875,-93.22228794565596
0.33,1.7,0.061,0.996,3.23,1.1,10.0,8,0,-0.0155655026543746,-104.6174727276249
0.39,2.6,0.0819999999999999,0.9985,3.43,0.62,10.7,6,0,0.7888512156218948,-70.4319183817181
0.3,2.0,0.062,0.9952,3.28,0.9,11.3,7,0,0.4828512871857242,-80.72825974988663
0.34,5.1,0.062,0.9974,3.22,0.94,10.9,6,0,0.9815460712071058,-94.70812462139216
0.0,2.1,0.064,0.995,3.54,0.93,10.7,6,0,-1.210097833182905,-56.20064379626509
0.36,2.2,0.048,0.995,3.27,1.01,12.4,7,0,0.8829746899642252,-58.32488344788457
0.0,1.8,0.0819999999999999,0.9936,3.5,0.44,11.9,6,0,-0.5978199821292804,-101.2376166192278
0.4,2.4,0.071,0.9963,3.56,0.73,10.6,6,0,-0.8113644013108248,-97.62754029187214
0.25,2.0,0.104,0.9963,3.04,0.9,10.1,5,0,2.690062865727665,-28.5869604381718
0.59,2.2,0.077,0.9994,3.2,0.78,9.6,5,0,2.7830743633448574,-102.67119561397158
0.0,1.6,0.065,0.9966,3.56,0.84,9.4,5,0,-1.008229169615305,-98.6006788486988
0.33,2.5,0.064,0.9952,3.35,0.77,12.1,7,0,0.0846738436762137,-77.11818342253098
0.01,1.6,0.077,0.995,3.16,0.46,9.8,5,0,0.5897624938671386,-98.77864138666494
0.21,2.2,0.077,0.9956,3.27,0.45,9.9,5,0,0.4928590777119641,18.83554044137243
0.18,1.6,0.079,0.9965,3.34,0.58,9.4,5,0,0.2862645130625285,-55.99161307229546
0.0,2.1,0.079,0.9956,3.39,0.84,11.4,6,0,-0.2096503291460099,-55.457725458397
0.09,3.9,0.123,0.9968,3.5,0.67,11.0,4,0,-0.8096964362231187,-84.56855629620085
0.37,1.4,0.076,0.9974,3.26,0.7,9.6,6,0,1.0820634117189805,-93.7349860645655
0.37,1.8,0.046,0.9971,3.41,0.71,12.1,6,0,0.4814613162793018,-54.2755561776007
0.33,2.5,0.078,0.9957,3.3,0.58,11.2,5,0,0.3865038593931169,-94.19542650248265
0.0,1.9,0.072,0.9962,3.31,0.63,11.0,5,0,0.592820429861268,-58.22036808589975
0.4,2.2,0.049,0.996,3.33,0.93,11.3,5,0,0.679994049671488,-44.01028299543566
0.24,1.8,0.066,0.9956,3.37,0.62,10.4,5,0,0.18658115509451,-68.07745851114007
0.31,2.1,0.069,0.9958,3.26,0.54,9.9,6,0,0.3870598477556859,-42.95381857161311
0.0,1.6,0.042,0.9944,3.48,0.85,11.7,6,0,-1.3120051446011995,-106.5637498412782
0.16,1.8,0.069,0.9955,3.42,0.74,10.1,7,0,-1.1131944170277297,-91.0980482940365
0.38,1.6,0.1689999999999999,0.99914,3.15,0.65,8.5,5,0,2.7847423284325643,-24.160518596966696
0.29,4.8,0.07,0.99577,3.53,0.54,11.1,5,0,-0.3991482516464515,-76.55322762262904
0.0,1.7,0.052,0.996,3.41,0.47,10.3,5,0,-0.2082603582395874,-109.4831655117582
0.02,2.2,0.072,0.99566,3.32,0.68,11.066666666666698,6,0,0.0938476516586011,-21.29336060747913
0.32,2.0,0.062,0.9947,3.23,0.73,11.3,7,0,-0.0144535259292366,-87.25775174772227
0.19,5.2,0.094,0.99713,3.16,0.52,9.56666666666667,6,0,0.1970059368926762,-18.21717189402193
0.02,1.9,0.078,0.99712,3.4,0.75,9.8,5,0,-0.3071097336637534,-84.62081397719327
0.2,1.75,0.0579999999999999,0.99322,3.38,0.49,11.7,5,0,-0.3084997045701758,-94.70812462139216
0.02,2.2,0.072,0.99566,3.32,0.68,11.1,6,0,0.0938476516586011,-21.29336060747913
0.19,5.2,0.094,0.99713,3.16,0.52,9.6,6,0,0.1970059368926762,-18.21717189402193
0.0,1.9,0.08,0.99701,3.4,0.74,9.7,5,0,-0.4059591090879202,-74.9416860899191
0.01,1.9,0.08,0.99683,3.4,0.73,9.7,5,0,-0.3084997045701758,-56.20064379626509
0.31,2.0,0.0559999999999999,0.99472,3.23,0.76,11.3,8,0,-0.0141755317479521,-86.28461319089561
0.44,2.7,0.104,0.99732,3.33,0.78,11.0,7,0,0.5839246160601652,-99.57381740552545
0.02,2.0,0.062,0.99374,3.35,0.76,11.6,7,0,-0.6083837610180893,-57.86444300996744
0.33,1.9,0.074,0.99706,3.41,0.58,9.0,5,0,0.388727812843392,-29.0262113811
0.63,2.2,0.073,0.99974,3.21,0.69,10.9,6,0,4.486031274239725,-93.96520628352408
0.0,1.6,0.052,0.99467,3.5,0.63,10.9,6,0,-0.6994492993662904,-99.34359718656688
0.06,1.8,0.05,0.99236,3.3,0.5,10.55,6,0,-1.2092638506390516,-22.60123474524917
0.4,1.7,0.067,0.99603,3.39,0.6,10.5,5,0,1.1828587464121387,-96.65440173504548
0.35,1.7,0.054,0.99458,3.32,0.8,11.9,7,0,0.680550038034057,-101.75031473813732
0.09,2.3,0.054,0.99724,3.41,0.68,10.4,6,0,-0.8127543722172472,-47.85057954174988
0.0,2.1,0.06,0.99664,3.59,0.61,10.0,4,0,-1.0025302888989742,-103.9268120707492
0.03,2.3,0.075,0.99545,3.36,0.58,10.4,6,0,-0.4067930916317737,-84.56855629620085
0.01,2.4,0.076,0.99522,3.34,0.53,10.8,6,0,-0.3071097336637534,-76.78344784158759
0.1,1.7,0.063,0.9958,3.41,0.67,9.7,5,0,-0.4081830625381961,-58.55510366684312
0.32,2.1,0.062,0.99728,3.3,0.65,10.0,7,0,0.0885657622141966,-58.27262576689216
0.08,2.3,0.067,0.99648,3.52,0.57,11.0,4,0,-0.4956346765296997,-82.44431664458139
0.05,2.1,0.061,0.99705,3.31,0.55,9.7,3,0,0.1024654712784185,-65.67074095956963
0.11,1.4,0.084,0.99578,2.88,0.47,9.7,5,0,2.793360148052382,-92.76184750773884
0.08,3.75,0.067,0.99334,3.43,0.52,12.6,5,0,-0.5050864786933715,-100.54695596235211
0.6,2.6,0.073,0.99656,3.38,0.79,11.1,6,0,0.38483589430541,-69.84577308682724
0.08,1.8,0.071,0.99336,3.38,0.54,11.0,5,0,-1.1076345334020408,-70.94461650062763
0.11,2.2,0.048,0.99182,3.54,0.88,13.566666666666698,7,0,-1.9109392749531715,-27.666079562337544
0.11,2.2,0.048,0.99182,3.54,0.88,13.6,7,0,-1.9109392749531715,-27.666079562337544
0.05,5.7,0.0819999999999999,0.99808,3.4,0.52,10.2,3,0,-0.1003761719236768,-103.64433417079825
0.6,3.0,0.104,0.99828,3.39,0.68,10.6,5,0,0.9826580479322438,-94.24768418347504
0.03,1.5,0.08,0.99498,3.66,0.62,10.1,4,0,-1.606885305785993,-103.9268120707492
0.54,2.1,0.114,0.99719,3.33,0.57,10.3,4,0,-0.0086156481222632,-108.51002695493152
0.44,1.5,0.042,0.99542,3.35,0.61,10.7,5,0,0.8840866666893632,-104.89995062757588
0.06,2.0,0.06,0.99592,3.53,0.64,10.9,4,0,-0.3992872487370942,-106.33352962231965
0.16,2.1,0.074,0.99606,3.37,0.55,9.7,5,0,-0.2064533960612387,-91.78870895091218
0.21,2.1,0.07,0.99546,3.38,0.6,10.3,5,0,-0.4056811149066366,-93.50476584560694
0.05,1.9,0.066,0.99496,3.52,0.78,10.6,5,0,-1.2064839088262067,-99.34359718656688
0.04,1.7,0.049,0.9942,3.72,0.58,11.4,5,0,-1.609109259236269,-104.15703228970776
0.1,2.1,0.048,0.99448,3.44,0.76,10.8,6,0,-1.0085071637965894,-106.33352962231965
0.49,1.8,0.039,0.99344,3.39,0.56,12.4,6,0,-0.1185847907978079,-98.6006788486988
0.06,1.6,0.05,0.99348,3.57,0.54,11.95,5,0,-1.0062832103463135,-99.06111928661592
0.26,1.9,0.089,0.99636,3.26,0.59,9.7,5,0,0.4900791358991192,30.387498266318588
0.09,1.4,0.066,0.99459,3.42,0.7,10.0,7,0,-0.8158123082113766,-87.25775174772227
0.02,1.9,0.08,0.99492,3.35,0.81,10.6,6,0,-0.2127082651401384,-87.25775174772227
0.03,2.3,0.054,0.99508,3.45,0.63,11.5,6,0,-0.3040517976696248,-100.77717618131068
0.04,2.3,0.068,0.99582,3.53,0.58,10.8,6,0,-0.5996269443076292,-103.69659185179066
0.04,1.5,0.076,0.99508,3.26,0.53,9.6,5,0,0.2952993239542731,-101.52009451917876
0.29,4.3,0.083,0.99642,3.16,0.53,9.4,5,0,0.597824325124388,-50.84344238821119
0.18,2.4,0.078,0.99638,3.31,0.54,9.8,5,0,0.0914847011176824,-56.1173179292692
0.39,2.5,0.077,0.99555,3.51,0.69,11.0,6,0,-1.012121088153287,-102.95367351392257
0.57,2.3,0.106,0.99605,3.36,0.55,11.4,6,0,0.2857085246999595,-105.13017084653444
0.02,1.8,0.078,0.996,3.55,0.63,9.95,3,0,-0.5034185136056646,-104.89995062757588
0.05,2.0,0.07,0.99562,3.51,0.66,10.8,6,0,-0.4020671905499382,-102.95367351392257
0.6,2.1,0.074,0.99814,3.38,0.72,10.6,6,0,-0.1171948198913854,-89.71672698028513
0.4,1.8,0.062,0.9941,3.28,0.7,11.1,5,0,0.679994049671488,-96.88462195400405
0.21,2.2,0.047,0.99661,3.47,0.77,9.7,6,0,-0.8144223373049542,-65.26255820264493
0.04,2.1,0.068,0.99712,3.44,0.67,9.8,5,0,-0.1055190642774395,-87.31000942871468
0.04,2.2,0.061,0.99588,3.53,0.65,10.4,6,0,-0.8024685875097228,-98.88315674864975
0.15,1.8,0.078,0.99294,3.33,0.6,10.5,6,0,-0.8088624536792652,-50.791184707218775
0.21,4.1,0.074,0.99842,3.53,0.72,9.23333333333333,6,0,-0.3012718558567799,-51.02140492617734
0.21,4.1,0.074,0.99842,3.53,0.72,9.25,6,0,-0.3012718558567799,-51.02140492617734
0.25,2.3,0.071,0.99633,3.42,0.97,10.6,5,0,-1.1154183704780056,-56.221833291254015
0.06,2.0,0.063,0.99489,3.38,0.83,10.3,6,0,-0.7097350840738148,-68.46445177307587
0.46,2.2,0.114,0.99647,3.32,0.63,10.5,5,0,0.1882491201822169,-96.88462195400405
0.08,2.6,0.106,0.99665,3.44,0.58,10.2,5,0,-0.6050478308426763,-88.4611105235075
0.2,1.9,0.0819999999999999,0.99585,3.39,0.43,9.05,4,0,-0.3112796463830198,-93.50476584560694
0.25,2.0,0.076,0.9953,3.34,0.6,10.4,5,0,-0.4112409985323246,-51.921096307022665
0.19,2.0,0.075,0.99522,3.39,0.78,10.0,6,0,-1.2125997808144646,-67.15657763530582
0.08,2.1,0.064,0.99552,3.33,0.64,9.7,5,0,-0.5112023506816286,-80.72825974988663
0.08,2.2,0.064,0.99553,3.3,0.65,9.6,6,0,-0.4115189927136091,-76.83570552258
0.07,1.7,0.071,0.9951,3.29,0.66,10.8,6,0,-0.1099669711779904,-91.15030597502891
0.49,2.2,0.096,0.99714,3.31,0.67,10.1,6,0,0.6830519856656165,-55.70913517234449
0.08,2.1,0.063,0.99608,3.42,0.6,10.2,6,0,-0.1055190642774395,-57.68648047200129
0.09,2.2,0.063,0.99444,3.42,0.69,11.3,6,0,-0.6122756795560713,-98.37045862974024
0.1,2.8,0.081,0.99631,3.6,0.66,10.2,5,0,-1.104715594498554,-87.7181921856394
0.13,2.0,0.0579999999999999,0.99573,3.21,0.68,9.9,6,0,-0.0100056190286856,-92.40592243180654
0.3,1.9,0.074,0.99717,3.39,0.61,9.0,5,0,0.7857932796277645,-28.84824884313383
0.14,2.4,0.064,0.99397,3.42,0.62,11.7,7,0,-0.6089397493806583,-86.74505362881274
0.13,2.2,0.075,0.9959,3.36,0.59,9.7,6,0,-0.2093723349647254,-80.44578184993566
0.08,1.9,0.077,0.99528,3.6,0.68,10.3,6,0,-1.1095804926710322,-68.64241431104202
0.08,1.9,0.059,0.99484,3.5,0.64,10.2,6,0,-1.807919986809738,-83.18723498244948
0.09,2.5,0.081,0.99538,3.57,0.63,12.0,5,0,-1.006561204527598,-89.20402886137559
0.32,1.8,0.065,0.99714,3.46,0.78,9.9,5,0,-0.0138975375666676,-51.74313376905651
0.08,4.4,0.071,0.99646,3.56,0.63,11.6,6,0,-1.009897134703012,-84.28607839624989
0.29,2.2,0.054,0.99666,3.4,0.76,10.9,7,0,0.182133248193959,-65.90096117852819
0.02,1.9,0.064,0.99472,3.3,0.56,10.75,6,0,-0.5007775688834624,-74.30328311403582
0.42,2.2,0.064,0.99758,3.25,0.57,10.4,6,0,3.885985167162616,-96.24621897812077
0.43,2.3,0.063,0.9955,3.17,0.81,11.2,7,0,1.1850826998624149,-96.7066594160379
0.33,1.8,0.059,0.99531,3.36,0.64,10.1,6,0,-0.7069551422609699,-87.02753152876372
0.02,2.0,0.072,0.99575,3.36,0.61,10.2,5,0,-0.2088163466021564,-88.74358842345846
0.1,1.6,0.048,0.99306,3.55,0.51,12.1,5,0,-0.907711829103432,-89.89468951825128
0.5,2.0,0.099,0.99783,3.1,0.58,10.4,5,0,3.984834542586782,-64.92782262170154
0.3,1.8,0.074,0.99419,3.24,0.7,11.4,8,0,0.1851911841880875,-90.6898655371118
0.0,2.3,0.087,0.99783,3.45,0.53,9.5,5,0,-0.105797058458724,-88.74358842345846
0.0,2.3,0.083,0.99768,3.44,0.54,9.4,5,0,-0.1060750526400076,-87.54022964767324
0.01,3.7,0.103,0.99586,3.51,0.66,11.3,6,0,-0.905487875653157,-58.04240554793359
0.0,2.2,0.08,0.99765,3.41,0.6,9.4,5,0,0.0956546138369498,-86.56709109084659
0.02,2.4,0.062,0.99627,3.54,0.6,11.0,6,0,-0.6007389210327672,-92.12344453185555
0.17,1.7,0.065,0.99514,3.44,0.68,10.55,7,0,-0.2090943407834409,-91.15030597502891
0.04,2.2,0.066,0.99636,3.53,0.56,9.9,5,0,-0.6000439355795564,-95.73352085921124
0.33,6.7,0.235,0.99787,3.22,0.56,9.5,5,0,-0.3071097336637534,9.14653386308369
0.26,2.0,0.08,0.99622,3.21,0.52,9.9,5,0,0.5917084531361301,16.659043108760542
0.13,2.0,0.076,0.99546,3.29,0.54,10.1,5,0,-0.005418715037492,-95.73352085921124
0.02,1.9,0.061,0.99489,3.39,0.82,10.9,6,0,-0.5059204612372241,-71.10138954360487
0.64,2.1,0.059,0.99494,3.34,0.71,11.2,6,0,-0.5200981644827314,-61.83044441325541
0.13,1.6,0.077,0.99629,3.34,0.59,9.2,5,0,-0.2090943407834409,-71.33160976256343
0.14,1.9,0.0559999999999999,0.99396,3.48,0.57,11.5,6,0,-1.0101751288842964,-81.41892040676231
0.53,2.2,0.23,0.9934,3.37,0.93,12.4,6,0,-0.8144223373049542,-79.52490097410141
0.14,2.2,0.038,0.99514,3.44,0.65,11.1,6,0,-0.8138663489423852,-90.17716741820225
0.32,2.2,0.069,0.99632,3.33,0.51,9.5,5,0,0.0944036400211691,-8.694817049724989
0.2,2.4,0.075,0.99467,3.58,0.67,12.5,6,0,-1.2081518739139137,-65.84870349753578
0.78,13.9,0.074,0.99677,3.39,0.48,10.5,6,0,-1.6155031254058114,-23.13512235914763
0.4,2.2,0.06,0.99474,3.26,0.64,11.8,6,0,0.2896004432379415,-95.73352085921124
0.63,1.6,0.081,0.99588,3.3,0.78,10.8,6,0,0.7832913319962049,-86.05439297193705
0.15,5.1,0.076,0.99622,3.54,0.6,11.9,6,0,-1.004893239439892,-88.69133074246605
0.15,1.8,0.118,0.9954,3.42,0.67,11.3,6,0,-0.4059591090879202,-95.50330064025266
0.09,1.7,0.053,0.99402,3.54,0.6,11.3,5,0,-1.008785157977874,-81.29321554978858
0.33,2.4,0.068,0.9947,3.36,0.6,11.9,6,0,0.184913190006803,-90.58535017512696
0.1,2.6,0.053,0.99362,3.57,0.5,11.9,5,0,-1.1044376003172696,-88.69133074246605
0.29,2.1,0.074,0.99578,3.33,0.62,9.8,5,0,-1.011565099790718,-15.22430904756061
0.44,2.4,0.061,0.99484,3.29,0.8,11.6,7,0,-0.5156502575821804,-79.34693843613526
0.44,2.6,0.066,0.99494,3.3,0.84,11.5,6,0,-0.0138975375666676,-66.18343907847917
0.41,2.4,0.065,0.99492,3.34,0.85,11.4,6,0,0.2837625654309681,-51.74313376905651
0.11,1.8,0.066,0.99483,3.55,0.66,10.9,6,0,-1.4072405956686689,-86.56709109084659
0.33,2.5,0.068,0.99414,3.27,0.78,12.8,6,0,-0.0063916946719873,-10.871314382336864
0.2,7.8,0.073,0.9977,3.29,0.54,9.2,5,0,-0.6043528453894647,-34.40460228414281
0.15,1.8,0.077,0.99314,3.32,0.82,11.6,6,0,-0.9091018000098544,-77.91335944139148
0.09,1.7,0.089,0.99402,3.67,0.56,11.6,6,0,-1.803472079909187,-88.97380864241703
0.13,2.3,0.076,0.99574,3.42,0.75,11.0,6,0,-0.9102137767349924,-72.3570060003825
0.08,1.9,0.068,0.99651,3.42,0.82,9.5,6,0,-0.4073490799943426,-74.53350333299437
0.08,2.0,0.09,0.9949,3.45,0.58,10.5,5,0,-1.007673181252736,-67.77379111620019
0.1,2.2,0.062,0.99512,3.52,0.76,11.2,6,0,-1.308947208607071,-59.35027968570363
0.12,2.0,0.075,0.99547,3.57,0.71,10.2,5,0,-1.3063062638848688,-67.77379111620019
0.47,3.6,0.067,0.99549,3.39,0.66,11.0,6,0,-1.215657716808594,-72.94315129527337
0.36,20.7,0.045,1.001,3.0,0.45,8.8,6,1,-0.2171561720406893,57.834529890420086
0.34,1.6,0.049,0.994,3.3,0.49,9.5,6,1,-0.916051654541966,13.718437943291647
0.4,6.9,0.05,0.9951,3.26,0.44,10.1,6,1,0.8826966957829399,-16.657888042304393
0.32,8.5,0.0579999999999999,0.9956,3.19,0.4,9.9,6,1,-0.0183454444672186,73.86518723756375
0.16,7.0,0.045,0.9949,3.18,0.47,9.6,6,1,-1.0154570183287008,21.29451567393529
0.43,1.5,0.044,0.9938,3.22,0.45,11.0,6,1,0.8810287306952329,14.022105338231556
0.41,1.45,0.033,0.9908,2.99,0.56,12.0,5,1,0.8824187016016563,-54.11878313462348
0.4,4.2,0.035,0.9947,3.14,0.53,9.7,5,1,1.3811134856230396,-7.9730882068458016
0.37,1.2,0.04,0.992,3.18,0.63,10.8,5,1,0.679994049671488,-41.29001935791075
0.4,1.5,0.044,0.9912,3.54,0.52,12.4,7,1,-0.6200595166320362,32.25044951297603
0.62,19.25,0.04,1.0002,2.98,0.67,9.7,5,1,1.0865113186195323,58.8599261282392
0.38,1.5,0.032,0.9914,3.25,0.55,11.4,7,1,-0.6197815224507517,-2.521250127821645
0.04,1.1,0.046,0.9928,3.24,0.36,9.6,6,1,-0.9110477592788452,-14.711610928651083
0.48,1.2,0.0289999999999999,0.9892,3.33,0.39,12.8,8,1,-1.006005216165029,-38.29715651144944
0.42,1.1,0.033,0.9917,3.12,0.53,11.3,6,1,0.1846351958255185,52.361502316407
0.14,7.5,0.044,0.9955,3.22,0.5,9.5,5,1,-0.7158509560620727,19.29598087928956
0.38,2.9,0.038,0.9912,3.17,0.35,11.0,7,1,-0.8158123082113766,-14.324617666715298
0.42,1.7,0.049,0.993,3.47,0.48,10.5,8,1,-0.4173568705205825,10.202998286906237
0.14,1.5,0.074,0.9937,3.05,0.51,9.3,5,1,0.3937317081065128,51.28384839759555
0.41,1.3,0.052,0.9951,3.42,0.47,10.0,6,1,-0.6170015806379068,23.91026394947535
0.32,9.0,0.046,0.9955,3.25,0.5,10.4,6,1,-0.2177121604032583,133.35234406096367
0.35,1.0,0.052,0.993,3.45,0.44,10.0,6,1,-0.3179515067338467,32.17700233699468
0.39,8.7,0.051,0.9961,3.38,0.53,10.5,6,1,-0.2168781778594048,26.620648895985696
0.48,1.1,0.047,0.9914,3.19,0.49,11.6,6,1,0.182689236556528,14.409098600167326
0.36,2.0,0.033,0.9906,3.1,0.71,12.3,7,1,-0.0158434968356591,1.4970089564587283
0.39,10.4,0.044,0.9974,3.2,0.53,10.0,6,1,1.2814301276550193,24.831144825309607
0.34,1.1,0.042,0.9934,3.47,0.4,10.2,6,1,1.0787274815435683,-70.60988091968426
0.36,2.05,0.05,0.992,3.19,0.44,10.8,6,1,0.182133248193959,-13.508252152865865
0.34,1.5,0.045,0.9939,3.42,0.51,9.0,6,1,-1.0210169019543898,5.797745940690078
0.2,14.95,0.044,0.9962,3.37,0.37,10.2,5,1,-1.4166923978323398,61.29771186581307
0.43,1.7,0.08,0.9905,3.19,0.42,12.8,5,1,0.0830058785885077,6.571732464561663
0.23,5.4,0.051,0.9934,3.24,0.35,10.0,5,1,-0.7136270026117968,32.794215817889025
0.32,1.2,0.053,0.9906,3.13,0.28,11.2,6,1,-0.2154882069529833,25.08255453925709
0.39,17.95,0.057,0.9999,3.21,0.36,8.6,5,1,0.0818939018633697,37.398620197060254
0.39,2.5,0.172,0.9937,3.11,0.36,9.4,6,1,-0.51815220521374,50.30083114975433
0.39,2.9,0.173,0.9937,3.1,0.34,9.4,6,1,-0.5178742110324555,49.32769259292765
0.26,7.4,0.069,0.9954,3.13,0.46,9.8,6,1,-0.2160441953155523,44.18940059985796
0.27,1.4,0.057,0.9934,3.22,0.56,9.5,6,1,-0.6178355631817603,37.5553932400375
0.26,1.4,0.06,0.9934,3.24,0.56,9.5,6,1,-0.51815220521374,39.50167035369081
0.31,1.4,0.0579999999999999,0.9931,3.16,0.53,10.0,7,1,0.1801872889249676,53.30357268723019
0.26,4.4,0.063,0.994,3.27,0.52,9.8,4,1,-1.0118430939720024,97.01148187743392
0.25,4.4,0.066,0.9939,3.25,0.52,9.8,5,1,-1.011565099790718,97.75440021530204
0.35,5.0,0.067,0.995,3.36,0.48,9.8,5,1,-0.3193414776402692,35.378895907425644
0.31,1.6,0.062,0.9917,3.35,0.44,11.7,6,1,-0.0194574211923566,57.53086249548021
0.29,1.1,0.068,0.9914,3.34,0.58,11.0,7,1,-0.6175575690004758,11.688834962642446
0.33,1.1,0.057,0.991,3.32,0.46,10.9,7,1,-1.0199049252292518,-33.32694836533135
0.35,1.0,0.045,0.9911,3.31,0.35,10.9,6,1,-0.8194262325680741,-3.881381946584085
0.59,0.9,0.147,0.993,3.05,0.38,9.1,6,1,-0.4190248356082895,19.243723198297133
0.35,1.3,0.039,0.9908,3.13,0.52,11.0,6,1,-0.3176735125525622,74.58691608044292
0.34,11.9,0.043,0.9962,3.09,0.5,9.6,6,1,-0.0189014328297876,97.83772608229792
0.26,12.4,0.048,0.9972,3.3,0.36,8.9,6,1,-1.218993646984007,36.60344417819978
0.15,4.6,0.044,0.9931,3.11,0.38,10.2,6,1,-0.6139436446437783,-36.29862171680372
0.36,1.2,0.038,0.9926,3.36,0.34,9.9,6,1,0.1807432772875365,0.1891348186886858
0.24,4.9,0.092,0.9951,3.03,0.46,8.6,6,1,-0.4184688472457205,8.643714435188727
0.07,1.1,0.035,0.991,3.02,0.34,10.5,5,1,-0.2115962884150004,32.89873117987385
0.27,1.4,0.038,0.9927,3.15,0.46,10.3,6,1,-0.0180674502859341,7.900796097320622
0.03,1.2,0.064,0.9934,3.22,0.54,9.1,5,1,-1.0146230357848474,5.494078545750185
0.24,6.4,0.04,0.9903,3.22,0.49,12.6,7,1,-0.8172022791177982,8.926192335139689
0.13,1.2,0.0409999999999999,0.992,3.14,0.42,9.8,5,1,-0.517596216851171,70.01501200023499
0.31,2.1,0.046,0.9926,3.33,0.64,10.7,8,1,-0.51815220521374,-17.63102659913106
0.29,10.1,0.05,0.9962,3.13,0.35,9.5,5,1,0.1818552540126745,-10.944761558318191
0.43,7.8,0.0559999999999999,0.9956,3.1,0.51,9.0,6,1,-1.0168469892351224,130.5374437524685
0.23,4.6,0.061,0.9958,3.32,0.6,9.5,5,1,-0.4162448937954455,125.76073223731832
0.28,4.8,0.063,0.9964,3.69,0.71,10.0,5,1,-1.216769693533731,84.77874208662662
0.46,1.0,0.054,0.9941,2.95,0.49,9.1,6,1,1.3811134856230396,-45.820976561100665
0.36,1.4,0.043,0.9898,3.26,0.37,12.7,7,1,-0.1196967675229458,-26.159053391612417
0.34,1.3,0.042,0.9912,3.31,0.65,12.0,7,1,-0.2157662011342678,-46.207969823036464
0.3,8.8,0.064,0.9961,2.94,0.56,9.3,5,1,0.1801872889249676,-11.739937577178708
0.28,5.4,0.06,0.9949,3.27,0.37,9.0,5,1,-0.5095343855939225,-10.944761558318191
0.31,1.4,0.053,0.9929,3.39,0.77,10.6,6,1,-0.4184688472457205,0.8063482995830356
0.34,16.0,0.05,0.9985,3.21,0.6,9.2,6,1,-0.1191407791603769,55.32329697686485
0.2,6.1,0.063,0.9946,3.17,0.42,10.0,5,1,-0.1152488606223949,52.45613898737726
0.3,8.2,0.047,0.9966,3.33,0.46,9.5,6,1,0.0813379135008007,93.14999583613076
0.61,11.8,0.045,0.9974,3.11,0.45,8.7,5,1,-0.1127469129908345,45.30943350864728
0.62,11.8,0.044,0.9975,3.12,0.46,8.7,6,1,-0.11246891880955,41.92957740025018
0.63,11.0,0.044,0.9974,3.09,0.44,8.7,6,1,-0.0138975375666676,46.51279228443251
0.31,13.3,0.05,0.9972,3.22,0.48,9.7,6,1,-0.417634864701867,94.50024896387868
0.43,7.5,0.049,0.9957,3.12,0.47,9.0,5,1,-1.1168083413844272,133.47804891793743
0.33,1.7,0.035,0.99,3.26,0.4,12.6,7,1,-0.3179515067338467,25.208259396230844
0.33,1.8,0.034,0.9899,3.25,0.41,12.6,7,1,-0.3187854892777002,25.438479615189426
0.32,1.7,0.04,0.9916,3.21,0.44,11.5,7,1,0.2798706468929861,37.806802953984985
0.29,12.4,0.044,0.9969,3.04,0.42,9.2,6,1,-0.1174728140726699,129.86797259058176
0.66,15.9,0.046,0.9979,3.14,0.5,8.8,6,1,-1.2148237342647406,47.62151438924745
0.36,1.2,0.034,0.9913,2.95,0.36,11.4,7,1,1.3820864652575349,-36.65454679273603
0.46,10.5,0.038,0.9956,2.89,0.3,10.1,4,1,2.5842636357713875,-36.26755353080024
0.37,13.5,0.06,0.9975,3.0,0.44,9.1,5,1,0.182133248193959,80.85511967331651
0.32,9.6,0.054,0.9962,3.4,0.41,9.4,5,1,-0.1213647326106528,54.42360559601953
0.24,12.1,0.05,0.997,3.34,0.39,9.4,5,1,-1.218437658621438,54.29790073904577
0.4,18.9,0.059,1.0,2.99,0.46,9.0,5,1,0.2836235683403263,57.604309671461536
0.32,14.4,0.051,0.9974,3.2,0.35,9.2,6,1,0.0788359658692403,-4.059344484550252
0.35,16.5,0.04,0.999,3.16,0.59,9.1,6,1,-0.1183067966165234,62.26097173162519
0.28,1.3,0.051,0.9927,3.27,0.6,10.3,5,1,-0.3154495591022872,72.53612360480481
0.54,8.5,0.0819999999999999,0.9959,2.89,0.39,8.8,6,1,-0.7197428746000547,55.39674415284618
0.46,18.75,0.052,1.0,3.04,0.52,8.9,5,1,-0.0172334677420806,140.55130722068606
0.5,13.3,0.0559999999999999,0.9982,3.01,0.47,9.2,5,1,-0.0161214910169436,87.4580588471335
0.34,9.2,0.049,0.9968,3.22,0.51,9.1,5,1,-0.51314830995062,34.688235250549965
0.0,1.5,0.065,0.994,3.63,0.4,9.7,4,1,-1.7105995793826372,-15.883901518432822
0.24,3.3,0.0409999999999999,0.9914,3.31,0.44,11.3,6,1,-1.215657716808594,26.955384476929098
0.4,1.7,0.035,0.9911,3.19,0.42,11.8,6,1,-0.2207700963973877,-31.558633789644176
0.48,13.3,0.06,0.9982,3.04,0.5,9.2,5,1,0.0841178553136448,85.89877499541599
0.04,5.7,0.046,0.9934,3.22,0.51,10.2,5,1,-1.3142290980514757,-28.46125558119805
0.32,12.2,0.054,0.9984,3.01,0.54,8.8,5,1,0.5817006626098902,26.003435415091342
0.31,6.85,0.059,0.9952,3.29,0.34,9.7,5,1,0.1796313005623986,16.659043108760542
0.28,5.0,0.0579999999999999,0.9952,3.29,0.36,9.1,6,1,-0.3193414776402692,27.34237773886487
0.47,1.6,0.092,0.9928,3.21,0.36,9.8,6,1,-0.8208162034744966,45.0057661137074
0.36,1.1,0.026,0.9912,3.27,0.48,11.0,6,1,-0.5192641819388779,35.703752797354454
0.23,7.0,0.033,0.994,3.14,0.42,10.5,5,1,0.186025166731941,11.33290988671014
0.32,7.6,0.038,0.9958,3.45,0.54,9.7,7,1,-0.7177969153310633,90.63876292257554
0.56,2.8,0.044,0.9924,3.3,0.57,10.9,7,1,-1.1159743588405746,67.05321733977713
0.56,2.7,0.046,0.9924,3.31,0.57,10.9,6,1,-1.1159743588405746,71.68868990495189
0.25,10.4,0.02,0.994,3.39,0.37,10.6,5,1,-1.5169317441629282,-60.87849535141768
0.4,13.1,0.038,0.9979,3.23,0.57,9.0,5,1,-0.7126540229773015,130.1504504905327
0.27,15.8,0.035,0.9982,3.24,0.51,9.2,5,1,-0.6178355631817603,75.58124413225853
0.22,8.1,0.034,0.9961,3.19,0.52,8.9,5,1,-0.4170788763392981,92.25030445528547
0.31,15.7,0.036,0.9979,3.26,0.56,9.6,5,1,-0.517040228488602,66.36255668290146
0.4,1.2,0.027,0.992,3.12,0.38,10.7,6,1,0.9812680770258222,8.078758635286775
0.67,10.5,0.045,0.9975,3.16,0.44,8.7,5,1,-0.1144148780785414,44.15833241385447
0.36,1.9,0.035,0.9917,3.15,0.54,10.8,7,1,-0.419302829789574,-17.63102659913106
0.39,1.9,0.0289999999999999,0.9923,3.23,0.52,11.8,6,1,0.8826966957829399,-36.93702469268699
0.34,2.2,0.045,0.9927,3.3,0.43,10.2,5,1,-0.9157736603606814,-38.4228613684232
0.4,1.2,0.039,0.992,3.21,0.54,10.8,6,1,0.6808280322153415,-5.084740722369318
0.41,4.3,0.036,0.9947,3.18,0.53,9.7,6,1,1.2805961451111667,-16.092932242402455
0.4,2.0,0.037,0.9921,3.12,0.54,11.2,6,1,0.8804727423326639,-28.92169601911517
0.37,1.1,0.04,0.9905,3.0,0.39,10.9,6,1,-0.9173026283577456,1.4970089564587283
0.27,1.4,0.044,0.9918,3.28,0.37,10.1,6,1,-1.619673038125078,57.73001452843529
0.14,5.2,0.0579999999999999,0.9951,3.38,0.36,9.0,4,1,-0.80788947404477,-20.111191326682828
0.33,4.6,0.034,0.9917,3.38,0.58,12.0,7,1,-0.914939677816828,-35.733665916901785
0.3,4.1,0.054,0.994,2.99,0.38,9.4,6,1,-0.3176735125525622,0.2202030046921805
0.38,8.0,0.043,0.9934,3.12,0.32,11.5,7,1,0.681106026396626,40.54825608649882
0.46,10.2,0.055,0.9968,3.14,0.43,9.9,6,1,0.3801099932235745,26.767543247948357
0.41,1.2,0.048,0.9919,3.14,0.45,10.4,5,1,-0.019735415373641,-14.125465633760214
0.4,7.5,0.049,0.9966,3.06,0.84,9.7,6,1,0.9812680770258222,-41.23776167691835
0.42,14.0,0.066,0.9979,2.89,0.42,8.9,6,1,0.1818552540126745,85.77307013844224
0.24,1.5,0.036,0.9898,3.29,0.42,12.4,7,1,-1.1154183704780056,11.458614743683867
0.04,1.4,0.036,0.9894,3.36,0.33,12.1,8,1,-2.0117346096463287,7.744023054343401
0.56,14.5,0.055,0.998,2.98,0.4,9.1,5,1,-0.8183142558429362,42.98604182407276
0.3,4.8,0.049,0.9932,3.28,0.39,10.6,5,1,-0.914383689454259,-32.019074227561305
0.35,13.1,0.05,0.997,3.15,0.5,9.5,5,1,-0.5178742110324555,96.26856353956585
0.36,13.0,0.051,0.9972,3.16,0.49,9.8,5,1,-0.2182681487658273,70.86244570008789
0.46,8.7,0.048,0.9974,3.14,0.59,9.6,6,1,1.1823027580495695,82.72794961098852
0.18,2.4,0.034,0.9896,3.08,0.44,12.6,7,1,-0.5117583390441975,-16.835850580270545
0.31,8.95,0.055,0.9968,3.08,0.54,9.3,5,1,0.2832065770683991,33.58939183674956
0.48,9.85,0.034,0.9958,2.87,0.29,10.0,5,1,2.5859316008590945,-9.762592277521904
0.46,1.5,0.066,0.9906,3.12,0.54,12.7,6,1,-0.1163608373475328,18.144879784496723
0.45,1.5,0.045,0.9917,3.13,0.39,11.0,6,1,0.6802720438527725,-20.62388944559237
0.37,0.8,0.037,0.9902,3.03,0.39,11.4,4,1,0.3884498186621083,-19.724198064747057
0.43,4.55,0.038,0.9918,3.35,0.33,11.5,7,1,-0.918275607992241,15.685904551933888
0.31,17.7,0.051,0.999,3.09,0.64,10.2,5,1,0.282650588705831,57.991302933397336
0.4,7.5,0.04,0.9927,3.11,0.27,11.4,6,1,-0.3182295009151312,40.49599840550643
0.47,5.1,0.044,0.991,3.03,0.41,12.6,4,1,-0.0158434968356591,-50.33074426930166
0.3,12.9,0.054,0.9972,3.28,0.39,9.4,5,1,-1.317843022408173,60.59717251792286
0.07,1.2,0.06,0.9931,3.11,0.35,8.7,4,1,-1.2056499262823532,-10.787988515340956
0.32,5.5,0.049,0.995,3.19,0.68,9.2,6,1,-0.8174802732990827,62.75248035554581
0.31,5.5,0.048,0.9951,3.19,0.66,9.3,6,1,-0.8152563198488076,60.0632849040244
0.15,1.2,0.053,0.9936,3.09,0.43,9.2,5,1,-0.1152488606223949,74.16885463250365
0.4,22.0,0.048,1.001,2.93,0.5,8.7,5,1,-0.4168008821580136,55.60577487681583
0.4,14.0,0.05,0.9979,3.18,0.58,9.6,6,1,-0.3171175241899933,117.67761178975232
0.56,11.9,0.043,0.997,3.02,0.63,9.3,5,1,-0.4173568705205825,116.70447323292568
0.56,11.9,0.043,0.9972,3.02,0.63,9.3,5,1,-0.41652288797673,121.0574678981494
0.41,9.4,0.04,0.9954,3.12,0.61,9.9,6,1,-0.5178742110324555,54.862856538947725
0.23,4.2,0.038,0.9924,3.15,0.5,11.0,5,1,-1.3158970631391824,7.513802835384837
0.35,3.8,0.034,0.9906,3.26,0.57,12.7,8,1,-0.4098510276259031,-5.901106236218752
0.28,8.5,0.047,0.9962,3.09,0.54,8.9,4,1,-0.7166849386059253,98.8320541341135
0.28,8.5,0.052,0.9962,3.09,0.55,8.9,6,1,-0.6167235864566223,100.03541290989874
0.36,8.0,0.045,0.9928,3.02,0.37,11.4,6,1,-0.4168008821580136,8.183273997271598
0.34,5.1,0.055,0.9942,3.36,0.42,9.6,5,1,-0.6203375108133207,11.510872424676291
0.44,3.6,0.2,0.9942,3.02,0.41,9.1,5,1,-0.8163682965739456,75.44566058427021
0.45,3.5,0.1969999999999999,0.9942,3.02,0.39,9.1,6,1,-0.8160903023926611,74.70274224640214
0.44,3.6,0.1969999999999999,0.9942,3.01,0.38,9.1,5,1,-0.8163682965739456,77.39193769792352
0.24,7.8,0.052,0.9961,3.13,0.47,8.9,5,1,-0.4173568705205825,102.72460836142012
0.24,13.1,0.05,0.998,3.1,0.49,8.8,5,1,-0.1158048489849639,92.53278235523642
0.26,16.1,0.049,0.9984,3.15,0.5,9.3,5,1,-0.4170788763392981,85.43833455749886
0.32,13.2,0.05,0.9973,3.2,0.5,9.6,5,1,-0.3096116812953138,123.90343639264806
0.34,13.9,0.034,0.9949,3.33,0.53,12.0,6,1,-0.4173568705205825,21.42022053090902
0.35,2.3,0.053,0.9924,3.28,0.5,10.2,4,1,-1.4164144036510553,1.266788737500164
0.5,11.6,0.042,0.9972,3.15,0.43,8.8,5,1,-0.8185922500242206,41.2911744243669
0.32,8.3,0.045,0.9958,3.21,0.34,9.2,5,1,-0.2202141080348187,13.404891857337176
0.88,6.2,0.049,0.9968,2.99,0.51,9.9,4,1,2.986332997818879,7.314650802429753
0.29,2.2,0.04,0.9938,3.32,0.74,10.2,5,1,-0.4087390509007651,-39.573962463216006
0.31,0.9,0.048,0.993,3.22,0.77,9.5,6,1,-1.1131944170277297,52.76968507333173
0.25,9.7,0.032,0.994,3.31,0.34,10.5,5,1,-1.6173100875841602,-49.02287013153162
0.38,1.4,0.038,0.9918,3.32,0.59,11.2,7,1,-0.4195808239708585,-1.8828471519383785
0.29,5.3,0.051,0.9944,3.44,0.37,9.7,6,1,-0.5209321470265849,7.900796097320622
0.25,1.4,0.03,0.9912,3.3,0.44,11.1,7,1,-1.0174029775976914,-7.72167849289832
0.24,9.2,0.044,0.9961,3.31,0.38,9.4,5,1,-1.4169703920136243,42.62023805712589
0.36,7.0,0.036,0.9939,3.03,0.33,11.0,5,1,0.282650588705831,51.99569854946013
0.24,17.5,0.044,0.9989,3.31,0.44,9.4,5,1,-1.5163757558003592,58.36841750431857
0.36,7.0,0.036,0.9938,3.04,0.32,11.0,5,1,0.2815386119806931,48.61584244106304
0.21,9.5,0.07,0.9971,3.0,0.55,9.1,6,1,-0.0056967092187765,57.01816437657068
0.3,0.8,0.043,0.9936,3.42,0.39,9.1,6,1,-0.7191868862374857,29.77028478542424
0.22,1.8,0.046,0.9929,3.39,0.54,10.4,6,1,-0.9106307680069188,25.417290120200462
0.41,17.8,0.046,0.9998,3.32,0.39,8.7,5,1,-0.1180288024352389,32.12474465600228
0.32,2.4,0.048,0.9938,3.5,0.5,9.7,6,1,-0.8197042267493586,86.10780571938561
0.32,10.3,0.0409999999999999,0.9969,3.17,0.52,9.1,6,1,-0.1177508082539544,161.92928728486908
0.08,9.7,0.062,0.9972,3.37,0.46,8.9,4,1,-0.4067930916317737,26.212466139060965
0.4,7.8,0.0409999999999999,0.9976,3.34,0.51,9.6,6,1,1.0826194000815494,79.57831372154997
0.39,7.8,0.039,0.9976,3.31,0.51,9.5,6,1,0.9823800537509602,95.73467592566736
0.38,14.3,0.0579999999999999,0.9979,3.09,0.44,9.0,6,1,-0.0183454444672186,83.49205744384555
0.32,13.2,0.044,0.9972,3.27,0.5,9.6,6,1,-0.4101290218071876,109.53657825920672
0.59,1.4,0.037,0.9918,3.34,0.41,11.1,7,1,-0.2174341662219738,8.026500954294377
0.21,15.55,0.039,0.9982,3.48,0.64,9.6,6,1,-1.0174029775976914,43.21626204303131
0.23,13.7,0.05,0.9985,3.2,0.46,8.7,5,1,0.0841178553136448,85.03015180057413
0.26,7.8,0.031,0.9944,3.13,0.5,10.4,5,1,0.4836852697295768,-25.08139947280094
0.37,2.4,0.026,0.9903,3.15,0.38,11.4,7,1,-0.1188627849790924,-15.350013904534364
0.34,2.7,0.047,0.9934,3.3,0.58,9.7,6,1,-0.4179128588831515,109.52104416620502
0.56,11.2,0.043,0.9975,3.14,0.46,8.7,5,1,-0.3135035998332958,29.43554920448084
0.36,2.0,0.038,0.9923,3.37,0.79,11.3,6,1,-1.1193102890159876,129.4435396841754
0.27,2.1,0.03,0.99,3.16,0.61,12.6,7,1,-0.418746841427005,23.293050468581
0.27,1.4,0.031,0.9905,3.25,0.36,10.9,7,1,-1.4186383571013312,-40.2646231200917
0.26,1.4,0.03,0.9905,3.25,0.37,10.9,7,1,-1.6188390555812244,-41.23776167691835
0.14,10.4,0.037,0.996,3.38,0.45,10.0,5,1,-1.1129164228464452,1.9885175803793371
0.28,4.6,0.053,0.9964,3.72,0.7,10.0,4,1,-1.318399010770742,84.90444694360038
0.21,16.2,0.074,0.998,3.02,0.5,9.8,3,1,1.2819861160175885,83.18839004890565
0.44,3.5,0.0289999999999999,0.9913,3.53,0.43,11.7,3,1,-1.4175263803761933,-10.735730834348558
0.39,1.5,0.054,0.9932,3.21,0.52,9.3,6,1,-1.4175263803761933,44.31510545683172
0.39,1.1,0.04,0.9935,3.32,0.58,9.6,8,1,-0.5173182226698865,35.452343083406944
0.3,5.7,0.035,0.9927,3.27,0.41,11.0,7,1,-0.9146616836355436,-21.722732859392764
0.39,1.8,0.032,0.9912,3.32,0.5,11.8,6,1,-0.8180362616616517,2.16648011834549
0.38,0.9,0.037,0.9904,3.28,0.34,11.4,4,1,-1.4141904502007805,-44.28288220437206
0.35,5.4,0.048,0.9939,3.32,0.42,10.2,6,1,-0.3214264339999024,-4.572042603459778
0.4,19.45,0.043,0.9996,2.93,0.47,8.9,5,1,-0.3165615358274252,42.1386081242198
0.4,8.2,0.036,0.9944,3.17,0.33,10.2,5,1,-0.3168395300087088,-22.05746844033615
0.4,13.6,0.045,0.9977,3.08,0.59,9.6,6,1,-0.0166774793795125,122.03060645497608
0.35,1.2,0.038,0.9912,3.1,0.48,10.6,6,1,-1.017680971778976,49.62004918389319
0.26,8.3,0.053,0.9965,3.25,0.51,9.2,6,1,-0.3157275532835717,64.5730526122254
0.07,6.9,0.043,0.9944,3.34,0.57,9.7,5,1,-1.9078813389590428,34.86619778851609
0.07,7.1,0.044,0.9945,3.34,0.57,9.7,6,1,-1.907742341868401,30.97364356120947
0.07,7.0,0.045,0.9944,3.34,0.57,9.7,6,1,-1.8076419926284533,33.38036111277991
0.07,7.0,0.044,0.9944,3.33,0.58,9.7,5,1,-2.0072867027457777,32.6897004559042
0.26,13.1,0.051,0.9972,3.29,0.38,9.3,5,1,-1.4172483861949088,36.19526142127505
0.3,5.1,0.057,0.9949,3.24,0.38,9.0,5,1,-0.6083837610180893,8.643714435188727
0.54,10.7,0.046,0.9966,3.05,0.61,9.5,5,1,-0.2166001836781212,123.33848059274612
0.41,8.9,0.046,0.9954,3.14,0.57,9.8,6,1,-0.6192255340881827,58.24271264734482
0.41,9.1,0.044,0.9954,3.14,0.58,9.8,6,1,-0.5189861877575934,55.0930767579063
0.4,1.1,0.042,0.9915,2.89,0.5,10.6,5,1,0.4822952988231552,-57.49863924302058
0.34,1.2,0.044,0.9919,3.05,0.47,10.6,4,1,-0.4156889054328765,-49.53556825044116
0.49,4.7,0.036,0.9916,3.26,0.68,12.4,7,1,-0.2163221894968368,-11.865642434152434
0.36,2.8,0.034,0.99,3.19,0.38,12.6,8,1,-0.2179901545845428,-3.902571441573016
0.58,5.0,0.039,0.9909,3.3,0.6,12.3,8,1,-1.11569636465929,1.266788737500164
0.37,5.1,0.047,0.9938,3.08,0.65,10.5,4,1,-0.4123529752574626,88.23204537100507
0.3,15.6,0.054,0.9982,3.19,0.49,9.3,5,1,-0.5150942692196114,84.5174536816646
0.24,15.4,0.055,0.9988,3.12,0.49,8.8,5,1,-0.1149708664411104,85.31262970052511
0.25,7.2,0.0559999999999999,0.9961,3.08,0.47,8.8,5,1,0.0841178553136448,68.02635589660382
0.33,15.7,0.053,0.9978,3.22,0.51,9.7,6,1,-0.7166849386059253,78.67862234070465
0.39,14.2,0.0579999999999999,0.9979,2.98,0.48,9.0,7,1,-0.0183454444672186,80.16445901644083
0.31,5.8,0.0409999999999999,0.9945,3.52,0.46,10.5,6,1,-1.320066975858449,45.07921328968872
0.42,19.8,0.066,1.0,2.96,0.44,9.1,5,1,0.1829672307378125,84.00475556275508
0.22,7.3,0.0409999999999999,0.9957,3.44,0.64,9.8,7,1,-1.016568995053838,40.80954449146084
0.38,1.6,0.066,0.9968,3.23,0.38,8.5,3,1,1.890928036895799,66.97977016379583
0.27,1.2,0.046,0.9934,3.37,0.54,9.4,6,1,-0.9152176719981124,60.16780026600922
0.7,10.6,0.045,0.9976,3.09,0.57,9.4,5,1,1.085677336075678,54.09874870609069
0.46,3.8,0.0409999999999999,0.9932,3.19,0.6,11.2,7,1,-0.0194574211923566,82.8960334579401
0.44,11.3,0.046,0.997,3.17,0.45,10.0,6,1,0.2798706468929861,39.08360890575155
0.5,2.1,0.043,0.9923,3.15,0.45,10.3,6,1,-0.5198201703014469,6.979915221486365
0.0,1.6,0.063,0.9914,3.27,0.67,10.8,6,1,-1.1129164228464452,-25.00795229681961
0.35,0.9,0.05,0.992,3.13,0.38,10.5,6,1,1.0803954466312735,-43.18403879057168
0.21,1.3,0.055,0.9914,3.32,0.43,11.1,6,1,-1.216213705171163,55.1975921198911
0.24,6.8,0.057,0.9949,3.2,0.41,9.9,6,1,0.0866198029452052,50.10167911679925
0.24,6.7,0.0579999999999999,0.995,3.2,0.41,9.9,5,1,-0.0127855608415297,49.87145889784067
0.24,6.7,0.0579999999999999,0.995,3.2,0.41,9.9,6,1,0.0863418087639207,53.02109478727924
0.27,4.9,0.036,0.9927,3.2,0.42,10.4,7,1,-1.0151790241474163,19.34823856028196
0.26,4.8,0.037,0.9928,3.21,0.41,10.4,6,1,-1.015735012509985,34.35349966960656
0.27,2.1,0.035,0.9917,3.4,0.71,11.5,7,1,-1.1143063937528677,-16.9615554372443
0.14,8.3,0.032,0.9918,3.53,0.51,12.5,8,1,-2.208599377950809,49.69349635987452
0.41,3.7,0.042,0.9954,3.36,0.45,10.0,6,1,0.5819786567911747,35.55685844539177
0.21,6.7,0.038,0.9941,3.29,0.63,10.0,6,1,-1.5141518023500842,55.32329697686485
0.21,6.6,0.04,0.9941,3.29,0.62,10.0,5,1,-1.4147464385633493,56.06621531473296
0.6,1.1,0.132,0.9934,3.09,0.44,9.1,6,1,-0.4168008821580136,15.298911289998117
0.34,4.7,0.031,0.9927,3.21,0.38,10.6,6,1,-0.417634864701867,20.269119436116213
0.35,7.7,0.031,0.9938,3.19,0.37,10.5,5,1,-0.6178355631817603,21.70269843086
0.47,7.85,0.03,0.9933,3.52,0.43,11.5,7,1,-1.3158970631391824,15.842677594911107
0.25,3.3,0.04,0.9934,3.54,0.59,10.1,6,1,-1.120839257013052,-48.51017201262208
0.24,1.1,0.0409999999999999,0.9927,3.61,0.61,10.3,7,1,-1.2214955946155674,-51.251625145135904
0.44,9.3,0.031,0.9946,3.16,0.36,10.4,6,1,-0.4168008821580136,23.41875532555476
0.51,2.0,0.046,0.993,3.02,0.55,11.4,5,1,1.086233324438247,86.01316904841535
0.31,5.8,0.057,0.9946,3.18,0.59,10.5,5,1,0.282650588705831,216.79228234706855
0.41,15.15,0.04,0.9976,2.96,0.6,10.0,6,1,0.682218003121764,100.98736197173646
0.23,6.3,0.039,0.9944,3.19,0.65,10.0,6,1,-0.8149783256675232,29.71802710443184
0.35,15.4,0.042,0.9978,3.23,0.5,9.6,6,1,-0.7166849386059253,84.46519600067221
0.41,1.3,0.036,0.992,3.17,0.51,10.4,5,1,-0.0189014328297876,-27.644890067348623
0.35,4.8,0.03,0.9912,3.36,0.6,12.5,8,1,-0.8155343140300921,-11.844452939163515
0.34,4.6,0.032,0.9927,3.2,0.39,10.6,5,1,-0.4179128588831515,21.932918649818543
0.3,1.8,0.033,0.9906,3.28,0.4,11.8,6,1,-0.9179976138109563,-25.71980244868422
0.34,9.9,0.038,0.9954,3.11,0.44,9.8,5,1,-0.7166849386059253,18.3751000034553
0.26,5.7,0.031,0.9923,3.25,0.38,10.8,5,1,-1.616893096312233,-37.34520744961172
0.33,1.5,0.036,0.991,3.32,0.42,11.2,6,1,-0.9179976138109563,-12.326082872069565
0.27,12.3,0.045,0.9972,3.28,0.42,9.3,6,1,-1.4166923978323398,60.13673208000573
0.4,1.3,0.047,0.9945,3.45,0.53,10.4,5,1,-1.3170090398643195,20.06996740316113
0.35,1.5,0.049,0.9934,3.43,0.85,10.2,7,1,-0.6195035282694672,30.534392618281245
0.43,7.8,0.045,0.9964,3.19,0.55,9.0,7,1,0.1807432772875365,37.1472104831128
0.36,1.5,0.047,0.9948,3.2,0.54,10.0,6,1,0.781623366908498,11.489682929687362
0.42,9.7,0.044,0.9962,3.18,0.47,9.1,6,1,-0.8172022791177982,25.187069901241912
0.47,3.0,0.053,0.9931,3.29,0.76,10.0,5,1,-1.8154258297044183,32.76314763188556
0.47,3.0,0.052,0.993,3.29,0.75,10.0,6,1,-1.8159818180669876,33.966506407670764
0.33,4.6,0.05,0.9942,3.28,0.4,9.6,6,1,-0.1206697471574411,17.11948354667767
0.1,1.3,0.031,0.9906,3.36,0.51,11.2,7,1,-1.614669142861958,-47.18110837986312
0.41,15.6,0.0559999999999999,0.9995,3.2,0.44,8.8,6,1,-0.5192641819388779,50.14405810677708
0.46,13.6,0.052,0.998,3.15,0.5,10.0,6,1,0.5800326975221832,5.619783402723925
0.45,11.2,0.054,0.997,3.15,0.47,10.0,5,1,0.37983199904229,28.25337992368456
0.36,2.1,0.044,0.9914,3.27,0.74,11.4,7,1,-0.921055549805086,34.93964496449742
0.4,6.85,0.038,0.992,3.03,0.3,11.9,7,1,0.0843958494949292,23.70123322550573
0.3,2.5,0.071,0.9924,3.14,0.51,9.6,6,1,-1.7147694921019037,12.81874656244632
0.42,4.4,0.047,0.9937,3.25,0.57,9.6,6,1,-1.4130784734756423,129.32349022918885
0.37,14.3,0.063,0.9978,2.89,0.38,9.0,6,1,0.0813379135008007,78.96110024065563
0.33,1.1,0.05,0.9927,3.15,0.78,9.5,6,1,-1.1143063937528677,52.026766735463625
0.39,1.4,0.05,0.994,3.0,0.42,10.4,6,1,2.7797384331694435,34.33231017461763
0.34,4.7,0.04,0.9935,3.2,0.59,10.6,6,1,-0.3179515067338467,48.61584244106304
0.32,14.9,0.047,0.9968,3.28,0.5,10.2,6,1,-0.8177582674803672,52.121403406433885
0.14,1.2,0.055,0.9941,3.15,0.43,8.9,5,1,-0.1145538751691832,-30.69001059480233
0.3,5.3,0.05,0.9942,3.4,0.39,9.7,6,1,-0.4204148065147119,14.838470852080988
0.4,2.3,0.037,0.9923,3.49,0.42,11.4,7,1,-0.4201368123334275,-14.554837885673848
0.32,3.5,0.0279999999999999,0.9912,3.4,0.71,12.3,7,1,-1.2170476877150156,-1.3178913520364262
0.27,1.5,0.089,0.9923,3.49,0.62,10.8,6,1,-1.2192716411652915,30.40868776130752
0.21,1.0,0.053,0.9927,3.12,0.45,9.4,6,1,-0.3154495591022872,35.04416032648224
0.48,2.3,0.049,0.9931,3.17,0.64,10.6,6,1,0.4831292813670078,63.54765637440632
0.35,12.5,0.044,0.9941,3.17,0.29,11.6,5,1,-0.1138588897159724,-41.90723283880512
0.19,0.8,0.048,0.9934,3.34,0.56,10.0,5,1,-0.5993489501263447,84.47507469168674
0.27,2.4,0.048,0.9936,3.1,0.51,9.2,6,1,-0.0172334677420806,33.94531691268183
0.22,1.6,0.027,0.9893,3.51,0.38,12.5,7,1,-2.114753897789763,-27.20563912442041
0.28,1.5,0.037,0.9919,3.32,0.51,10.4,7,1,-0.8158123082113766,0.607196266627966
0.44,1.4,0.045,0.9924,3.15,0.46,10.0,7,1,0.0807819251382317,-17.756731456104802
0.5,2.6,0.049,0.9927,3.22,0.64,10.0,6,1,-1.515263779075222,36.79128540718047
0.26,12.5,0.046,0.9975,3.1,0.52,9.0,6,1,-0.0169554735607961,67.28343755873571
0.28,9.6,0.051,0.9969,3.12,0.53,9.2,6,1,0.2848745421561061,40.80954449146084
0.39,3.2,0.027,0.991,3.38,0.39,11.3,7,1,-1.2142677459021716,8.287789359256408
0.56,1.5,0.026,0.9906,3.48,0.39,10.8,7,1,-2.2191631568396177,-0.522715333175924
0.35,5.9,0.04,0.9941,3.12,0.66,10.1,5,1,-0.9135497069104056,154.05025821576544
0.32,5.4,0.047,0.995,3.39,0.46,9.7,6,1,-0.5187081935763089,24.95684968228336
0.38,14.9,0.032,0.9983,3.18,0.61,9.3,7,1,-0.2163221894968368,71.9923572998918
0.32,1.1,0.031,0.9916,3.1,0.46,10.6,5,1,-0.7144609851556503,-50.73892702622638
0.15,9.8,0.031,0.9957,3.36,0.47,10.2,6,1,-1.1090245043084632,8.057569140297844
0.43,2.0,0.021,0.99,3.08,0.56,12.2,6,1,0.0818939018633697,-46.207969823036464
0.51,11.8,0.044,0.9976,3.19,0.44,8.8,5,1,-0.414298934526454,54.93630371492905
0.12,1.3,0.04,0.992,3.18,0.41,10.0,5,1,-0.4170788763392981,65.55750197302639
0.42,1.8,0.031,0.9917,3.09,0.39,11.4,5,1,0.9826580479322438,-20.55044226961104
0.4,1.5,0.037,0.9917,3.46,0.5,11.4,6,1,-0.91883159635481,-5.775401379245011
0.27,18.2,0.048,0.9993,3.35,0.44,9.4,5,1,-1.3170090398643195,57.49979430947671
0.42,2.9,0.032,0.9908,3.3,0.41,11.7,6,1,-0.8191482383867896,-29.82138739996049
0.07,1.4,0.069,0.9934,3.23,0.52,9.2,5,1,-1.1145843879341522,-7.795125668879649
0.31,18.2,0.046,1.0,3.07,0.56,8.7,5,1,-0.1171948198913854,139.9340937397917
0.31,6.3,0.035,0.9918,3.24,0.66,12.6,6,1,-0.4184688472457205,55.07188726291734
0.34,4.0,0.031,0.9896,3.39,0.39,12.8,7,1,-1.4164144036510553,-12.409408739065457
0.24,1.2,0.049,0.9932,3.17,0.51,9.4,5,1,-0.3110016522017362,6.676247826546472
0.39,1.2,0.044,0.992,3.26,0.53,10.3,6,1,-0.9204995614425168,0.9108636615678593
0.39,18.95,0.038,0.9999,2.97,0.47,9.0,6,1,-0.0177894561046496,42.54679088114453
0.36,12.7,0.04,0.998,3.3,0.79,9.6,6,1,0.0830058785885077,27.0288316529104
0.39,1.2,0.036,0.9918,3.16,0.5,10.5,5,1,-0.0194574211923566,-27.875110286307176
0.27,1.2,0.0409999999999999,0.9927,3.19,0.33,9.8,6,1,0.181021271468821,-15.402271585526776
0.22,7.7,0.047,0.9959,3.1,0.47,9.0,5,1,-0.4173568705205825,99.5227147909892
0.28,1.6,0.05,0.9929,3.31,0.56,10.5,6,1,0.1838012132816651,22.958314887637627
0.31,2.7,0.03,0.9898,3.16,0.37,12.7,7,1,-0.2185461429471118,23.826938082479487
0.28,8.7,0.045,0.9954,3.25,0.54,10.4,6,1,-0.2188241371283963,106.59597309373784
0.28,8.6,0.045,0.9954,3.25,0.54,10.4,6,1,-0.2188241371283963,105.62283453691118
0.38,8.3,0.047,0.9954,3.34,0.52,10.5,7,1,-0.3182295009151312,50.50986187372395
0.5,13.3,0.053,0.9974,3.09,0.45,9.4,5,1,-0.41652288797673,81.88051591113562
0.27,1.2,0.051,0.9936,3.06,0.46,9.1,5,1,0.5808666800660367,-26.7451986865033
0.47,13.6,0.0559999999999999,0.9978,3.1,0.49,9.3,5,1,-0.1160828431662484,86.18125289536694
0.1,1.1,0.048,0.9927,3.21,0.38,9.8,5,1,-0.8149783256675232,-31.841111689595152
0.34,2.3,0.045,0.9934,3.18,0.61,9.9,7,1,0.1794923034717568,107.2139026311121
0.09,1.5,0.108,0.9938,3.07,0.57,9.2,4,1,-0.0094496306661167,32.6685109609153
0.36,7.1,0.0279999999999999,0.9922,3.35,0.47,12.1,8,1,-0.2182681487658273,-9.615697925559232
0.37,6.2,0.027,0.992,3.38,0.49,12.2,7,1,-0.3190634834589847,-18.039209356055764
0.32,2.5,0.042,0.9935,3.27,0.6,9.8,5,1,-1.1165303472031427,99.96690507942468
0.32,1.4,0.035,0.9906,3.35,0.64,12.4,8,1,-0.6200595166320362,74.32562767548087
0.04,1.2,0.06,0.9934,3.26,0.54,9.2,5,1,-1.0146230357848474,-7.564905449921085
0.37,1.6,0.0279999999999999,0.9913,3.29,0.59,11.6,7,1,-0.5184301993950244,-13.173516571922477
0.2,6.6,0.033,0.9938,3.3,0.69,10.4,6,1,-1.113750405390299,21.11655313596914
0.28,2.2,0.026,0.9898,3.43,0.65,12.9,8,1,-1.2173256818963,17.088415360674176
0.44,12.2,0.048,0.9975,3.26,0.54,9.3,6,1,-0.6100517261057963,132.89190362304652
0.36,20.8,0.031,0.9975,3.2,0.33,11.0,6,1,-0.3179515067338467,26.516133534000872
0.32,11.0,0.038,0.9937,3.24,0.4,11.5,3,1,-0.1158048489849639,-50.048266369350685
0.27,2.6,0.054,0.9914,3.53,0.42,12.4,5,1,-1.4164144036510553,40.75728681046844
0.24,14.0,0.048,0.9982,3.44,0.53,9.8,6,1,-0.7130710142492278,-2.468992446829233
0.29,1.6,0.052,0.9929,3.48,0.56,10.5,7,1,-0.8166462907552292,13.457149538329602
0.2,9.9,0.07,0.9971,3.03,0.54,9.1,5,1,-0.0080596597596942,56.20179886272125
0.25,1.2,0.038,0.9921,3.24,0.44,10.1,5,1,-1.1187543006534186,14.430288095156255
0.14,2.7,0.042,0.9931,3.46,0.51,10.6,7,1,-1.3114491562386306,43.95918038089941
0.27,1.6,0.046,0.9924,3.41,0.51,10.5,7,1,-1.216769693533731,-0.6272306951607334
0.24,14.0,0.048,0.9982,3.44,0.53,9.8,6,1,-0.8130323663985317,-2.468992446829233
0.31,1.5,0.022,0.9892,3.3,0.4,12.9,7,1,-0.9179976138109563,-35.629150554916976
0.27,8.6,0.0559999999999999,0.9956,2.95,0.52,9.5,5,1,-0.1188627849790924,-3.9548291225654415
0.32,1.0,0.053,0.9924,3.29,0.72,9.8,6,1,-1.213989751720887,101.80866683109316
0.35,9.1,0.059,0.9971,3.37,0.5,8.5,5,1,-1.1123604344838762,143.46084420015148
0.29,15.2,0.047,0.9982,3.22,0.45,9.3,5,1,-0.2177121604032583,57.65656735245393
0.19,12.4,0.047,0.9973,3.35,0.38,9.5,5,1,-1.317287034045604,51.200522530599656
0.21,2.2,0.044,0.9932,3.17,0.39,9.4,6,1,-0.4156889054328765,-48.332209474655926
0.62,11.0,0.047,0.9976,3.16,0.5,8.7,5,1,-0.0138975375666676,70.45426294316316
0.58,10.0,0.081,0.9962,2.95,0.46,8.9,5,1,-0.9185536021735254,12.484010981502948
0.32,9.0,0.039,0.9956,3.22,0.43,9.4,6,1,-0.2207700963973877,31.68549371307405
0.53,18.15,0.047,0.9992,3.09,0.52,9.6,5,1,-0.0166774793795125,72.73527563775987
0.7,12.15,0.039,0.9983,3.0,0.73,9.3,6,1,1.3850054041610225,40.63158195349472
0.34,3.4,0.036,0.9937,3.14,0.76,10.0,5,1,-0.7139049967930813,84.49626418667567
0.29,2.0,0.023,0.99,3.25,0.45,12.5,6,1,-0.6178355631817603,-29.89483457594183
0.31,4.8,0.034,0.9944,3.36,0.48,9.6,7,1,-0.2199361138535343,18.322842322462904
0.22,4.5,0.03,0.9938,3.24,0.36,9.4,6,1,-1.7196343902743818,-11.792195258171104
0.51,11.0,0.0289999999999999,0.9965,3.03,0.61,9.5,5,1,-0.2179901545845428,115.60562981912528
0.36,1.1,0.0279999999999999,0.9893,2.99,0.39,12.4,7,1,0.1829672307378125,-6.110136960188385
0.28,1.5,0.037,0.9927,3.11,0.55,10.5,6,1,-0.2185461429471118,0.6283857616168831
0.13,1.7,0.073,0.994,2.97,0.58,9.2,6,1,-0.1094109828154215,47.44355185128133
0.33,1.7,0.0409999999999999,0.9928,3.32,0.56,10.4,6,1,-0.918275607992241,57.06054336654852
0.34,8.9,0.043,0.9964,3.22,0.6,9.2,5,1,-0.511480344862913,56.55772393865355
0.41,1.3,0.047,0.9917,3.33,0.51,10.6,6,1,-1.3142290980514757,-6.392614860139361
0.24,13.3,0.044,0.9972,3.34,0.42,9.5,5,1,-1.4172483861949088,24.80007663930614
0.3,6.6,0.346,0.9954,3.29,0.58,9.6,5,1,-1.0140670474222784,94.85617403981097
0.38,1.5,0.0279999999999999,0.993,3.47,0.54,9.7,6,1,-1.0193489368666828,4.186204407980142
0.37,1.5,0.025,0.9928,3.46,0.51,9.7,6,1,-1.2198276295278605,5.797745940690078
0.28,1.3,0.035,0.9916,3.1,0.42,10.7,6,1,-0.6150556213689162,-23.009417502173875
0.29,1.6,0.045,0.9936,3.34,0.68,10.5,6,1,0.1832452249190961,69.4076772103552
0.31,7.6,0.047,0.9962,3.13,0.45,8.9,6,1,0.1824112423752435,66.25804132091663
0.36,1.0,0.035,0.9899,3.09,0.46,12.1,6,1,-0.2168781778594048,-47.99747389371255
0.39,1.6,0.032,0.9898,3.25,0.4,12.7,7,1,-0.1183067966165234,-51.9422858020116
0.26,8.9,0.039,0.996,3.18,0.46,9.9,6,1,0.5803106917034677,68.82153191546432
0.28,1.8,0.022,0.9907,3.2,0.64,11.4,6,1,-0.9191095905360944,42.24312348620465
0.38,4.7,0.04,0.994,3.37,0.58,10.7,6,1,-0.4190248356082895,-11.509717358220144
0.13,7.0,0.025,0.9913,3.33,0.48,12.5,6,1,-1.5119278488998082,56.84020183860453
0.62,10.8,0.0409999999999999,0.9976,3.08,0.49,8.6,4,1,-0.0136195433853831,82.07966794409067
0.32,1.6,0.026,0.9904,3.29,0.54,12.5,6,1,-0.418190853064436,34.991902645489816
0.34,1.0,0.04,0.992,3.27,0.66,10.0,5,1,-1.514846787803295,54.36003711105276
0.54,16.7,0.045,0.999,3.08,0.49,9.5,6,1,-0.0169554735607961,89.1006685658469
0.58,14.2,0.038,0.9975,3.12,0.48,9.6,6,1,-0.419302829789574,53.37701986321152
0.3,2.25,0.038,0.9937,3.2,0.62,9.9,6,1,-0.8160903023926611,88.24192406201963
0.29,2.25,0.037,0.9937,3.19,0.62,9.9,5,1,-0.7161289502433572,88.24192406201963
0.31,12.2,0.053,0.998,3.06,0.53,8.9,6,1,0.5800326975221832,28.870593404578912
0.26,3.3,0.09,0.9944,3.01,0.52,8.8,5,1,0.0893997447580492,15.026312081061675
0.27,1.9,0.048,0.9938,3.64,0.54,10.0,7,1,-1.2176036760775846,56.68342879562728
0.28,3.5,0.039,0.9907,3.44,0.44,12.0,6,1,-1.3070012493380796,42.62023805712589
0.12,1.3,0.0409999999999999,0.9921,3.21,0.42,10.0,6,1,-0.517040228488602,30.607839794262603
0.35,1.8,0.042,0.9908,3.11,0.41,12.1,6,1,0.5844806044227342,46.39696611847332
0.36,5.2,0.04,0.9931,3.16,0.59,11.0,6,1,0.0824498902259387,26.39042867702712
0.33,1.4,0.025,0.9915,3.21,0.33,11.2,6,1,0.1851911841880875,-58.22036808589975
0.32,9.0,0.036,0.9952,3.17,0.39,10.3,7,1,0.5828126393350281,1.7794868564096902
0.26,2.2,0.051,0.9926,3.37,0.47,10.4,6,1,-1.11569636465929,51.00137049764457
0.37,1.6,0.055,0.9934,3.08,0.45,9.1,5,1,-0.4195808239708585,42.72475341911069
0.42,1.7,0.045,0.992,3.0,0.6,10.4,6,1,0.1793533063811141,43.18519385702781
0.28,1.9,0.05,0.9918,3.43,0.64,10.8,6,1,-1.320622964221018,-37.449722811596544
0.34,12.6,0.048,0.9942,3.19,0.4,11.7,5,1,-0.0152875084730901,-76.44871226064421
0.26,2.1,0.039,0.9942,3.05,0.74,9.8,5,1,0.6802720438527725,23.04164075463352
0.4,1.3,0.038,0.9901,3.03,0.39,11.4,6,1,-0.3176735125525622,-14.60709556666626
0.32,1.7,0.033,0.9898,3.03,0.38,11.2,6,1,-1.4141904502007805,-19.47278835079956
0.37,1.0,0.038,0.9902,3.37,0.34,11.4,5,1,-1.6143911486806737,-46.51163721797636
0.39,3.3,0.114,0.9934,3.09,0.45,9.2,6,1,-1.3153410747766134,23.805748587490527
0.46,5.0,0.04,0.9906,3.04,0.53,12.5,4,1,-0.0161214910169436,-89.04725581839836
0.22,1.8,0.034,0.9898,3.36,0.44,12.6,6,1,-1.1165303472031427,2.2921849753192447
0.02,1.6,0.031,0.9896,3.44,0.35,12.2,6,1,-2.0139585630966046,-11.227239458269167
0.47,4.5,0.03,0.9922,3.56,0.45,11.2,6,1,-1.6188390555812244,-4.593232098448709
0.35,4.9,0.048,0.9947,3.43,0.79,9.7,6,1,-0.82165018601835,-10.588836482385886
0.48,4.0,0.186,0.9945,3.06,0.4,9.3,5,1,-0.8194262325680741,42.74594291409964
0.36,13.2,0.067,0.9976,3.01,0.48,9.0,6,1,0.182133248193959,67.46140009670187
0.51,15.3,0.047,0.9987,3.09,0.51,9.1,5,1,0.6845809536626817,60.879650417873805
0.3,1.5,0.045,0.992,3.31,0.54,10.4,5,1,-1.117642323928281,-53.532637839732615
0.24,4.55,0.053,0.9955,3.37,0.67,9.5,6,1,-0.417634864701867,96.81232984447888
0.31,9.9,0.04,0.9953,3.46,0.55,11.4,4,1,-0.5159282517634649,54.64251501100371
0.65,10.4,0.05,0.9976,3.16,0.42,8.7,5,1,-0.0119515782976762,86.38040492832202
0.35,1.1,0.045,0.992,3.34,0.68,9.9,6,1,-1.7143525008299774,47.7782874322247
0.41,8.7,0.036,0.9952,3.22,0.62,9.9,6,1,-0.5178742110324555,32.7419581368966
0.17,13.9,0.047,0.9983,3.21,0.51,9.0,6,1,-0.4168008821580136,50.97030231164108
0.22,1.4,0.04,0.9933,3.49,0.58,10.0,6,1,-0.8199822209306431,36.477739321226025
0.24,7.2,0.039,0.9958,3.49,0.64,9.7,6,1,-0.917163631267103,58.16926547136349
0.42,1.9,0.052,0.9922,3.3,0.49,11.8,6,1,0.4811833220980173,-30.993677989742224
0.31,1.7,0.044,0.9928,3.49,0.5,10.2,7,1,-0.7194648804187702,12.536268662495344
0.51,13.6,0.05,0.9976,3.07,0.52,9.6,7,1,-0.2163221894968368,54.73715168197397
0.34,1.2,0.026,0.9916,2.93,0.37,11.3,7,1,1.981437586881432,-20.320222050652475
0.34,1.6,0.0279999999999999,0.9901,3.0,0.38,12.1,7,1,0.5828126393350281,4.238462088972554
0.71,12.2,0.046,0.9982,2.98,0.65,9.4,5,1,1.1845267114998457,42.808079286106576
0.24,1.6,0.049,0.993,3.32,0.5,10.4,6,1,-1.1129164228464452,19.04457116534208
0.24,12.1,0.044,0.9969,3.25,0.39,9.5,5,1,-1.318399010770742,54.81059885795533
0.44,4.2,0.047,0.991,3.01,0.76,12.3,6,1,-0.0152875084730901,33.914248726678366
0.42,9.1,0.049,0.9953,3.12,0.74,9.9,7,1,-0.5187081935763089,35.148675688467065
0.1,1.6,0.057,0.9924,3.24,0.48,10.1,5,1,-1.313951103870191,15.581389189949064
0.27,8.8,0.063,0.9969,3.09,0.63,9.2,6,1,0.4845192522734303,70.07714837224195
0.22,1.4,0.046,0.9928,3.08,0.77,10.4,7,1,0.1835232191003806,17.09829405168874
0.3,4.2,0.066,0.9945,3.2,0.42,9.1,5,1,-0.410407015988472,51.35729557357688
0.38,10.3,0.059,0.9967,3.12,0.47,10.0,6,1,0.5811446742473212,-15.172051366568212
0.34,12.4,0.051,0.9944,3.13,0.39,11.5,6,1,-0.0150095142918056,-80.57148670690941
0.5,2.2,0.048,0.9928,3.08,0.61,9.8,5,1,-1.2170476877150156,44.51425748978677
0.51,2.2,0.05,0.9929,3.08,0.6,9.8,6,1,-1.1170863355657117,45.94783648453056
0.27,5.2,0.04,0.9948,3.19,0.69,9.4,6,1,-0.7166849386059253,66.36255668290146
0.66,10.8,0.051,0.9976,3.05,0.46,8.7,5,1,0.18658115509451,88.55690226093391
0.29,2.7,0.038,0.9912,3.32,0.41,11.6,7,1,-0.7166849386059253,-7.847383349872075
0.54,16.3,0.047,0.9987,3.04,0.56,8.8,5,1,-0.5150942692196114,68.3088337965548
0.34,2.7,0.032,0.99,3.16,0.39,12.7,7,1,-0.0191794270110721,40.26577818654785
0.33,1.9,0.035,0.991,3.17,0.44,11.7,7,1,0.1807432772875365,25.312774758215667
0.3,1.8,0.047,0.9933,3.13,0.5,10.2,6,1,0.9809900828445368,72.89204868073709
0.29,1.8,0.047,0.9933,3.13,0.5,10.2,6,1,0.9812680770258222,74.83832579439043
0.33,2.8,0.033,0.9899,3.15,0.38,12.7,7,1,-0.1185847907978079,41.98183508124261
0.26,6.0,0.034,0.9912,3.38,0.38,12.3,7,1,-1.2137117575396026,22.1108811877847
0.22,4.2,0.042,0.994,3.35,0.39,9.4,5,1,-1.519155697613204,-4.185049341523992
0.22,6.4,0.0559999999999999,0.9947,3.13,0.35,10.1,6,1,0.0835618669510758,55.65803255780823
0.22,10.7,0.042,0.9954,2.86,0.36,9.7,6,1,0.1818552540126745,-33.148985827365195
0.3,1.6,0.046,0.993,3.42,0.51,10.1,7,1,-0.6175575690004758,19.808678998199085
0.3,7.9,0.049,0.9963,3.13,0.48,8.9,6,1,0.1824112423752435,43.57218711896358
0.25,1.7,0.034,0.992,3.47,0.5,10.8,7,1,-1.1154183704780056,22.90605720664523
0.27,2.1,0.036,0.9926,3.42,0.49,10.8,7,1,-0.3168395300087088,9.460079949038146
0.33,5.8,0.04,0.995,3.19,0.58,9.5,6,1,-0.2182681487658273,20.143414579142487
0.5,14.5,0.059,0.9983,2.94,0.44,9.1,5,1,-0.1160828431662484,27.44689310084969
0.37,1.2,0.037,0.992,3.32,0.49,10.9,6,1,0.0807819251382317,8.895124149136208
0.33,10.1,0.043,0.9968,3.2,0.52,9.4,5,1,-0.3132256056520113,36.404292145244696
0.07,1.1,0.03,0.9905,2.97,0.28,10.8,5,1,-0.8119203896733937,11.824418510630736
0.06,1.0,0.03,0.9904,2.97,0.29,10.8,5,1,-0.811225404220183,11.594198291672186
0.38,0.9,0.051,0.9926,3.45,0.5,10.5,7,1,-0.9168856370858184,19.892004865194977
0.37,4.9,0.034,0.9928,3.17,0.44,10.8,6,1,-0.2166001836781212,11.615387786661117
0.29,11.4,0.036,0.9949,3.35,0.48,10.5,8,1,-1.316731045683035,1.0888261995340116
0.4,1.4,0.036,0.9909,3.08,0.68,11.5,7,1,-0.3193414776402692,-61.21323093236106
0.35,1.4,0.18,0.9937,3.11,0.54,9.4,6,1,-0.5162062459447494,46.03116235152648
0.4,1.4,0.045,0.9914,2.88,0.38,10.8,6,1,-0.0180674502859341,-7.669420811905908
0.49,1.5,0.052,0.9924,2.99,0.61,9.8,6,1,-0.917163631267103,20.269119436116213
0.29,7.5,0.049,0.9965,3.43,0.38,9.6,5,1,0.0821718960446542,44.54532567579027
0.25,17.75,0.044,0.9993,3.34,0.48,9.5,5,1,-1.1165303472031427,49.76694353585587
0.35,5.7,0.061,0.9965,3.48,0.69,10.7,6,1,0.185469178369372,-23.7212676540385
0.28,3.2,0.037,0.9908,3.25,0.65,12.4,8,1,-0.7144609851556503,4.52093998892353
0.4,4.3,0.032,0.992,3.09,0.39,11.1,6,1,0.1818552540126745,-23.438789754087523
0.68,11.0,0.047,0.9978,2.99,0.38,8.8,5,1,0.2815386119806931,19.98664153616524
0.68,10.9,0.045,0.9978,3.0,0.36,8.7,5,1,0.2809826236181241,20.216861755123787
0.33,2.4,0.037,0.9912,3.21,0.65,11.7,7,1,0.5839246160601652,-15.527976442500504
0.27,1.9,0.051,0.9928,3.23,0.5,10.9,6,1,0.5822566509724592,83.7745353437965
0.27,1.8,0.051,0.9928,3.23,0.5,10.8,6,1,0.4817393104605862,78.9088425596632
0.3,1.4,0.057,0.993,3.12,0.5,9.6,6,1,0.1804652831062521,21.01203777398429
0.41,16.8,0.084,0.9993,3.18,0.58,9.0,5,1,-0.7116810433428054,111.6608179108262
0.43,8.9,0.083,0.9965,2.85,0.5,9.0,5,1,-0.7172409269684943,59.958769542039576
0.12,6.6,0.043,0.9937,3.36,0.6,10.4,6,1,-1.9151091876724389,24.318446706400053
0.34,1.1,0.045,0.9913,3.23,0.51,11.4,5,1,-0.0180674502859341,-54.98740632946532
0.06,1.4,0.066,0.9934,3.26,0.55,9.3,5,1,-1.2142677459021716,12.81874656244632
0.29,13.3,0.039,0.9952,3.33,0.46,11.0,8,1,-1.017680971778976,19.829868493188016
0.12,10.4,0.096,0.9983,3.32,0.45,9.1,4,1,0.3906737721123834,59.35143475215976
0.24,6.2,0.048,0.9957,3.23,0.62,9.4,6,1,-0.2157662011342678,111.0534831209464
0.33,1.2,0.036,0.9916,3.18,0.6,10.5,6,1,-1.4155804211072027,-16.32315246136102
0.42,18.05,0.05,0.9999,3.22,0.42,8.8,5,1,-0.2182681487658273,30.230725223341366
0.33,4.8,0.04,0.9936,3.26,0.64,10.7,6,1,-0.3179515067338467,13.20573982438212
0.2,12.6,0.045,0.9972,3.33,0.42,9.5,5,1,-1.216213705171163,74.3778853564733
0.28,4.5,0.033,0.9933,3.43,0.49,10.9,6,1,-1.119588283197272,38.60197897284552
0.25,4.5,0.027,0.9934,3.49,0.51,10.8,6,1,-1.3203449700397334,26.10795077707617
0.28,4.7,0.037,0.9931,3.41,0.46,10.8,7,1,-1.0196269310479673,20.44708197408237
0.25,11.9,0.053,0.9976,3.1,0.62,9.2,5,1,0.1829672307378125,31.82107726106237
0.14,5.0,0.046,0.9937,3.3,0.71,10.3,5,1,-1.6143911486806737,85.77307013844224
0.14,5.8,0.046,0.9937,3.3,0.71,10.3,5,1,-1.414885435653991,85.03015180057413
0.29,1.2,0.047,0.991,3.34,0.5,11.0,7,1,-1.6175880817654449,13.226929319371052
0.25,12.9,0.054,0.9979,3.25,0.43,9.0,4,1,-1.1165303472031427,73.79174006158244
0.33,13.9,0.046,0.9971,3.36,0.5,10.4,6,1,-0.9185536021735254,71.88784193790694
0.28,11.5,0.05,0.9969,3.31,0.45,9.5,5,1,-0.8177582674803672,48.49013758408931
0.29,11.4,0.051,0.9968,3.31,0.45,9.5,5,1,-0.8177582674803672,50.949112816652175
0.25,7.8,0.0579999999999999,0.9961,3.24,0.41,9.0,5,1,-0.917163631267103,53.71175544415492
0.72,1.1,0.061,0.993,3.09,0.57,9.5,4,1,-0.7152949676995037,30.596528990288235
0.34,12.2,0.05,0.9973,3.16,0.37,9.0,6,1,0.1781023325653343,37.24184715408306
0.12,5.9,0.0409999999999999,0.9944,3.16,0.72,10.0,5,1,-1.2153797226273095,74.7648786184091
0.34,14.4,0.067,0.9986,3.07,0.53,9.1,7,1,-0.1174728140726699,74.021960280541
0.26,12.3,0.053,0.9972,3.34,0.45,9.5,6,1,-1.3175650282268885,20.269119436116213
0.37,2.5,0.048,0.9917,3.33,0.75,11.4,7,1,-0.7186308978749167,32.44960154593109
0.35,5.3,0.03,0.992,3.11,0.42,12.2,6,1,0.4825732930044397,2.804883094228771
0.35,4.9,0.0279999999999999,0.9932,3.04,0.4,11.3,6,1,1.782070870945395,-19.29482581283341
0.21,3.2,0.05,0.9936,3.25,0.44,10.2,5,1,0.0846738436762137,17.610992170598294
0.25,3.1,0.052,0.9915,3.24,0.4,11.3,5,1,-0.6170015806379068,74.43014303746573
0.16,1.4,0.038,0.9922,3.15,0.47,10.0,4,1,-0.41652288797673,138.44403377502812
0.26,1.9,0.049,0.9934,3.15,0.38,9.4,5,1,-0.1169168257101009,-31.506376108651764
0.34,14.0,0.032,0.9952,3.37,0.5,12.2,7,1,-0.417634864701867,22.28884372575085
0.1,8.3,0.094,0.9972,3.4,0.47,9.2,4,1,-0.2088163466021564,70.2861790962116
0.38,7.4,0.052,0.9958,3.35,0.52,9.6,6,1,-0.1199747617042303,70.43307344817426
0.22,1.4,0.0559999999999999,0.9944,3.28,0.48,9.5,5,1,0.5828126393350281,14.074363019223952
0.37,1.7,0.036,0.9908,3.35,0.72,12.5,6,1,-0.4184688472457205,80.55145227837663
0.25,1.3,0.047,0.9925,3.35,0.46,10.0,6,1,-1.1204222657411256,58.91218380923159
0.5,11.6,0.047,0.9966,3.18,0.57,9.3,5,1,-0.8177582674803672,101.18651400469156
0.26,9.2,0.0579999999999999,0.9972,3.14,0.55,9.3,6,1,0.5867045578730101,83.52312562984902
0.36,1.7,0.038,0.9912,3.29,0.57,11.6,6,1,-0.6167235864566223,-14.60709556666626
0.34,14.5,0.039,0.995,3.38,0.5,12.5,8,1,-0.1158048489849639,38.60197897284552
0.3,2.1,0.038,0.9928,3.36,0.63,10.6,6,1,-0.5159282517634649,12.693041705472597
0.5,10.7,0.047,0.9968,3.08,0.6,9.4,5,1,-0.8155343140300921,95.63016056368257
0.25,6.9,0.0559999999999999,0.9955,3.19,0.4,9.1,6,1,-1.1165303472031427,87.77160493308794
0.25,12.0,0.057,0.9981,3.23,0.41,9.0,6,1,-1.316175057320467,111.07467261593536
0.38,4.75,0.033,0.991,3.42,0.42,11.8,7,1,-1.4153024269259182,-21.188845245494303
0.38,4.75,0.033,0.991,3.42,0.42,11.8,7,1,-1.515263779075222,-21.188845245494303
0.14,1.4,0.043,0.992,3.17,0.39,10.0,5,1,-0.5167622343073175,51.50418992553956
0.69,1.3,0.0579999999999999,0.9931,3.06,0.47,9.7,5,1,-0.4151329170703075,51.21040122161419
0.25,11.3,0.052,0.997,3.24,0.44,9.5,6,1,-1.317287034045604,49.51553382190839
0.32,4.5,0.24,0.9948,3.12,0.48,9.4,5,1,-0.8169242849365137,65.41060762106373
0.31,1.7,0.052,0.9923,3.03,0.42,11.2,5,1,0.8877005910460607,71.63643222395949
0.26,13.2,0.051,0.9976,3.25,0.46,9.0,5,1,-1.0143450416035629,90.07380712267356
0.35,5.5,0.043,0.9938,3.3,0.53,10.7,7,1,-0.4184688472457205,-2.1865145468782714
0.3,10.7,0.044,0.9972,3.14,0.5,9.1,6,1,-0.0169554735607961,112.12125834874332
0.37,2.0,0.039,0.9922,3.26,0.6,10.8,7,1,-0.5198201703014469,11.510872424676291
0.34,1.9,0.043,0.9935,3.31,0.6,10.1,4,1,-0.3190634834589847,20.143414579142487
0.16,6.4,0.037,0.9944,3.17,0.62,9.9,6,1,-1.1143063937528677,83.01042751093946
0.16,6.3,0.036,0.9942,3.17,0.62,9.8,5,1,-1.2142677459021716,76.19845761315288
0.14,6.3,0.036,0.9944,3.17,0.63,9.8,5,1,-1.313951103870191,69.8991858342758
0.58,17.5,0.0409999999999999,0.9997,3.16,0.66,9.5,6,1,0.383167929217703,112.7384718296377
0.28,14.7,0.047,0.9977,3.23,0.46,9.5,5,1,-0.914939677816828,86.00329035740079
0.34,1.0,0.022,0.9912,3.23,0.57,11.1,6,1,-0.5192641819388779,-21.41906546445287
0.51,14.8,0.039,0.9982,3.06,0.6,9.5,5,1,0.2837625654309681,94.83498454482206
0.48,14.2,0.042,0.9983,3.06,0.59,9.4,5,1,0.1838012132816651,94.83498454482206
0.7,13.1,0.042,0.998,3.06,0.64,9.7,5,1,1.1859166824062672,80.4257474214029
0.22,2.4,0.03,0.9894,3.41,0.78,13.9,7,1,-1.3147850864140445,17.788954708564418
0.18,1.2,0.042,0.9927,3.22,0.45,10.1,4,1,-0.6139436446437783,-31.610891470636588
0.28,1.1,0.038,0.9917,3.12,0.42,10.5,6,1,-0.8152563198488076,-4.00708680355784
0.26,3.6,0.037,0.9904,3.42,0.5,12.6,6,1,-1.6171710904935177,-1.9040366469273096
0.46,6.1,0.032,0.993,2.89,0.34,10.9,5,1,1.3822254623481776,-75.06739094689284
0.21,6.3,0.0409999999999999,0.9941,3.15,0.6,10.0,5,1,-1.015735012509985,105.69628171289254
0.45,4.4,0.046,0.9943,3.13,0.62,11.2,6,1,-0.019735415373641,56.70461829061624
0.44,13.9,0.05,0.99855,3.11,0.48,10.0,6,1,0.4806273337354483,18.67876739839521
0.21,1.0,0.044,0.99345,3.14,0.46,9.2,5,1,-1.0112871056094337,-19.598493207773306
0.24,12.1,0.046,0.998,3.35,0.45,9.5,5,1,-1.1173643297469962,61.16212831782481
0.43,1.6,0.035,0.9916,3.1,0.5,12.3,6,1,0.9823800537509602,13.73962743828058
0.39,7.5,0.04,0.99475,3.32,0.43,10.0,5,1,-0.8158123082113766,102.44213046146918
0.26,2.7,0.038,0.99325,3.41,0.5,10.8,6,1,-1.213433763358318,72.99656404272194
0.27,1.7,0.038,0.9933,3.49,0.71,10.5,7,1,-1.0185149543228291,37.45087787805271
0.31,9.2,0.048,0.9969,3.06,0.61,9.2,6,1,0.4867432057237062,102.16953125253274
0.41,18.75,0.042,1.0002,2.96,0.5,9.1,5,1,-0.2171561720406893,42.65130624312936
0.5,1.8,0.042,0.9937,3.45,0.5,10.2,7,1,0.1832452249190961,13.68736975728818
0.44,9.0,0.053,0.99685,3.02,0.45,8.9,5,1,-0.6164455922753387,69.53338206732893
0.44,1.5,0.046,0.99455,3.5,0.52,10.4,5,1,-1.2159357109898783,62.60558600358313
0.34,1.6,0.032,0.9917,3.37,0.47,11.7,6,1,-0.3160055474648562,11.897865686612064
0.31,1.3,0.02,0.99035,3.26,0.44,12.4,8,1,-0.6153336155502007,-24.67321671587624
0.4,1.8,0.0279999999999999,0.9914,3.14,0.39,10.9,7,1,0.5833686276975962,6.0590343456521225
0.21,1.2,0.0409999999999999,0.99225,3.15,0.46,10.2,5,1,-0.8135883547611007,22.4456167687281
0.31,2.8,0.038,0.99155,3.37,0.66,11.7,7,1,-0.8177582674803672,2.417889832292971
0.34,8.0,0.057,0.9954,2.99,0.59,9.4,5,1,-0.2188241371283963,-15.297756223541953
0.31,5.3,0.043,0.99455,3.35,0.47,10.5,5,1,-0.8199822209306431,44.49306799479784
0.27,0.8,0.185,0.9924,3.12,0.62,9.4,5,1,-1.215101728446025,67.7537566876674
0.33,13.8,0.042,0.99695,3.35,0.56,10.4,6,1,-0.7180749095123478,23.06283024962245
0.48,10.0,0.044,0.99655,3.25,0.47,9.5,6,1,-1.0174029775976914,133.5514960939188
0.45,6.0,0.022,0.9934,3.01,0.33,11.1,7,1,1.5824261608280707,-67.05206227332101
0.3,14.4,0.052,0.998,3.02,0.5,9.1,6,1,-0.6175575690004758,69.33423003437385
0.25,9.8,0.04,0.9971,3.28,0.61,9.2,5,1,-0.3140595881958647,74.35669586148437
0.3,5.5,0.038,0.9948,3.14,0.49,9.6,6,1,-0.8174802732990827,11.029242491770232
0.31,3.8,0.021,0.99215,3.17,0.39,10.8,7,1,-0.1188627849790924,29.43554920448084
0.4,4.6,0.022,0.9915,3.31,0.37,12.6,3,1,-0.3137815940145803,-98.31820094874784
0.3,1.5,0.031,0.99115,3.44,0.55,11.0,6,1,-1.4186383571013312,-57.655412285997805
0.37,2.0,0.03,0.9932,3.28,0.61,10.2,6,1,-0.2191021313096808,20.37363479810104
0.25,12.5,0.034,0.9977,3.33,0.43,9.4,5,1,-1.3170090398643195,38.70649433483031
0.27,7.5,0.0409999999999999,0.99535,3.17,0.43,10.0,5,1,0.1857471725506565,43.2685197240237
1.66,2.1,0.022,0.99165,3.26,0.55,12.2,6,1,0.1807432772875365,-0.166790257243619
0.34,8.5,0.033,0.9953,3.22,0.56,10.5,6,1,-0.2188241371283963,135.38194704161288
0.4,7.6,0.024,0.9928,3.04,0.32,11.5,6,1,-0.0166774793795125,67.17892219675089
0.38,8.1,0.049,0.9958,3.3,0.54,9.8,6,1,-0.3196194718215537,63.44314101242149
0.42,7.35,0.025,0.9928,3.04,0.32,11.4,6,1,0.0835618669510758,64.08154398830477
0.5,10.0,0.036,0.9964,3.15,0.55,10.2,6,1,-0.3190634834589847,62.5123814455727
0.42,14.0,0.038,0.9987,3.16,0.5,9.4,6,1,-0.5189861877575934,56.851512642578896
0.47,2.2,0.11,0.9932,3.09,0.5,9.1,5,1,-1.31450709223276,19.557269284251603
0.44,1.8,0.032,0.9907,3.25,0.48,12.2,7,1,-0.1169168257101009,-6.4660620361206895
0.28,11.1,0.0559999999999999,0.99755,3.42,0.43,9.5,5,1,-1.4172483861949088,62.70022267455339
0.37,15.2,0.051,0.99935,3.4,0.85,9.3,6,1,-0.4184688472457205,70.91470338108029
0.4,1.2,0.051,0.9932,3.3,0.96,9.8,7,1,-0.1208087442480838,27.05002114789936
0.4,1.2,0.047,0.9932,3.3,0.97,9.8,7,1,-0.1210867384293683,24.87352381528744
0.38,8.1,0.05,0.99585,3.3,0.54,9.8,6,1,-0.2191021313096808,60.0632849040244
0.49,19.3,0.057,1.00055,3.0,0.56,8.7,5,1,-0.4179128588831515,135.06840095565843
0.04,18.6,0.039,0.9985,3.37,0.57,10.2,6,1,-2.2116573139449374,15.351168970990514
0.28,5.0,0.042,0.99505,3.22,0.69,9.5,6,1,-0.916051654541966,53.81627080613971
0.42,1.6,0.05,0.992,2.94,0.46,11.0,6,1,-0.0172334677420806,21.472478211901414
0.63,13.4,0.078,0.9988,3.08,0.44,9.2,5,1,-0.5106463623190605,132.29587963714113
0.36,1.6,0.0279999999999999,0.99175,3.21,0.6,10.9,6,1,-0.4190248356082895,-71.58301947651091
0.34,8.8,0.043,0.9962,3.42,0.4,9.3,7,1,-0.5214881353891538,1.4447512754663163
0.31,5.2,0.045,0.9942,3.41,0.46,9.8,7,1,-0.4212487890585654,5.494078545750185
0.57,1.1,0.13,0.9927,3.12,0.39,9.3,7,1,-0.6200595166320362,31.63323603208165
0.6,1.1,0.135,0.9927,3.12,0.39,9.3,7,1,-0.6186695457256137,36.21645091626398
0.3,16.7,0.039,0.99985,3.4,0.45,9.4,5,1,-1.1168083413844272,60.70168787990768
0.45,10.6,0.035,0.997,3.2,0.46,10.4,9,1,1.882032223094697,9.156412554098251
0.48,2.2,0.115,0.9918,3.24,0.58,12.1,6,1,-0.8181752587522944,-10.07613836347636
0.45,1.5,0.039,0.99215,3.02,0.56,11.0,6,1,1.0787274815435683,-18.44739211298049
0.19,13.7,0.052,0.99865,3.12,0.53,9.0,5,1,-0.0183454444672186,84.569711362657
0.37,15.0,0.053,0.9992,3.37,0.82,9.5,7,1,-0.3185074950964157,68.84272141045322
0.44,14.1,0.053,1.0006,3.28,0.75,8.8,8,1,0.8796387597888113,33.04562553183651
0.0,1.4,0.042,0.99135,3.37,0.38,11.2,4,1,-1.2132947662676763,-62.82477246507099
0.22,9.5,0.0559999999999999,0.99715,3.08,0.61,9.3,6,1,0.5830906335163117,99.44926761500786
0.27,10.6,0.039,0.99815,3.27,0.3,9.3,6,1,0.3834459233989875,4.9813804268406585
0.28,11.0,0.04,0.99815,3.27,0.29,9.2,6,1,0.4845192522734303,3.035103313187335
0.16,7.0,0.037,0.9949,3.46,0.45,10.0,7,1,-1.4147464385633493,0.9108636615678593
0.3,2.0,0.033,0.99225,3.39,0.69,10.9,7,1,-1.3175650282268885,-21.984021264354823
0.08,4.9,0.046,0.99445,3.1,0.56,10.0,5,1,-0.8116423954921093,30.000505004382816
0.27,1.4,0.049,0.99335,3.03,0.52,9.3,5,1,0.1840792074629496,59.14240402819014
0.26,7.3,0.05,0.99625,3.09,0.43,9.0,5,1,-0.0161214910169436,43.34196690000503
0.23,8.8,0.054,0.9971,3.02,0.58,9.2,6,1,0.5867045578730101,100.93510429074404
0.33,12.5,0.046,0.9983,3.28,0.77,9.6,6,1,-0.3179515067338467,41.75161486228403
0.24,4.8,0.0409999999999999,0.99445,3.42,0.4,9.4,6,1,-1.819039754061116,-1.087671133077862
0.31,1.4,0.036,0.99085,3.34,0.58,11.1,8,1,-1.2192716411652915,-41.75045979582788
0.58,11.2,0.036,0.9977,3.06,0.41,8.9,6,1,0.5825346451537436,48.846062660021616
0.49,6.8,0.048,0.9953,3.19,0.47,9.3,5,1,-1.2164916993524466,112.12125834874332
0.35,11.6,0.044,0.99775,3.07,0.53,9.3,5,1,-0.4137429461638851,109.2541003592558
0.31,11.4,0.039,0.99795,3.41,0.44,9.8,7,1,-0.6186695457256137,53.19905732524539
0.34,6.6,0.032,0.99505,3.22,0.46,9.8,6,1,0.0841178553136448,-3.442131003655888
0.26,13.2,0.046,0.9975,3.17,0.41,9.6,5,1,-0.8158123082113766,94.65702200685593
0.26,13.1,0.046,0.99745,3.16,0.41,9.6,6,1,-1.0162910008725543,93.22344301211211
0.17,12.0,0.046,0.9976,3.15,0.38,9.0,6,1,-1.213433763358318,136.3974645884174
0.26,13.4,0.046,0.99775,3.17,0.43,9.5,6,1,-1.0160130066912698,95.63016056368257
0.05,1.5,0.063,0.9932,3.21,0.56,9.2,6,1,-1.2128777749957491,2.731435918247442
0.28,1.1,0.055,0.99405,3.42,0.5,9.1,7,1,-0.8147003314862387,39.81521643964528
0.32,16.5,0.045,1.0,3.38,0.46,9.5,6,1,-0.7172409269684943,53.71175544415492
0.24,15.6,0.072,0.99785,3.03,0.59,10.5,6,1,0.6847199507533235,115.0194845242344
0.17,2.8,0.04,0.9939,3.01,0.46,9.0,5,1,-1.0160130066912698,9.208670235090665
0.42,5.1,0.036,0.9939,3.16,0.52,11.7,5,1,1.1798008104180102,-41.415724214884506
0.22,8.9,0.034,0.99675,3.2,0.51,9.1,5,1,-0.6089397493806583,17.684439346579623
0.29,1.6,0.021,0.98965,3.41,0.61,12.4,9,1,-0.6144996330063472,-29.71687203797568
0.2,10.2,0.071,0.9971,2.96,0.58,9.2,6,1,0.0934306603866739,94.7926055548442
0.21,5.4,0.053,0.99445,3.3,0.43,9.4,5,1,-0.4195808239708585,-8.925037268683553
0.23,6.2,0.047,0.9945,3.34,0.43,9.6,6,1,-0.5192641819388779,4.186204407980142
0.37,7.2,0.042,0.9958,3.26,0.56,9.8,6,1,-0.2188241371283963,52.84313224931306
0.38,8.1,0.046,0.9956,3.33,0.59,10.2,6,1,-0.417634864701867,38.4028269398904
0.36,2.0,0.031,0.99055,3.28,0.48,12.5,9,1,0.1818552540126745,23.52327068753958
0.36,10.7,0.044,0.9959,3.16,0.44,10.9,7,1,-0.1202527558855148,-25.772060129676632
0.36,1.2,0.043,0.9925,3.16,0.42,11.0,7,1,-0.1202527558855148,-25.541839910718068
0.31,1.7,0.06,0.9963,3.72,0.69,10.5,6,1,0.0809209222288735,-3.086205927723597
0.4,5.5,0.037,0.9935,3.05,0.62,11.5,4,1,0.1799092947436831,46.543860470436
0.34,2.7,0.044,0.99105,3.36,0.53,12.8,8,1,0.0835618669510758,-5.032483041376906
0.34,1.3,0.035,0.99045,3.18,0.44,12.2,6,1,-0.3176735125525622,-31.945627051579976
0.34,4.3,0.04,0.99155,3.14,0.45,12.8,8,1,0.2868205014250975,-5.032483041376906
0.36,2.1,0.034,0.99085,3.25,0.4,11.9,8,1,0.0821718960446542,61.19319650382828
0.35,6.0,0.034,0.9924,3.16,0.39,12.0,7,1,0.2845965479748216,7.419166164414563
0.35,6.3,0.036,0.9924,3.16,0.39,12.0,7,1,0.384279905942841,7.419166164414563
0.32,13.4,0.044,0.99975,3.12,0.47,8.8,7,1,1.4810748377723435,54.55918914400782
0.35,1.7,0.036,0.99315,3.21,0.54,10.8,7,1,-0.3193414776402692,-12.07467315812208
0.29,1.6,0.034,0.9917,3.3,0.5,11.0,8,1,0.0810599193195162,3.547801432096861
0.37,15.4,0.035,0.99845,3.02,0.4,9.3,5,1,-0.6183915515443292,45.20491814666248
0.27,1.2,0.026,0.9921,3.08,0.39,10.8,5,1,1.9839395345129915,-43.00607625260551
0.24,1.8,0.03,0.9909,3.31,0.47,11.5,6,1,-1.2187156528027223,-8.872779587691127
0.49,13.6,0.042,0.99855,3.1,0.54,9.4,5,1,0.9854379897450888,56.93483850957479
0.36,1.3,0.036,0.9934,3.27,0.95,9.5,7,1,-0.3196194718215537,5.107085283814385
0.58,11.1,0.039,0.9978,3.06,0.49,8.6,5,1,0.4845192522734303,38.42401643487936
0.35,2.1,0.038,0.9949,3.49,0.77,10.3,7,1,0.1807432772875365,1.831744537402116
0.48,13.7,0.042,0.9986,3.1,0.52,9.4,5,1,0.9859939781076577,60.0844743990133
0.39,10.2,0.038,0.99725,3.17,0.54,10.0,7,1,-0.5184301993950244,40.8519234814387
0.3,4.8,0.17,0.9946,3.18,0.47,9.4,5,1,-0.6161675980940542,57.39527894749192
0.35,1.7,0.03,0.99255,3.22,0.63,10.4,8,1,0.8824187016016563,-8.97729494967595
0.42,14.2,0.0409999999999999,0.9996,3.29,0.75,9.1,7,1,0.0821718960446542,72.27483519984277
0.0,6.5,0.0279999999999999,0.9939,3.36,0.61,9.9,6,1,-2.414359960056391,48.25991736513073
0.33,1.7,0.0289999999999999,0.99,3.24,0.5,12.1,6,1,-1.016568995053838,-4.415269560482557
0.0,6.5,0.0279999999999999,0.9937,3.35,0.61,9.9,5,1,-2.4146379542376755,48.49013758408931
0.33,2.2,0.021,0.9886,3.12,0.3,12.5,6,1,-1.1168083413844272,1.8840022183945135
0.46,12.6,0.042,1.0,3.24,0.76,8.5,8,1,0.5800326975221832,30.638907980266097
0.42,14.4,0.04,0.9994,3.28,0.82,9.0,7,1,0.0830058785885077,61.674826436734335
0.29,1.2,0.037,0.9926,3.19,0.7,10.1,6,1,0.0818939018633697,-15.046346509594455
0.65,9.7,0.08,0.9956,3.04,0.48,9.4,5,1,-1.2117657982706111,39.30251832073576
0.21,4.0,0.03,0.9915,3.06,0.34,10.7,6,1,-0.917163631267103,9.208670235090665
0.47,1.4,0.037,0.9939,2.89,0.28,9.6,3,1,3.0787885070735044,-84.69426115317461
0.29,1.3,0.0289999999999999,0.9932,3.35,0.39,10.1,5,1,0.4792373628290258,-53.37586479675538
0.32,2.2,0.037,0.993,3.2,0.57,10.0,7,1,-0.1188627849790924,25.69976802015144
0.34,4.2,0.018,0.9898,3.28,0.36,12.7,9,1,-0.3146155765584337,10.967106119763272
0.34,1.6,0.119,0.9921,3.19,0.38,10.2,6,1,-1.2164916993524466,-9.155257487642118
0.54,1.4,0.126,0.9932,3.23,0.37,8.9,6,1,-1.0199049252292518,-2.3955452708479044
0.36,2.2,0.037,0.9919,3.41,0.82,11.9,8,1,-0.3212874369092606,-5.796590874233928
0.44,1.9,0.04,0.9953,3.19,0.48,9.9,6,1,1.584650114278347,1.862812723405597
0.43,6.0,0.022,0.9928,3.13,0.55,11.5,6,1,0.1824112423752435,8.748229797173536
0.29,12.2,0.035,0.9976,3.35,0.52,9.8,6,1,-0.418190853064436,120.4501331082696
0.27,2.6,0.024,0.9906,3.4,0.67,12.2,7,1,-1.1148623821154366,-11.174981777276756
0.31,1.6,0.04,0.9918,3.19,0.51,11.4,6,1,0.0824498902259387,59.37262424714872
0.32,2.0,0.044,0.99185,3.37,0.68,11.0,7,1,-0.7161289502433572,-22.54897706425676
0.0,6.4,0.046,0.994,3.3,0.63,9.9,6,1,-2.215271238301636,53.48153522519637
0.18,1.2,0.031,0.9908,3.42,0.4,11.0,7,1,-1.4169703920136243,2.187669613334421
0.3,1.0,0.036,0.9928,3.58,0.48,9.4,5,1,-1.3170090398643195,1.7272291754172926
0.29,1.4,0.037,0.9896,3.12,0.36,12.2,7,1,-0.2160441953155523,14.200067876197709
0.39,1.1,0.043,0.9918,3.23,0.53,10.3,6,1,-1.6188390555812244,-48.844907593565466
0.28,8.7,0.047,0.9952,3.22,0.53,10.5,6,1,-0.4195808239708585,129.51204751464945
0.26,1.6,0.044,0.9923,3.08,0.46,10.5,6,1,-0.2166001836781212,-30.53323755182511
0.29,1.4,0.039,0.9915,3.05,0.49,10.9,6,1,-0.6172795748191913,-49.76578846939972
0.28,8.5,0.047,0.9952,3.22,0.53,10.5,6,1,-0.4195808239708585,129.51204751464945
0.38,7.9,0.052,0.9947,3.32,0.56,11.0,7,1,-0.6189475399068982,30.05276268537521
0.29,13.2,0.046,0.9983,3.25,0.37,9.7,6,1,0.7830133378149213,-2.008552008912119
0.35,12.8,0.048,0.9975,3.08,0.4,8.9,5,1,-1.1165303472031427,119.39366868444706
0.3,7.7,0.047,0.995,3.2,0.39,9.6,6,1,-1.315619068957898,96.32082122055824
0.28,2.4,0.0559999999999999,0.9944,3.02,0.47,8.8,8,1,-0.3187854892777002,48.05088664116112
0.42,1.6,0.047,0.994,3.06,0.65,11.1,4,1,1.1800788045992938,-17.599958413127567
0.45,1.3,0.048,0.9944,3.08,0.61,10.3,4,1,1.0823414059002658,-46.05119678005923
0.39,2.1,0.036,0.9908,3.28,0.43,12.2,8,1,-0.1177508082539544,9.616852992015382
0.37,9.6,0.054,0.99795,3.32,0.47,9.8,4,1,0.7813453727272144,42.0651609482385
0.31,13.0,0.049,0.9985,3.08,0.53,8.8,5,1,0.2818166061619775,103.80226228023164
0.2,5.8,0.04,0.99425,3.15,0.63,9.9,5,1,-0.9152176719981124,27.698302814797174
0.19,5.6,0.042,0.99425,3.15,0.63,9.9,5,1,-1.0151790241474163,26.26472382005339
0.19,5.8,0.0409999999999999,0.9943,3.15,0.63,9.9,5,1,-0.914939677816828,28.2110009337067
0.05,0.8,0.038,0.9924,3.36,0.35,9.2,5,1,-1.4161364094697717,-86.2323555099032
0.26,1.2,0.05,0.9946,3.24,0.37,9.5,4,1,0.7838473203587739,-29.67520910447773
0.05,0.8,0.038,0.9924,3.36,0.35,9.2,5,1,-1.6160591137683804,-86.2323555099032
0.39,4.7,0.042,0.995,3.36,0.56,10.3,7,1,0.1787973180185451,23.648975544513306
0.32,1.6,0.037,0.9919,2.93,0.33,11.0,6,1,0.4834072755482923,8.005311459305446
0.34,1.4,0.031,0.99,3.06,0.39,11.9,6,1,-0.2179901545845428,-7.617163130913511
0.4,1.1,0.04,0.9923,2.94,0.32,10.2,7,1,1.379723514716618,-9.228704663623446
0.32,4.6,0.057,0.9956,3.55,0.44,9.4,7,1,-0.2216040789412412,35.75601047834685
0.62,10.6,0.036,0.9978,3.13,0.44,8.9,6,1,0.4839632639108613,43.82359683291109
0.27,12.9,0.044,0.9967,3.17,0.43,10.0,6,1,-0.7172409269684943,107.15105020262524
0.41,2.0,0.044,0.9934,3.45,0.49,10.7,8,1,0.6827739914843329,41.46913696233308
0.23,2.9,0.047,0.9936,3.28,0.43,9.8,5,1,-0.9168856370858184,-17.652216094119993
0.1,2.8,0.042,0.9932,3.36,0.38,9.3,5,1,-1.807502995537812,-34.12212438419185
0.33,2.9,0.057,0.9934,3.02,0.48,9.5,7,1,-0.517596216851171,62.365487093610014
0.35,12.0,0.055,0.998,3.58,0.47,10.0,5,1,-0.7175189211497788,67.05321733977713
0.58,15.0,0.044,0.9978,3.15,0.51,9.0,5,1,-1.1143063937528677,3.62124860807819
0.52,5.9,0.017,0.9929,3.14,0.4,11.9,7,1,0.4797933511915948,-31.380671251678024
0.43,12.6,0.033,0.9974,3.08,0.38,8.9,5,1,-0.8172022791177982,120.5970274602323
0.28,12.5,0.046,0.99685,3.18,0.41,10.0,6,1,-0.7172409269684943,119.41485817943602
0.33,7.4,0.037,0.99495,3.26,0.41,9.6,5,1,-1.316175057320467,94.88724222581446
0.43,13.0,0.039,0.99745,3.08,0.38,8.9,5,1,-1.016568995053838,123.51644313071228
0.44,6.7,0.0409999999999999,0.99505,3.12,0.4,8.9,5,1,-1.1168083413844272,119.9063668033566
0.32,1.4,0.048,0.992,3.08,0.41,11.4,5,1,-0.8124763780359627,-50.4564491262754
0.29,7.3,0.044,0.9956,3.36,0.55,10.0,6,1,-1.0146230357848474,132.37920550413702
0.29,15.3,0.044,0.9982,3.06,0.47,9.6,7,1,0.4817393104605862,79.80853394050855
0.28,7.5,0.034,0.99485,3.14,0.6,9.7,5,1,-1.014901029966132,82.95816982994707
0.46,11.75,0.037,0.9971,3.25,0.53,9.5,6,1,-0.9168856370858184,102.38987278047676
0.19,1.6,0.039,0.99265,3.54,0.41,10.0,7,1,-1.812506890800932,-26.10679571062002
0.36,3.5,0.03,0.9904,3.14,0.38,12.2,7,1,-0.3112796463830198,20.55159733606716
0.33,8.0,0.051,0.9965,3.28,0.44,8.7,7,1,-0.7194648804187702,13.20573982438212
0.29,5.0,0.0579999999999999,0.9946,3.52,0.44,10.2,7,1,-0.5203761586640159,-9.333220025608256
1.0,18.2,0.047,0.99965,2.96,0.43,9.6,5,1,0.9844650101105934,94.19658156893878
0.35,1.6,0.039,0.9935,2.96,0.36,10.0,5,1,1.2792061742047451,30.617718485277138
0.25,3.2,0.048,0.996,3.36,0.52,9.5,4,1,-0.4049861294534249,-60.18783469454199
0.39,6.4,0.034,0.9942,3.18,0.46,11.5,5,1,0.0821718960446542,-34.37353409813933
0.26,1.9,0.043,0.9936,3.08,0.38,9.5,5,1,0.3846968972147682,15.894935275903508
0.34,9.7,0.035,0.9965,3.08,0.49,9.8,6,1,0.3812219699487125,27.185604695887648
0.33,1.4,0.0279999999999999,0.9928,3.23,0.55,10.1,6,1,-0.7197428746000547,-18.395134431988083
0.37,1.3,0.042,0.9928,2.99,0.36,10.0,5,1,0.9812680770258222,4.876865064855835
0.26,1.8,0.042,0.9938,3.07,0.38,9.5,5,1,0.2840405596122526,14.461356281159752
0.32,0.9,0.0409999999999999,0.9926,3.39,0.54,10.2,7,1,-0.6181135573630447,-35.325483159977054
0.32,1.1,0.039,0.9926,3.39,0.54,10.2,7,1,-0.6189475399068982,-36.29862171680372
0.34,15.4,0.05,0.9983,3.03,0.42,9.0,6,1,0.0818939018633697,60.1155425850168
0.36,5.0,0.037,0.992,3.13,0.57,12.3,7,1,0.7866272621716188,-11.844452939163515
0.25,4.0,0.023,0.9923,3.37,0.51,11.6,6,1,-1.1190322948347031,-3.672351222614452
0.21,12.5,0.034,0.9972,3.28,0.43,9.5,6,1,-1.3170090398643195,38.24605389691318
0.43,3.2,0.035,0.9928,3.15,0.36,11.5,5,1,1.081229429175128,-16.44885731833476
0.28,1.8,0.0409999999999999,0.9928,3.13,0.37,9.6,6,1,-0.7150169735182192,74.89058347538283
0.35,17.5,0.039,0.9994,3.24,0.42,9.0,6,1,-0.4184688472457205,39.679632891656965
0.33,1.9,0.0279999999999999,0.991,3.34,0.7,12.0,7,1,-0.7222448222316142,-22.16198380232097
0.09,1.6,0.019,0.9906,3.33,0.51,11.4,7,1,-1.712406541560986,-47.64154881778025
0.01,1.5,0.017,0.9894,3.38,0.36,12.3,7,1,-2.1122519501582024,-12.943296352963912
0.19,1.7,0.02,0.9898,3.32,0.47,12.6,7,1,-1.216769693533731,-5.388408117309211
0.38,1.8,0.046,0.9925,3.32,0.9,11.7,6,1,-0.1210867384293683,-3.798056079588207
0.25,4.3,0.054,0.9956,3.12,0.49,9.2,5,1,0.3834459233989875,-4.875709998399685
0.3,4.9,0.0579999999999999,0.9946,3.51,0.45,10.3,6,1,-0.6208934991758897,20.342566612097546
0.33,7.6,0.05,0.9966,3.25,0.49,8.6,5,1,-0.7205768571439082,78.16592422179512
0.33,6.7,0.037,0.9951,3.39,0.62,10.7,7,1,0.4828512871857242,40.24458869155892
0.71,1.6,0.15,0.9927,3.12,0.47,9.8,5,1,-1.2187156528027223,-63.10725036502196
0.71,1.5,0.152,0.9927,3.12,0.46,9.8,6,1,-1.218993646984007,-62.36433202715386
0.21,1.7,0.027,0.9894,3.5,0.45,12.5,6,1,-2.113085932702056,-44.43965524734929
0.34,4.2,0.026,0.9907,3.41,0.45,11.9,6,1,-1.5141518023500842,-38.19264114946464
0.33,1.6,0.043,0.9925,3.44,0.52,10.8,5,1,-0.3193414776402692,41.54258413831438
0.21,1.9,0.05,0.9928,3.42,0.52,10.5,6,1,-1.2128777749957491,7.440355659403494
0.3,5.3,0.054,0.9941,3.12,0.48,10.3,6,1,0.1829672307378125,48.846062660021616
0.3,5.2,0.053,0.9941,3.12,0.45,10.3,6,1,0.1835232191003806,51.02255999263348
0.39,8.9,0.036,0.9935,3.06,0.38,12.0,7,1,0.4828512871857242,-2.2599617228596003
0.38,3.4,0.04,0.9932,2.95,0.39,10.2,6,1,1.379167526354049,30.638907980266097
0.44,1.3,0.046,0.9944,3.14,0.62,10.2,4,1,0.9821020595696748,-49.20083266949777
0.27,15.2,0.049,0.9972,3.19,0.39,9.9,5,1,-0.7175189211497788,110.47864863002992
0.18,1.3,0.046,0.994,3.38,0.47,10.1,4,1,-0.2179901545845428,-55.55236212936725
0.36,1.8,0.04,0.9956,3.25,0.55,9.5,6,1,1.379723514716618,69.5432607583435
0.34,1.6,0.046,0.9927,3.05,0.45,10.5,6,1,0.5825346451537436,38.120349039939455
0.34,1.3,0.046,0.9924,3.29,0.63,10.4,5,1,-1.2170476877150156,-88.35659516152268
0.27,9.8,0.062,0.9966,3.31,0.47,9.5,6,1,-1.117642323928281,37.5553932400375
0.3,17.45,0.0559999999999999,0.9997,3.05,0.5,9.2,6,1,0.781623366908498,70.99802924807621
0.6,2.1,0.046,0.9936,3.05,0.54,10.1,7,1,0.380943975767428,53.42927754420394
0.36,1.8,0.05,0.9936,3.15,0.45,9.8,7,1,0.7802333960020764,-32.53177234647083
0.41,6.8,0.045,0.9952,3.09,0.46,9.4,5,1,-0.8166462907552292,106.2824270077834
0.43,7.1,0.045,0.9952,3.09,0.45,9.4,6,1,-0.8166462907552292,110.91789957295812
0.39,1.3,0.063,0.9928,3.31,0.48,10.4,7,1,-0.3179515067338467,18.53187304643255
0.26,3.3,0.038,0.9911,3.34,0.55,11.3,6,1,-1.4141904502007805,40.14007332957409
0.28,3.3,0.044,0.993,3.42,0.64,10.8,6,1,-0.6195035282694672,-25.259362010767106
0.06,2.7,0.052,0.9932,3.32,0.43,9.3,5,1,-2.1094720083453584,-34.17438206518425
0.37,1.2,0.059,0.993,3.37,0.55,10.3,7,1,-0.6183915515443292,86.05554803839318
0.39,1.3,0.055,0.993,3.08,0.39,10.5,6,1,1.079005475724852,31.486341680119
0.44,1.4,0.043,0.9932,3.11,0.75,10.3,6,1,0.3795540048610055,-6.131326455177302
0.41,1.7,0.048,0.9932,3.24,0.66,11.2,7,1,0.4795153570103103,64.20724884527853
0.48,1.7,0.057,0.9943,3.15,0.41,10.3,6,1,1.079283469906137,-15.454529266519174
0.47,11.6,0.048,0.9968,3.19,0.5,9.5,5,1,-1.0174029775976914,100.67381588578202
0.27,12.6,0.064,0.9994,3.66,0.43,8.9,5,1,-1.1198662773785566,54.19338537706095
0.22,2.8,0.036,0.9926,3.03,0.29,10.2,5,1,0.3859478710305479,-3.620093541622055
0.47,11.2,0.071,0.9968,2.98,0.88,9.2,5,1,-0.414298934526454,24.517598739355165
0.42,1.4,0.045,0.9916,2.95,0.31,10.5,6,1,-0.1196967675229458,45.64416908959065
0.26,1.5,0.049,0.9946,3.21,0.62,9.5,6,1,1.0787274815435683,78.8565848786708
0.42,1.5,0.0409999999999999,0.9925,3.11,0.49,11.4,7,1,1.3802795030791852,11.741092643634843
0.32,7.05,0.019,0.9935,3.25,0.37,11.1,8,1,-0.419302829789574,77.42300588392702
0.38,10.6,0.06,0.9962,3.13,0.38,10.5,6,1,0.380387987404859,62.41774477460244
0.74,2.8,0.088,0.9928,3.51,0.7,12.0,6,1,-0.4151329170703075,67.3667634257316
0.46,1.6,0.039,0.993,3.38,0.51,9.7,6,1,-1.0201829194105363,10.485476186857213
0.44,1.6,0.042,0.993,3.32,0.51,10.2,6,1,-0.6206155049946052,29.100813623537466
0.17,8.2,0.04,0.9956,3.09,0.3,9.5,4,1,0.7902411865283163,-56.57775836718633
0.35,1.5,0.052,0.9941,3.41,0.59,10.4,7,1,-0.2179901545845428,18.344031817451807
0.44,11.0,0.05,0.9972,3.19,0.57,9.3,4,1,-0.907711829103432,131.97102274721232
0.41,2.1,0.054,0.9948,3.48,0.62,10.5,6,1,-0.1191407791603769,49.10735106498366
0.29,7.6,0.047,0.9955,3.35,0.62,10.0,6,1,-1.014901029966132,118.16912041367291
0.36,6.8,0.055,0.9972,3.49,0.64,10.2,6,1,-0.1163608373475328,120.00028741784696
0.38,1.8,0.04,0.9942,3.16,0.67,10.2,6,1,1.5793682248339422,35.04416032648224
0.37,1.5,0.06,0.9936,3.54,0.88,10.7,5,1,0.2798706468929861,-40.82957891999364
0.24,6.0,0.044,0.9956,3.21,0.56,9.7,5,1,-0.1116349362656965,-40.49484333905026
0.34,5.3,0.034,0.9953,3.37,0.52,9.3,7,1,-0.1205307500667993,-9.155257487642118
0.34,1.4,0.035,0.9918,3.05,0.74,11.0,5,1,0.2798706468929861,-15.70593898046667
0.3,2.1,0.047,0.995,3.22,0.71,10.8,4,1,0.9937778151836216,20.24792994112728
0.3,1.0,0.039,0.992,3.01,0.56,10.7,5,1,0.4827122900950815,-40.59935870103507
0.32,5.2,0.043,0.9952,3.24,0.45,10.7,4,1,0.0888437563954802,-12.60856077202054
0.48,19.45,0.048,1.001,2.95,0.4,8.8,5,1,0.2843185537935371,131.1758467283518
0.37,1.6,0.049,0.9924,3.16,0.48,10.9,7,1,-0.0189014328297876,-21.188845245494303
0.4,2.0,0.05,0.9932,3.14,0.45,10.5,5,1,0.0793919542318093,-22.904902140189066
0.1,1.3,0.046,0.9937,3.29,0.45,10.0,5,1,-0.7191868862374857,-8.538044006747754
0.52,1.7,0.0289999999999999,0.9918,3.07,0.43,10.4,5,1,-0.2160441953155523,-57.446381562028165
0.38,1.1,0.038,0.9934,3.03,0.43,9.2,5,1,1.0859553302569631,-41.52023957686932
0.36,4.7,0.035,0.991,3.31,0.62,12.6,6,1,-1.1140283995715832,3.2130658511534875
0.34,7.5,0.048,0.9962,3.1,0.54,9.0,5,1,0.0818939018633697,36.63451236420328
0.81,1.1,0.1369999999999999,0.9932,3.03,0.39,9.2,6,1,-0.3187854892777002,13.708559252277084
0.42,1.3,0.035,0.9908,2.99,0.39,11.3,5,1,0.383167929217703,-30.12505479490038
0.55,2.2,0.05,0.9962,3.12,0.69,10.3,4,1,2.18247226790518,1.7582973614207873
0.41,2.2,0.049,0.9941,2.96,0.44,10.0,5,1,1.3819474681668922,-3.2641684656897496
0.34,1.2,0.06,0.9931,3.51,0.47,10.7,6,1,0.2809826236181241,-3.9548291225654415
0.24,10.0,0.093,0.9981,3.41,0.47,9.0,5,1,-0.0105616073912546,81.80706873515426
0.2,1.1,0.077,0.9944,3.3,0.54,8.7,4,1,-1.915665176035008,54.63263631998917
0.36,2.0,0.054,0.992,3.09,0.72,11.6,7,1,0.782179355271067,6.697437321535404
0.28,7.5,0.07,0.9966,3.34,0.55,9.4,5,1,-0.2188241371283963,72.43160824281996
0.26,4.0,0.079,0.9956,3.31,0.68,9.5,5,1,-0.5173182226698865,100.41181142434006
0.26,4.1,0.073,0.9956,3.3,0.67,9.5,5,1,-0.5173182226698865,86.90298173824614
0.37,1.9,0.072,0.9949,3.37,0.7,10.9,6,1,0.8821407074203709,47.82066642220256
0.38,14.8,0.054,1.0002,3.22,0.5,9.7,5,1,1.0809514349938425,12.02357054358582
0.51,5.5,0.048,0.9942,3.08,0.45,9.1,6,1,-0.8160903023926611,63.694550726369
0.34,2.6,0.037,0.9923,3.1,0.49,11.1,7,1,0.2804266352555551,11.280652205717717
0.44,6.35,0.024,0.9917,2.96,0.4,12.6,7,1,1.583816131734494,-31.22389820870079
0.36,1.5,0.031,0.9931,3.35,0.56,11.0,6,1,-0.3190634834589847,33.84080155069701
0.32,1.6,0.04,0.992,3.0,0.55,11.3,7,1,0.7852372912651973,50.949112816652175
0.33,9.1,0.036,0.9953,2.96,0.4,10.9,7,1,0.9829360421135293,3.317581213138297
0.3,8.0,0.048,0.9951,2.97,0.47,10.9,5,1,0.4845192522734303,74.63917376143534
0.45,12.0,0.049,0.9974,3.17,0.5,9.3,6,1,-1.0090631521591584,69.26078285839252
0.19,3.2,0.033,0.9904,3.22,0.54,12.7,7,1,-0.8133103605798162,9.156412554098251
0.33,7.7,0.048,0.9974,3.37,0.59,10.1,6,1,0.2829285828871155,66.87525480181101
0.44,1.3,0.037,0.9944,3.18,0.65,10.0,5,1,0.5822566509724592,20.39482429308994
0.34,16.3,0.051,1.0004,3.49,0.42,9.8,5,1,-0.7172409269684943,86.64169333328407
0.29,6.2,0.046,0.9952,3.29,0.53,10.1,6,1,-0.914939677816828,109.61990412620266
0.33,4.7,0.059,0.9956,3.43,0.39,9.0,7,1,-0.4204148065147119,4.00824187001399
0.25,5.8,0.038,0.995,3.28,0.38,9.4,6,1,-0.9168856370858184,44.84899307073015
0.37,16.95,0.048,0.9995,3.03,0.42,9.2,6,1,0.1807432772875365,76.83686058903614
0.21,5.1,0.035,0.9942,3.36,0.33,10.1,7,1,-0.9179976138109563,26.90312679593667
0.69,10.2,0.0409999999999999,0.9977,3.06,0.45,8.6,5,1,0.0838398611323603,51.09600716861483
0.45,3.8,0.027,0.992,3.55,0.49,11.2,8,1,-2.0172944932720176,11.437425248694964
0.32,1.3,0.037,0.992,3.17,0.42,11.2,8,1,-0.2179901545845428,10.715696405815793
0.33,4.0,0.034,0.9934,3.19,0.39,10.6,7,1,-0.2199361138535343,9.543405816034053
0.58,17.1,0.049,1.0006,3.01,0.51,9.3,6,1,1.080673440812559,103.59323155626198
0.35,14.5,0.048,0.9982,3.05,0.47,8.9,6,1,-0.0189014328297876,63.31743615544774
0.4,1.2,0.069,0.9928,3.42,0.43,10.6,6,1,-0.1188627849790924,39.37596549671706
0.31,6.7,0.038,0.9945,3.1,0.32,10.6,7,1,1.1795228162367248,17.17174122767007
0.31,8.4,0.045,0.9963,3.09,0.32,8.8,5,1,0.1818552540126745,72.09687266187659
0.33,1.3,0.033,0.9906,3.59,0.38,11.0,8,1,-1.9173331411227137,-17.8089891370972
0.26,8.8,0.04,0.9956,3.32,0.37,10.2,6,1,-0.7166849386059253,27.43701440983513
0.25,10.6,0.039,0.9962,3.31,0.34,10.1,6,1,-0.7164069444246417,6.184739202625877
0.21,2.6,0.025,0.9894,3.39,0.79,14.0,7,1,-1.4161364094697717,1.5803348234546206
0.42,2.8,0.0279999999999999,0.9908,3.27,0.43,11.8,6,1,-0.9196655788986634,-3.4731991896593826
0.4,1.6,0.033,0.9914,3.44,0.53,11.4,5,1,-0.919943573079948,39.64856470565347
0.39,6.7,0.036,0.9938,3.12,0.42,10.7,5,1,0.6830519856656165,-2.720402160776729
0.45,4.9,0.0279999999999999,0.9922,3.51,0.49,11.5,7,1,-1.7151864833738308,73.66603520460869
0.15,2.0,0.0289999999999999,0.9903,3.3,0.59,12.6,7,1,-0.0144535259292366,-27.079934267446674
0.27,1.7,0.024,0.9893,3.21,0.51,12.6,7,1,-1.116252353021859,-41.00754145795979
0.4,2.4,0.054,0.9952,3.04,0.46,9.3,4,1,1.9806036043375777,33.12895139883243
0.37,1.3,0.04,0.9912,3.06,0.61,12.1,6,1,0.7799554018207928,-21.084329883509497
0.34,12.0,0.053,0.9983,3.52,0.44,9.9,6,1,-0.7183529036936322,66.94870197779234
0.4,1.6,0.047,0.9937,3.28,0.44,10.7,5,1,0.1801872889249676,-13.633957009839603
0.17,1.4,0.047,0.9932,3.26,0.32,10.0,4,1,-0.7100130782550993,-91.50623105096122
0.38,2.2,0.047,0.9928,3.13,0.39,10.4,8,1,-0.2204921022161032,-16.940365942255383
0.13,1.4,0.04,0.9922,3.29,0.52,10.5,5,1,-1.3127001300544112,-53.145644577796816
0.34,8.3,0.037,0.9976,3.31,0.64,9.7,5,1,0.8874225968647753,99.83626087694364
0.13,1.4,0.04,0.9922,3.29,0.52,10.5,5,1,-1.412661482203716,-53.145644577796816
0.16,12.9,0.042,0.9974,3.28,0.33,9.0,5,1,-0.8105304187669722,22.319911911754343
0.32,12.4,0.051,0.998,3.54,0.45,9.2,6,1,-0.5216271324797956,-6.97876015503023
0.3,1.6,0.047,0.9931,3.17,0.48,10.1,6,1,-1.2131557691770336,2.804883094228771
0.39,1.45,0.04,0.9911,3.35,0.4,11.4,7,1,-0.6175575690004758,-22.140794307332055
0.45,1.6,0.042,0.9944,2.93,0.46,10.8,5,1,2.5842636357713875,5.242668831802689
0.4,1.5,0.044,0.9937,2.96,0.49,10.9,5,1,2.3807270071160804,17.788954708564418
0.45,13.0,0.047,0.9974,3.2,0.46,9.2,6,1,-0.9091018000098544,66.74954994483726
0.29,1.95,0.038,0.989,3.12,0.25,12.9,7,1,-0.721271842597119,60.38814179395321
0.29,5.85,0.042,0.992,3.23,0.32,12.0,7,1,-0.8209552005651384,-16.092932242402455
0.27,1.3,0.047,0.9928,3.27,0.46,9.5,5,1,-1.52137965106348,-15.810454342451491
0.29,5.3,0.031,0.9918,3.06,0.32,11.8,7,1,0.6819400089404795,3.4955437511044494
0.28,1.2,0.048,0.9936,3.19,0.43,9.1,6,1,-0.3190634834589847,45.05802379469982
0.34,4.0,0.047,0.9944,3.2,0.52,9.7,6,1,-0.3182295009151312,12.128085905570645
0.31,14.35,0.043,0.9988,3.17,0.54,9.1,5,1,-0.4137429461638851,46.13567771351127
0.42,2.3,0.053,0.994,2.99,0.43,10.0,5,1,1.480796843591058,-0.8051932331269
0.34,4.7,0.042,0.9953,3.25,0.42,10.4,5,1,0.18658115509451,10.003846253951169
0.34,12.85,0.048,0.9986,3.44,0.47,9.5,6,1,-0.517596216851171,45.62297959460175
0.42,5.2,0.027,0.9914,3.4,0.4,12.3,8,1,-1.2170476877150156,71.37514381899742
0.37,8.4,0.031,0.9934,3.42,0.4,11.7,8,1,-1.11569636465929,63.59003536438415
0.46,3.2,0.0579999999999999,0.996,3.14,0.58,9.5,5,1,1.9822715694252848,20.44708197408237
0.49,6.9,0.034,0.9937,2.99,0.34,11.5,5,1,1.783182847670533,-23.41760025909861
0.33,1.0,0.076,0.9921,3.14,0.46,10.6,6,1,1.2792061742047451,-58.576293161832055
0.49,7.3,0.052,0.998,3.17,0.61,10.2,5,1,2.083900886662297,31.02590124220187
0.3,1.6,0.048,0.9933,3.25,0.45,10.5,5,1,-0.0180674502859341,15.738162232926314
0.32,1.5,0.047,0.9933,3.26,0.44,10.5,5,1,-0.0177894561046496,16.71130078975297
0.18,7.5,0.0409999999999999,0.9959,3.14,0.41,8.9,5,1,-0.4156889054328765,115.39659909515562
0.32,1.1,0.031,0.9936,3.03,0.41,10.6,5,1,1.882032223094697,32.43829074195672
0.32,1.3,0.0409999999999999,0.9953,3.17,0.49,9.5,5,1,1.6840554780650816,67.7537566876674
0.37,5.7,0.025,0.9938,3.2,0.49,10.8,6,1,-0.2199361138535343,-3.2641684656897496
0.23,7.2,0.038,0.9952,3.14,0.35,9.5,5,1,-0.517596216851171,110.17498123509002
0.17,7.6,0.042,0.9959,3.13,0.4,8.9,5,1,-0.3157275532835717,111.04360442993188
0.0,1.3,0.042,0.9937,3.31,0.38,9.4,4,1,-1.1076345334020408,-35.55570337893562
0.07,1.3,0.035,0.992,3.5,0.35,10.6,6,1,-1.9130242313128052,-12.713076134005362
0.3,4.8,0.037,0.9967,3.47,0.44,9.0,4,1,0.679438061308919,56.965906695578255
0.36,2.1,0.034,0.9944,3.42,0.48,10.5,4,1,0.384279905942841,55.406622843860745
0.29,16.85,0.054,0.9998,3.16,0.38,9.0,6,1,0.5833686276975962,18.709835584398675
0.27,4.1,0.201,0.9942,3.27,0.38,9.4,6,1,-1.5169317441629282,83.37200798885898
0.34,1.3,0.055,0.9945,3.29,0.8,9.6,6,1,0.2790366643491326,42.442275519159736
0.41,7.4,0.043,0.9946,3.15,0.6,10.2,7,1,-0.6175575690004758,35.66137380737662
0.49,0.9,0.057,0.9928,3.07,0.38,10.4,6,1,0.9812680770258222,-43.46651669052264
0.32,6.3,0.03,0.9946,3.52,0.41,10.4,5,1,-1.2176036760775846,15.403426651982912
0.27,0.8,0.039,0.9927,3.23,0.32,9.5,5,1,-1.1118044461213072,-35.16871011699985
0.43,1.4,0.044,0.9938,3.22,0.62,10.6,6,1,0.18157725983139,-2.9294328847463618
0.38,1.0,0.037,0.9918,3.21,0.37,11.0,5,1,-0.0191794270110721,-41.11205681994461
0.43,4.5,0.062,0.9966,3.38,0.5,9.9,6,1,0.4820173046418707,-1.443596209010181
0.45,5.4,0.03,0.9954,3.14,0.34,9.6,5,1,0.9918318559146312,0.3247183666769899
0.44,1.9,0.036,0.9913,3.01,0.7,12.8,6,1,0.380943975767428,0.1467558287108517
0.33,2.0,0.045,0.9931,3.42,0.55,11.4,5,1,0.1812992656501055,-12.535113596039196
0.26,12.7,0.036,0.9986,3.41,0.5,10.0,6,1,-0.0175114619233651,101.57350726662732
0.41,8.6,0.042,0.9965,3.0,0.44,9.1,5,1,-0.8174802732990827,63.51658818840285
0.35,11.1,0.039,0.9984,3.36,0.5,9.4,7,1,-0.9154956661793968,81.39888597822956
0.29,2.0,0.042,0.9952,3.46,0.54,10.2,6,1,-0.417634864701867,70.338436777204
0.4,2.8,0.036,0.9956,2.97,0.39,9.2,5,1,2.5864875892216634,52.61291203035451
0.25,4.5,0.044,0.9949,3.23,0.36,9.4,5,1,-0.0191794270110721,-4.75000514142593
0.45,9.1,0.0289999999999999,0.996,3.12,0.36,10.1,6,1,0.2868205014250975,8.287789359256408
0.3,2.2,0.025,0.992,3.21,0.47,10.6,6,1,-0.8172022791177982,20.038899217157635
0.32,4.1,0.033,0.9912,3.18,0.44,12.8,7,1,0.6877778867474529,25.542994977174217
0.64,11.8,0.065,0.9978,3.12,0.51,8.9,5,1,-0.7130710142492278,115.96155489505756
0.37,1.2,0.048,0.9938,3.09,0.43,9.3,5,1,0.2840405596122526,66.16340464994637
0.38,2.2,0.026,0.9914,3.25,0.4,11.1,8,1,-0.6186695457256137,-7.543715954932182
0.3,1.4,0.037,0.9932,3.13,0.33,9.9,6,1,-0.1188627849790924,31.55978885610033
0.47,1.6,0.068,0.9944,3.1,0.45,9.6,5,1,0.3823339466738504,-63.285212902988114
0.26,5.2,0.024,0.9948,3.16,0.72,10.7,7,1,-0.3176735125525622,21.70269843086
0.32,14.45,0.074,0.998,2.96,0.42,9.2,6,1,-0.1174728140726699,-7.156722692996382
0.4,14.75,0.042,0.9998,3.36,0.41,9.1,7,1,0.0813379135008007,18.30730822946116
0.22,8.3,0.025,0.9964,3.33,0.6,9.6,6,1,-1.0140670474222784,100.52692153381936
0.45,14.2,0.038,0.9992,3.03,0.46,9.2,6,1,0.681106026396626,31.455273494115502
0.37,6.9,0.02,0.9939,3.0,0.48,10.7,7,1,0.182133248193959,-24.23396577294804
0.37,1.5,0.027,0.992,3.3,0.45,10.8,6,1,-0.4195808239708585,-18.938900736901104
0.37,1.5,0.0279999999999999,0.9922,3.3,0.46,10.8,7,1,-0.2199361138535343,-38.98781716832514
0.38,7.8,0.046,0.9955,3.1,0.37,9.0,5,1,-0.8160903023926611,76.94137595102096
0.16,1.5,0.049,0.9917,3.48,0.44,10.7,6,1,-2.2147152499390668,-21.262292421475635
0.32,1.5,0.047,0.9954,3.19,0.46,9.4,5,1,1.683777483883798,79.20119915062874
0.46,15.55,0.037,0.9986,2.94,0.35,8.8,6,1,-0.2174341662219738,62.49119195058374
0.4,1.7,0.031,0.9917,3.42,0.49,11.5,6,1,-0.9185536021735254,23.492202501536084
0.46,1.5,0.03,0.9907,3.23,0.47,12.5,6,1,0.7813453727272144,10.589991548842036
0.41,1.0,0.042,0.9922,2.96,0.25,10.5,6,1,1.9822715694252848,-57.32067670505442
0.39,6.7,0.064,0.9958,3.29,0.3,9.7,5,1,0.0827278844072232,71.4372801910044
0.36,1.6,0.04,0.993,3.23,0.52,11.3,6,1,0.3840019117615565,40.24458869155892
0.45,1.2,0.033,0.9926,2.74,0.47,10.8,6,1,2.480966353446668,-58.01133736193011
0.42,7.1,0.045,0.9959,3.17,0.43,10.6,5,1,0.782735343633636,55.9405104577592
0.36,1.0,0.034,0.9906,3.04,0.32,11.7,8,1,0.9851599955638052,-23.543305116072347
0.38,12.1,0.301,0.9993,2.94,0.48,9.2,5,1,0.7919091516160233,101.6568331336232
0.44,7.1,0.027,0.993,3.02,0.34,11.1,8,1,-0.0175114619233651,10.412029010875884
0.33,1.15,0.044,0.992,3.33,0.44,11.0,6,1,-0.8180362616616517,97.2671148804088
0.32,6.0,0.034,0.992,3.51,0.58,12.5,7,1,-1.3131171213263375,17.140673041666602
0.39,1.2,0.038,0.994,3.16,0.67,10.0,6,1,0.3828899350364194,-1.2133759900516168
0.39,2.3,0.033,0.9908,3.26,0.54,12.3,7,1,-0.0183454444672186,-12.02241547712967
0.37,3.4,0.023,0.9902,3.14,0.53,12.7,6,1,-0.4156889054328765,-28.92169601911517
0.38,6.5,0.039,0.9943,3.1,0.42,10.5,5,1,-0.3196194718215537,-6.309288993143468
0.53,1.2,0.047,0.9921,3.23,0.28,12.5,6,1,2.181638285361325,-6.131326455177302
0.42,1.15,0.033,0.9911,3.2,0.32,12.4,3,1,1.0840093709879728,-20.393669226633804
0.3,13.0,0.043,0.9986,3.06,0.41,8.7,6,1,0.0832838727697913,124.23817197359146
0.37,4.5,0.03,0.992,3.17,0.54,12.4,7,1,0.6863879158410304,2.187669613334421
0.37,5.85,0.033,0.992,3.16,0.54,12.6,7,1,0.6872218983848839,-21.24110292648673
0.3,5.2,0.037,0.9943,3.38,0.44,11.0,6,1,0.4859092231798527,16.198602670843414
0.31,1.3,0.043,0.9937,3.42,0.5,10.1,6,1,0.4822952988231552,43.69789197593734
0.31,1.7,0.036,0.993,3.03,0.48,10.5,5,1,0.5839246160601652,82.39321403004514
0.39,3.6,0.024,0.9928,3.17,0.51,10.9,5,1,0.0818939018633697,2.9828456321949237
0.37,2.7,0.0409999999999999,0.9896,3.07,0.43,13.5,7,1,-0.11246891880955,14.660508314114836
0.48,2.2,0.042,0.998,3.19,0.59,9.7,5,1,3.0810124605237803,48.08195482716458
0.28,1.8,0.0409999999999999,0.9954,3.45,0.43,9.2,6,1,0.6788820729463501,65.3894181260748
0.42,2.1,0.036,0.9938,3.4,0.41,10.6,7,1,0.1801872889249676,71.61524272897056
0.42,6.6,0.033,0.9918,2.98,0.39,13.3,7,1,0.8868666085022063,27.541529771819924
0.22,5.1,0.037,0.9944,3.29,0.32,10.1,5,1,-0.8172022791177982,14.817281357092057
0.72,17.55,0.042,0.9999,2.92,0.68,9.4,4,1,0.7932991225224448,123.05600269279516
0.4,5.2,0.055,0.9953,3.18,0.4,10.6,7,1,0.78051139018336,53.99423334410589
0.34,1.1,0.046,0.992,3.25,0.4,11.3,6,1,-0.0189014328297876,-34.3523446031504
0.31,1.1,0.045,0.9925,3.32,0.4,10.8,7,1,-0.019735415373641,-42.31541559572983
0.44,10.7,0.051,0.9981,3.15,0.51,10.4,5,1,1.1906425834881027,82.39321403004514
0.23,5.15,0.034,0.9952,3.82,0.51,10.5,7,1,-1.9167771527601447,48.79380497902922
0.33,1.1,0.049,0.9927,3.13,0.42,9.3,5,1,-1.5173487354348554,34.45801503159139
0.32,1.1,0.047,0.9927,3.12,0.42,9.3,6,1,-1.6173100875841602,35.48341126941044
0.41,1.8,0.037,0.9911,3.29,0.39,12.2,7,1,0.0821718960446542,54.58037863899675
0.73,1.0,0.138,0.9936,3.08,0.3,9.2,5,1,-0.2202141080348187,41.36462160034826
0.34,1.8,0.057,0.9959,3.81,0.57,10.3,6,1,-0.8183142558429362,-10.07613836347636
0.65,1.4,0.046,0.9946,3.33,0.62,9.4,6,1,0.0802259367756628,41.26998492937797
0.27,6.7,0.036,0.9948,3.28,0.35,10.2,6,1,-0.8197042267493586,119.31034281745116
0.16,6.8,0.034,0.9955,3.08,0.39,9.0,6,1,-0.3165615358274252,103.310753656311
0.38,6.8,0.036,0.9951,3.06,0.36,9.3,6,1,-1.0185149543228291,135.1941058126322
0.3,7.1,0.037,0.9952,3.06,0.34,9.2,6,1,-0.8180362616616517,126.20563858223368
0.68,1.5,0.05,0.9946,3.32,0.64,9.4,6,1,0.0805039309569473,40.98750702942699
0.46,1.45,0.039,0.9944,2.92,0.46,9.5,6,1,2.382394972203788,116.89303051838624
0.35,1.2,0.036,0.9938,3.46,0.39,9.9,5,1,-0.020847392098779,-43.46651669052264
0.34,7.4,0.059,0.9963,3.46,0.62,11.1,7,1,-0.3160055474648562,59.6551021470997
0.34,4.2,0.0279999999999999,0.991,2.99,0.41,12.3,8,1,0.2829285828871155,3.2130658511534875
0.42,14.6,0.044,1.0003,3.21,0.69,8.6,7,1,0.781067378545929,51.02255999263348
0.29,10.5,0.04,0.9966,3.04,0.35,9.4,5,1,0.383723917580272,27.98078071474815
0.56,13.8,0.048,0.9993,3.07,0.58,9.4,6,1,1.1845267114998457,79.5995032165389
0.47,1.1,0.037,0.9938,3.21,0.42,10.9,5,1,0.8888125677711987,9.951588572958755
0.31,5.3,0.1689999999999999,0.9965,3.2,0.48,9.4,5,1,-0.2138202418652763,47.05655858934553
0.27,1.5,0.064,0.9938,3.22,0.46,9.2,6,1,-1.0182369601415449,15.099759257043033
0.36,4.9,0.083,0.9942,3.33,0.37,10.8,6,1,-0.2179901545845428,13.770695624284045
0.3,1.9,0.025,0.9928,3.29,0.62,10.5,6,1,-0.6170015806379068,34.15434763665148
0.41,1.7,0.026,0.991,3.02,0.78,12.5,6,1,0.5794767091596142,24.95684968228336
0.34,1.8,0.0279999999999999,0.9911,2.99,0.48,12.1,7,1,0.4825732930044397,51.5140686165541
0.74,10.7,0.039,0.9977,3.02,0.43,8.7,5,1,0.1838012132816651,36.83366439715833
0.36,8.8,0.026,0.9927,3.07,0.25,12.7,8,1,0.7874612447154714,40.49599840550643
0.29,1.8,0.05,0.9912,3.06,0.44,11.4,7,1,-0.6200595166320362,34.30124198861414
0.4,1.6,0.032,0.9907,3.02,0.6,12.9,7,1,1.080673440812559,-2.855985708765033
0.33,1.4,0.0289999999999999,0.9902,3.15,0.51,12.8,7,1,-0.0158434968356591,-5.210445579343059
0.3,1.6,0.034,0.992,3.38,0.44,11.2,6,1,-0.6200595166320362,-38.60082390638935
0.33,1.5,0.033,0.994,3.14,0.42,9.7,6,1,1.1792448220554412,-18.90783255089761
0.32,9.2,0.038,0.9966,3.04,0.56,9.7,6,1,0.2815386119806931,80.34242155440698
0.3,1.1,0.037,0.993,3.5,0.54,10.3,6,1,-1.0196269310479673,-37.85790556852125
0.22,4.3,0.03,0.993,3.0,0.87,11.6,4,1,-0.3137815940145803,-16.396599637342348
0.22,4.2,0.031,0.993,3.0,0.86,11.6,4,1,-0.3132256056520113,-16.396599637342348
0.33,5.0,0.045,0.9942,3.32,0.44,10.9,6,1,0.2857085246999595,16.428822889801992
0.38,6.8,0.045,0.9925,3.19,0.37,12.6,7,1,0.0868977971264897,7.440355659403494
0.39,5.2,0.04,0.9925,3.3,0.47,12.4,6,1,0.0846738436762137,51.02255999263348
0.28,4.75,0.042,0.9928,2.96,0.4,11.5,5,1,0.5814226684286057,53.94197566311347
0.38,5.9,0.045,0.995,2.93,0.35,10.2,6,1,1.7813758854921833,48.74154729803679
0.4,7.7,0.032,0.9939,3.22,0.27,11.4,5,1,-0.3190634834589847,65.05468254513143
0.42,6.4,0.067,0.9958,3.3,0.33,9.6,6,1,0.1804652831062521,97.3250279633884
0.36,8.1,0.035,0.9952,3.05,0.3,10.3,6,1,0.9804340944819678,54.475863277011925
0.71,17.35,0.038,1.0,2.95,0.75,9.3,5,1,0.7913531632534543,117.96008968970328
0.45,1.8,0.05,0.9948,3.33,0.49,10.7,7,1,0.6788820729463501,-3.1073954227125142
0.4,1.8,0.047,0.99,3.13,0.49,12.8,8,1,-0.4179128588831515,-7.951898711856884
0.59,1.5,0.049,0.9958,2.98,0.62,9.5,5,1,2.478186411633825,25.52180548218529
0.68,1.6,0.046,0.9948,3.02,0.45,10.4,6,1,1.978657645068587,13.613922581306824
0.55,1.6,0.049,0.9949,3.02,0.61,10.3,6,1,2.1791363377297657,-23.26082721612137
0.08,13.5,0.0409999999999999,0.997,3.46,0.39,9.9,6,1,-2.013819566005962,28.74488854760516
0.22,3.75,0.039,0.9927,3.23,0.5,10.7,6,1,-0.9179976138109563,3.443286070112052
0.54,1.3,0.04,0.9938,2.94,0.43,10.5,5,1,2.3812829954786494,41.42675797235522
0.42,1.3,0.046,0.9949,3.08,0.48,9.6,5,1,1.9833835461504223,66.2679200119312
0.4,6.2,0.04,0.9953,3.15,0.46,9.3,6,1,-0.8158123082113766,57.09161155255201
0.36,9.7,0.044,0.997,3.1,0.46,10.0,6,1,0.8804727423326639,54.19338537706095
0.26,2.0,0.026,0.9932,3.04,0.39,11.2,6,1,0.6820790060311213,76.14619993216046
0.34,1.4,0.039,0.9927,3.32,0.62,10.8,5,1,-0.2204921022161032,59.12121453320121
0.31,1.1,0.044,0.9932,3.54,0.51,10.3,6,1,-0.8202602151119276,-18.78212769392387
0.53,6.6,0.038,0.9955,3.03,0.42,8.8,5,1,-0.8174802732990827,123.33848059274612
0.42,1.5,0.044,0.9914,3.04,0.74,12.8,6,1,0.380387987404859,-5.639817831256707
0.37,4.6,0.0279999999999999,0.991,3.23,0.43,13.2,6,1,0.0871757913077742,-3.1073954227125142
0.3,0.9,0.037,0.992,3.54,0.56,10.1,6,1,-2.115309886152332,36.404292145244696
0.26,1.7,0.093,0.9924,3.44,0.66,11.0,5,1,-1.0187929485041138,47.92518178418736
0.35,1.3,0.043,0.9927,3.25,0.62,10.8,6,1,-0.3201754601841227,63.98690731733451
0.48,2.3,0.04,0.9911,3.2,0.52,12.8,7,1,0.4839632639108613,-0.5749730141683358
0.72,6.8,0.042,0.9958,3.12,0.36,9.2,6,1,-0.7183529036936322,53.125610149264034
0.33,1.5,0.047,0.9928,3.12,0.44,10.5,6,1,-0.4173568705205825,54.68489400098157
0.33,1.2,0.0279999999999999,0.9902,3.37,0.38,11.7,6,1,-2.01368056891532,-36.1418486738265
0.43,2.1,0.052,0.994,2.85,0.46,9.5,5,1,1.1800788045992938,-12.148120334103425
0.41,2.2,0.05,0.994,2.85,0.45,9.5,5,1,1.080673440812559,-7.334685230962521
0.32,8.8,0.0579999999999999,0.9972,3.4,0.4,8.8,6,1,-0.4204148065147119,-5.388408117309211
0.64,17.0,0.05,1.0004,3.15,0.51,9.3,7,1,0.679438061308919,102.28535741849196
0.39,1.8,0.034,0.991,3.09,0.75,12.6,8,1,0.5808666800660367,71.47965918098227
0.5,1.2,0.048,0.9918,3.21,0.34,12.4,6,1,1.7812368884015406,-7.847383349872075
0.24,2.3,0.047,0.995,3.65,0.72,10.1,6,1,-1.5183217150693509,79.77746575450506
0.36,7.0,0.042,0.9941,3.26,0.37,11.2,8,1,0.5830906335163117,47.46474134627023
0.3,6.4,0.048,0.9956,3.29,0.52,10.0,5,1,-0.5195421761201624,135.50765189858663
0.27,12.15,0.033,0.9959,2.99,0.39,10.8,6,1,1.1909205776693863,3.443286070112052
0.32,0.8,0.04,0.9922,3.27,0.33,10.0,6,1,-0.02029140373621,11.301841700706646
0.23,2.0,0.0289999999999999,0.9931,3.04,0.33,10.4,5,1,0.3901177837498144,31.97785030403962
0.31,12.4,0.059,0.9984,3.51,0.47,9.8,6,1,-0.6175575690004758,70.15059554822328
0.37,1.9,0.0409999999999999,0.9908,3.26,0.4,12.2,8,1,0.0816159076820852,54.3501584200382
0.37,1.1,0.043,0.991,3.39,0.48,12.7,8,1,0.0860638145826362,0.2936501806735094
0.39,6.2,0.039,0.9928,3.21,0.35,12.2,7,1,-0.2118742825962849,51.25278021159205
0.4,6.3,0.039,0.9936,3.15,0.34,11.9,7,1,0.984604007201236,47.747219246221206
0.39,0.9,0.042,0.9924,2.96,0.28,10.4,4,1,1.984217528694277,-55.144179372442544
0.39,3.9,0.034,0.9917,3.29,0.67,12.8,7,1,0.7907971748908853,5.828814126693558
0.33,3.9,0.027,0.9906,3.28,0.39,12.7,7,1,-0.7141829909743658,17.757886522560952
0.3,1.8,0.04,0.9955,3.43,0.41,9.0,5,1,0.5786427266157608,66.13233646394288
0.41,1.1,0.04,0.9907,2.92,0.42,11.4,5,1,0.380387987404859,29.94824732339039
0.41,15.4,0.05,1.0,3.32,0.59,8.9,6,1,0.0813379135008007,80.57264177336556
0.4,6.5,0.039,0.9953,3.15,0.44,9.3,6,1,-0.9163296487232504,54.45467378202302
0.32,2.4,0.048,0.9911,3.28,0.46,12.0,8,1,-0.414854922889023,-9.667955606551644
0.32,1.4,0.04,0.9922,3.36,0.54,10.8,7,1,-0.7191868862374857,17.632181665587197
0.26,5.7,0.044,0.9951,3.52,0.37,10.5,6,1,-1.0210169019543898,48.6892896170444
0.28,5.7,0.038,0.9948,3.59,0.43,10.6,7,1,-1.220661612071714,79.34315415708413
0.33,1.4,0.04,0.9906,3.19,0.48,11.3,7,1,-0.8174802732990827,3.62124860807819
0.16,1.4,0.051,0.994,3.22,0.38,9.5,4,1,-0.3157275532835717,-21.084329883509497
0.28,1.2,0.046,0.9927,3.33,0.33,10.1,7,1,-0.5209321470265849,26.33817099603472
0.41,0.9,0.037,0.9914,3.25,0.43,10.9,6,1,-0.2207700963973877,-20.445926907626216
0.24,3.8,0.0579999999999999,0.9958,3.15,0.45,8.9,5,1,0.3826119408551349,-1.6738164279687453
0.47,14.15,0.168,0.9984,2.9,0.49,9.3,5,1,0.1929750212640524,71.74094758594428
0.39,1.9,0.052,0.9941,3.25,0.4,10.4,6,1,0.3828899350364194,0.2202030046921805
0.41,9.2,0.042,0.9944,3.1,0.38,12.0,7,1,1.0820634117189805,49.12854055997259
0.56,8.2,0.044,0.998,2.87,0.68,9.5,6,1,3.4800238865771416,66.69729226384486
0.34,2.7,0.032,0.9902,3.14,0.38,12.4,7,1,-0.3182295009151312,5.316116007784032
0.32,1.7,0.032,0.9911,3.28,0.41,11.2,7,1,-1.0160130066912698,15.455684332975338
0.41,1.7,0.047,0.9929,3.15,0.69,11.4,6,1,-0.3171175241899933,13.82295330527647
0.41,1.7,0.05,0.993,3.16,0.71,11.4,6,1,-0.3168395300087088,16.690111294764037
0.3,1.6,0.047,0.9918,3.35,0.38,11.1,7,1,-0.3168395300087088,21.085484949965647
0.2,0.9,0.054,0.992,3.1,0.42,10.4,6,1,-0.3118356347455888,5.807624631704627
0.32,8.5,0.044,0.9932,3.38,0.35,12.0,7,1,-0.3140595881958647,38.24605389691318
0.3,5.7,0.039,0.992,3.54,0.61,12.3,7,1,-1.5122058430810927,-17.06607079922911
0.16,3.1,0.045,0.994,3.12,0.35,9.1,6,1,-0.6089397493806583,-21.984021264354823
0.56,1.3,0.046,0.9923,3.24,0.33,10.5,6,1,-0.1146928722598259,-12.943296352963912
0.4,1.6,0.047,0.993,3.23,0.7,11.4,6,1,-0.418190853064436,12.619594529491238
0.29,1.3,0.042,0.9956,3.77,0.64,9.5,5,1,-1.0151790241474163,22.319911911754343
0.13,4.5,0.039,0.9907,3.42,0.9,13.7,7,1,-1.6104992301426917,-1.1611183090591908
0.33,2.8,0.034,0.99,3.28,0.51,13.4,6,1,-0.6128316679186403,-31.78885400860274
0.29,1.2,0.044,0.9918,3.2,0.48,11.3,7,1,0.0802259367756628,23.962521630467776
0.4,0.9,0.037,0.9926,3.06,0.34,10.0,6,1,0.8801947481513803,74.01208158952643
0.26,7.4,0.034,0.995,3.49,0.42,10.1,6,1,-1.318954999133311,9.334375092064406
0.47,1.4,0.0289999999999999,0.99,3.26,0.42,12.2,6,1,-1.0199049252292518,-33.83964648424087
0.3,4.6,0.042,0.9946,3.31,0.42,9.3,6,1,-1.520406671428984,-15.297756223541953
0.33,1.6,0.039,0.9898,3.09,0.46,12.3,7,1,-0.3193414776402692,-16.37541014235343
0.36,13.1,0.05,0.9986,3.04,0.46,8.9,7,1,0.0821718960446542,84.72648440563422
0.34,5.7,0.035,0.9928,3.19,0.46,11.5,6,1,-0.2191021313096808,-29.82138739996049
0.48,12.6,0.052,0.9979,3.17,0.52,9.3,6,1,-0.9057658698344406,111.2003774729091
0.29,5.4,0.044,0.994,3.3,0.5,11.1,8,1,0.1863031609132255,7.900796097320622
0.31,2.2,0.044,0.9937,3.34,0.64,10.9,8,1,-0.1174728140726699,13.27918700036345
0.48,6.6,0.043,0.9938,2.9,0.38,11.6,5,1,1.783182847670533,-44.387397566356896
0.24,6.9,0.069,0.9942,3.15,0.35,10.2,4,1,-0.9135497069104056,-2.029741503901036
0.36,6.8,0.034,0.9944,3.01,0.38,10.5,8,1,0.9809900828445368,-27.61382188134513
0.28,3.6,0.033,0.993,2.91,0.78,11.4,6,1,-0.1194187733416614,-38.37060368743079
0.34,1.2,0.04,0.9932,3.14,0.41,10.6,6,1,0.680550038034057,3.547801432096861
0.32,5.9,0.037,0.9934,3.31,0.4,11.6,6,1,-0.1174728140726699,-14.585906071677329
0.33,4.1,0.035,0.9925,3.25,0.79,12.3,8,1,-0.3162835416461407,38.86326737780753
0.49,7.1,0.042,0.9944,3.14,0.41,10.8,6,1,0.8829746899642252,7.775091240346882
0.3,1.4,0.037,0.9909,3.29,0.38,11.3,6,1,-1.4194723396451847,21.2111898069394
0.02,0.8,0.038,0.9932,3.36,0.36,9.3,5,1,-1.3127001300544112,-51.58636072607929
0.26,1.3,0.045,0.9934,3.36,0.6,10.0,6,1,-0.6181135573630447,10.286324153902129
0.35,15.55,0.057,1.0001,3.04,0.63,11.0,3,1,1.3900092994241415,246.86916422675216
0.74,1.0,0.044,0.992,3.13,0.55,10.2,5,1,-0.3148935707397182,14.639318819125904
0.74,1.6,0.04,0.9916,3.07,0.4,10.8,7,1,0.3789980164984365,-11.509717358220144
0.49,11.8,0.042,0.998,3.1,0.34,10.1,4,1,1.9822715694252848,22.0374340118034
0.49,4.5,0.047,0.9919,3.27,0.37,11.6,6,1,-1.0193489368666828,-26.46272078655231
0.24,1.1,0.051,0.9925,3.32,0.47,9.1,5,1,-1.919418097482347,-10.023880682483934
0.74,10.0,0.0559999999999999,0.9977,3.06,0.43,10.0,4,1,2.581205699777259,109.28516854525924
0.49,0.9,0.052,0.991,3.25,0.35,11.4,6,1,-0.4184688472457205,12.588526343487771
0.49,1.0,0.045,0.99,3.05,0.34,12.7,6,1,-0.0186234386485031,26.10795077707617
0.49,1.1,0.042,0.9917,3.13,0.55,11.3,5,1,0.182133248193959,41.90838790526125
0.49,1.1,0.033,0.9923,3.0,0.68,10.4,7,1,0.9798781061194006,-32.688545389448066
0.49,1.5,0.051,0.9928,3.3,0.46,9.6,5,1,-1.1181983122908496,-29.151916238073724
0.24,1.0,0.048,0.9923,3.0,0.31,10.1,4,1,-0.2138202418652763,-0.3136846092062768
0.49,2.9,0.03,0.9902,3.1,0.49,12.1,7,1,-0.7144609851556503,-22.80038677820424
0.49,1.2,0.031,0.9893,3.07,0.33,12.2,6,1,-0.1166388315288173,-14.251170490733957
0.24,14.2,0.053,0.9982,3.17,0.5,9.6,5,1,-0.3182295009151312,-22.109726121328563
0.49,7.1,0.05,0.9951,3.23,0.34,9.5,5,1,-0.9179976138109563,101.82491698057484
0.49,7.6,0.052,0.9956,3.16,0.47,8.9,5,1,-1.1173643297469962,117.39513388980136
0.74,13.6,0.05,0.998,3.03,0.44,8.8,5,1,-0.0175114619233651,52.58184384435101
0.24,1.4,0.057,0.9928,3.16,0.35,10.5,5,1,-0.0161214910169436,-0.1879797522325361
0.49,1.2,0.061,0.9938,3.08,0.34,9.4,5,1,0.7819013610897834,2.114222437353078
0.49,5.3,0.04,0.9914,3.24,0.4,12.2,6,1,-0.2196581196722498,11.510872424676291
0.49,13.0,0.033,0.9955,3.14,0.35,11.3,6,1,0.5869825520542946,44.31510545683172
0.74,4.45,0.044,0.9924,3.25,0.42,12.2,6,1,1.0803954466312735,16.146344989851016
0.49,1.2,0.063,0.9911,3.38,0.42,12.2,6,1,-0.9168856370858184,-20.372479731644887
0.49,1.2,0.055,0.9917,3.23,0.47,11.2,6,1,0.1796313005623986,32.15581284200577
0.49,6.6,0.036,0.9932,3.2,0.27,11.5,6,1,-0.3193414776402692,60.70168787990768
0.49,1.1,0.048,0.9929,3.01,0.42,9.3,5,1,-0.0136195433853831,18.866608627375925
0.49,14.0,0.034,0.9958,3.14,0.38,11.8,7,1,0.3895617953872454,42.36882834317838
0.49,19.8,0.054,1.0012,2.99,0.54,9.2,5,1,1.080673440812559,118.34708295163912
0.74,11.2,0.069,0.9968,3.0,0.81,9.2,5,1,-0.3151715649210027,38.14153853492839
0.74,2.7,0.044,0.991,3.31,0.41,12.2,6,1,-0.1185847907978079,31.842266756051306
0.49,4.5,0.048,0.9946,3.24,0.42,10.6,6,1,0.6780480904024966,17.684439346579623
0.74,3.6,0.05,0.9928,3.28,0.4,12.4,6,1,1.2794841683860287,13.27918700036345
0.49,5.4,0.048,0.9946,3.56,0.44,10.8,6,1,-0.8203992122025694,54.0676805200872
0.49,1.2,0.051,0.9918,3.06,0.46,11.0,6,1,1.08011745244999,17.89347007054927
0.49,9.1,0.031,0.9926,3.16,0.27,12.7,8,1,0.7871832505341878,39.57511752967217
0.74,0.8,0.044,0.9931,3.46,0.53,10.2,5,1,-0.2191021313096808,45.03683429971086
0.49,3.0,0.03,0.9903,3.13,0.39,12.3,7,1,-0.1177508082539544,-17.63102659913106
0.24,1.6,0.046,0.9928,3.19,0.39,9.8,5,1,-0.7177969153310633,-56.1173179292692
0.49,1.35,0.052,0.9911,3.15,0.28,11.4,5,1,0.5808666800660367,-69.86696258181617
0.49,5.9,0.038,0.9938,3.21,0.48,10.8,6,1,-0.2191021313096808,15.581389189949064
0.24,3.6,0.057,0.9942,2.99,0.48,9.5,4,1,-0.3176735125525622,-32.24929444651987
0.49,1.3,0.05,0.9945,3.46,0.44,10.2,6,1,-0.0225153571864851,30.209535728352435
0.49,8.7,0.0279999999999999,0.9962,3.22,0.36,10.7,5,1,-0.1010711573768876,70.3073685912005
0.24,1.2,0.04,0.992,3.05,0.29,10.8,6,1,0.3892838012059609,-14.45032252368904
0.24,4.6,0.044,0.9927,2.99,0.28,11.5,6,1,0.681106026396626,45.7486844515755
0.49,2.0,0.0559999999999999,0.9948,3.32,0.49,10.7,6,1,0.4795153570103103,7.314650802429753
0.24,1.7,0.048,0.9942,3.37,0.6,10.1,6,1,-0.6175575690004758,8.695972116181125
0.49,2.4,0.046,0.9952,3.62,0.81,10.4,6,1,-0.5200981644827314,77.14052798397607
0.24,4.6,0.053,0.9958,3.14,0.5,9.1,3,1,0.2840405596122526,14.283393743193573
0.49,1.5,0.034,0.9918,2.98,0.39,10.6,6,1,0.1829672307378125,9.260927916083062
0.49,0.9,0.033,0.9932,3.3,0.7,9.4,6,1,-1.0201829194105363,-64.415124502792
0.74,19.4,0.054,1.0004,3.51,0.45,9.8,6,1,-0.517596216851171,56.63117111463488
0.74,13.3,0.044,0.9972,3.18,0.54,9.5,6,1,-0.7172409269684943,115.6790769951066
0.74,17.85,0.037,0.9998,2.99,0.41,9.3,5,1,0.679438061308919,75.98942688918324
0.49,1.1,0.03,0.9918,3.55,0.45,10.3,6,1,-1.6189780526718662,2.3444426563116423
0.49,1.3,0.031,0.9918,3.06,0.62,11.1,5,1,0.2807046294368396,-21.722732859392764
0.49,9.4,0.046,0.9964,3.14,0.48,10.0,5,1,0.7832913319962049,75.81146435121708
0.49,9.0,0.033,0.9936,3.13,0.38,12.3,8,1,0.7844033087213429,66.18459414493533
0.49,8.65,0.033,0.9931,3.14,0.38,12.4,8,1,0.4847972464547148,72.71408614277094
0.49,9.6,0.03,0.9938,3.13,0.38,12.3,7,1,0.383167929217703,84.10927092473987
0.24,1.1,0.039,0.9934,3.41,0.32,10.4,5,1,-0.5073104321436466,-56.24302278624295
0.49,1.2,0.044,0.99,3.13,0.48,12.1,7,1,-0.4170788763392981,12.714231200461498
0.49,1.8,0.0409999999999999,0.9914,3.16,0.42,12.5,6,1,0.4825732930044397,-28.97395370010757
0.24,2.1,0.043,0.9904,3.22,0.6,13.0,6,1,-0.510368368137776,36.10062475030479
0.49,9.3,0.03,0.994,2.99,0.32,11.0,7,1,0.1804652831062521,16.48108057079439
0.49,1.7,0.04,0.9938,3.05,0.37,10.1,5,1,1.0803954466312735,54.32896892504927
0.24,1.2,0.034,0.9933,3.13,0.36,9.2,5,1,-0.6161675980940542,3.704574475074097
0.24,4.6,0.039,0.9909,3.27,0.34,12.6,7,1,-0.4145769287077385,8.23553167826401
0.74,12.8,0.045,0.9942,3.26,0.38,12.2,8,1,-0.2199361138535343,10.181808791917303
0.49,1.5,0.0409999999999999,0.9945,3.04,0.49,9.8,7,1,1.9794916276124412,17.527666303602402
0.49,8.1,0.051,0.9954,3.1,0.52,11.0,6,1,0.8804727423326639,93.27570069310453
0.74,7.5,0.044,0.996,3.22,0.64,10.0,6,1,0.5822566509724592,51.32622738757338
0.49,14.5,0.06,0.9991,3.55,0.44,9.8,6,1,-0.418746841427005,58.98563098521292
0.49,1.6,0.053,0.993,3.16,0.47,10.5,5,1,0.680550038034057,25.62632084417011
0.49,1.8,0.061,0.9942,3.23,0.48,10.0,5,1,0.7799554018207928,25.44835830620396
0.74,3.2,0.042,0.9934,3.02,0.51,11.2,6,1,1.5810361899216492,8.109826821290255
0.49,9.4,0.034,0.9939,2.99,0.32,11.0,7,1,0.0813379135008007,19.118018341323378
0.49,9.9,0.031,0.9937,3.01,0.28,11.2,6,1,0.0813379135008007,49.76694353585587
0.49,1.3,0.039,0.9926,3.14,0.77,10.5,6,1,0.079530951322452,22.21539654976955
0.49,9.6,0.037,0.9951,3.02,0.33,10.6,6,1,0.9809900828445368,44.10607473286207
0.49,9.3,0.038,0.9952,3.02,0.33,10.6,6,1,0.9815460712071058,52.63410152534341
0.49,7.8,0.035,0.9935,3.04,0.34,12.0,6,1,1.1811907813244318,-20.445926907626216
0.49,1.7,0.038,0.9939,3.05,0.37,10.1,6,1,1.0803954466312735,53.30357268723019
0.49,1.4,0.0409999999999999,0.9927,3.25,0.63,11.0,5,1,-0.3187854892777002,45.08909198070326
0.49,9.0,0.044,0.998,3.34,0.49,10.0,6,1,0.7819013610897834,69.20852517740009
0.49,18.15,0.042,0.9997,3.28,0.39,8.7,6,1,-0.6186695457256137,45.23598633266597
0.74,12.5,0.037,0.9981,3.04,0.44,8.7,5,1,-0.0172334677420806,44.67103053276399
0.49,1.1,0.037,0.992,3.15,0.54,11.1,6,1,6.9800611827092105,41.44794746734412
0.49,7.7,0.045,0.9954,3.04,0.55,11.0,6,1,0.6827739914843329,82.85365446796227
0.49,1.1,0.037,0.992,3.15,0.54,11.1,6,1,0.182689236556528,41.44794746734412
0.49,8.1,0.037,0.9943,3.1,0.3,11.2,7,1,0.8832526841455088,57.352899957514055
0.49,7.7,0.049,0.9941,3.14,0.3,11.1,7,1,0.2815386119806931,99.4704571099968
0.49,5.0,0.0279999999999999,0.9936,3.24,0.54,10.8,6,1,0.0824498902259387,-6.4660620361206895
0.74,15.6,0.044,0.9996,3.38,0.67,9.0,6,1,-0.1196967675229458,63.44314101242149
0.49,1.5,0.031,0.9932,3.03,0.4,10.3,6,1,1.2789281800234598,4.677713031900751
0.49,1.0,0.0279999999999999,0.9926,2.91,0.32,9.9,5,1,1.6782176002581082,-93.22228794565596
0.49,1.0,0.04,0.9936,3.13,0.41,10.0,6,1,0.8826966957829399,33.432618793772306
0.49,1.0,0.034,0.992,3.21,0.42,9.8,6,1,-1.219549635346576,-8.82052190669873
0.24,0.8,0.0289999999999999,0.993,3.16,0.32,9.1,4,1,-0.1099669711779904,-27.5926323863562
0.49,1.3,0.037,0.9924,3.23,0.57,10.6,6,1,-0.02029140373621,-10.536578801393487
0.49,1.1,0.038,0.9928,3.2,0.72,10.6,6,1,0.0791139600505248,-15.172051366568212
0.49,5.2,0.049,0.9952,3.18,0.47,10.6,6,1,0.6783260845837811,37.5553932400375
0.49,4.7,0.034,0.9945,3.13,0.45,9.9,6,1,-0.5164842401260339,41.90838790526125
0.49,4.8,0.034,0.9945,3.12,0.45,9.9,6,1,-0.5162062459447494,44.084885237873166
0.24,1.8,0.025,0.9903,3.34,0.59,12.8,6,1,-0.1146928722598259,-11.331754820253977
0.49,5.2,0.051,0.9953,3.18,0.48,10.6,6,1,0.679994049671488,43.111746681046455
0.99,1.2,0.122,0.9936,3.09,0.31,8.7,6,1,-0.6192255340881827,17.935849060527104
0.49,1.8,0.038,0.9912,3.32,0.44,12.6,7,1,0.0810599193195162,40.087815648581696
0.49,7.6,0.057,0.9962,3.43,0.63,11.0,7,1,-0.3162835416461407,39.60618571567564
0.49,8.2,0.0559999999999999,0.9965,3.29,0.6,11.2,7,1,0.6866659100223149,49.00283570299884
0.49,1.3,0.032,0.9932,3.45,0.57,10.7,7,1,-0.3179515067338467,34.123279450647985
0.49,10.0,0.036,0.9967,3.08,0.58,9.6,6,1,0.381499964129997,69.51219257234
0.49,6.4,0.045,0.9963,3.27,0.57,9.0,4,1,-1.0123990823345714,-3.285357960678681
0.49,1.0,0.036,0.992,2.96,0.33,10.5,4,1,1.584372120097063,-60.2400923755344
0.74,1.8,0.033,0.991,3.29,0.52,12.8,6,1,0.5833686276975962,41.44794746734412
0.49,2.0,0.059,0.9958,3.15,0.46,10.1,5,1,1.8823102172759807,-6.665214069075759
0.49,1.5,0.027,0.99,3.3,0.33,12.2,7,1,-0.1152488606223949,10.642249229834434
0.49,3.5,0.044,0.9938,3.14,0.51,10.1,6,1,1.2800401567485975,2.5746628752702065
0.49,18.05,0.046,0.9996,3.06,0.41,9.2,5,1,0.3801099932235745,44.084885237873166
0.49,1.8,0.055,0.9946,3.33,0.44,9.9,5,1,0.2804266352555551,-6.539509212102033
0.49,8.2,0.055,0.9974,3.52,0.58,9.7,6,1,0.1835232191003806,76.27190478913421
0.74,5.0,0.038,0.9945,3.21,0.46,9.9,5,1,-0.5162062459447494,42.88152646208791
0.74,4.6,0.0409999999999999,0.9946,3.21,0.45,9.9,5,1,-0.6161675980940542,45.05802379469982
0.49,7.0,0.063,0.9957,3.54,0.5,10.3,6,1,-0.3185074950964157,57.03935387155961
0.49,3.1,0.045,0.9931,3.16,0.35,10.3,5,1,0.5822566509724592,-0.2402374332249479
0.49,8.8,0.048,0.9947,2.88,0.34,10.5,4,1,1.2794841683860287,-7.564905449921085
0.74,2.4,0.053,0.9953,3.63,0.76,10.5,6,1,-0.419858818152143,73.195716075677
0.49,1.4,0.05,0.9931,3.32,0.44,9.8,6,1,-1.0168469892351224,-41.34227703890318
0.49,1.8,0.05,0.9946,3.31,0.58,10.6,4,1,-0.106909035183861,10.516544372860707
0.74,11.9,0.046,0.9978,3.58,0.68,10.1,5,1,-0.8194262325680741,57.96023474739384
0.49,13.4,0.062,0.9989,3.22,0.53,9.0,4,1,0.383723917580272,79.42154067857275
0.49,15.4,0.046,1.0004,3.18,0.45,9.5,5,1,2.582873664864966,0.8374164855865303
0.49,7.2,0.039,0.9938,2.94,0.32,11.5,6,1,1.7829048534892475,-28.84824884313383
0.49,7.4,0.039,0.9934,3.03,0.33,11.9,7,1,1.1814687755057154,-2.269840413874149
0.74,7.8,0.045,0.9956,3.21,0.42,9.2,6,1,-0.8174802732990827,97.39847513936972
0.74,13.5,0.039,0.9982,3.02,0.4,8.7,5,1,0.0835618669510758,53.19905732524539
0.49,1.3,0.042,0.9948,3.11,0.46,9.8,5,1,2.0830669041184446,32.91992067486278
0.74,1.5,0.036,0.9926,3.35,0.48,11.2,6,1,-0.2171561720406893,6.979915221486365
0.74,1.2,0.0279999999999999,0.991,3.08,0.82,12.3,6,1,0.6788820729463501,49.51553382190839
0.49,6.4,0.042,0.9945,3.34,0.44,10.4,6,1,-0.8210941976557811,49.99716375481442
0.74,1.2,0.047,0.9916,3.13,0.41,10.7,6,1,-0.418746841427005,-4.185049341523992
0.49,7.3,0.043,0.9953,3.13,0.59,10.5,6,1,1.379167526354049,-54.5792235725406
0.49,3.8,0.047,0.9938,2.95,0.4,9.4,6,1,-0.2166001836781212,22.90605720664523
0.49,7.3,0.046,0.9956,3.24,0.43,9.2,6,1,-0.8169242849365137,94.70927968784832
0.01,2.7,0.034,0.9906,3.15,0.3,11.9,5,1,-0.6092177435619428,13.656301571284686
0.74,1.4,0.172,0.9932,3.27,0.39,9.9,6,1,-0.917719619629672,-7.334685230962521
0.49,1.6,0.1669999999999999,0.9914,3.11,0.5,11.4,6,1,-0.5153722634008959,-21.87950590237
0.49,8.0,0.046,0.996,3.08,0.52,10.7,6,1,0.9843260130199508,111.71307559181862
0.24,4.7,0.034,0.9906,3.28,0.36,12.7,5,1,-1.6132791719555355,-36.81131983571326
0.24,1.9,0.034,0.98815,3.32,0.5,13.5,7,1,-1.6127231835929663,-64.08038892184862
0.01,2.8,0.048,0.9942,3.24,0.35,9.5,5,1,-0.51314830995062,24.339636201389013
0.49,2.2,0.032,0.9903,3.37,0.42,12.9,9,1,-0.1174728140726699,-0.8574509141192976
0.49,1.7,0.031,0.9906,3.07,0.46,12.5,6,1,0.2840405596122526,-1.7571422949646234
0.49,4.9,0.04,0.9935,3.34,0.38,9.5,7,1,-1.4189163512826155,7.001104716475297
0.49,23.5,0.057,1.0024,2.98,0.47,8.6,5,1,-0.3171175241899933,124.31161914957276
0.49,11.8,0.048,0.9968,3.09,0.46,10.0,7,1,0.8804727423326639,98.93656949609831
0.49,5.2,0.04,0.9941,3.12,0.34,10.1,6,1,0.9821020595696748,-16.27089478036862
0.49,3.2,0.027,0.9919,3.03,0.32,11.3,7,1,0.5822566509724592,-26.84971404848811
0.49,1.5,0.035,0.9928,3.26,0.4,10.6,7,1,0.7788434250956549,8.486941392211492
0.49,11.7,0.035,0.9958,3.14,0.34,10.8,5,1,0.7830133378149213,18.731025079387607
0.49,1.6,0.047,0.9932,3.4,0.47,10.7,6,1,0.2804266352555551,27.94971252874465
0.49,7.3,0.045,0.9957,3.09,0.4,9.0,6,1,-0.3151715649210027,96.5510414395168
0.49,1.6,0.065,0.9937,3.22,0.52,9.2,6,1,-1.0187929485041138,25.113622725260583
0.49,13.3,0.045,0.9982,3.14,0.48,8.5,6,1,-0.8141443431236697,130.71540629043466
0.49,6.0,0.0289999999999999,0.9928,3.41,0.36,11.3,8,1,-1.0182369601415449,13.73962743828058
0.49,1.6,0.05,0.9956,3.13,0.34,9.4,5,1,1.6834994897025126,13.435960043340671
0.49,7.7,0.045,0.9957,3.11,0.37,8.7,6,1,-0.7122370317053743,50.18500498379514
0.49,5.9,0.053,0.9954,3.36,0.36,9.4,6,1,-0.2207700963973877,1.9362598993869256
0.49,1.0,0.039,0.993,3.09,0.51,10.5,7,1,1.77929092913255,20.112346393138992
0.49,6.4,0.037,0.9954,3.38,0.53,9.7,6,1,-0.8172022791177982,47.23452112731168
0.49,10.4,0.048,0.9987,3.31,0.44,10.2,6,1,1.7806809000389716,83.7745353437965
0.49,3.5,0.057,0.9928,3.19,0.35,11.5,6,1,0.9804340944819678,-9.636887420548147
0.24,7.7,0.047,0.9951,2.94,0.31,9.6,6,1,0.5791987149783298,-17.756731456104802
0.24,1.8,0.053,0.993,3.23,0.7,11.4,5,1,-0.3176735125525622,1.172152066529904
0.49,6.5,0.0409999999999999,0.9926,3.41,0.58,12.2,8,1,-0.1169168257101009,-3.494388684648314
0.49,6.7,0.037,0.9938,3.2,0.38,11.0,7,1,0.1804652831062521,-7.4603900879362754
0.49,16.8,0.048,1.0001,3.03,0.52,9.2,6,1,1.0817854175376969,115.42766728115912
0.74,1.6,0.035,0.9933,3.26,0.45,10.2,6,1,0.2790366643491326,9.491148135041628
0.49,7.0,0.043,0.9952,3.21,0.33,10.0,5,1,0.5886505171420007,33.715096693723254
0.49,1.2,0.042,0.9934,3.13,0.48,9.7,6,1,0.8782487888823898,47.64270388423638
0.49,13.0,0.239,0.9988,2.96,0.51,9.2,5,1,0.3881718244808239,105.80079707487734
0.49,3.8,0.042,0.993,3.1,0.39,10.5,5,1,0.681106026396626,-9.793660463525384
0.49,7.5,0.054,0.9948,3.27,0.52,10.1,6,1,-0.8183142558429362,38.65423665383791
0.49,15.55,0.0579999999999999,0.9998,3.42,0.36,9.1,7,1,0.0805039309569473,23.952642939453213
0.49,12.3,0.049,0.9971,3.09,0.57,10.2,7,1,0.8832526841455088,33.684028507719816
0.49,9.4,0.048,0.9962,3.17,0.59,10.5,7,1,0.2818166061619775,38.54972129185309
0.49,1.2,0.036,0.99,3.05,0.28,12.1,7,1,0.5808666800660367,-17.013813118236712
0.49,1.6,0.045,0.9942,3.4,0.59,10.2,5,1,-0.1163608373475328,-13.508252152865865
0.49,1.6,0.0579999999999999,0.9965,3.65,0.52,9.4,4,1,-0.3173955183712778,52.56065434936211
0.49,3.95,0.044,0.9912,3.08,0.67,12.8,7,1,0.383723917580272,15.738162232926314
0.74,12.8,0.076,0.9978,3.12,0.58,9.0,6,1,-0.8127543722172472,96.4775942635355
0.49,1.0,0.044,0.9928,3.24,0.36,10.9,4,1,0.9829360421135293,3.547801432096861
0.28,31.6,0.053,1.0103,3.15,0.38,8.8,6,1,0.6841639623907545,61.37115904179443
0.49,7.4,0.052,0.9956,3.11,0.38,9.0,5,1,-0.6117196911935023,65.4727439930707
0.49,1.3,0.046,0.9936,3.09,0.59,10.2,5,1,0.5828126393350281,26.442686358019543
0.49,1.1,0.048,0.9929,3.19,0.48,9.2,5,1,-1.4200283280077537,-17.756731456104802
0.49,7.8,0.06,0.9966,3.26,0.58,11.3,6,1,0.5861485695104411,47.516999027262656
0.49,7.7,0.05,0.9964,3.12,0.45,8.8,5,1,-0.6158896039127697,108.10299926446297
0.49,7.7,0.049,0.996,3.16,0.4,9.3,5,1,-0.6154726126408425,105.41380381294157
0.49,7.8,0.049,0.9959,3.17,0.45,9.4,6,1,-0.6170015806379068,107.48578578356864
0.49,8.3,0.047,0.9954,3.23,0.4,10.3,6,1,-0.5173182226698865,80.34242155440698
0.49,1.4,0.047,0.9914,2.92,0.42,10.8,7,1,-0.5187081935763089,-0.1145325762512072
0.46,15.4,0.059,1.0004,3.27,0.58,9.0,4,1,0.8826966957829399,61.65363694174541
0.37,1.0,0.036,0.9911,3.41,0.51,11.5,8,1,-0.7208548513251927,4.029431365002907
0.56,1.0,0.04,0.9938,3.25,0.43,10.8,5,1,0.5873995433262209,-34.37353409813933
0.34,5.9,0.055,0.9927,2.95,0.51,11.8,6,1,1.5854840968221993,14.200067876197709
0.33,1.2,0.033,0.9922,3.12,0.38,10.5,7,1,0.679994049671488,-43.288554152556486
0.38,1.2,0.036,0.9924,3.14,0.44,9.9,6,1,-0.1160828431662484,5.012448612844139
0.18,6.7,0.046,0.9963,3.2,0.56,9.8,6,1,0.5817006626098902,45.34050169465077
0.3,6.5,0.0279999999999999,0.9936,3.4,0.42,11.4,7,1,-0.2149322185904143,-27.079934267446674
0.31,4.8,0.138,0.9951,3.2,0.38,9.3,5,1,-0.6172795748191913,54.96737190093255
0.31,5.3,0.1369999999999999,0.9951,3.2,0.38,9.3,5,1,-0.6170015806379068,48.72035780304786
0.29,8.9,0.046,0.9955,3.3,0.44,10.3,6,1,-0.4184688472457205,83.86917201476676
0.32,8.8,0.047,0.9961,3.17,0.47,8.9,5,1,-1.0168469892351224,114.98841633823092
0.37,1.8,0.032,0.992,3.11,0.35,11.1,6,1,0.0816159076820852,47.663893379225314
0.2,6.6,0.045,0.9944,3.36,0.45,10.4,6,1,-1.0160130066912698,57.14386923354441
0.2,5.7,0.034,0.9944,3.33,0.43,10.1,5,1,-0.8147003314862387,0.0422404667260281
0.34,18.35,0.054,1.0008,3.22,0.55,9.0,5,1,0.3840019117615565,83.87905070578132
0.3,10.0,0.046,0.9962,3.74,0.55,11.9,6,1,-0.9157736603606814,99.627230152974
0.28,14.4,0.055,0.9986,3.12,0.38,9.0,7,1,-0.0177894561046496,94.19658156893878
0.33,17.85,0.049,1.0,3.06,0.44,9.1,7,1,0.0824498902259387,81.35722304473161
0.37,9.4,0.047,0.9982,3.46,0.72,10.0,5,1,0.1824112423752435,34.761682426531266
0.26,1.55,0.0409999999999999,0.9949,3.55,0.63,9.4,3,1,-0.517596216851171,119.52008959790074
0.25,1.3,0.034,0.9915,3.27,0.55,11.4,6,1,-0.1202527558855148,8.183273997271598
0.3,1.5,0.05,0.9951,3.11,0.45,9.7,4,1,1.786518777845945,53.95185435412803
0.3,4.2,0.04,0.9927,3.28,0.49,11.8,6,1,-0.2179901545845428,98.75860695813218
0.22,8.6,0.048,0.9955,3.25,0.41,10.2,5,1,-0.5171792255792447,87.1543914521936
0.32,1.4,0.06,0.9952,3.37,0.42,9.2,6,1,0.4784033802851724,38.83219919180407
0.33,3.0,0.036,0.9928,3.25,0.4,11.0,6,1,-0.0189014328297876,18.55306254142145
0.36,14.9,0.0409999999999999,0.9982,3.08,0.31,10.0,6,1,1.2836540811052952,77.75774146487039
0.3,2.0,0.038,0.9914,3.32,0.37,12.2,6,1,-0.3196194718215537,75.9159797132019
0.29,2.2,0.043,0.9918,3.38,0.43,11.6,6,1,-0.917163631267103,60.39802048496777
0.3,1.8,0.043,0.9944,3.44,0.61,10.2,6,1,-0.5173182226698865,5.546336226742596
0.36,11.1,0.033,0.9969,3.14,0.46,10.3,5,1,0.6830519856656165,94.35335461191598
0.19,4.2,0.046,0.9955,3.25,0.35,8.6,4,1,-0.7169629327872098,-5.639817831256707
0.42,6.4,0.0579999999999999,0.9954,3.16,0.44,9.6,5,1,-0.5153722634008959,35.20093336945949
0.42,6.4,0.057,0.9955,3.16,0.45,9.6,5,1,-0.5159282517634649,31.82107726106237
0.31,1.5,0.035,0.9921,3.41,0.47,11.3,6,1,-0.6175575690004758,12.996709100412474
0.22,1.5,0.038,0.9934,3.41,0.55,9.9,6,1,-0.8177582674803672,43.57218711896358
0.29,16.95,0.0559999999999999,0.9998,3.45,0.4,9.6,5,1,-0.4173568705205825,67.28343755873571
0.26,1.7,0.051,0.9946,3.36,0.6,10.6,4,1,-0.2077043698770184,44.47187849980894
0.3,13.6,0.055,0.9984,3.44,0.39,9.8,5,1,-0.4184688472457205,68.71701655347952
0.24,1.6,0.032,0.9924,3.08,0.47,10.5,5,1,0.8835306783267942,-50.4564491262754
0.3,6.1,0.037,0.9939,3.24,0.51,10.8,5,1,-0.2191021313096808,5.954518983667313
0.37,3.0,0.061,0.995,3.22,0.51,10.0,6,1,0.679994049671488,61.01523396586212
0.27,6.2,0.059,0.9957,3.3,0.49,10.1,6,1,-0.6150556213689162,19.68297414122536
0.24,6.6,0.123,0.9953,3.07,0.48,9.4,5,1,-0.4162448937954455,2.9828456321949237
0.34,1.6,0.04,0.9912,3.32,0.59,11.5,8,1,-0.7194648804187702,35.96504120231647
0.31,6.0,0.046,0.9939,3.26,0.5,10.8,6,1,-0.2188241371283963,-6.1835841361697135
0.32,1.5,0.044,0.9921,3.1,0.43,9.9,6,1,-0.4170788763392981,24.60092460635103
0.33,1.7,0.05,0.9954,3.16,0.43,9.0,4,1,2.0800089681243144,61.7058946227378
0.27,1.8,0.043,0.9933,3.38,0.31,9.4,6,1,-1.4178043745574778,-45.28708894720221
0.39,2.6,0.044,0.9941,3.46,0.44,10.8,7,1,0.3806659815861435,64.11261217430827
0.48,2.7,0.052,0.995,3.5,0.45,10.9,7,1,0.9790441235755464,72.46267642882346
1.0,19.5,0.0409999999999999,0.9977,3.24,0.38,12.0,6,1,0.2862645130625285,33.662839012730856
0.3,5.0,0.0559999999999999,0.9945,3.47,0.42,10.5,6,1,-0.2210480905786722,7.900796097320622
0.22,4.6,0.064,0.9952,3.29,0.37,9.3,6,1,-0.3198974660028382,42.62023805712589
0.32,6.4,0.034,0.9924,3.23,0.44,11.8,6,1,-0.2163221894968368,-17.11832848022152
0.44,14.5,0.045,0.9986,3.48,0.36,10.0,6,1,0.3874768390276122,104.00141431318669
0.33,6.7,0.036,0.9939,3.2,0.68,11.4,6,1,0.2812606177994086,26.694096071967024
0.3,1.1,0.031,0.9929,2.94,0.3,10.4,6,1,1.980881598518863,-12.409408739065457
0.46,13.8,0.055,0.9988,3.36,0.37,9.5,6,1,1.484132773766472,90.37747451761346
0.04,2.5,0.031,0.9906,3.14,0.32,11.9,5,1,-0.6093567406525846,1.1100156945229287
0.31,1.1,0.0409999999999999,0.9914,2.99,0.45,11.1,6,1,0.8832526841455088,13.017898595401403
0.3,9.6,0.057,0.9978,3.39,0.38,9.6,6,1,-0.3201754601841227,73.5827093376128
0.36,4.6,0.042,0.9928,3.29,0.47,12.0,6,1,0.7838473203587739,68.15206075357754
0.23,3.1,0.052,0.9948,3.14,0.42,8.7,5,1,-1.1181983122908496,-13.299221428896232
0.38,1.8,0.054,0.9946,3.24,0.44,10.0,5,1,0.2793146585304171,-15.297756223541953
0.29,1.05,0.032,0.9908,2.91,0.32,11.4,4,1,1.1828587464121387,-63.51543312194668
0.47,6.5,0.061,0.9954,3.14,0.45,9.6,6,1,-0.6142216388250628,33.30691393679858
0.4,2.0,0.038,0.9906,3.18,0.32,12.9,6,1,0.4856312289985682,36.404292145244696
0.23,14.9,0.039,0.99705,3.14,0.35,9.7,6,1,-0.9174416254483876,31.04709073719077
0.36,10.0,0.042,0.9982,3.23,0.51,9.3,6,1,1.0831753884441184,54.09874870609069
0.58,1.1,0.133,0.9932,3.1,0.3,9.1,5,1,-0.6183915515443292,26.35936049102365
0.31,12.0,0.053,0.9977,3.16,0.48,8.6,5,1,-1.1148623821154366,124.23817197359146
0.29,4.8,0.05,0.994,3.14,0.42,9.9,5,1,0.2812606177994086,-25.698612953695303
0.24,1.2,0.044,0.9929,3.28,0.42,10.9,5,1,0.7824573494523523,-14.094397447756734
0.27,1.5,0.0559999999999999,0.9924,3.2,0.43,10.2,6,1,-1.119588283197272,23.774680401487032
0.3,10.4,0.045,0.9966,3.11,0.57,9.7,6,1,0.1801872889249676,61.49686389876818
0.28,2.5,0.046,0.9921,3.38,0.51,11.4,7,1,-0.5200981644827314,40.14007332957409
0.44,12.3,0.045,0.9967,3.24,0.54,9.5,6,1,-1.1172253326563544,85.95103267640839
0.25,1.4,0.049,0.9934,3.42,0.54,10.2,7,1,0.18157725983139,29.153071304529888
0.28,2.2,0.042,0.9914,3.31,0.43,11.1,6,1,-0.8199822209306431,-19.85978161273536
0.25,8.0,0.053,0.9961,3.22,0.43,9.3,5,1,-0.517040228488602,91.04694567950024
0.23,8.6,0.0559999999999999,0.9967,3.17,0.44,8.8,5,1,-0.3165615358274252,104.15818735616392
0.28,1.2,0.038,0.9926,2.8,0.46,10.6,5,1,2.3801710187535114,-63.619948483931495
0.2,8.7,0.046,0.99605,3.17,0.44,9.3,5,1,-0.6072717842929514,118.67193984156792
0.19,5.4,0.042,0.99435,3.31,0.35,10.2,6,1,-0.8166462907552292,73.60389883260173
0.28,5.7,0.044,0.9948,3.16,0.51,10.2,6,1,0.7832913319962049,9.847073210973946
0.27,1.5,0.037,0.9916,3.46,0.42,11.0,7,1,-0.8197042267493586,-17.986951675063366
0.3,10.9,0.037,0.997,3.4,0.5,9.6,6,1,0.0810599193195162,-4.823452317407273
0.26,7.7,0.054,0.9961,3.17,0.45,8.8,5,1,-0.6156116097314852,98.31935601520398
0.22,1.7,0.051,0.9955,3.28,0.69,8.9,5,1,0.1840792074629496,67.74387799665284
0.07,1.4,0.048,0.9922,3.17,0.38,10.0,5,1,-0.6142216388250628,35.5257902593883
0.28,4.5,0.046,0.9918,3.16,0.56,12.2,7,1,0.4870211999049907,-11.101534601295429
0.26,9.9,0.059,0.9955,3.04,0.42,10.9,6,1,0.5858705753291567,65.7764113880106
0.26,1.4,0.0409999999999999,0.9941,3.34,0.72,9.5,6,1,-0.7194648804187702,28.46241064765418
0.26,9.5,0.059,0.9955,3.04,0.43,10.9,6,1,0.5861485695104411,62.62677549857206
0.28,3.0,0.054,0.9924,3.16,0.4,10.8,6,1,-0.3193414776402692,-14.020950271775405
1.0,19.6,0.03,0.9973,3.24,0.4,12.0,6,1,0.4886891649926967,19.86093667919148
0.35,14.0,0.069,0.999,3.56,0.47,9.8,5,1,-0.6175575690004758,50.3318993357578
0.36,1.8,0.034,0.9922,3.42,0.69,11.0,8,1,-0.8202602151119276,37.91131831596984
0.31,5.4,0.052,0.9953,3.24,0.38,9.8,5,1,1.1795228162367248,38.83219919180407
0.37,1.8,0.051,0.9945,3.49,0.44,10.5,4,1,-1.1154183704780056,79.66163958854587
0.26,9.25,0.034,0.9945,3.05,0.37,11.4,6,1,1.2805961451111667,37.032816430113385
0.4,1.5,0.067,0.9957,3.27,0.57,10.1,6,1,1.4871907097606003,-16.731335218285736
0.29,6.8,0.038,0.9932,3.33,0.46,11.6,7,1,-0.5178742110324555,18.06155391750086
0.26,2.6,0.04,0.9913,3.07,0.52,11.8,7,1,0.184357201644234,0.6283857616168831
0.3,2.1,0.033,0.9909,3.33,0.43,12.1,7,1,-0.0175114619233651,47.30796830329304
0.29,7.6,0.035,0.9939,3.16,0.34,12.0,5,1,0.9848820013825196,9.282117411071994
0.24,1.6,0.026,0.991,3.08,0.74,12.1,7,1,0.5805886858847522,71.94997830991393
0.3,1.4,0.042,0.9954,3.15,0.46,9.1,5,1,2.178858343548482,59.29917707116736
0.24,1.6,0.054,0.9943,3.36,0.5,9.3,5,1,-0.8152563198488076,1.6537819994359635
0.36,1.4,0.0559999999999999,0.993,3.2,0.53,10.4,6,1,0.5811446742473212,35.765889169361415
0.31,17.95,0.062,1.0002,3.27,0.64,9.1,5,1,0.184913190006803,73.68722469959762
0.24,2.0,0.064,0.9946,3.32,0.54,9.4,5,1,-0.6142216388250628,4.112757231998813
0.41,6.3,0.061,0.9953,3.16,0.47,9.6,6,1,-0.514260286675758,32.10355516101332
0.32,1.4,0.037,0.9918,3.19,0.62,12.0,5,1,-0.1144148780785414,10.872469448793012
0.27,9.05,0.039,0.9936,3.27,0.34,11.3,8,1,-0.3176735125525622,15.120948752031936
0.29,15.4,0.073,0.9984,3.06,0.41,8.7,6,1,-0.418190853064436,63.28636796944427
0.21,7.1,0.04,0.9956,3.39,0.58,9.9,6,1,-0.8172022791177982,47.747219246221206
0.22,10.2,0.049,0.9966,3.08,0.4,9.3,6,1,0.3834459233989875,81.03308221128269
0.23,1.6,0.042,0.9942,3.07,0.32,9.5,5,1,2.178858343548482,-49.53556825044116
0.39,12.4,0.065,0.9974,3.16,0.39,9.4,5,1,0.2843185537935371,4.52093998892353
0.2,3.4,0.046,0.9944,3.15,0.41,9.4,5,1,0.3856698768492634,-3.00288006072769
0.43,15.0,0.053,1.0008,3.28,0.79,8.8,6,1,1.5802022073777948,74.91177297037176
0.21,1.5,0.049,0.9928,3.18,0.41,9.9,6,1,-0.6144996330063472,70.07714837224195
0.24,4.8,0.042,0.9908,3.29,0.37,12.6,6,1,-1.611333212686544,-42.36767327672223
0.38,1.2,0.038,0.9917,3.19,0.43,11.1,6,1,-0.0205693979174945,-6.769729431060583
0.29,4.1,0.03,0.9911,3.0,0.32,12.8,7,1,0.9865499664702266,-13.508252152865865
0.35,2.8,0.038,0.9912,3.09,0.53,12.0,6,1,-0.4162448937954455,43.93799088591045
0.3,13.9,0.0289999999999999,0.9953,3.36,0.5,12.0,7,1,-0.517040228488602,17.34970376563625
0.0,0.8,0.034,0.9932,3.19,0.34,9.2,4,1,-0.0108396015725391,3.5689909270857925
0.29,1.0,0.032,0.9896,3.38,0.44,12.3,6,1,-1.2170476877150156,-18.321687256006754
0.28,1.2,0.032,0.9889,3.19,0.41,13.0,6,1,-0.415410911251592,18.27058464147048
0.31,1.7,0.035,0.9926,3.07,0.38,10.9,5,1,0.1832452249190961,-5.618628336267776
0.24,6.3,0.054,0.9964,3.36,0.54,10.0,6,1,0.0805039309569473,114.66355944830212
0.12,11.5,0.033,0.9974,3.22,0.32,9.0,5,1,-0.7155729618807882,50.6666349167012
0.4,1.5,0.034,0.9944,3.42,0.6,10.4,5,1,-0.1158048489849639,-33.222433003346524
0.23,6.3,0.051,0.9963,3.36,0.54,10.0,6,1,0.0799479425943783,123.65202667870058
0.24,11.2,0.031,0.9948,3.12,0.43,11.3,7,1,0.4872991940862752,53.99423334410589
0.24,15.1,0.03,0.9953,3.13,0.51,12.0,7,1,0.188805108544785,38.758752015822736
0.3,5.6,0.044,0.9949,3.6,0.41,10.6,6,1,-0.8185922500242206,47.64270388423638
0.42,12.6,0.211,0.9988,2.99,0.56,9.3,5,1,0.7902411865283163,97.83772608229792
0.23,5.7,0.123,0.9954,3.04,0.54,9.4,6,1,-0.2193801254909653,-10.536578801393487
0.29,2.2,0.037,0.992,3.27,0.64,11.0,7,1,-0.0180674502859341,-10.18065372546117
0.36,11.0,0.052,0.9984,3.44,0.55,9.3,6,1,-0.7150169735182192,134.60796051774133
0.33,1.0,0.054,0.9926,3.42,0.51,10.5,5,1,-0.3196194718215537,47.16107395133032
0.31,11.8,0.039,0.9976,3.07,0.52,9.5,6,1,0.9798781061194006,146.4537070466128
0.45,7.8,0.059,0.9972,3.33,0.77,11.2,6,1,1.0826194000815494,24.674371782332383
0.46,4.7,0.0289999999999999,0.991,3.29,0.62,12.3,6,1,-1.1148623821154366,-21.649285683411435
0.2,11.5,0.049,0.998,3.27,0.44,9.0,5,1,0.1874151376383634,44.95350843271497
0.58,7.9,0.0409999999999999,0.9966,3.07,0.38,9.0,5,1,0.3823339466738504,71.47965918098227
0.25,1.7,0.042,0.992,3.25,0.42,11.4,6,1,-0.2179901545845428,77.01482312700232
0.25,1.6,0.046,0.9925,3.2,0.42,11.0,7,1,-0.1177508082539544,69.69015511030618
0.31,1.6,0.049,0.9934,3.6,0.67,10.4,7,1,-0.8194262325680741,13.917589976246733
0.39,2.4,0.0579999999999999,0.9955,3.28,0.59,10.3,5,1,1.0823414059002658,-10.14958553945769
0.35,6.4,0.048,0.9944,3.29,0.55,10.5,7,1,-0.4179128588831515,59.55058678511488
0.28,14.0,0.053,0.9981,3.14,0.45,9.8,6,1,0.781067378545929,92.85763924516526
0.42,1.6,0.0559999999999999,0.9968,3.11,0.46,10.0,4,1,2.79947602004064,66.00663160696918
0.34,1.6,0.0559999999999999,0.9946,3.14,0.47,9.7,5,1,1.6840554780650816,56.30631422470607
0.34,1.4,0.0559999999999999,0.9946,3.13,0.47,9.7,5,1,1.683777483883798,51.67084165953132
0.19,4.7,0.046,0.9946,3.32,0.66,10.5,6,1,-0.5195421761201624,51.83892550648294
0.28,10.2,0.054,0.997,3.14,0.46,10.0,6,1,0.5805886858847522,81.0020140252792
0.31,2.3,0.054,0.9924,3.24,0.92,11.5,7,1,0.0788359658692403,-11.687679896186296
0.3,7.8,0.049,0.9958,3.24,0.39,9.5,5,1,-0.6167235864566223,91.73760633637596
0.3,2.4,0.042,0.994,3.43,0.61,10.5,6,1,-0.1177508082539544,6.519474783569251
0.44,8.3,0.255,0.9958,3.12,0.43,10.2,6,1,0.3851138884866945,26.672906576978093
0.25,13.9,0.05,0.9984,3.34,0.5,9.8,6,1,0.3826119408551349,86.05554803839318
0.28,13.8,0.031,0.9948,3.1,0.37,11.6,6,1,-0.3143375823771492,23.18853510659621
0.27,7.3,0.031,0.9932,3.15,0.38,11.8,7,1,0.181021271468821,31.612046537092752
0.28,8.5,0.035,0.9952,3.04,0.37,10.1,7,1,0.9798781061194006,27.719492309786105
0.21,1.8,0.049,0.9924,3.31,0.5,10.3,6,1,-0.9191095905360944,48.72035780304786
0.22,5.1,0.048,0.9945,3.34,0.49,10.4,6,1,-0.2188241371283963,54.27671124405684
0.2,16.05,0.047,0.9976,3.09,0.46,8.9,5,1,-1.4150244327446335,49.56779150290079
0.31,7.35,0.034,0.9938,3.06,0.31,10.8,5,1,0.6830519856656165,40.42255122952507
0.38,16.05,0.0579999999999999,0.9997,3.38,0.6,9.2,5,1,-0.6158896039127697,46.29245075648852
0.3,2.0,0.053,0.994,3.18,0.49,9.6,6,1,0.7802333960020764,29.33103384249604
0.36,1.2,0.032,0.9921,3.08,0.37,10.4,6,1,0.78051139018336,-37.21950259263798
0.26,14.0,0.043,0.9986,3.03,0.57,8.7,6,1,0.7819013610897834,132.81845644706522
0.61,16.2,0.043,0.9987,3.06,0.36,9.2,6,1,-0.0191794270110721,-14.50258020468145
0.42,14.3,0.045,0.9991,3.18,0.63,9.2,5,1,0.4834072755482923,99.6794878339664
0.32,7.9,0.0289999999999999,0.9948,3.4,0.39,10.2,5,1,-0.8183142558429362,10.53773386784964
0.02,1.0,0.036,0.993,3.2,0.32,9.0,5,1,-0.2099283233272943,-4.854520503410754
0.41,13.6,0.05,0.9988,3.37,0.43,9.7,5,1,0.0818939018633697,64.69875746919912
0.4,17.85,0.049,1.0,3.34,0.42,9.6,5,1,-0.0180674502859341,73.5827093376128
0.4,1.3,0.036,0.9932,3.14,0.76,10.0,5,1,0.379276010679721,-3.442131003655888
0.41,13.7,0.045,0.9989,3.18,0.64,9.1,5,1,0.384279905942841,83.87905070578132
0.31,18.3,0.046,1.0,3.3,0.41,8.7,5,1,-0.4179128588831515,29.43554920448084
0.44,6.5,0.0559999999999999,0.9952,3.14,0.44,9.5,5,1,-0.414854922889023,45.853199813560295
0.33,10.3,0.039,0.9969,2.93,0.49,9.5,6,1,0.682218003121764,105.1525154079795
0.67,8.1,0.037,0.9966,2.9,0.41,8.9,6,1,0.2832065770683991,55.78373741478198
0.41,8.6,0.053,0.9976,3.29,0.64,9.9,6,1,-0.0161214910169436,-27.896299781296108
0.31,1.9,0.03,0.99,3.29,0.62,12.6,7,1,-0.5123143274067665,-7.313495735973618
0.27,14.1,0.033,0.9988,2.72,0.43,9.7,6,1,2.780572415713298,53.94197566311347
0.3,7.9,0.039,0.9942,2.96,0.34,10.4,5,1,0.181021271468821,0.0944981477184256
0.35,10.7,0.04,0.9984,2.93,0.49,9.1,6,1,1.5810361899216492,66.11114696895397
0.27,1.2,0.04,0.9932,3.01,0.55,10.4,5,1,0.5844806044227342,-9.05074212565728
0.35,1.9,0.037,0.9933,3.16,0.69,10.6,5,1,-1.2164916993524466,2.5012156992888777
0.3,2.7,0.0289999999999999,0.9916,3.12,0.59,12.0,7,1,0.6852759391158925,50.53105136871291
0.36,5.7,0.038,0.9914,2.93,0.59,12.5,7,1,-0.0147315201105211,-16.605630361311995
0.34,9.3,0.062,0.9966,3.21,0.39,9.6,5,1,0.378720022317152,13.865332295254303
0.36,8.1,0.045,0.9958,3.08,0.42,9.2,5,1,-0.6175575690004758,69.63789742931375
0.26,1.3,0.0409999999999999,0.9926,3.04,0.74,9.9,6,1,-0.1196967675229458,-44.26169270938316
0.27,8.5,0.036,0.9939,2.96,0.46,11.7,6,1,0.683329979846901,-4.363011879490145
0.3,2.1,0.049,0.9953,3.09,0.5,9.6,6,1,1.081229429175128,35.765889169361415
0.3,3.5,0.033,0.9906,3.0,0.37,12.0,6,1,-0.4126309694387471,19.63071646023293
0.29,14.4,0.044,0.9991,3.17,0.58,8.9,6,1,-0.6147776271876317,66.71848175883376
0.5,13.7,0.049,0.9994,3.24,0.66,9.0,6,1,0.0813379135008007,78.8565848786708
0.33,11.1,0.052,0.9976,3.03,0.49,10.2,7,1,0.8821407074203709,47.88351885068944
0.19,4.9,0.055,0.9953,3.29,0.41,9.4,5,1,-0.2213260847599567,11.845608005619669
0.27,1.7,0.0279999999999999,0.9923,2.97,0.48,10.4,5,1,0.9851599955638052,-58.241557580888674
0.36,1.6,0.032,0.993,3.15,0.4,10.4,4,1,0.3823339466738504,-13.424926285869972
0.58,1.4,0.204,0.9931,3.16,0.43,10.0,6,1,-0.91883159635481,-20.111191326682828
0.57,1.4,0.208,0.9932,3.16,0.43,10.0,6,1,-0.918275607992241,-21.31455010246806
0.28,1.6,0.052,0.9926,3.05,0.41,10.5,5,1,-0.1177508082539544,57.09161155255201
0.32,6.8,0.047,0.9938,3.23,0.39,11.4,6,1,-0.2171561720406893,80.67715713535036
0.33,9.7,0.036,0.9966,3.08,0.4,10.2,5,1,1.5840941259157777,60.011027223032
0.34,10.5,0.043,0.9974,3.04,0.41,10.4,6,1,1.981993575244001,115.19744706220054
0.22,2.0,0.047,0.9924,3.24,0.37,11.0,3,1,-0.1110789479031284,215.00843367837973
0.23,6.2,0.042,0.9948,2.89,0.34,10.1,6,1,1.9942253192205168,-24.003745553989475
0.65,8.3,0.083,0.9964,3.0,0.35,9.2,5,1,-0.0116735841163917,65.3682286310859
0.36,1.6,0.04,0.9924,3.23,0.66,10.3,6,1,-0.4168008821580136,-27.54037470536379
0.27,4.6,0.08,0.9938,3.23,0.39,11.1,7,1,0.0788359658692403,57.24838459552926
0.35,1.2,0.031,0.9928,3.33,0.34,9.9,5,1,-0.02029140373621,-29.99934993792665
0.32,7.6,0.052,0.9959,3.14,0.38,9.0,5,1,-0.415966899614161,29.25758666651471
0.57,15.0,0.052,1.0001,2.93,0.64,8.6,5,1,1.0848433535318254,139.2222435879271
0.44,11.6,0.0409999999999999,0.9968,3.18,0.52,9.5,5,1,-0.9174416254483876,82.85365446796227
0.42,1.1,0.051,0.9932,3.02,0.4,9.0,5,1,-1.2117657982706111,87.79279442807687
0.3,7.8,0.049,0.9954,2.99,0.58,10.0,6,1,0.8821407074203709,38.93671455378889
0.32,12.0,0.066,0.9992,3.6,0.43,9.0,6,1,-0.8183142558429362,48.91950983600297
0.42,1.1,0.051,0.9932,3.02,0.4,9.0,5,1,-1.5116498547185238,87.79279442807687
0.31,1.4,0.046,0.9939,3.34,0.57,10.2,7,1,-0.0194574211923566,21.932918649818543
0.44,6.7,0.054,0.9952,3.04,0.44,9.6,5,1,-0.5159282517634649,44.41962081881651
0.13,17.2,0.036,0.9996,2.96,0.46,9.7,5,1,0.7819013610897834,106.43920005076062
0.46,1.4,0.046,0.9966,3.02,0.49,10.2,4,1,2.702155612613538,69.8991858342758
0.36,8.2,0.0279999999999999,0.9925,3.01,0.34,13.0,7,1,0.8835306783267942,26.90312679593667
0.38,4.3,0.044,0.996,3.37,0.74,10.8,6,1,0.8815847190578019,60.70168787990768
0.28,11.1,0.063,0.9973,2.89,0.57,9.0,5,1,-0.8163682965739456,61.69601593172324
0.33,1.1,0.027,0.9937,3.37,0.4,9.9,5,1,-0.0205693979174945,-52.96768203983066
0.32,7.2,0.0579999999999999,0.9966,3.29,0.38,9.2,6,1,-0.2213260847599567,-26.28475824858617
0.55,16.6,0.0559999999999999,1.0017,2.96,0.58,8.7,6,1,0.1840792074629496,125.8497135063014
0.31,1.0,0.024,0.993,2.79,0.37,10.1,5,1,1.2794841683860287,-26.410463105559916
0.47,1.3,0.039,0.9959,2.9,0.64,9.5,5,1,2.2802096666042075,6.571732464561663
0.48,1.4,0.0409999999999999,0.9958,3.17,0.57,9.9,5,1,0.9807120886632532,-19.085795088863776
0.42,6.9,0.046,0.9958,3.19,0.46,9.0,5,1,-0.415966899614161,61.905046655692914
0.28,13.3,0.076,0.9979,3.03,0.38,8.6,6,1,-0.4170788763392981,52.17366108742631
0.3,8.1,0.047,0.9941,3.12,0.35,10.5,6,1,0.181021271468821,-4.028276298546771
0.35,9.2,0.044,0.997,3.09,0.56,9.5,7,1,0.7813453727272144,75.24650855131513
0.31,1.4,0.047,0.9934,3.43,0.53,10.1,6,1,0.3806659815861435,29.66576942343941
0.3,3.2,0.03,0.9927,3.53,0.79,11.7,7,1,-0.9129937185478364,52.91657942529439
0.43,2.5,0.036,0.9944,3.23,0.47,10.7,6,1,1.0884572778885229,2.2921849753192447
0.26,4.5,0.086,0.9963,3.15,0.42,9.2,5,1,0.3806659815861435,19.98664153616524
0.26,18.35,0.084,1.0011,3.17,0.39,8.8,5,1,0.2823725945245465,24.904592001290936
0.35,7.8,0.048,0.9959,3.24,0.43,9.5,6,1,-0.4170788763392981,91.24609771245532
0.37,7.0,0.057,0.9973,3.57,0.55,10.2,5,1,-0.4168008821580136,92.51159286024748
0.27,6.3,0.048,0.9966,3.25,0.5,9.1,6,1,1.1803567987805774,28.106485571721905
0.26,1.2,0.044,0.9932,3.19,0.54,10.5,6,1,0.6841639623907545,-12.430598234054386
0.5,12.8,0.042,0.9984,3.09,0.46,9.0,6,1,0.2857085246999595,74.22111231349608
0.3,14.2,0.0559999999999999,0.999,3.14,0.46,8.9,8,1,0.3806659815861435,101.0346803072216
0.58,16.65,0.049,1.0006,3.2,0.62,9.1,6,1,0.8801947481513803,69.22971467238905
0.41,1.9,0.047,0.9937,3.2,0.53,10.1,6,1,0.3795540048610055,35.20093336945949
0.28,7.7,0.043,0.9954,3.12,0.55,10.0,5,1,0.8810287306952329,66.43600385888281
0.32,10.4,0.043,0.997,3.11,0.53,9.5,6,1,0.781067378545929,92.14578909330062
0.3,3.3,0.034,0.9912,3.08,0.31,12.3,7,1,-0.1155268548036794,-11.792195258171104
0.27,1.1,0.054,0.9939,3.24,0.52,9.1,4,1,-0.8124763780359627,-9.762592277521904
0.28,6.3,0.057,0.9957,3.5,0.44,9.6,5,1,-0.2213260847599567,-13.811919547805758
0.22,5.25,0.053,0.9926,3.13,0.45,11.6,6,1,0.1835232191003806,64.80327283118395
0.33,14.6,0.043,0.9994,3.34,0.67,8.8,6,1,-0.2168781778594048,56.34869321468391
0.38,11.8,0.055,1.0004,3.34,0.82,8.9,6,1,1.1803567987805774,59.21585120417147
0.31,17.3,0.055,1.0002,3.13,0.46,9.0,6,1,0.0802259367756628,81.11640807827858
0.09,1.4,0.04,0.9922,3.19,0.46,10.0,5,1,-0.415966899614161,36.03848837829783
0.08,1.3,0.038,0.9922,3.18,0.46,10.0,5,1,-0.5159282517634649,38.445205929868266
0.35,1.6,0.047,0.9934,3.36,0.69,11.1,6,1,0.37983199904229,41.803872543276455
0.31,2.4,0.043,0.9941,3.42,0.68,10.6,6,1,0.1824112423752435,68.61250119149467
0.31,1.5,0.038,0.9924,3.34,0.58,10.1,6,1,-1.619117049762509,-32.53177234647083
0.39,1.8,0.043,0.9948,3.52,0.47,10.0,5,1,-0.0205693979174945,41.60472051032137
0.33,7.7,0.034,0.9935,3.18,0.41,12.2,7,1,0.7860712738090498,-16.37541014235343
0.56,2.0,0.035,0.9918,3.23,0.53,11.0,6,1,-0.2177121604032583,-20.906367345543345
0.46,1.4,0.064,0.9924,3.37,0.45,11.1,5,1,-0.4195808239708585,46.26138257048503
0.22,16.7,0.046,0.9979,3.22,0.67,10.4,6,1,-0.6156116097314852,20.216861755123787
0.3,8.1,0.026,0.993,2.94,0.36,11.8,5,1,1.789854708021359,-45.643014023134526
0.39,8.0,0.0279999999999999,0.994,3.11,0.66,10.8,6,1,-0.3193414776402692,-31.15045103271946
0.33,4.7,0.023,0.991,3.3,0.38,12.5,7,1,-0.9129937185478364,-4.4675272414749685
0.34,2.1,0.049,0.9922,3.25,0.46,11.6,7,1,-0.2191021313096808,17.150551732681166
0.34,6.4,0.05,0.9937,3.19,0.7,11.5,6,1,0.4822952988231552,48.95057802200644
0.28,1.5,0.051,0.9928,3.23,0.42,10.1,6,1,-0.9185536021735254,30.81687051823222
0.39,7.6,0.04,0.9965,3.11,0.53,9.2,6,1,0.3845579001241255,101.62576494761971
0.4,12.4,0.168,0.9991,3.07,0.64,9.2,5,1,0.7869052563529024,73.61377752361626
0.71,1.3,0.16,0.9948,3.08,0.42,8.9,5,1,0.2834845712496836,37.1683999781017
0.4,1.7,0.179,0.9925,3.09,0.54,10.1,5,1,-0.8172022791177982,-58.41952011885482
0.15,8.1,0.046,0.9958,3.13,0.45,8.9,5,1,-0.3157275532835717,68.94723677243807
0.34,7.1,0.037,0.9962,3.1,0.45,9.7,6,1,1.680441553708384,35.609116126384194
0.41,2.3,0.034,0.9951,3.06,0.52,11.0,6,1,2.286047544411181,28.2110009337067
0.26,6.5,0.042,0.9944,3.14,0.47,10.7,5,1,0.383167929217703,45.11028147569222
0.2,1.4,0.024,0.9916,3.24,0.54,10.8,6,1,-0.7175189211497788,-12.995554033956324
0.33,12.7,0.049,0.9987,3.41,0.4,9.8,5,1,-0.0183454444672186,71.63643222395949
0.36,1.6,0.038,0.9928,3.25,0.48,11.0,5,1,0.6847199507533235,5.242668831802689
0.28,1.1,0.018,0.9926,2.97,0.35,10.4,5,1,1.5802022073777948,-43.7489945904736
0.32,1.2,0.046,0.9934,3.8,0.41,10.2,6,1,-1.5166537499816437,37.481946064056174
0.27,4.6,0.0289999999999999,0.9949,3.34,0.44,9.0,5,1,-1.7201903786369508,-11.687679896186296
0.35,0.6,0.042,0.9926,3.08,0.38,10.6,5,1,1.481352831953627,-46.33367468001022
0.45,10.6,0.032,0.997,3.22,0.59,9.5,6,1,-0.5162062459447494,101.23877168568394
0.27,4.8,0.0279999999999999,0.9948,3.34,0.45,9.2,6,1,-1.6205070206689314,-11.687679896186296
0.34,2.7,0.03,0.992,2.97,0.53,11.0,6,1,0.1801872889249676,-6.926502474037818
0.04,12.6,0.034,0.9964,3.28,0.63,9.9,6,1,-1.5134568168968734,-0.9831557710930524
0.43,9.2,0.046,0.9982,3.38,0.47,9.3,5,1,1.0840093709879728,9.721368354000193
0.44,6.6,0.052,0.9955,3.14,0.41,9.6,5,1,-0.4151329170703075,40.29684637255132
0.44,7.0,0.05,0.9955,3.14,0.42,9.5,5,1,-0.415410911251592,39.55392803468324
0.24,8.45,0.031,0.9958,3.39,0.57,9.7,7,1,-0.916607642904534,56.78794415761213
0.38,11.1,0.034,0.9997,2.93,0.55,9.7,3,1,4.5798767544007735,5.190411150810292
0.27,18.15,0.042,1.0001,3.3,0.36,8.7,5,1,-0.418746841427005,33.55832365074606
0.29,4.1,0.026,0.9918,3.01,0.38,12.4,5,1,1.388202337245792,-15.297756223541953
0.29,4.6,0.0289999999999999,0.9931,3.07,0.26,10.6,6,1,0.0832838727697913,39.09348759676611
0.31,4.9,0.031,0.9926,3.36,0.82,12.0,7,1,-0.5159282517634649,33.58939183674956
0.37,8.3,0.044,0.9966,3.12,0.47,9.0,5,1,0.0832838727697913,113.30342762953964
0.46,1.4,0.04,0.9932,3.13,0.47,8.8,5,1,-1.5113718605372393,53.63830826817356
0.44,11.5,0.04,0.9969,3.22,0.56,9.5,5,1,-0.4168008821580136,112.4037362486943
0.33,1.8,0.036,0.9925,3.32,0.4,10.8,6,1,-0.51815220521374,-19.242568131841
0.25,1.6,0.047,0.9914,3.16,0.48,11.4,5,1,-0.3198974660028382,18.322842322462904
0.36,2.4,0.049,0.996,3.6,0.46,10.3,5,1,0.3801099932235745,10.485476186857213
0.28,4.9,0.042,0.9952,3.3,0.75,9.5,6,1,-0.6183915515443292,68.94723677243807
0.28,1.8,0.05,0.9934,3.15,0.44,9.9,5,1,0.5825346451537436,10.46428669186831
0.29,4.3,0.051,0.9939,3.16,0.39,10.2,5,1,0.4828512871857242,25.98224592010241
0.29,4.4,0.051,0.9939,3.16,0.39,10.2,5,1,0.383167929217703,30.10502036636761
0.18,1.4,0.0289999999999999,0.9906,3.44,0.37,11.0,6,1,-1.515263779075222,-10.766799020352051
0.25,1.6,0.03,0.9901,3.22,0.34,12.1,7,1,-0.1155268548036794,10.412029010875884
0.3,1.3,0.057,0.9948,3.26,0.51,9.1,6,1,0.0846738436762137,56.14954118172885
0.26,5.2,0.04,0.995,3.26,0.68,9.5,6,1,-0.7191868862374857,25.417290120200462
0.27,5.6,0.043,0.9953,3.27,0.76,9.5,5,1,-0.6181135573630447,51.535258111543
0.29,5.3,0.045,0.9953,3.31,0.79,9.8,5,1,-0.6170015806379068,79.08680509762938
0.32,1.6,0.039,0.9948,3.3,0.67,9.6,5,1,-0.4145769287077385,5.012448612844139
0.39,2.1,0.055,0.9951,3.52,0.54,10.2,6,1,-0.2185461429471118,83.70108816781517
0.3,1.4,0.042,0.9931,3.68,0.72,10.5,6,1,-1.31951098749588,3.600059113089287
0.32,7.1,0.044,0.9962,3.32,0.41,10.4,4,1,0.1876931318196479,-0.1879797522325361
0.14,10.7,0.046,0.9959,3.22,0.33,10.7,5,1,0.2868205014250975,-21.36680778346046
0.32,11.1,0.036,0.9962,3.15,0.34,10.5,6,1,0.2843185537935371,3.600059113089287
0.32,10.7,0.0289999999999999,0.9958,2.85,0.42,10.6,5,1,2.182750262086463,-6.717471750068185
0.32,1.6,0.053,0.9948,3.29,0.76,9.6,6,1,0.6797160554902035,38.83219919180407
0.32,1.5,0.05,0.994,3.14,0.58,9.5,5,1,0.9796001119381152,-15.758196661459069
0.31,1.5,0.049,0.9942,3.12,0.58,9.4,6,1,1.079561464087421,41.98183508124261
0.3,1.6,0.046,0.9942,3.22,0.38,9.8,6,1,1.4788508843220676,15.22546411401676
0.19,8.0,0.044,0.9964,3.16,0.44,9.2,5,1,-0.0177894561046496,61.16212831782481
0.19,7.7,0.045,0.9958,3.17,0.38,9.5,5,1,-0.0180674502859341,65.51512298304856
0.03,2.7,0.043,0.9932,3.34,0.38,9.2,5,1,-1.9028774436959228,-21.24110292648673
0.53,15.1,0.052,0.9986,2.94,0.35,9.4,5,1,-0.6183915515443292,19.45275392226678
0.4,8.9,0.048,0.9988,3.4,0.46,9.3,5,1,1.1825807522308531,31.716561899077547
0.34,6.0,0.05,0.9953,3.19,0.4,9.1,5,1,-0.4156889054328765,8.727040302184605
0.33,12.3,0.046,0.9983,3.36,0.4,9.5,5,1,-0.5178742110324555,30.282982904333764
0.36,13.1,0.0559999999999999,1.0,3.42,0.35,9.1,6,1,0.1801872889249676,57.23850590451467
0.3,6.7,0.043,0.9951,3.63,0.46,10.6,5,1,-1.2198276295278605,40.8307339864498
0.35,2.3,0.042,0.9906,3.19,0.56,12.4,6,1,-0.4168008821580136,-31.558633789644176
0.3,11.1,0.047,0.9981,3.18,0.49,8.7,5,1,-1.014901029966132,119.12106947551064
0.15,1.5,0.0559999999999999,0.9936,3.12,0.45,8.8,5,1,-1.216769693533731,14.660508314114836
0.47,15.2,0.057,1.0005,3.02,0.66,9.0,5,1,1.2814301276550193,118.96429643253344
0.33,10.2,0.048,0.9972,3.16,0.48,10.3,6,1,0.8815847190578019,29.843731961405567
0.31,10.7,0.038,0.9969,3.12,0.55,9.5,6,1,0.4814613162793018,76.62782986506649
0.25,17.1,0.05,1.0001,3.3,0.37,8.8,5,1,-0.7183529036936322,26.463875853008474
0.15,1.9,0.05,0.9934,3.38,0.62,9.9,5,1,-1.5149857848939376,-22.852644459196668
0.27,1.2,0.034,0.9902,3.14,0.37,11.7,4,1,-0.4190248356082895,-47.41132859882168
0.32,1.2,0.04,0.993,3.21,0.56,10.8,5,1,0.4822952988231552,1.8840022183945135
0.32,3.1,0.0409999999999999,0.9914,3.43,0.42,12.0,6,1,-0.8188702442055051,8.800487478165948
0.36,1.5,0.033,0.9941,3.2,0.39,10.3,4,1,0.7793994134582238,3.9870523750250575
0.27,10.7,0.076,0.9967,3.05,0.38,9.0,5,1,-0.417634864701867,42.72475341911069
0.28,4.9,0.035,0.9918,3.19,0.58,12.2,7,1,0.4859092231798527,-3.5989040466331232
0.33,12.6,0.051,0.998,3.39,0.38,9.9,5,1,-0.3173955183712778,63.97702862631995
0.22,12.15,0.048,0.9957,3.2,0.46,10.1,5,1,-1.2164916993524466,50.3318993357578
0.28,12.0,0.0559999999999999,0.9986,3.31,0.55,9.3,5,1,-0.7125150258866588,56.662239300638376
0.38,1.7,0.062,0.9958,3.1,0.7,9.5,5,1,1.883700188182404,228.4268499825308
0.05,2.6,0.054,0.9948,3.43,0.5,9.2,6,1,-1.3103371795134937,32.407222555953254
0.39,1.4,0.036,0.9918,3.27,0.72,11.7,5,1,-0.4168008821580136,-2.594697303802988
0.24,1.9,0.04,0.9923,3.35,0.38,11.0,5,1,-0.2149322185904143,27.00764215792149
0.32,16.9,0.0559999999999999,0.9998,3.37,0.38,9.6,6,1,-0.1185847907978079,47.07774808433446
0.27,2.1,0.03,0.9914,2.99,0.68,11.9,6,1,1.0815074233564117,44.754356399759885
0.32,7.0,0.0409999999999999,0.9939,3.25,0.52,10.8,6,1,-0.4173568705205825,5.619783402723925
0.26,7.1,0.054,0.9966,3.38,0.55,10.1,5,1,-0.02029140373621,109.46313108322543
0.36,5.9,0.0579999999999999,0.995,3.25,0.52,10.9,6,1,0.679994049671488,17.632181665587197
0.32,8.7,0.06,0.994,3.27,0.31,10.4,5,1,-1.717410436824106,-14.324617666715298
0.64,13.2,0.0559999999999999,0.9972,3.05,0.39,9.2,5,1,-0.1155268548036794,-13.016743528945256
0.35,15.3,0.0559999999999999,0.9998,3.27,0.5,9.6,5,1,0.4828512871857242,3.035103313187335
0.52,13.2,0.047,0.9982,3.1,0.46,9.0,5,1,0.2823725945245465,70.96696106207271
0.32,2.7,0.037,0.9924,3.4,0.74,11.5,7,1,-0.7205768571439082,-27.20563912442041
0.32,10.65,0.053,0.9972,3.17,0.48,10.2,6,1,0.9807120886632532,35.34782772142215
0.31,10.0,0.054,0.997,3.4,0.42,9.9,6,1,-0.0191794270110721,53.88971798212107
0.3,6.8,0.0559999999999999,0.9954,3.44,0.4,9.6,6,1,-0.0215423775519898,-9.793660463525384
0.2,15.6,0.04,0.9962,3.1,0.54,10.6,5,1,-0.8163682965739456,24.831144825309607
0.34,5.1,0.038,0.9921,3.24,0.46,11.8,6,1,-0.4179128588831515,-14.48139070969252
0.34,3.0,0.035,0.9905,3.18,0.43,12.2,6,1,-0.2179901545845428,-10.410873944419734
0.33,2.1,0.052,0.993,3.2,0.41,10.6,6,1,-0.2185461429471118,-40.54710102004266
0.39,1.9,0.054,0.9941,3.27,0.45,10.3,6,1,0.2801486410742706,-24.108260915974284
0.45,8.6,0.052,0.9994,3.12,0.59,10.2,4,1,2.600109304104601,71.84546294792914
0.33,8.75,0.035,0.9962,3.11,0.46,10.7,5,1,0.5830906335163117,65.7764113880106
0.32,3.6,0.038,0.992,3.05,0.31,11.7,4,1,0.6827739914843329,-41.92842233379403
0.27,4.7,0.031,0.9922,3.01,0.33,12.0,6,1,1.281708121836305,-21.29336060747913
0.27,1.3,0.048,0.994,3.52,0.66,10.6,6,1,0.1801872889249676,-9.793660463525384
0.37,1.8,0.031,0.9897,3.3,0.34,12.2,4,1,-0.917719619629672,-57.21616134306961
0.38,9.7,0.04,0.9954,3.47,0.48,11.0,6,1,-1.215101728446025,9.386632773056816
0.28,4.0,0.03,0.99,3.23,0.46,12.4,7,1,-0.414298934526454,-34.40460228414281
0.23,2.4,0.087,0.9948,2.77,0.44,9.4,6,1,2.687838912277389,-1.6738164279687453
0.28,18.8,0.0279999999999999,0.998,2.96,0.35,11.6,5,1,1.1809127871431464,21.2111898069394
0.31,1.8,0.069,0.9944,3.18,0.47,9.4,5,1,-0.2149322185904143,43.14281486704995
0.3,12.8,0.053,0.9986,3.14,0.49,9.1,7,1,0.1804652831062521,116.05547550954792
0.13,7.8,0.042,0.996,3.23,0.37,9.2,5,1,-0.3157275532835717,-1.5693010659839215
0.58,16.75,0.05,0.9999,3.15,0.54,9.2,5,1,0.3840019117615565,50.56211955471635
0.3,12.8,0.053,0.9986,3.14,0.49,9.1,7,1,0.1804652831062521,99.51212004349472
0.24,5.4,0.06,0.9951,3.25,0.44,9.0,7,1,-1.2148237342647406,9.951588572958755
0.31,1.3,0.047,0.993,3.22,0.55,10.8,6,1,0.4817393104605862,-7.208980373988794
0.43,10.1,0.053,0.9982,3.4,0.46,9.5,6,1,0.7849592970839119,30.79568102324329
0.25,3.8,0.044,0.992,3.11,0.4,11.0,6,1,0.1832452249190961,-0.1145325762512072
0.27,10.9,0.0409999999999999,0.9963,3.24,0.47,10.0,5,1,-0.6156116097314852,32.637442774911804
0.24,6.6,0.04,0.995,3.22,0.47,9.5,5,1,-0.916051654541966,28.001970209737053
0.24,9.8,0.0409999999999999,0.9956,3.29,0.47,10.1,6,1,-0.8152563198488076,-5.210445579343059
0.31,11.7,0.051,0.997,3.19,0.44,9.5,7,1,0.2801486410742706,-20.958625026535746
0.81,1.2,0.217,0.9936,3.08,0.53,9.5,5,1,-0.7136270026117968,-42.72359835265455
0.18,1.4,0.0559999999999999,0.9935,3.11,0.42,9.5,5,1,-0.417634864701867,18.3539105084664
0.32,9.6,0.052,0.9963,3.35,0.49,9.4,6,1,-0.8194262325680741,-24.85117925384237
0.32,12.2,0.048,0.9967,2.92,0.54,9.4,6,1,-0.1196967675229458,11.971312862593392
0.42,2.6,0.044,0.9912,3.31,0.51,12.7,6,1,0.3826119408551349,-4.237307022516404
0.35,10.7,0.037,0.9981,3.09,0.32,9.7,5,1,1.980881598518863,30.97364356120947
0.41,4.9,0.0579999999999999,0.9966,3.27,0.51,9.7,6,1,0.6827739914843329,38.06809135894703
0.26,1.1,0.037,0.9902,3.1,0.38,11.7,6,1,-0.2185461429471118,-44.26169270938316
0.29,1.0,0.036,0.99,3.09,0.37,11.7,6,1,0.0802259367756628,-13.686214690832015
0.19,8.2,0.051,0.996,3.16,0.52,9.7,5,1,-0.1174728140726699,76.21964710814181
0.42,11.3,0.049,0.9966,3.24,0.52,9.5,6,1,-0.6175575690004758,124.56302886352027
0.23,7.3,0.069,0.9962,3.25,0.53,9.1,5,1,-0.8177582674803672,41.96064558625365
0.27,2.3,0.051,0.994,3.23,0.67,10.3,6,1,-1.2164916993524466,30.387498266318588
0.38,2.1,0.0579999999999999,0.994,3.21,0.55,9.9,5,1,0.5817006626098902,47.7782874322247
0.33,2.0,0.059,0.9944,3.22,0.56,9.9,5,1,0.3826119408551349,56.71449698163077
0.34,10.0,0.0559999999999999,0.9974,3.26,0.6,10.2,5,1,0.4859092231798527,63.31743615544774
0.33,15.75,0.035,0.996,3.0,0.37,12.1,6,1,1.6812755362522367,14.178878381208776
0.24,3.9,0.045,0.9922,3.15,0.64,11.3,7,1,-0.6181135573630447,24.62211410133996
0.3,2.0,0.031,0.9917,3.19,0.49,11.4,5,1,-0.1174728140726699,9.59566349702645
0.35,1.5,0.039,0.9918,3.17,0.64,12.2,6,1,-0.2157662011342678,9.208670235090665
0.26,1.6,0.0579999999999999,0.9936,3.18,0.5,9.9,7,1,0.1818552540126745,40.21352050555545
0.33,1.4,0.0559999999999999,0.9938,3.63,0.78,10.3,6,1,-0.3187854892777002,22.4456167687281
0.29,1.4,0.047,0.9939,3.52,0.65,10.4,6,1,0.1799092947436831,-8.538044006747754
0.34,13.8,0.0409999999999999,0.9981,3.13,0.4,9.9,6,1,1.2825421043801573,46.08342003251887
0.37,1.3,0.051,0.9941,3.32,0.62,10.0,5,1,0.5833686276975962,-20.854109664550933
0.38,3.8,0.051,0.9928,3.21,0.38,11.5,6,1,0.8818627132390873,11.719903148645912
0.29,6.9,0.0409999999999999,0.9952,3.44,0.6,10.5,6,1,0.4828512871857242,47.33903648929648
0.36,2.2,0.027,0.9898,3.28,0.36,12.5,7,1,-0.7177969153310633,20.72955987403334
0.32,1.6,0.045,0.9914,2.98,0.44,10.5,6,1,-0.2185461429471118,8.026500954294377
0.28,10.8,0.051,0.9957,3.06,0.47,11.4,7,1,0.7874612447154714,40.57932427250229
0.33,12.8,0.0559999999999999,0.998,3.42,0.42,9.8,6,1,-0.3182295009151312,56.63117111463488
0.26,15.3,0.067,0.9986,3.03,0.44,9.2,4,1,0.381499964129997,50.949112816652175
0.58,12.1,0.046,0.9983,3.08,0.46,8.9,5,1,0.4828512871857242,68.09980307258515
0.61,12.0,0.046,0.9982,3.07,0.46,8.9,5,1,0.4825732930044397,70.96696106207271
0.36,11.6,0.042,0.997,2.92,0.59,9.5,7,1,-0.1191407791603769,13.070156276393805
0.35,9.2,0.034,0.9947,3.21,0.36,11.5,6,1,-0.3176735125525622,37.68109809701126
0.31,2.8,0.054,0.99416,2.96,0.45,9.5,6,1,1.1803567987805774,-27.666079562337544
0.35,1.6,0.049,0.99516,3.35,0.51,9.7,5,1,-0.7136270026117968,43.93799088591045
0.38,6.1,0.067,0.99496,3.17,0.79,9.7,5,1,-0.0183454444672186,-25.772060129676632
0.42,8.5,0.048,0.9974,3.32,0.46,9.5,6,1,-0.3123916231081578,27.394635419857263
0.19,7.8,0.04,0.99579,3.16,0.5,9.4,5,1,-0.1169168257101009,72.14913034286901
0.2,14.9,0.06,0.9983,3.13,0.45,9.0,4,1,-0.8149783256675232,48.207659684138335
0.29,6.2,0.046,0.99471,3.6,0.44,10.6,6,1,-1.120144271559841,37.96357599696224
0.18,8.2,0.042,0.99644,3.16,0.49,9.1,5,1,-0.0166774793795125,66.64503458285246
0.45,10.6,0.094,0.99699,3.05,0.54,8.8,5,1,-1.1179203181095652,57.78227220942769
0.42,11.2,0.047,0.99758,3.54,0.74,10.4,5,1,-0.51815220521374,60.41920997995668
0.14,11.6,0.043,0.9977,3.13,0.51,8.9,5,1,-0.2146542244091298,111.97436399678068
0.24,7.1,0.031,0.99397,3.16,0.38,10.6,7,1,0.2837625654309681,25.69976802015144
0.29,1.7,0.047,0.99243,3.28,0.45,10.6,6,1,0.1807432772875365,-16.9615554372443
0.18,7.7,0.048,0.9962,3.23,0.47,9.0,5,1,-0.9168856370858184,73.40474679964662
0.54,17.3,0.06,1.0018200000000002,3.08,0.61,8.8,6,1,1.9839395345129915,121.31875630311148
0.29,1.4,0.042,0.99384,3.54,0.6,10.5,7,1,0.1801872889249676,-11.844452939163515
0.2,7.7,0.046,0.99582,3.16,0.52,9.5,5,1,-0.0166774793795125,63.10840543147812
0.19,3.4,0.049,0.9924,3.14,0.43,10.4,6,1,-1.017124983416407,60.24124744199055
0.21,1.6,0.046,0.99466,3.38,0.46,10.0,6,1,0.0810599193195162,19.52620109824811
0.35,1.4,0.039,0.99212,2.97,0.68,10.4,5,1,-0.1208087442480838,12.128085905570645
0.54,1.4,0.157,0.99449,3.11,0.53,9.0,6,1,-0.0138975375666676,18.322842322462904
0.28,10.4,0.049,0.99748,3.24,0.45,9.3,5,1,0.3884498186621083,94.65702200685593
0.31,4.1,0.061,0.99475,3.18,0.45,9.0,6,1,-0.7144609851556503,17.046036370696342
0.31,2.8,0.032,0.99189,3.06,0.44,11.5,6,1,1.281708121836305,-56.0650602482768
0.21,15.7,0.0559999999999999,0.99827,3.11,0.48,9.0,5,1,-0.3162835416461407,48.05088664116112
0.43,10.9,0.045,0.99752,3.52,0.77,10.4,6,1,-0.6192255340881827,44.10607473286207
0.32,6.5,0.027,0.99479,3.08,0.43,10.6,5,1,2.186086192261877,49.15960874597609
0.3,5.9,0.034,0.99642,3.47,0.4,8.5,6,1,-0.91883159635481,38.01583367795463
0.56,17.3,0.055,1.00047,3.07,0.67,9.3,6,1,1.2800401567485975,57.32183177151056
0.25,1.4,0.051,0.99382,3.53,0.66,10.5,7,1,0.0805039309569473,-4.39408006549364
0.26,13.5,0.06,0.99784,3.39,0.46,9.9,6,1,-0.517596216851171,45.3616911896397
0.28,8.5,0.035,0.99486,3.4,0.42,10.4,6,1,-1.0174029775976914,-6.413804355128278
0.32,6.2,0.053,0.99537,3.35,0.47,10.1,5,1,-1.1115264519400228,-24.181708091955613
0.26,14.95,0.067,0.99838,3.04,0.49,9.2,4,1,0.2832065770683991,66.08007878295048
0.18,7.7,0.043,0.99566,3.17,0.44,9.4,6,1,-0.5159282517634649,89.79132922272261
0.3,1.3,0.033,0.99268,3.53,0.39,10.6,6,1,0.1790753121998296,-23.64782047805716
0.52,1.3,0.148,0.99468,3.08,0.56,8.7,5,1,-0.1135808955346879,37.398620197060254
0.25,1.3,0.047,0.9933,3.61,0.54,10.2,6,1,-0.8199822209306431,-38.4228613684232
0.22,1.3,0.046,0.99307,3.61,0.55,10.3,6,1,-0.919943573079948,-49.58782593143356
0.26,15.6,0.049,0.99907,3.06,0.68,9.5,5,1,0.184357201644234,101.82491698057484
0.24,4.9,0.158,0.99471,3.17,0.49,9.4,5,1,-0.6131096620999248,32.99336785084411
0.23,5.0,0.157,0.99471,3.17,0.49,9.4,5,1,-0.512592321588051,34.42694684558789
0.28,6.5,0.037,0.99148,3.16,0.58,12.6,7,1,0.0863418087639207,-17.57876891813865
0.24,1.4,0.047,0.99383,3.52,0.64,10.5,7,1,0.1801872889249676,-9.971623001491537
0.28,2.7,0.047,0.99365,3.1,0.56,10.8,6,1,1.3794455205353326,36.760217221177
0.23,1.2,0.054,0.99272,3.18,0.46,9.9,6,1,-0.7155729618807882,93.43247373608176
0.31,6.4,0.031,0.99235,3.38,0.58,12.2,7,1,-0.2157662011342678,2.700367732243947
0.19,6.9,0.0409999999999999,0.99508,3.23,0.37,10.0,6,1,0.2868205014250975,42.28550247618252
0.31,7.2,0.04,0.9946,3.29,0.57,10.6,7,1,-0.3168395300087088,56.34869321468391
0.42,10.6,0.042,0.99674,3.24,0.53,9.5,6,1,-0.7164069444246417,93.80958830700298
0.18,3.5,0.027,0.99018,3.34,0.54,12.8,8,1,-0.9129937185478364,-6.59176689309443
0.33,2.3,0.043,0.99084,3.34,0.44,12.6,7,1,0.0835618669510758,10.129551110924908
0.28,12.05,0.0579999999999999,0.99856,3.45,0.45,9.4,5,1,-0.6183915515443292,9.438890454049227
0.18,7.0,0.055,0.99591,3.21,0.43,9.0,5,1,-1.2170476877150156,82.34095634905275
0.18,11.8,0.051,0.9975,3.23,0.48,9.1,5,1,-0.3123916231081578,10.642249229834434
0.2,1.4,0.06,0.9944,3.06,0.4,9.4,6,1,0.2868205014250975,48.98164620800991
0.3,5.0,0.04,0.99173,3.33,0.42,12.2,7,1,-0.2146542244091298,30.40868776130752
0.2,2.2,0.049,0.99378,3.21,0.68,10.0,5,1,-1.6159201166777375,16.585595932779214
0.55,14.6,0.053,0.99805,2.93,0.44,9.2,5,1,-0.418746841427005,44.59758335678269
0.3,1.6,0.045,0.99534,3.11,0.49,9.3,5,1,2.182194273723894,25.59525265816661
0.34,1.3,0.035,0.99232,3.14,0.5,9.8,6,1,0.8826966957829399,7.188945945455998
0.26,2.8,0.036,0.99078,3.34,0.41,12.0,7,1,-0.2185461429471118,20.62504451204852
0.3,3.3,0.0289999999999999,0.99061,3.33,0.63,12.6,7,1,-0.4156889054328765,-36.65454679273603
0.33,6.3,0.032,0.99182,3.31,0.38,12.2,6,1,-0.2193801254909653,15.298911289998117
0.38,8.1,0.061,0.9966,3.4,0.58,11.0,6,1,0.4867432057237062,33.45380828876124
0.31,1.6,0.038,0.9912,3.25,0.39,12.0,7,1,0.1807432772875365,2.752625413236359
0.62,10.6,0.045,0.99779,3.16,0.44,8.8,5,1,0.2818166061619775,42.672495738118286
0.59,11.8,0.046,0.99814,3.17,0.46,8.9,4,1,0.2823725945245465,54.98856139592145
0.32,1.7,0.035,0.99096,3.59,0.48,12.7,7,1,-0.6133876562812093,-27.236707310423892
0.3,8.1,0.037,0.99379,3.1,0.67,11.8,6,1,0.78051139018336,18.21832696047808
0.0,1.4,0.053,0.99426,3.79,0.55,10.2,5,1,-2.611363725451513,57.79215090044225
0.04,1.3,0.036,0.99228,3.24,0.61,9.9,6,1,-1.1129164228464452,5.085895788825468
0.34,1.8,0.0409999999999999,0.99335,3.35,0.66,11.1,6,1,0.3806659815861435,35.73482098335792
0.21,7.2,0.045,0.99595,3.22,0.48,9.4,5,1,-0.3162835416461407,79.36928299758033
0.17,1.1,0.049,0.99297,3.13,0.36,9.7,6,1,-0.2149322185904143,-0.5439048281648411
0.55,11.95,0.038,0.99687,3.11,0.29,9.7,5,1,-0.3148935707397182,-4.875709998399685
0.4,2.2,0.054,0.99445,3.19,0.53,9.8,5,1,0.3834459233989875,59.01669917121639
0.29,12.7,0.05,0.9986,3.25,0.59,9.3,6,1,0.2857085246999595,91.18252922748856
0.32,1.4,0.032,0.99154,2.95,0.42,10.5,5,1,0.2834845712496836,45.853199813560295
0.32,10.6,0.049,0.9981,3.47,0.59,9.3,6,1,-0.913271712729121,94.17539207394984
0.28,1.9,0.024,0.98993,3.45,0.6,12.6,8,1,-0.414298934526454,-0.0721535862733588
0.35,17.8,0.0579999999999999,1.00241,3.44,0.43,8.9,5,1,0.2815386119806931,117.81462745070044
0.34,10.2,0.048,0.99716,3.18,0.51,10.3,5,1,1.0823414059002658,8.382426030226668
0.22,4.8,0.0409999999999999,0.99437,3.29,0.67,10.6,5,1,-0.4173568705205825,100.04672371387308
0.35,9.8,0.067,0.9972,3.15,0.57,9.0,4,1,-0.7166849386059253,71.24943896202369
0.3,8.4,0.051,0.99756,3.48,0.62,9.7,5,1,-0.0152875084730901,53.76401312514732
0.26,7.2,0.0409999999999999,0.99509,3.22,0.55,9.5,6,1,-0.2182681487658273,-25.541839910718068
0.29,4.8,0.06,0.99572,3.49,0.59,10.3,6,1,0.4831292813670078,40.066626153592765
0.27,4.5,0.034,0.99175,3.21,0.59,12.3,8,1,0.4861872173611372,-19.29482581283341
0.27,1.4,0.032,0.99254,3.4,0.52,10.5,5,1,-0.5198201703014469,36.0172988833089
0.26,11.0,0.043,0.99676,3.11,0.49,10.0,6,1,0.8815847190578019,96.81232984447888
0.63,11.1,0.039,0.9979,3.08,0.44,8.8,4,1,0.4828512871857242,69.58563974832133
0.29,2.6,0.031,0.99194,3.0,0.54,10.9,6,1,0.2815386119806931,-17.06607079922911
0.31,2.0,0.0289999999999999,0.99077,2.95,0.77,12.2,6,1,1.0820634117189805,22.476684954731567
0.4,10.1,0.168,0.99782,3.06,0.62,9.5,5,1,0.6877778867474529,65.4727439930707
0.22,13.3,0.048,0.99942,3.47,0.59,10.0,5,1,0.6836079740281855,98.93656949609831
0.34,11.4,0.04,0.99708,3.11,0.57,9.6,6,1,0.6819400089404795,90.81672546054168
0.16,1.3,0.06,0.99353,3.13,0.46,8.7,6,1,-1.1165303472031427,12.944451419420048
0.26,1.4,0.044,0.99256,3.39,0.48,10.7,7,1,-0.2196581196722498,-20.759472993580676
0.28,1.4,0.046,0.99199,3.43,0.48,11.1,6,1,-0.7186308978749167,-47.74606417976507
0.33,7.0,0.024,0.9918,3.25,0.45,12.5,7,1,0.3884498186621083,11.772160829638338
0.32,2.0,0.051,0.99354,3.3,0.5,10.4,6,1,-0.1152488606223949,15.22546411401676
0.37,1.2,0.0279999999999999,0.99244,3.2,0.37,11.5,5,1,1.680441553708384,-22.852644459196668
0.27,12.9,0.04,0.99831,3.05,0.66,9.4,5,1,0.1840792074629496,110.91789957295812
0.27,5.0,0.157,0.99396,3.03,0.36,9.3,5,1,-1.2105148244548314,11.489682929687362
0.34,10.1,0.05,0.99724,3.17,0.49,10.1,6,1,0.8818627132390873,6.697437321535404
0.46,3.75,0.05,0.99524,3.28,0.58,9.7,5,1,0.9818240653883912,-15.475718761508103
0.29,1.7,0.035,0.9927,3.49,0.5,10.5,6,1,-0.7194648804187702,31.151606099175623
0.26,12.6,0.053,0.99802,3.42,0.42,9.7,5,1,-0.5178742110324555,69.28197235338145
0.24,1.3,0.06,0.99512,3.59,0.51,9.2,5,1,-0.6156116097314852,90.34569027513008
0.35,1.6,0.092,0.99438,3.19,0.44,9.8,5,1,0.3840019117615565,21.859471473837218
0.44,7.6,0.05,0.99679,3.12,0.52,9.0,5,1,0.184357201644234,112.15232653474682
0.3,8.1,0.05,0.99652,3.15,0.49,9.1,6,1,-0.016399485198228,74.19992281850715
0.3,14.9,0.037,0.99698,3.25,0.37,10.4,6,1,0.1846351958255185,62.616896807557495
0.29,6.0,0.03,0.99474,3.68,0.46,10.7,6,1,-1.1198662773785566,28.84940390958998
0.24,6.0,0.039,0.99511,3.59,0.49,10.5,7,1,-0.9216115381676548,-8.077603568830625
0.73,7.2,0.099,0.99582,3.21,0.43,9.2,5,1,-1.0118430939720024,89.4354041467903
0.18,3.0,0.036,0.99125,3.28,0.4,11.5,4,1,-1.215101728446025,-34.09105619818837
0.37,1.2,0.034,0.99256,3.05,0.54,10.4,3,1,0.3884498186621083,-61.3389357893348
0.3,2.0,0.039,0.9911,3.3,0.41,12.0,6,1,-0.0191794270110721,74.89058347538283
0.29,4.9,0.036,0.99168,3.38,0.43,12.2,6,1,-0.2157662011342678,37.45087787805271
0.29,8.9,0.05,0.99556,3.29,0.46,9.8,6,1,-0.2185461429471118,-24.85117925384237
0.56,16.45,0.063,1.00098,3.1,0.51,9.3,5,1,2.1808043028174726,168.55269989719503
0.19,2.0,0.084,0.99516,3.49,0.63,9.6,4,1,-0.8169242849365137,72.74515432877443
0.19,1.9,0.085,0.99516,3.49,0.64,9.5,4,1,-0.8169242849365137,77.61084711290773
0.42,5.1,0.042,0.99518,3.5,0.59,10.2,6,1,-0.2182681487658273,30.69116566125849
0.28,4.4,0.0289999999999999,0.99347,3.24,0.46,10.4,8,1,-0.3204534543654072,-10.610025977374818
0.29,5.8,0.025,0.9929,3.28,0.53,11.0,6,1,-0.5173182226698865,-39.960955725151805
0.68,12.9,0.042,0.99841,3.05,0.41,8.7,5,1,0.3806659815861435,50.6355667306977
0.29,1.3,0.053,0.99362,3.29,0.54,9.9,4,1,-0.3162835416461407,71.4895378719968
0.3,1.3,0.053,0.99361,3.29,0.54,9.9,4,1,-0.3162835416461407,68.57012220151681
0.35,1.2,0.0409999999999999,0.9914,3.06,0.45,11.3,4,1,0.380943975767428,-13.194706066911408
0.26,2.7,0.042,0.99114,3.38,0.51,12.0,8,1,-0.4117969868948936,-30.742268275794743
0.26,1.7,0.042,0.9925,3.43,0.5,10.7,8,1,-0.2168781778594048,16.376565208809595
0.29,8.2,0.043,0.99453,3.13,0.7,10.1,6,1,-0.7177969153310633,41.21772724838557
0.34,1.5,0.091,0.9938,3.25,0.49,9.6,7,1,-0.8197042267493586,23.084019744611357
0.34,1.5,0.093,0.9938,3.25,0.49,9.6,6,1,-0.8197042267493586,24.28737852039661
0.55,12.9,0.0559999999999999,0.99806,3.29,0.49,8.7,5,1,-0.9050708843812298,140.6247543966674
0.29,3.9,0.059,0.9961,3.54,0.59,10.3,5,1,-0.2171561720406893,82.14180431609763
0.25,17.75,0.047,1.00016,2.98,0.66,9.1,5,1,1.1831367405934223,99.94077623892848
0.27,4.9,0.037,0.9916,3.17,0.41,11.8,6,1,-0.7191868862374857,-16.679077537293324
0.39,1.6,0.024,0.99116,3.15,0.49,11.9,6,1,0.7849592970839119,-21.471323145445297
0.24,1.4,0.046,0.99319,3.66,0.57,10.3,6,1,-1.1198662773785566,-39.11352202529888
0.42,2.0,0.047,0.99517,3.09,0.66,10.0,4,1,1.979769621793725,-13.069001209937667
0.49,2.0,0.044,0.99514,3.1,0.53,10.2,4,1,1.9789356392498725,-9.689145101540577
0.28,8.2,0.038,0.99566,3.12,0.56,10.0,6,1,0.782179355271067,95.19090962075435
0.36,2.1,0.034,0.99166,2.96,0.98,12.7,6,1,1.583816131734494,8.057569140297844
0.46,1.8,0.046,0.99587,3.04,0.67,9.6,5,1,2.5787037521456995,13.844142800265402
0.18,8.5,0.044,0.99558,3.16,0.49,9.5,5,1,-0.6181135573630447,78.57410697871983
0.26,4.45,0.033,0.99117,3.17,0.52,12.7,6,1,0.6872218983848839,-15.350013904534364
0.27,5.8,0.036,0.99399,3.34,0.54,11.0,6,1,0.383723917580272,-6.59176689309443
0.1,13.0,0.044,0.99741,3.1,0.5,9.1,5,1,0.2947433355917042,100.42240617183452
0.28,2.7,0.034,0.99405,3.35,0.64,10.2,4,1,-0.1188627849790924,-4.645489779441121
0.26,7.3,0.047,0.99622,3.38,0.58,10.1,6,1,-0.2202141080348187,103.0381544473746
0.25,19.1,0.045,1.00051,3.05,0.5,9.2,6,1,0.7824573494523523,95.96489614462594
0.17,8.8,0.08,0.99803,3.47,0.66,9.4,4,1,-0.91382770109169,99.8574503719326
0.18,7.4,0.095,0.99773,3.53,0.71,9.2,4,1,-1.013789053240994,78.24925008879102
0.3,2.3,0.05,0.99397,2.98,0.5,10.0,5,1,0.9815460712071058,-9.511182563574408
0.26,6.85,0.047,0.99622,3.38,0.58,10.1,6,1,-0.2202141080348187,103.0381544473746
0.09,11.4,0.044,0.99713,3.15,0.46,9.0,5,1,0.0978785672872248,90.92124082252649
0.16,0.9,0.032,0.99274,3.16,0.42,9.5,5,1,-0.9129937185478364,-16.835850580270545
0.41,19.35,0.07,1.00118,3.39,0.53,9.1,5,1,-1.1143063937528677,98.90550131009483
0.32,7.9,0.031,0.99176,3.05,0.46,13.3,7,1,0.8860326259583537,2.16648011834549
0.43,11.75,0.045,0.9969,3.26,0.55,9.5,5,1,-0.4173568705205825,86.92417123323504
0.18,7.7,0.096,0.99771,3.56,0.72,9.2,5,1,-1.012121088153287,92.84632844119088
0.29,3.0,0.036,0.99411,3.36,0.68,10.1,6,1,-0.0180674502859341,-0.1879797522325361
0.26,1.5,0.04,0.99194,3.27,0.48,11.2,6,1,0.0813379135008007,56.78794415761213
0.28,7.5,0.04,0.99558,3.14,0.55,9.8,6,1,0.8843646608706468,121.97834877398364
0.17,8.3,0.042,0.99577,3.22,0.46,9.4,5,1,-0.8166462907552292,85.84651731442356
0.14,7.05,0.045,0.99564,3.23,0.42,9.0,5,1,-0.9163296487232504,65.79760088299953
0.17,8.4,0.044,0.99578,3.21,0.47,9.4,5,1,-0.8169242849365137,88.53571276594498
0.2,13.9,0.054,0.99888,3.11,0.5,8.9,6,1,0.184913190006803,119.39366868444706
0.27,17.5,0.045,1.00014,3.02,0.56,9.1,6,1,1.0826194000815494,139.29569076390845
0.35,5.6,0.034,0.99441,3.17,0.5,9.8,4,1,-0.8147003314862387,28.13755375772537
0.28,9.4,0.0559999999999999,0.99594,3.17,0.43,9.4,5,1,-0.3126696172894423,66.80180762582968
0.28,4.8,0.05,0.99437,3.13,0.5,10.0,6,1,0.782179355271067,35.83933634534277
0.37,9.7,0.042,0.9979,3.48,0.75,9.9,6,1,0.0827278844072232,16.837005646726723
0.26,6.3,0.147,0.99434,3.14,0.47,10.0,5,1,-0.4117969868948936,48.05088664116112
0.28,1.6,0.0279999999999999,0.99203,3.17,1.06,11.5,6,1,-0.0191794270110721,48.521205770092806
0.32,14.6,0.063,0.998,3.0,0.45,9.2,5,1,0.3830289321270612,85.0089623055852
0.33,2.5,0.052,0.99316,3.15,0.6,10.0,5,1,-0.6156116097314852,104.85378735854688
0.34,2.6,0.051,0.99314,3.15,0.61,10.0,5,1,-0.6150556213689162,95.72408117817292
0.33,2.5,0.052,0.99316,3.15,0.6,10.0,5,1,-0.6156116097314852,95.60897106869363
0.26,8.2,0.042,0.99612,3.43,0.64,9.8,6,1,-0.7169629327872098,16.303118032828237
0.27,1.5,0.04,0.99295,3.36,0.62,10.5,6,1,-0.6172795748191913,-2.6469549847954
0.26,2.3,0.043,0.99394,3.45,0.63,10.6,6,1,-0.517040228488602,72.22257751885034
0.15,10.0,0.037,0.99642,3.28,0.52,9.4,5,1,-0.6089397493806583,43.57218711896358
0.27,1.6,0.027,0.99248,3.38,0.54,11.0,7,1,0.0805039309569473,22.4456167687281
0.26,1.6,0.027,0.99268,3.53,0.56,10.8,6,1,-0.91883159635481,27.541529771819924
0.3,16.0,0.036,0.99954,3.3,0.67,9.0,5,1,-0.1166388315288173,90.9946879985078
0.33,10.4,0.031,0.99692,3.07,0.58,9.6,6,1,0.5839246160601652,81.65029569217704
0.36,7.4,0.037,0.99592,3.19,0.54,10.6,6,1,0.8840866666893632,42.1386081242198
0.24,16.05,0.045,0.99822,3.08,0.52,9.2,5,1,-0.6153336155502007,32.22926001798707
0.33,2.6,0.053,0.99402,2.89,0.49,9.5,5,1,0.9821020595696748,-46.33367468001022
0.33,2.5,0.053,0.99404,2.89,0.48,9.5,5,1,1.0817854175376969,-45.130315904224986
0.26,10.8,0.039,0.99787,3.47,0.58,10.3,7,1,-0.2174341662219738,69.61670793432482
0.15,1.2,0.053,0.99347,3.08,0.46,8.8,5,1,-1.2170476877150156,10.767954086808189
0.78,12.1,0.0409999999999999,0.99838,2.98,0.44,8.7,5,1,0.2829285828871155,50.91804463064868
0.79,11.95,0.04,0.99839,2.98,0.44,8.7,5,1,0.282650588705831,48.51132707907824
0.32,1.7,0.038,0.99375,3.2,0.62,10.2,6,1,-0.2168781778594048,12.81874656244632
0.34,0.8,0.0289999999999999,0.99155,3.25,0.51,10.1,6,1,-2.019518446722293,-37.04154005467183
0.1,1.4,0.049,0.9936,3.21,0.41,9.5,5,1,-0.4151329170703075,3.547801432096861
0.34,1.3,0.0559999999999999,0.99434,3.1,0.51,9.5,5,1,0.3820559524925659,61.14093882283588
0.4,6.3,0.022,0.9922,3.54,0.5,11.6,7,1,-1.6143911486806737,56.662239300638376
0.23,10.3,0.032,0.99571,3.13,0.4,10.7,6,1,1.5813141841029328,-20.80185198355852
0.21,15.55,0.043,0.99658,3.11,0.54,10.1,6,1,-1.216213705171163,24.831144825309607
0.31,1.5,0.035,0.99076,3.32,0.44,11.1,7,1,-1.1168083413844272,-33.27469068433892
0.09,1.5,0.071,0.99496,3.22,0.53,9.8,5,1,0.1907510678137765,0.2724606856845781
0.49,1.4,0.142,0.9937,3.08,0.49,9.0,6,1,-0.41652288797673,38.037023172943535
0.37,7.9,0.047,0.99542,3.19,0.48,9.5,6,1,-0.9168856370858184,104.61862779408104
0.3,13.0,0.052,0.99825,3.37,0.49,9.4,6,1,-0.6178355631817603,25.34384294421916
0.3,1.0,0.049,0.99289,3.24,0.61,10.2,5,1,-0.4156889054328765,-2.9294328847463618
0.37,4.85,0.0409999999999999,0.99432,3.1,0.5,9.8,6,1,-0.8141443431236697,101.81926157858764
0.37,7.1,0.047,0.99523,3.19,0.48,9.5,6,1,-1.017124983416407,90.07380712267356
0.16,7.5,0.05,0.9959,3.17,0.49,9.0,5,1,-0.8160903023926611,80.57264177336556
0.32,7.6,0.045,0.99543,3.1,0.55,10.1,6,1,0.782735343633636,94.60476432586348
0.32,10.3,0.079,0.99662,3.02,0.45,8.8,5,1,-0.5178742110324555,9.282117411071994
0.27,1.7,0.034,0.99088,2.97,0.51,11.9,6,1,0.6824959973030484,6.519474783569251
0.24,19.95,0.074,0.99922,3.19,0.44,9.3,6,1,-1.1165303472031427,58.73422127126544
0.49,7.7,0.036,0.9966,3.33,0.76,10.0,6,1,0.4859092231798527,-8.381270963770532
0.24,5.3,0.075,0.99466,3.21,0.43,9.5,5,1,-1.2187156528027223,88.92270602788075
0.23,12.7,0.054,0.99836,3.16,0.5,9.7,4,1,0.383723917580272,21.911729154829644
0.22,1.5,0.043,0.99238,3.19,0.48,10.2,5,1,-0.9193875847173788,43.23745153802021
0.25,11.3,0.031,0.99645,3.11,0.4,10.8,5,1,1.3811134856230396,-21.544770321426626
0.36,18.1,0.046,1.0,3.27,0.48,8.8,5,1,-0.418746841427005,18.83554044137243
0.31,7.0,0.039,0.99376,3.32,0.49,11.4,6,1,-0.3173955183712778,60.8584609228849
0.4,6.4,0.039,0.99513,3.14,0.52,9.8,5,1,-0.8158123082113766,76.88911827002856
0.36,1.4,0.045,0.99556,3.17,0.47,9.4,4,1,1.384171421617168,0.3769760476694017
0.28,3.1,0.054,0.99543,3.21,0.43,9.4,6,1,1.2830980927427262,63.7990660883538
0.41,14.1,0.053,0.99886,3.2,0.63,9.4,6,1,0.1863031609132255,79.34809350259142
0.34,7.7,0.044,0.99526,3.22,0.48,9.7,6,1,-0.6156116097314852,102.85031321839388
0.31,5.2,0.032,0.99166,3.35,0.47,12.3,7,1,-0.1152488606223949,26.56839121499327
0.25,11.6,0.045,0.99691,3.33,0.43,9.8,6,1,-0.6172795748191913,65.61963834503335
0.57,10.4,0.053,0.99732,3.12,0.68,9.0,5,1,0.7824573494523523,16.585595932779214
0.45,7.5,0.045,0.99573,3.26,0.46,9.2,6,1,-1.016568995053838,90.1783224846584
0.49,11.2,0.0579999999999999,0.99656,3.19,0.6,9.4,6,1,-1.0160130066912698,106.92082998366664
0.29,0.8,0.043,0.99112,3.28,0.48,9.9,6,1,-1.6192560468531507,-48.15424693668979
0.36,1.4,0.032,0.99214,3.07,0.52,9.8,5,1,-0.3151715649210027,26.139018963079664
0.3,4.7,0.0289999999999999,0.99165,3.36,0.49,12.3,7,1,-0.3151715649210027,33.893059231689435
0.3,3.1,0.018,0.99004,3.02,0.52,11.9,7,1,-0.1213647326106528,-78.49950473628235
0.29,4.0,0.038,0.99463,3.27,0.64,10.2,6,1,-0.1158048489849639,55.07188726291734
0.29,11.3,0.034,0.99683,3.14,0.56,9.5,6,1,0.0893997447580492,114.06753546239666
0.55,8.1,0.04,0.99596,3.24,0.5,9.2,5,1,-0.917719619629672,107.66374832153478
0.23,14.8,0.054,0.99898,3.18,0.49,9.7,5,1,0.286542507243813,57.81334039543118
0.33,1.4,0.0289999999999999,0.99114,3.36,0.6,11.5,7,1,-0.7194648804187702,24.39189388238141
0.24,8.1,0.121,0.99508,3.17,0.38,10.4,8,1,0.0799479425943783,47.05655858934553
0.38,3.5,0.053,0.99306,3.22,0.41,11.6,5,1,0.9804340944819678,60.8062032418925
0.35,1.5,0.036,0.99342,3.27,0.51,10.2,6,1,0.0796699484130938,-6.1835841361697135
0.37,1.5,0.037,0.99345,3.38,0.5,9.8,6,1,-0.8199822209306431,-5.670886017260187
0.13,12.8,0.044,0.99772,3.24,0.47,9.0,5,1,-0.6128316679186403,41.78268304828752
0.12,1.6,0.036,0.99239,3.38,0.59,10.5,6,1,-1.4158584152884872,53.785202620136246
0.27,7.1,0.049,0.99502,3.16,0.38,9.4,4,1,-0.5095343855939225,57.10149024356655
0.3,11.2,0.046,0.99479,3.21,0.34,10.8,5,1,-0.8183142558429362,39.24038194872877
0.3,1.7,0.043,0.99207,3.17,0.46,10.7,7,1,-0.418190853064436,-21.13658756450191
0.34,6.7,0.0289999999999999,0.99497,3.08,0.5,10.6,6,1,1.7817928767641096,44.524136180801335
0.25,17.3,0.046,0.99828,3.15,0.42,9.2,6,1,-0.7180749095123478,-7.4603900879362754
0.14,8.6,0.032,0.99542,3.28,0.44,9.5,6,1,-1.3164530515017503,27.13334701489522
0.18,1.5,0.0279999999999999,0.99228,3.41,0.5,10.0,5,1,-1.0168469892351224,-5.336150436316814
0.34,12.1,0.03,0.99706,3.13,0.47,10.6,5,1,1.782626859307964,62.11407737966253
0.34,10.7,0.0289999999999999,0.99669,3.13,0.48,10.6,5,1,1.682109518796091,48.07136007967013
0.3,1.8,0.036,0.99269,3.24,0.48,11.0,6,1,-0.3157275532835717,2.3444426563116423
0.24,1.4,0.0409999999999999,0.99196,3.25,0.53,11.2,6,1,-0.0186234386485031,40.68383963448712
0.38,7.5,0.046,0.99662,3.32,0.54,9.6,5,1,-0.5106463623190605,58.32603851434071
0.14,4.8,0.052,0.99475,3.21,0.48,9.4,5,1,-1.0151790241474163,12.81874656244632
0.42,7.1,0.045,0.99544,3.2,0.53,9.5,6,1,-0.917163631267103,99.70067732895536
0.47,16.9,0.052,0.99944,3.09,0.62,9.3,5,1,0.2807046294368396,76.73234522705134
0.52,11.3,0.046,0.9966,3.07,0.46,9.4,5,1,-0.6144996330063472,-9.071931620646213
0.42,1.1,0.043,0.99066,3.13,0.72,11.2,7,1,-0.9207775556238014,38.62316846783442
0.44,1.2,0.043,0.9907,3.14,0.73,11.2,7,1,-0.8202602151119276,43.43660357097532
0.64,12.9,0.033,0.998,3.0,0.53,8.8,5,1,0.381499964129997,59.90651186104715
0.65,1.2,0.079,0.99307,3.2,0.42,9.4,5,1,-1.5170707412535709,19.274791384300627
0.26,2.3,0.03,0.99106,3.06,0.42,11.1,6,1,-0.3157275532835717,-15.193240861557143
0.22,10.0,0.052,0.99696,3.08,0.46,9.6,5,1,-0.3168395300087088,17.810144203553378
0.16,1.4,0.037,0.99167,2.95,0.45,10.6,6,1,-0.6131096620999248,44.18940059985796
0.16,14.9,0.048,0.99902,3.13,0.45,8.9,5,1,0.0855078262200672,129.17731193370605
0.24,1.8,0.021,0.98992,3.15,0.46,12.3,7,1,-0.3187854892777002,-36.1941063548189
0.28,1.8,0.0279999999999999,0.99182,3.34,0.46,11.4,5,1,-0.6178355631817603,19.47394341725571
0.36,7.0,0.043,0.99556,3.16,0.49,9.6,6,1,-0.4168008821580136,97.2939597773849
0.24,8.6,0.034,0.99582,3.33,0.59,10.3,6,1,-0.6178355631817603,19.170276022315804
0.32,1.1,0.032,0.98972,3.23,0.36,12.1,6,1,-0.2202141080348187,-33.43146372731616
0.28,1.3,0.026,0.99352,3.46,0.45,9.9,5,1,-0.2207700963973877,-61.160973251368645
0.36,4.9,0.035,0.9946,3.15,0.49,9.7,5,1,-0.914939677816828,69.20852517740009
0.24,1.9,0.043,0.99273,3.18,0.52,10.5,5,1,-0.4173568705205825,48.01981845515762
0.42,10.4,0.038,0.99628,3.04,0.44,8.9,6,1,-0.5198201703014469,78.72100133068251
0.4,10.0,0.039,0.99582,3.18,0.5,9.4,5,1,-0.7169629327872098,119.97981397933796
0.36,8.6,0.037,0.99553,3.18,0.5,9.6,5,1,-0.517596216851171,97.01148187743392
0.27,1.7,0.0139999999999999,0.98914,3.4,0.56,12.6,7,1,-1.4158584152884872,-6.392614860139361
0.56,1.7,0.156,0.99354,3.1,0.37,9.2,6,1,-0.8166462907552292,-3.5254568706517944
0.26,18.95,0.053,0.99976,3.2,0.5,10.4,5,1,0.4834072755482923,59.6551021470997
0.3,12.8,0.062,0.99808,3.0,0.52,9.0,7,1,-0.4195808239708585,52.82194275432413
0.25,0.7,0.039,0.9919,3.22,0.43,9.2,6,1,-2.1200357872341677,-27.896299781296108
0.1,1.4,0.068,0.99499,3.2,0.48,9.7,4,1,-0.0076426684877679,37.65990860202233
0.28,13.3,0.05,0.99655,3.34,0.42,10.1,6,1,-0.3210094427279761,21.3157051689242
0.3,8.5,0.059,0.99615,3.46,0.64,11.0,7,1,-0.5150942692196114,35.48341126941044
0.29,1.5,0.038,0.99296,3.2,0.55,10.8,5,1,0.0841178553136448,29.540064566465688
0.29,11.7,0.048,0.99482,3.22,0.38,10.8,5,1,-0.9185536021735254,36.3732239592412
0.13,5.0,0.0279999999999999,0.99079,3.48,0.88,13.5,7,1,-1.810143940260014,-11.070466415291946
0.34,1.2,0.042,0.99366,3.24,0.39,10.6,5,1,0.9893299082830715,48.69916830805896
0.31,2.1,0.046,0.99434,3.23,0.64,9.8,5,1,0.5828126393350281,90.90005132753755
0.34,1.4,0.023,0.98958,3.18,0.7,11.7,6,1,-0.8183142558429362,6.844331673498061
0.27,16.0,0.034,0.99938,3.34,0.6,9.0,6,1,-0.3157275532835717,75.42447108928128
0.42,1.1,0.042,0.99059,3.18,0.74,11.3,7,1,-0.4215267832398499,22.23658604475845
0.32,15.3,0.031,0.99835,3.31,0.61,9.4,5,1,-1.017124983416407,76.80579240303267
0.29,2.8,0.025,0.99159,3.31,0.63,11.3,7,1,-0.5162062459447494,-5.314960941327882
0.3,0.9,0.019,0.98931,3.2,0.36,12.0,6,1,-0.1191407791603769,-89.79017415626646
0.36,2.5,0.0279999999999999,0.9938,3.48,0.49,10.6,6,1,-0.0191794270110721,39.88866361562658
0.33,8.1,0.024,0.99558,3.13,0.46,10.8,6,1,1.6818315246148057,89.4354041467903
0.32,8.2,0.024,0.99563,3.12,0.46,10.8,6,1,0.282094600343262,97.6286953583283
0.46,11.1,0.053,0.99691,3.18,0.67,9.4,5,1,-0.9168856370858184,64.41627956924815
0.39,7.8,0.038,0.9959,3.19,0.5,9.4,5,1,-0.7161289502433572,109.20184267826336
0.52,10.1,0.05,0.99628,3.07,0.4,9.4,5,1,-0.6144996330063472,24.95684968228336
0.37,3.2,0.021,0.99076,3.39,0.47,12.0,5,1,-1.0684956303974813,-35.50344569794322
0.41,14.2,0.039,0.99678,3.28,0.72,10.3,7,1,-0.7194648804187702,18.396289498444236
0.21,2.9,0.026,0.99089,3.22,0.38,11.3,7,1,-0.6172795748191913,15.70709404692282
0.35,6.0,0.063,0.99537,3.1,0.47,9.4,6,1,-0.6147776271876317,35.148675688467065
0.28,20.4,0.0409999999999999,1.0002,3.14,0.38,8.7,5,1,-0.7166849386059253,31.381826318134173
0.21,0.95,0.033,0.99332,3.34,0.42,8.0,5,1,-2.718413929223569,57.2596953995036
0.26,1.7,0.033,0.99316,3.44,0.51,10.4,7,1,0.781623366908498,22.67583698768665
0.23,1.7,0.0289999999999999,0.99272,3.37,0.41,10.7,7,1,0.5797547033408987,15.581389189949064
0.24,9.0,0.03,0.99636,3.47,0.46,10.2,6,1,-0.2179901545845428,104.82765851805068
0.0,1.3,0.044,0.99202,3.56,0.43,10.9,5,1,-1.4075185898499534,90.32521683662108
0.26,1.4,0.027,0.99148,3.3,0.36,10.5,6,1,-1.3118661475105575,-6.59176689309443
0.28,2.4,0.012,0.99064,3.26,0.39,11.7,7,1,-0.5167622343073175,-12.357151058073056
0.2,16.0,0.065,0.99884,3.13,0.45,8.6,5,1,-0.4123529752574626,77.08827030298362
0.27,11.4,0.034,0.99773,3.2,0.44,9.0,5,1,-0.0180674502859341,60.575983022933926
0.73,14.35,0.044,1.00013,2.96,0.88,8.7,5,1,1.4832987912226194,74.12647564252582
0.26,2.1,0.062,0.98974,3.1,0.47,12.8,6,1,0.9837700246573816,-27.31015448640524
0.38,1.1,0.023,0.99112,3.28,0.53,11.8,6,1,0.2787586701678481,-7.083275517015053
0.37,1.1,0.034,0.99136,3.05,0.55,11.6,6,1,1.9783796508873035,-27.92736796729959
0.37,1.2,0.0279999999999999,0.99132,3.14,0.61,11.8,6,1,0.1807432772875365,-24.9034369348348
0.35,15.8,0.042,0.99642,3.24,0.37,10.6,5,1,-1.120144271559841,48.459069398085845
0.4,5.2,0.066,0.99488,3.17,0.8,9.7,5,1,0.381499964129997,-26.18024288660135
0.22,5.2,0.047,0.99527,3.22,0.47,10.3,5,1,0.8840866666893632,34.510272712583784
0.24,9.6,0.119,0.99578,3.15,0.44,10.2,6,1,-0.0699940856295775,68.15206075357754
0.3,5.2,0.048,0.99352,3.33,0.44,10.1,7,1,-0.5212101412078693,0.754090618590638
0.36,1.2,0.046,0.99199,3.7,0.68,10.9,7,1,-1.519155697613204,-46.79411511792733
0.28,0.8,0.037,0.99198,3.24,0.51,9.3,5,1,-1.4200283280077537,15.529131508956668
0.29,14.45,0.057,0.99756,3.33,0.54,10.2,6,1,-0.6181135573630447,28.84940390958998
0.39,6.9,0.066,0.99561,3.11,0.53,9.5,5,1,-0.2152102127716988,49.58898099788969
0.26,3.4,0.069,0.99347,3.18,0.4,9.3,5,1,-0.8055265235038522,29.87480014740906
0.31,2.3,0.018,0.98936,3.06,0.34,12.9,7,1,0.0813379135008007,-29.74794022397916
0.27,11.0,0.042,0.99786,3.14,0.46,8.7,5,1,-0.8166462907552292,36.4254816402336
0.22,5.95,0.081,0.99705,3.4,0.57,9.4,5,1,-0.3135035998332958,194.3987847360811
0.23,5.1,0.034,0.9942,3.23,0.69,10.1,5,1,-0.419302829789574,96.90696651544911
0.24,5.4,0.039,0.9948,3.19,0.78,10.0,4,1,-0.1183067966165234,86.58943565229167
0.42,1.2,0.05,0.99116,3.27,0.69,11.1,7,1,-0.7705575332185601,19.31717037427846
0.44,12.6,0.052,0.99688,3.26,0.7,10.3,7,1,-0.7202988629626237,50.76127158767146
0.34,1.0,0.033,0.98974,3.24,0.41,12.2,6,1,-0.1205307500667993,-40.703874063019896
0.34,6.6,0.067,0.99542,3.11,0.48,9.3,6,1,-0.5153722634008959,41.90838790526125
0.26,1.5,0.0409999999999999,0.99154,3.19,0.56,11.3,6,1,-0.016399485198228,65.84985856399193
0.33,1.0,0.043,0.99118,3.04,0.65,10.8,6,1,-0.2182681487658273,-0.3235633002208402
0.25,1.1,0.033,0.99044,2.98,0.39,11.2,8,1,0.7785654309143695,-30.81571545177607
0.34,6.6,0.03,0.9914,3.32,0.45,12.5,7,1,-1.0185149543228291,-21.115398069512977
0.41,8.2,0.05,0.9979,3.39,0.49,9.3,5,1,1.0859553302569631,4.217272593983623
0.31,2.0,0.03,0.98892,3.4,0.41,12.9,7,1,-1.3147850864140445,28.975108766563707
0.25,1.4,0.039,0.99114,3.2,0.45,11.2,7,1,-0.6211714933571741,14.356840919174928
0.21,2.0,0.039,0.99188,3.0,1.0,12.6,6,1,2.39254175982067,3.6523167940816847
0.4,7.5,0.046,0.99583,3.2,0.49,9.3,5,1,-0.4173568705205825,66.59277690186
0.3,2.0,0.03,0.98892,3.41,0.41,12.9,7,1,-1.3158970631391824,28.975108766563707
0.3,13.3,0.049,0.99704,3.2,0.36,9.5,7,1,-0.2204921022161032,9.407822268045749
0.31,2.85,0.037,0.9911,3.19,0.36,11.9,6,1,0.6852759391158925,-93.45250816461451
0.25,5.6,0.032,0.99334,2.93,0.66,10.3,7,1,-0.0150095142918056,4.112757231998813
0.24,5.6,0.033,0.99334,2.92,0.66,10.3,7,1,-0.0158434968356591,4.112757231998813
0.33,1.0,0.031,0.99094,3.06,0.68,11.2,6,1,0.3778860397732986,-19.85978161273536
0.31,3.2,0.03,0.99014,3.18,0.31,12.0,6,1,-1.0174029775976914,35.378895907425644
0.17,1.0,0.042,0.99304,3.13,0.4,9.6,5,1,-0.1160828431662484,27.00764215792149
0.28,7.1,0.0409999999999999,0.99652,3.2,0.42,9.2,6,1,0.3801099932235745,-4.237307022516404
0.29,2.4,0.0289999999999999,0.98944,3.03,0.33,12.9,6,1,0.7796774076395074,9.816005024970464
0.27,11.2,0.061,0.99772,2.99,0.59,9.3,6,1,-0.0194574211923566,37.62884041601883
0.25,9.5,0.03,0.99367,3.1,0.44,12.1,6,1,0.3840019117615565,17.841212389556844
0.29,1.8,0.026,0.99183,3.37,0.48,11.2,6,1,-0.6186695457256137,14.660508314114836
0.36,2.6,0.0289999999999999,0.99126,3.11,0.37,11.2,7,1,-0.2202141080348187,-16.145189923394867
0.38,8.0,0.042,0.99577,3.21,0.46,9.2,5,1,-0.6178355631817603,76.91030776501749
0.25,3.3,0.0409999999999999,0.99428,3.18,0.5,9.3,6,1,-0.3162835416461407,8.695972116181125
0.27,10.3,0.03,0.99388,3.2,0.36,10.7,6,1,-1.016568995053838,-6.874244793045406
0.32,1.2,0.024,0.99208,3.05,0.54,9.8,6,1,-0.3160055474648562,48.18647018914943
0.25,1.6,0.036,0.99256,3.3,0.54,10.3,6,1,-0.51815220521374,27.646045133804776
0.28,9.65,0.025,0.9925,3.28,0.38,11.3,6,1,-1.5177657267067817,5.7765564457011465
0.5,16.4,0.048,0.99904,3.02,0.49,8.8,6,1,-0.7183529036936322,67.44021060171293
0.37,1.5,0.043,0.99216,3.18,0.5,10.8,5,1,-0.2196581196722498,-13.069001209937667
0.31,5.0,0.027,0.99165,3.26,0.6,11.5,7,1,-0.7116810433428054,-44.43965524734929
0.36,16.3,0.038,0.99924,3.26,0.41,8.8,5,1,-0.7180749095123478,21.367962849916594
0.38,6.5,0.17,0.9956,3.19,0.38,9.4,6,1,-0.6172795748191913,93.29689018809344
0.39,6.4,0.171,0.99562,3.19,0.38,9.4,6,1,-0.5173182226698865,91.40287075543256
0.39,10.2,0.045,0.9972,3.16,0.63,9.6,6,1,0.2829285828871155,99.01001667207966
0.42,7.4,0.044,0.9958,3.22,0.48,9.3,6,1,-0.418190853064436,78.8565848786708
0.34,13.7,0.044,0.99976,3.22,0.75,8.9,5,1,0.5819786567911747,76.29309428412311
0.22,1.3,0.049,0.99296,3.74,0.43,10.0,5,1,-1.61856106139994,38.63304715884898
0.44,7.4,0.045,0.9957,3.24,0.46,9.1,5,1,-0.8185922500242206,69.97263301025713
0.37,7.45,0.043,0.99579,3.2,0.5,9.4,6,1,-0.4179128588831515,78.57410697871983
0.28,7.2,0.04,0.99541,3.14,0.6,10.1,6,1,0.5819786567911747,66.82299712081858
0.29,10.4,0.046,0.99518,3.2,0.4,10.8,6,1,-0.4201368123334275,34.7828719215202
0.29,1.1,0.0279999999999999,0.99168,3.24,0.54,10.0,6,1,-2.01618251654688,-46.66841026095359
0.31,6.5,0.0289999999999999,0.99276,3.03,0.38,10.9,6,1,0.2801486410742706,49.944906073822025
0.3,4.6,0.027,0.99085,3.15,0.38,12.0,7,1,0.2823725945245465,-21.75380104539626
0.64,13.9,0.043,0.99873,2.99,0.8,9.3,5,1,0.9851599955638052,53.512603411199805
0.27,5.2,0.03,0.99172,3.22,0.62,12.3,7,1,0.3862258652118324,-12.304893377080631
0.25,1.7,0.038,0.99312,3.45,0.56,10.4,6,1,0.2823725945245465,14.252325557190105
0.32,16.4,0.045,0.9972,3.22,0.42,10.5,5,1,-0.3182295009151312,45.20491814666248
0.31,3.6,0.036,0.99278,3.41,0.5,9.8,6,1,-1.918445117847852,-24.33848113493285
0.31,1.5,0.0409999999999999,0.99092,3.06,0.46,10.5,6,1,-0.7197428746000547,7.618318197369646
0.28,12.4,0.051,0.9962,3.16,0.51,9.9,6,1,-0.7147389793369348,109.11851681126748
0.31,1.7,0.035,0.99053,3.27,0.69,11.4,7,1,-0.7164069444246417,-35.55570337893562
0.22,6.2,0.06,0.99858,3.18,0.51,9.2,5,1,-0.4162448937954455,76.37642015111904
0.36,6.2,0.051,0.9984,3.09,0.53,9.7,5,1,0.6891678576538744,57.30064227652166
0.34,2.6,0.049,0.99335,3.09,0.51,10.0,5,1,0.6891678576538744,16.40763339481306
0.28,9.3,0.048,0.9949,3.13,0.49,10.3,6,1,-0.1166388315288173,30.764612837239824
0.28,9.1,0.047,0.99532,3.16,0.47,9.8,7,1,0.1807432772875365,-18.83438537491628
0.42,12.0,0.067,0.99727,3.19,0.34,9.3,5,1,-0.3075267249356805,15.047501576050609
0.28,4.8,0.034,0.99026,3.08,0.47,12.4,7,1,-0.4156889054328765,-14.889573466617236
0.19,12.3,0.048,0.99668,3.16,0.42,9.3,6,1,-0.91883159635481,35.5780479403807
0.28,2.7,0.048,0.9952,3.26,0.72,9.5,6,1,0.7813453727272144,53.88971798212107
0.33,3.6,0.034,0.99144,3.08,0.4,10.5,6,1,-0.517040228488602,-72.09571759542045
0.22,4.3,0.032,0.99015,3.26,0.53,12.8,7,1,-0.5123143274067665,-17.244033337195276
0.3,1.8,0.045,0.9914,2.99,0.45,10.8,6,1,-0.2152102127716988,30.356430080315093
0.33,11.8,0.057,0.99693,3.1,0.55,10.0,6,1,0.0824498902259387,16.680232603749474
0.34,1.8,0.045,0.99035,3.38,0.9,11.8,8,1,-1.4194723396451847,69.57576105730676
0.36,1.4,0.036,0.99006,3.19,0.66,12.0,6,1,-0.419858818152143,-4.111602165542649
0.3,6.6,0.025,0.99126,3.18,0.46,12.6,6,1,-0.1127469129908345,19.787489503210157
0.27,1.55,0.026,0.98994,3.37,0.4,11.9,8,1,-1.41544142401656,-46.38593236100262
0.28,0.7,0.027,0.98985,3.13,0.32,10.6,5,1,-1.31951098749588,-89.5599539373079
0.18,6.4,0.0819999999999999,0.9971,3.42,0.48,9.2,5,1,-0.6150556213689162,126.41466930620332
0.34,11.8,0.059,0.99882,3.17,0.52,10.0,6,1,1.3838934274358845,125.26356821141052
0.26,4.3,0.038,0.99477,3.36,0.46,9.2,5,1,-1.620785014850216,-19.42053066980715
0.26,5.1,0.039,0.99478,3.36,0.47,9.3,6,1,-1.420584316370323,-13.351479109888643
0.35,5.8,0.055,0.99576,3.24,0.54,10.2,6,1,0.4800713453728793,27.928523033755752
0.36,5.9,0.054,0.99578,3.25,0.54,10.2,6,1,0.4795153570103103,31.82107726106237
0.15,1.3,0.06,0.99354,3.14,0.51,8.7,5,1,-1.2170476877150156,43.64563429494494
0.35,1.4,0.05,0.99244,3.24,0.42,10.7,5,1,0.0841178553136448,42.50441189116667
0.34,1.2,0.048,0.99084,3.18,0.34,12.1,6,1,0.4834072755482923,-1.234565485040534
0.3,7.4,0.05,0.99612,3.12,0.37,9.5,6,1,0.679438061308919,43.31089871400157
0.29,10.8,0.0279999999999999,0.99356,3.18,0.37,11.2,6,1,-0.8169242849365137,0.7851588045941185
0.37,1.8,0.034,0.98952,2.93,0.59,12.0,6,1,-0.3201754601841227,-17.222843842206345
0.44,14.4,0.048,0.99955,3.26,0.54,8.8,7,1,-0.8121983838546782,110.59304268302932
0.24,1.7,0.052,0.99374,3.8,0.66,10.8,6,1,-0.91883159635481,21.70269843086
0.32,3.6,0.026,0.9892,3.31,0.37,13.1,7,1,-1.0162910008725543,25.312774758215667
0.32,3.6,0.035,0.99144,3.08,0.6,12.5,7,1,0.3859478710305479,-22.39220402127954
0.32,10.05,0.045,0.99352,3.09,0.33,11.7,8,1,-0.2146542244091298,18.040364422511928
0.32,10.5,0.045,0.9935,3.09,0.33,11.6,8,1,-0.2146542244091298,21.472478211901414
0.36,1.9,0.043,0.99237,3.29,0.54,11.3,6,1,0.3806659815861435,-4.415269560482557
0.37,1.65,0.025,0.99022,3.11,0.45,11.4,5,1,-0.5189861877575934,-8.056414073841708
0.34,1.9,0.036,0.99032,3.4,0.44,12.2,5,1,-1.0178199688696186,-3.1808425986938573
0.31,6.85,0.053,0.99587,3.31,0.59,10.4,6,1,-0.1191407791603769,94.7403478738518
0.31,7.4,0.053,0.99587,3.31,0.59,10.4,6,1,-0.1191407791603769,94.7403478738518
0.25,20.2,0.083,0.99976,3.17,0.5,9.1,5,1,-0.8177582674803672,42.88152646208791
0.36,11.0,0.034,0.99354,3.05,0.41,12.2,6,1,0.7832913319962049,-47.99747389371255
0.42,6.2,0.066,0.99552,3.12,0.54,9.4,5,1,-0.3135035998332958,62.75248035554581
0.43,6.2,0.065,0.99552,3.11,0.53,9.4,5,1,-0.3135035998332958,64.92897768815767
0.51,8.0,0.047,0.99604,3.22,0.49,9.2,5,1,-0.6175575690004758,80.00768597346361
0.44,8.2,0.046,0.99584,3.2,0.51,9.4,5,1,-0.4173568705205825,72.09687266187659
0.3,2.2,0.033,0.98894,3.22,0.53,13.5,7,1,-0.7141829909743658,-4.854520503410754
0.53,10.1,0.053,0.9963,3.07,0.4,9.4,5,1,-0.414854922889023,37.50313555904511
0.32,7.2,0.0279999999999999,0.993,3.13,0.55,10.9,8,1,-0.8183142558429362,-33.73513112225605
0.32,1.6,0.036,0.99068,3.19,0.45,11.4,7,1,-0.3160055474648562,0.8063482995830356
0.37,1.3,0.036,0.98964,3.19,0.51,12.4,7,1,-0.5200981644827314,14.043294833220456
0.31,5.3,0.038,0.9923,3.3,0.39,10.5,6,1,-1.6199510323063624,-39.23922688227262
0.32,14.0,0.031,0.99437,3.26,0.38,11.5,8,1,-1.7199123844556663,-17.934693994070955
0.26,1.6,0.04,0.99238,3.34,0.44,10.8,6,1,0.0807819251382317,10.025035748940098
0.71,11.8,0.038,0.99801,3.03,0.46,8.9,5,1,0.2798706468929861,38.037023172943535
0.72,9.6,0.039,0.99802,3.03,0.46,8.9,5,1,0.2801486410742706,41.186659062382105
0.48,6.1,0.042,0.99566,3.2,0.5,9.4,6,1,-0.2171561720406893,74.91177297037176
0.31,2.7,0.049,0.99067,3.44,0.73,12.2,7,1,-1.4153024269259182,36.68677004519567
0.31,3.6,0.025,0.99066,2.99,0.47,12.1,7,1,0.5822566509724592,-15.580234123492929
0.32,1.7,0.03,0.9929,3.17,0.66,10.9,5,1,0.1835232191003806,11.897865686612064
0.34,1.6,0.026,0.9934,3.34,0.58,10.1,6,1,-0.5200981644827314,-5.670886017260187
0.39,1.0,0.032,0.98912,3.31,0.38,13.0,7,1,-0.5192641819388779,-45.643014023134526
0.24,0.9,0.038,0.99066,3.23,0.39,11.0,5,1,-0.6144996330063472,-44.43965524734929
0.41,1.6,0.052,0.99228,3.19,0.49,10.8,5,1,-0.0200134095549255,10.181808791917303
0.47,10.6,0.052,0.9958,2.91,0.34,9.3,4,1,-1.221217600434283,41.95076689523911
0.34,2.0,0.042,0.99052,3.44,0.42,11.4,6,1,-1.218437658621438,16.240981660821276
0.82,1.2,0.152,0.99312,2.99,0.38,9.2,5,1,-0.5155112604915377,10.09848292492144
0.46,6.2,0.0559999999999999,0.9968,3.5,0.6,9.9,5,1,-0.6133876562812093,126.23670676823716
0.24,9.2,0.044,0.99502,3.22,0.44,10.5,5,1,-0.7189088920562012,33.76735437471571
0.34,5.0,0.04,0.99084,3.06,0.48,12.4,6,1,0.3826119408551349,-59.31921149970015
0.4,6.3,0.047,0.99573,3.18,0.53,9.5,6,1,-0.0175114619233651,61.39234853678336
0.22,3.3,0.048,0.99256,3.16,0.5,10.5,6,1,-0.9174416254483876,48.15540200314594
0.45,8.0,0.053,0.9959,3.23,0.48,9.1,6,1,-0.7183529036936322,84.74767390062316
0.31,1.2,0.034,0.99084,3.38,0.35,11.5,7,1,-0.8205382092932121,28.53585782363554
0.32,16.2,0.044,0.99644,3.17,0.37,11.2,5,1,-0.1174728140726699,54.611446825000215
0.34,11.6,0.05,0.99526,3.22,0.4,10.8,5,1,-0.6183915515443292,31.863456251040205
0.43,7.2,0.064,0.9954,3.12,0.44,9.4,5,1,-0.6119976853747868,70.18166373422675
0.3,1.1,0.031,0.99095,3.17,0.58,11.0,6,1,-0.6197815224507517,-43.92695712843977
0.28,3.4,0.048,0.99188,3.21,0.37,11.3,7,1,-0.0125075666602452,-3.902571441573016
0.27,1.4,0.0409999999999999,0.9909,3.28,0.38,11.2,6,1,-1.0201829194105363,7.639507692358578
0.3,9.3,0.05,0.99581,3.21,0.5,10.4,6,1,0.0824498902259387,39.96211079160794
0.29,2.3,0.033,0.99132,3.1,0.58,11.2,7,1,-0.3204534543654072,-34.93848989804128
0.29,0.9,0.034,0.98936,3.14,0.36,11.1,7,1,-1.4180823687387625,-23.52211562108343
0.33,3.5,0.036,0.99136,3.18,0.38,11.2,6,1,-0.7141829909743658,-23.13512235914763
0.38,1.7,0.036,0.99142,3.29,0.39,10.5,6,1,-1.7136575153767657,-18.677612331939045
0.4,1.3,0.047,0.99232,3.2,0.45,10.0,6,1,-1.3186770049520264,-23.13512235914763
0.38,1.3,0.046,0.99232,3.2,0.47,10.0,6,1,-1.3181210165894577,-24.85117925384237
0.31,5.6,0.049,0.993,3.1,0.42,10.9,5,1,0.781067378545929,-18.039209356055764
0.29,7.4,0.0279999999999999,0.99311,3.15,0.56,10.9,7,1,-0.7183529036936322,-29.612356675990853
0.34,1.0,0.035,0.98993,3.5,0.42,11.7,5,1,-1.4186383571013312,-25.060209977812026
0.07,1.5,0.033,0.99208,3.16,0.42,10.0,5,1,-0.6158896039127697,34.83512960251262
0.37,10.0,0.1689999999999999,0.99776,3.02,0.64,9.5,5,1,0.4870211999049907,91.4650071274395
0.29,14.9,0.053,0.99839,3.03,0.52,9.0,5,1,-0.5178742110324555,27.05002114789936
0.34,9.3,0.052,0.99574,3.04,0.56,10.0,5,1,0.0816159076820852,-29.89483457594183
0.39,1.0,0.0409999999999999,0.99093,3.08,0.43,11.9,5,1,0.680550038034057,40.42255122952507
0.39,1.0,0.0279999999999999,0.99156,3.57,0.59,10.6,6,1,-1.9195570945729896,-10.463131625412146
0.28,5.9,0.047,0.99278,3.15,0.4,11.0,6,1,-0.8185922500242206,-12.995554033956324
0.26,5.0,0.027,0.9924,3.25,0.43,11.2,7,1,-0.3154495591022872,31.790009075058904
0.58,1.25,0.034,0.98984,3.51,0.6,12.0,7,1,-1.619117049762509,14.252325557190105
0.31,3.9,0.027,0.99035,3.24,0.6,12.6,8,1,-0.6164455922753387,-15.559044628503996
0.36,0.8,0.034,0.99165,3.24,0.68,10.5,6,1,-0.6186695457256137,3.056292808176252
0.33,1.0,0.037,0.9923,3.11,0.52,10.2,6,1,0.0810599193195162,37.36755201105679
0.32,1.6,0.0279999999999999,0.99008,3.57,0.52,12.2,6,1,-2.1208697697780208,-27.61382188134513
0.32,1.3,0.036,0.98964,3.18,0.41,12.3,6,1,-0.7202988629626237,-39.62622014420842
0.46,1.1,0.032,0.9909,3.36,0.5,10.4,6,1,-1.6188390555812244,1.549266637451126
0.32,1.4,0.021,0.9889,3.15,0.53,12.7,7,1,-0.5112023506816286,4.855675569866904
0.23,1.2,0.018,0.99178,3.05,0.28,10.6,5,1,-1.0179589659602604,10.746764591819256
0.29,5.0,0.0279999999999999,0.99076,3.14,0.34,12.3,6,1,-1.219549635346576,-7.104465012003956
0.38,1.7,0.037,0.99046,3.09,0.53,11.4,6,1,-0.5203761586640159,-31.610891470636588
0.36,1.8,0.0289999999999999,0.98999,3.65,0.89,12.0,7,1,-3.0188539740340508,60.126853388991165
0.32,1.6,0.045,0.98946,3.23,0.94,12.4,8,1,-1.4183603629200467,-16.762403404289216
0.36,1.5,0.03,0.98976,3.24,0.99,12.1,7,1,-1.8176497831546932,16.82712695571213
0.31,13.9,0.04,0.99672,3.21,0.38,10.7,5,1,-0.8183142558429362,26.537323028989803
0.55,5.9,0.045,0.99482,2.97,0.4,9.3,5,1,-0.7202988629626237,56.95602800456369
0.33,2.1,0.027,0.98945,3.37,0.42,12.7,6,1,-1.3153410747766134,24.39189388238141
0.3,1.1,0.0289999999999999,0.98883,3.18,0.39,11.7,6,1,-1.5138738081687997,-26.7974563674957
0.35,6.7,0.039,0.99362,2.93,0.49,10.7,5,1,0.6819400089404795,-50.61322216925264
0.28,2.7,0.033,0.99075,2.99,0.43,11.8,7,1,-0.0189014328297876,-17.73554196111587
0.3,6.7,0.039,0.99436,3.2,0.39,9.9,5,1,-0.2179901545845428,12.201533081551972
0.33,3.95,0.047,0.98988,3.23,0.53,13.4,7,1,-0.4113799956229673,-35.45118801695081
0.32,7.75,0.032,0.99158,3.12,0.64,12.8,7,1,-0.2168781778594048,-0.1145325762512072
0.3,10.6,0.033,0.99265,3.15,0.45,12.8,6,1,-0.3135035998332958,-27.770594924322356
0.31,1.6,0.042,0.99195,3.13,0.41,10.5,5,1,-0.6131096620999248,-15.527976442500504
0.28,2.5,0.032,0.99168,3.31,0.55,11.5,5,1,-0.8188702442055051,-30.69001059480233
0.34,0.7,0.04,0.9918,3.04,0.37,10.5,4,1,1.2808741392924503,-92.47936960778787
0.36,11.1,0.032,0.99313,2.95,0.39,13.0,6,1,1.1848047056811293,15.329979476001585
0.29,5.15,0.035,0.9895,3.19,0.34,12.4,8,1,-2.016043519456238,31.06828023217973
0.3,4.7,0.0409999999999999,0.9932,3.16,0.35,10.2,6,1,-0.3190634834589847,35.27438054544079
0.46,9.7,0.054,0.99848,3.23,0.5,9.0,5,1,-0.5128703157693355,125.18024234441462
0.34,1.7,0.038,0.9909,3.33,0.86,12.0,7,1,-1.0199049252292518,50.49998318270941
0.36,1.4,0.044,0.99014,3.15,0.5,11.7,7,1,-0.8209552005651384,-46.72066794194599
0.26,2.0,0.054,0.9952,3.58,0.57,10.0,5,1,-0.8121983838546782,61.810409984722654
0.39,7.5,0.055,0.99652,3.37,0.54,10.3,5,1,-0.2160441953155523,103.85451996122404
0.28,0.8,0.032,0.99104,2.99,0.38,11.1,5,1,1.379723514716618,-36.29862171680372
0.26,13.1,0.05,0.99772,3.31,0.46,9.0,5,1,-1.0185149543228291,41.59484181930681
0.37,1.1,0.031,0.9922,3.4,0.58,10.5,6,1,-1.1198662773785566,-15.046346509594455
0.32,2.2,0.0279999999999999,0.99076,3.27,0.59,11.9,7,1,-0.7183529036936322,-20.142259512686323
0.14,8.9,0.036,0.99622,3.27,0.5,9.4,5,1,-1.0143450416035629,41.625910005310274
0.25,1.1,0.035,0.9902,3.31,0.52,11.4,6,1,-1.5183217150693509,-33.148985827365195
0.32,0.9,0.034,0.99114,3.31,0.58,10.8,7,1,-0.8174802732990827,2.187669613334421
0.26,1.7,0.073,0.9938,3.1,0.46,9.8,5,1,0.383723917580272,44.03262755688071
0.46,6.9,0.047,0.99594,3.2,0.45,9.3,5,1,-0.6172795748191913,73.70841419458652
0.31,1.0,0.031,0.99035,3.24,0.52,11.3,6,1,-1.0187929485041138,-41.8549751578127
0.3,1.0,0.031,0.99032,3.23,0.52,11.3,6,1,-1.0193489368666828,-41.62475493885414
0.2,7.6,0.031,0.99558,3.22,0.48,9.5,5,1,-1.1140283995715832,58.75541076625434
0.3,1.2,0.046,0.99413,3.03,0.38,9.3,5,1,0.4800713453728793,86.97642891422744
0.38,1.0,0.0409999999999999,0.99043,3.03,0.54,11.4,6,1,-0.3207314485466916,-34.06986670319944
0.26,3.1,0.053,0.98982,3.22,0.39,12.7,6,1,-1.2120437924518956,19.725353131203192
0.4,1.95,0.033,0.98934,3.2,0.45,13.5,7,1,-0.1146928722598259,2.8571407752211684
0.28,2.2,0.019,0.9902,3.06,0.52,11.2,6,1,-1.5163757558003592,-51.251625145135904
0.32,8.75,0.038,0.99449,3.19,0.41,10.7,5,1,-0.8199822209306431,5.619783402723925
0.4,11.9,0.032,0.99629,3.01,0.46,10.8,4,1,0.1829672307378125,-25.437324548733255
0.31,2.7,0.054,0.9948,3.46,0.57,10.5,6,1,-0.513704298313189,84.83099976761908
0.47,5.45,0.0139999999999999,0.98984,3.13,0.32,13.0,8,1,-0.7122370317053743,25.49073729618182
0.31,6.3,0.0289999999999999,0.99326,3.08,0.49,10.8,6,1,-0.3185074950964157,18.961245298346185
0.29,14.4,0.046,0.99834,3.05,0.5,9.1,6,1,-0.6183915515443292,5.8500036216824896
0.3,7.8,0.038,0.99555,3.1,0.5,10.1,5,1,0.4820173046418707,88.2009771850016
0.33,1.6,0.0279999999999999,0.98975,3.3,0.84,11.9,8,1,-2.0196574438129358,-57.55089692401299
0.31,9.1,0.036,0.99216,2.98,0.31,12.0,7,1,-0.2160441953155523,28.640373185620334
0.4,1.3,0.0409999999999999,0.9901,3.22,0.95,11.6,8,1,-1.6182830672186554,43.7402709659152
0.32,11.3,0.038,0.99573,3.14,0.5,10.2,6,1,-0.8174802732990827,84.76886339561209
0.29,0.7,0.0279999999999999,0.99215,3.3,0.4,9.8,5,1,-1.9181671236665672,-51.19936746414351
0.28,1.25,0.023,0.98993,2.95,0.3,11.4,4,1,-0.1171948198913854,-30.65894240879885
0.27,0.7,0.03,0.99218,3.3,0.41,9.8,5,1,-2.019240452541009,-49.25309035049018
0.29,10.3,0.039,0.99564,3.19,0.38,9.8,8,1,-0.2213260847599567,-13.15232707693356
0.34,7.8,0.036,0.99397,3.21,0.4,10.7,6,1,-0.1166388315288173,17.883591379534707
0.3,8.7,0.022,0.99576,3.11,0.61,10.6,5,1,-0.016399485198228,-6.717471750068185
0.46,8.3,0.037,0.99601,3.17,0.47,9.3,5,1,-0.4173568705205825,61.674826436734335
0.31,1.2,0.016,0.98713,3.33,0.59,14.0,8,1,-2.3146766020883707,36.99043744013558
0.28,8.3,0.026,0.99308,3.36,0.37,11.0,6,1,-2.115865874514901,-7.617163130913511
0.48,6.2,0.049,0.99582,3.21,0.45,9.4,6,1,-0.4173568705205825,71.81439476192564
0.52,5.0,0.078,0.99494,3.1,0.36,9.0,6,1,-1.2164916993524466,24.213931344415258
0.25,1.8,0.042,0.9929,3.08,0.55,9.0,5,1,-1.2164916993524466,-11.01820873429952
0.22,1.6,0.044,0.99471,3.37,0.53,10.0,5,1,-0.0191794270110721,-15.758196661459069
0.25,1.8,0.0409999999999999,0.9929,3.08,0.54,9.0,5,1,-1.1168083413844272,-9.8148499585143
0.3,2.9,0.036,0.99037,3.29,0.6,12.4,7,1,-0.8163682965739456,-35.325483159977054
0.24,6.0,0.042,0.99304,3.14,0.44,11.3,5,1,0.184913190006803,8.183273997271598
0.38,0.9,0.034,0.99026,2.8,0.55,12.0,6,1,0.8782487888823898,-25.981090853646265
0.3,1.1,0.031,0.98986,3.01,0.56,11.7,6,1,-0.8210941976557811,-17.965762180074435
0.26,5.45,0.016,0.98951,2.84,0.54,13.2,7,1,0.0863418087639207,-24.39073881592526
0.34,14.05,0.04,0.99634,3.07,0.59,11.0,7,1,0.4781253861038879,2.417889832292971
0.41,8.0,0.03,0.99368,3.22,0.54,11.0,6,1,-0.3182295009151312,-0.1145325762512072
0.38,13.1,0.1119999999999999,0.99792,3.02,0.48,9.2,5,1,-0.3140595881958647,-23.26082721612137
0.29,4.9,0.021,0.99026,3.08,0.48,13.0,7,1,0.2857085246999595,0.754090618590638
0.24,1.3,0.044,0.99362,3.77,0.6,10.6,5,1,-1.4189163512826155,15.351168970990514
0.26,2.2,0.021,0.98919,3.55,0.49,13.0,8,1,-1.714630495011262,4.9813804268406585
0.3,14.9,0.051,0.99835,3.04,0.54,9.0,6,1,-0.6181135573630447,4.468682307931104
0.31,0.95,0.021,0.99038,2.93,0.32,11.5,5,1,1.1834147347747077,38.037023172943535
0.3,1.4,0.025,0.99104,3.11,0.44,11.0,6,1,-0.5189861877575934,-40.08666058212553
0.24,1.7,0.05,0.99286,3.11,0.43,9.9,5,1,0.0824498902259387,-6.665214069075759
0.22,5.6,0.039,0.99296,3.12,0.46,10.4,6,1,-0.918275607992241,13.73962743828058
0.4,7.1,0.0559999999999999,0.9954,3.06,0.52,9.9,6,1,0.2804266352555551,0.5973175756134026
0.33,1.2,0.045,0.9914,3.07,0.47,11.0,6,1,0.7788434250956549,56.03514712872946
0.39,9.6,0.026,0.99286,3.18,0.35,12.1,6,1,-0.4156889054328765,10.53773386784964
0.2,11.4,0.044,0.99604,2.96,0.51,9.7,6,1,-0.6181135573630447,19.882126174180414
0.26,7.9,0.034,0.99119,2.99,0.3,12.2,7,1,-0.5145382808570425,10.715696405815793
0.42,5.0,0.016,0.99007,3.15,0.31,12.4,7,1,-1.113750405390299,-0.8574509141192976
0.28,11.1,0.033,0.99507,3.03,0.39,10.5,7,1,1.2811521334737357,-16.657888042304393
0.31,8.0,0.05,0.99596,3.28,0.57,10.4,6,1,-0.2191021313096808,95.99596433062943
0.32,3.8,0.0289999999999999,0.99011,3.15,0.34,12.0,6,1,-1.2170476877150156,68.2565761155624
0.3,10.55,0.037,0.99184,3.07,0.32,12.7,6,1,-0.3162835416461407,-89.79017415626646
0.28,10.2,0.039,0.99469,3.11,0.45,10.9,7,1,-0.5195421761201624,0.6283857616168831
0.28,9.8,0.039,0.99406,3.11,0.45,10.9,7,1,-0.4195808239708585,-1.3178913520364262
0.31,6.3,0.034,0.99305,3.15,0.52,11.4,7,1,-0.0194574211923566,-13.811919547805758
0.32,1.1,0.036,0.99096,3.22,0.41,11.0,6,1,-1.0199049252292518,78.13485603579163
0.32,4.5,0.032,0.98956,3.45,0.31,12.6,7,1,-2.216383215026773,68.61250119149467
0.28,6.3,0.034,0.9921,3.29,0.46,11.6,7,1,-0.9141056952729744,40.318035867540246
0.27,10.9,0.038,0.99496,3.11,0.44,10.5,7,1,-0.6189475399068982,15.22546411401676
0.34,0.8,0.037,0.9888,3.03,0.37,12.5,6,1,-0.6167235864566223,7.513802835384837
0.36,0.8,0.034,0.98942,3.11,0.5,12.1,8,1,-0.7147389793369348,-2.573507808814057
0.33,1.2,0.035,0.99082,3.02,0.58,11.3,6,1,-0.3176735125525622,43.85466501891459
0.3,1.3,0.025,0.98802,3.07,0.64,13.3,7,1,-1.2153797226273095,-4.823452317407273
0.36,1.2,0.034,0.99074,3.16,0.51,11.0,6,1,-0.9193875847173788,-3.9548291225654415
0.36,0.9,0.037,0.98968,3.08,0.36,12.1,6,1,-0.3162835416461407,43.05948900005406
0.33,3.7,0.03,0.9887,3.36,0.3,13.0,7,1,-2.21554923248292,62.82592753152714
0.5,18.1,0.054,0.99941,2.94,0.64,8.8,6,1,-0.7189088920562012,108.6156973833725
0.31,1.35,0.061,0.99388,3.16,0.53,9.5,5,1,-0.517596216851171,101.20698744320056
0.36,5.5,0.0289999999999999,0.99206,3.2,0.47,11.8,6,1,-0.6183915515443292,-8.872779587691127
0.37,3.1,0.026,0.99035,3.14,0.45,12.2,6,1,-0.417634864701867,-20.780662488569604
0.37,12.85,0.042,0.99581,3.05,0.55,10.7,6,1,-0.2210480905786722,-7.491458273939756
0.34,19.8,0.04,0.9976,3.07,0.38,11.0,6,1,-0.2121522767775694,-49.99600868835829
0.3,8.25,0.02,0.99362,2.99,0.44,11.4,6,1,-0.0158434968356591,-13.529441647854796
0.3,3.8,0.035,0.99016,3.09,0.34,12.0,6,1,-1.3147850864140445,26.537323028989803
0.31,6.9,0.037,0.99176,3.02,0.39,11.9,8,1,-0.4184688472457205,7.388097978411082
0.35,11.7,0.0289999999999999,0.99439,3.02,0.34,11.8,6,1,1.183692728955991,-72.50390035234517
0.29,4.6,0.046,0.99458,3.34,0.48,10.6,4,1,-0.4170788763392981,-30.941420308749827
0.21,4.0,0.05,0.99418,3.06,0.38,9.7,5,1,0.7955230759727208,16.993778689703916
0.29,1.2,0.045,0.99178,3.76,0.63,11.0,7,1,-1.8179277773359777,45.84332112254576
0.3,8.9,0.024,0.99456,2.99,0.34,10.5,6,1,1.1809127871431464,0.7851588045941185
0.22,11.7,0.035,0.99578,3.1,0.45,10.4,5,1,0.1840792074629496,38.14153853492839
0.37,6.2,0.05,0.99546,3.2,0.55,10.5,6,1,0.2801486410742706,21.16881081696154
0.29,14.8,0.024,0.99518,3.12,0.48,12.0,8,1,-0.1116349362656965,25.291585263226708
0.25,10.8,0.042,0.99646,3.22,0.41,9.2,6,1,-1.4189163512826155,10.30751364889106
0.46,1.6,0.036,0.99264,3.37,0.49,10.9,5,1,-0.5206541528453004,-24.97688411081613
0.38,8.3,0.045,0.99578,3.15,0.5,9.5,6,1,-0.4179128588831515,73.5827093376128
0.47,8.4,0.042,0.99604,3.15,0.55,9.4,6,1,-0.3176735125525622,42.1386081242198
0.33,2.5,0.026,0.99014,3.13,0.5,11.3,7,1,-1.2176036760775846,-28.10533050526574
0.34,3.5,0.054,0.99489,3.42,0.58,10.4,5,1,-0.41652288797673,71.94997830991393
0.42,17.2,0.037,0.99884,3.26,0.57,9.4,6,1,-0.9152176719981124,60.59717251792286
0.45,2.1,0.027,0.99054,3.02,0.52,11.3,6,1,-0.7180749095123478,-6.853055298056489
0.29,12.2,0.044,0.99782,3.14,0.4,8.8,6,1,-0.9168856370858184,86.35921543333309
0.37,11.8,0.045,0.99519,3.2,0.35,10.8,5,1,-0.91883159635481,21.90185046381508
0.41,16.8,0.037,0.99882,3.25,0.57,9.4,6,1,-1.0151790241474163,63.7468084073614
1.0,1.1,0.154,0.9931,2.95,0.43,9.2,6,1,-0.0189014328297876,3.5689909270857925
0.3,14.7,0.044,0.99666,3.12,0.53,10.3,6,1,-1.216769693533731,25.62632084417011
0.26,5.5,0.034,0.99324,3.09,0.57,9.9,6,1,-1.520823662700911,-16.783592899278148
0.37,6.1,0.027,0.99086,3.19,0.34,12.4,6,1,-0.3179515067338467,-0.2190479382360166
0.53,1.2,0.0409999999999999,0.9908,3.11,0.44,11.9,5,1,0.4800713453728793,54.22445356306444
0.43,1.3,0.023,0.99067,3.11,0.56,11.7,6,1,-0.1199747617042303,18.09262210350433
0.38,8.7,0.126,0.99711,2.98,0.57,9.4,5,1,0.2843185537935371,86.97642891422744
0.24,1.7,0.039,0.99452,3.53,0.53,9.6,4,1,-1.0172639805070496,178.62025315936484
0.66,10.2,0.043,0.9945,2.98,0.43,10.4,7,1,-1.61856106139994,70.29748990018597
0.36,4.5,0.042,0.99427,3.09,0.47,9.5,5,1,0.37983199904229,-12.713076134005362
0.31,5.9,0.036,0.99152,3.2,0.43,11.9,6,1,-1.4200283280077537,-45.30827844219114
0.44,1.7,0.024,0.98935,3.18,0.4,12.5,6,1,-0.9174416254483876,3.2130658511534875
0.41,1.4,0.016,0.98876,3.16,0.4,13.4,5,1,-0.3168395300087088,-63.05499268402956
0.37,5.4,0.026,0.99174,3.13,0.84,12.7,5,1,-0.0172334677420806,-0.8051932331269
0.38,7.9,0.045,0.99572,3.17,0.46,9.1,5,1,-1.0174029775976914,96.88577702046015
0.48,1.1,0.026,0.99184,2.9,0.5,10.5,6,1,1.2800401567485975,-56.221833291254015
0.54,7.0,0.046,0.99454,3.19,0.7,10.4,5,1,-1.0174029775976914,66.66622407784136
0.43,7.6,0.03,0.99164,3.08,0.59,12.5,8,1,-0.4168008821580136,-4.00708680355784
0.8,12.3,0.038,0.99778,2.95,0.48,9.0,5,1,0.181021271468821,77.85237813584065
0.38,15.3,0.045,0.9975,3.18,0.42,9.8,6,1,-0.2204921022161032,11.249584019714248
0.42,1.2,0.033,0.99205,3.17,0.43,10.7,4,1,0.0830058785885077,26.90312679593667
0.38,2.3,0.033,0.98962,3.16,0.49,12.4,6,1,-1.1193102890159876,-3.494388684648314
0.43,6.1,0.0289999999999999,0.99118,3.08,0.5,12.5,8,1,-0.2099283233272943,-42.619082990669725
0.38,10.2,0.0279999999999999,0.99274,3.1,0.43,12.1,7,1,-0.7144609851556503,-33.55716858428991
0.47,4.1,0.0409999999999999,0.99184,2.92,0.59,11.3,6,1,0.282094600343262,62.5335709405616
0.41,2.9,0.039,0.99052,3.25,0.43,12.0,5,1,-0.5178742110324555,11.814539819616172
0.33,8.5,0.042,0.99546,3.28,0.6,10.4,5,1,-0.6175575690004758,25.929988239110017
0.4,1.5,0.042,0.98972,3.11,0.46,12.2,7,1,-0.8202602151119276,-28.00081514328092
0.3,3.1,0.039,0.9942,3.05,0.43,8.6,5,1,-0.916607642904534,-0.522715333175924
0.35,3.5,0.0279999999999999,0.99022,2.96,0.33,12.1,5,1,-0.1169168257101009,-21.34561828847154
0.34,4.9,0.032,0.99253,3.32,0.81,12.0,5,1,-0.6147776271876317,5.755366950712229
0.51,1.2,0.0289999999999999,0.9903,3.46,0.42,11.9,6,1,-1.214545740083456,-16.396599637342348
0.32,4.5,0.024,0.98906,3.25,0.52,13.7,7,1,-1.4155804211072027,-20.0377441507015
0.35,2.6,0.03,0.99146,3.22,0.72,11.3,6,1,-0.6197815224507517,-34.45685996513524
0.4,9.9,0.036,0.9951,3.02,0.42,10.5,6,1,1.2811521334737357,-26.7974563674957
0.34,9.5,0.0409999999999999,0.995,3.14,0.44,10.1,3,1,-1.1187543006534186,86.39028361933656
0.37,1.5,0.024,0.98876,2.94,0.39,12.3,6,1,-0.9141056952729744,-41.23776167691835
0.38,3.2,0.031,0.98956,3.06,0.33,12.0,7,1,-1.0143450416035629,-26.7451986865033
0.47,11.2,0.04,0.99592,3.12,0.51,9.5,6,1,-0.916607642904534,74.16885463250365
0.52,3.2,0.043,0.99129,3.02,0.53,11.4,6,1,0.3826119408551349,36.404292145244696
0.45,2.3,0.045,0.99064,3.16,0.48,11.9,7,1,-0.2177121604032583,6.08022384064104
0.49,4.9,0.032,0.99368,2.85,0.54,10.0,6,1,2.480966353446668,-99.7517799434916
0.39,1.4,0.034,0.99121,3.23,0.6,11.3,7,1,-0.4209707948772809,-14.324617666715298
0.5,1.5,0.045,0.99104,3.25,0.48,11.7,5,1,-0.6028238773924004,18.3751000034553
0.27,6.7,0.022,0.99221,3.36,0.39,11.0,7,1,-2.114753897789763,17.705628841568526
0.4,2.1,0.033,0.98924,2.97,0.48,12.2,7,1,-0.5150942692196114,-2.1130673708969425
0.51,4.3,0.0279999999999999,0.99176,2.91,0.54,10.7,7,1,-0.5206541528453004,15.832798903896574
0.34,10.9,0.038,0.99432,3.11,0.34,10.9,6,1,-0.2174341662219738,-30.459790375843767
0.26,7.0,0.04,0.99366,3.17,0.38,10.2,6,1,-0.7164069444246417,-3.850313760580619
0.49,2.5,0.047,0.99178,3.15,0.48,11.1,5,1,0.380943975767428,13.153482143389724
0.51,2.6,0.045,0.99126,3.0,0.5,11.2,6,1,0.4822952988231552,42.75582160511418
0.49,2.5,0.047,0.99252,3.07,0.57,10.6,6,1,0.4820173046418707,53.63830826817356
0.46,14.7,0.047,0.99709,3.03,0.53,10.3,5,1,0.38483589430541,36.58225468321085
0.36,4.5,0.054,0.99513,3.4,0.57,10.4,4,1,-0.3162835416461407,86.72501920027996
0.46,2.2,0.033,0.99045,3.1,0.62,11.9,6,1,-0.5178742110324555,-5.566370655275378
0.39,1.9,0.036,0.99,3.19,0.43,11.9,7,1,-0.7180749095123478,-13.15232707693356
0.34,1.6,0.043,0.99305,3.12,0.7,10.4,5,1,0.381499964129997,13.101224462397298
0.39,17.3,0.052,0.99888,3.11,0.47,9.2,6,1,-0.7177969153310633,9.721368354000193
0.32,4.2,0.04,0.99182,3.24,0.43,11.3,6,1,-0.9196655788986634,4.416424626938706
0.37,2.5,0.034,0.9913,3.25,0.5,11.0,7,1,-0.5187081935763089,-23.291895402124865
0.39,1.4,0.031,0.98836,3.08,0.64,12.9,7,1,-1.3164530515017503,35.91278352132407
0.37,0.8,0.027,0.9897,3.09,0.31,10.8,5,1,-1.318954999133311,-96.83236427301163
0.42,8.0,0.049,0.99586,3.16,0.47,9.1,6,1,-1.0174029775976914,94.70927968784832
0.27,1.7,0.03,0.98892,3.35,0.37,12.9,6,1,-1.619117049762509,-10.588836482385886
0.22,5.5,0.037,0.99156,3.46,0.44,12.2,5,1,-1.7190784019118128,-31.96681654656888
0.38,8.6,0.052,0.99534,3.06,0.46,10.3,5,1,0.18157725983139,37.45087787805271
0.37,6.9,0.059,0.99322,3.08,0.46,11.0,7,1,-0.0200134095549255,17.42315094161758
0.38,2.1,0.043,0.99296,3.17,0.65,11.0,5,1,0.3834459233989875,-20.28915386464898
0.21,2.2,0.039,0.99098,3.69,0.62,11.7,6,1,-2.2172171975706263,-13.508252152865865
0.38,1.5,0.039,0.98972,3.2,0.43,12.0,6,1,-1.118476306472134,9.282117411071994
0.38,2.5,0.047,0.98964,3.17,0.43,12.7,6,1,-0.7152949676995037,32.97217835585518
0.26,17.6,0.061,0.99918,3.11,0.49,8.8,5,1,-0.9146616836355436,88.3054925469864
0.35,2.9,0.034,0.99008,3.19,0.4,12.8,6,1,-0.6175575690004758,8.539199073203903
0.33,4.8,0.043,0.992,3.18,0.44,11.2,6,1,-0.7200208687813392,3.338770708127228
0.39,11.9,0.057,0.99851,3.26,0.51,8.9,6,1,-0.6136656504624938,108.84591760233106
0.27,0.9,0.04,0.99026,3.5,0.39,11.2,5,1,-1.6188390555812244,-5.75421188425608
0.39,1.3,0.051,0.9906,3.23,0.4,11.1,6,1,-1.0174029775976914,23.084019744611357
0.43,6.4,0.042,0.99293,3.05,0.51,10.8,6,1,-0.3185074950964157,1.7794868564096902
0.29,4.3,0.045,0.99658,3.18,0.42,9.3,6,1,-1.0190709426853983,12.25379076254437
0.32,8.1,0.038,0.9911,3.22,0.36,12.7,7,1,-1.315063080595329,-82.8002417205137
0.5,1.3,0.045,0.9904,3.16,0.4,12.0,6,1,0.5797547033408987,26.33817099603472
0.27,0.9,0.04,0.99026,3.5,0.39,11.2,5,1,-1.7188004077305283,-5.75421188425608
0.36,17.2,0.039,0.99946,3.23,0.43,8.8,6,1,-1.0179589659602604,17.067225865685273
0.4,8.7,0.038,0.99568,3.2,0.47,10.4,6,1,-0.0158434968356591,42.26431298119356
0.47,7.5,0.027,0.9907,3.38,0.45,14.0,6,1,-1.4133564676569268,-29.56009899499845
1.23,4.6,0.035,0.99018,3.03,0.43,13.1,6,1,0.3820559524925659,179.8850322506771
0.33,3.7,0.0289999999999999,0.98994,3.25,0.42,12.3,6,1,-1.4161364094697717,-25.416135053744327
0.38,2.2,0.03,0.99075,3.27,0.46,12.6,6,1,-0.0136195433853831,-2.6780231707988804
0.34,7.4,0.02,0.99212,3.18,0.44,12.0,7,1,-0.4137429461638851,20.216861755123787
0.42,15.1,0.033,0.99684,2.87,0.47,9.5,5,1,-1.119588283197272,9.156412554098251
0.37,4.8,0.019,0.99036,3.08,0.49,12.7,7,1,-0.1146928722598259,1.9574493943758569
0.32,7.9,0.042,0.99456,3.4,0.39,10.5,6,1,-0.3193414776402692,15.455684332975338
0.46,1.0,0.023,0.98865,3.15,0.54,12.9,6,1,-0.7150169735182192,-38.72652876336309
0.36,4.6,0.024,0.99222,3.06,0.66,11.9,6,1,0.5833686276975962,79.3269040076025
0.52,1.4,0.037,0.99022,3.24,0.45,12.0,6,1,-1.1054105799517655,9.104154873105855
0.37,6.2,0.031,0.99076,3.25,0.41,12.5,6,1,-2.0145145514591736,21.137742630958044
0.4,6.1,0.034,0.99144,3.21,0.43,12.1,7,1,-1.616337107949664,5.159342964806797
0.38,5.1,0.019,0.98961,3.05,0.36,12.5,6,1,-1.0190709426853983,-33.09672814637278
0.26,6.3,0.043,0.9936,3.06,0.58,9.9,6,1,-1.519711685975773,-1.5481115709949904
0.46,0.9,0.036,0.99126,3.02,0.41,10.7,6,1,0.37983199904229,39.59630702466107
0.39,2.3,0.048,0.99044,2.94,0.35,12.0,6,1,0.0807819251382317,-27.770594924322356
0.36,6.6,0.042,0.99123,2.97,0.31,12.2,8,1,-0.5153722634008959,2.752625413236359
0.34,7.5,0.036,0.99123,2.99,0.32,12.4,8,1,-0.5153722634008959,11.688834962642446
0.35,8.6,0.038,0.9916,3.0,0.32,12.4,8,1,-0.3146155765584337,12.201533081551972
0.34,11.9,0.039,0.9959,3.02,0.31,10.3,6,1,0.5808666800660367,30.942575375205976
0.22,7.1,0.05,0.9931,3.3,0.4,10.5,5,1,-1.6127231835929663,42.034092762235005
0.35,4.3,0.051,0.99422,3.1,0.44,9.5,6,1,0.379276010679721,-17.296291018187674
0.4,1.1,0.046,0.99194,3.0,0.35,10.5,4,1,1.280318150929881,-7.669420811905908
0.38,1.0,0.027,0.98926,3.24,0.36,12.3,6,1,-0.7177969153310633,-23.23963772113244
0.37,7.9,0.025,0.99306,2.93,0.37,11.9,6,1,1.079283469906137,-5.084740722369318
0.33,1.0,0.038,0.99164,3.25,0.45,9.8,5,1,-1.7207463669995198,14.817281357092057
0.41,1.0,0.04,0.98988,3.14,0.56,11.4,7,1,-1.0215728903169587,-40.08666058212553
0.4,7.3,0.0409999999999999,0.99268,3.21,0.43,11.0,6,1,-0.7186308978749167,5.232790140788126
0.59,1.7,0.046,0.99373,3.06,0.56,10.8,4,1,1.483020797041334,-47.537033455795424
0.37,1.3,0.027,0.98939,3.24,0.37,12.8,7,1,-0.5195421761201624,13.35263417634478
0.36,6.4,0.055,0.99318,3.11,0.5,11.0,8,1,-0.2199361138535343,11.40635706269147
0.33,1.8,0.035,0.99196,3.15,0.36,10.2,5,1,-0.6192255340881827,35.73482098335792
0.3,1.5,0.026,0.98952,3.32,0.6,12.5,7,1,-1.4164144036510553,0.1156876427073569
0.44,3.8,0.037,0.9911,3.06,0.37,11.6,6,1,0.3817779583112815,35.40008540241455
0.32,1.2,0.036,0.99111,3.26,0.48,11.0,5,1,-1.519711685975773,-29.738061532964608
0.42,5.3,0.037,0.99321,3.14,0.52,10.9,6,1,-0.2188241371283963,10.025035748940098
0.38,9.1,0.044,0.99326,2.97,0.3,11.0,7,1,-0.8183142558429362,13.68736975728818
0.44,6.5,0.027,0.99124,2.96,0.37,12.5,6,1,0.684441956572039,15.47687382796424
0.4,6.3,0.032,0.99214,3.18,0.53,12.0,7,1,-0.418746841427005,8.999639511121032
0.36,5.1,0.031,0.9897,3.14,0.31,12.4,7,1,-2.015348534003027,33.736286188712214
0.34,2.4,0.022,0.98915,3.22,0.38,12.8,7,1,-1.612445189411682,-15.73700716647015
0.34,7.5,0.035,0.99692,3.33,0.43,9.1,5,1,-0.4168008821580136,62.11407737966253
0.36,5.0,0.033,0.991,3.11,0.4,12.4,7,1,-0.4120749810761781,40.29684637255132
0.39,6.75,0.031,0.9913,3.15,0.8,12.9,7,1,-0.6164455922753387,-17.526511237146238
0.42,1.2,0.045,0.99234,3.09,0.87,10.9,6,1,-0.418746841427005,10.181808791917303
0.24,1.6,0.045,0.99402,3.53,0.58,10.8,5,1,-0.417634864701867,50.61437723570877
0.34,16.05,0.04,0.99678,3.11,0.38,10.6,5,1,-0.8185922500242206,33.11907270781784
0.23,5.0,0.053,0.99458,3.13,0.52,9.0,5,1,-1.4150244327446335,-8.129861249823037
0.44,12.4,0.043,0.99452,3.04,0.33,12.0,6,1,0.9832140362948129,43.87585451390349
0.32,0.95,0.0409999999999999,0.99033,3.25,0.35,11.8,5,1,-0.8177582674803672,14.817281357092057
0.45,4.6,0.0409999999999999,0.9927,3.01,0.38,10.6,6,1,0.2801486410742706,51.22171202558859
0.2,1.7,0.033,0.99002,3.34,0.48,12.3,6,1,-2.014653548549816,-42.032937695778855
0.33,1.0,0.104,0.99057,3.19,0.64,11.5,6,1,-0.1208087442480838,-60.80504817543634
0.46,1.3,0.044,0.99127,2.97,0.45,11.1,5,1,-0.0211253862800635,1.1100156945229287
0.25,2.5,0.142,0.9927,3.0,0.44,9.9,4,1,-0.7164069444246417,-8.098793063819556
0.31,2.6,0.036,0.98938,3.27,0.53,12.8,7,1,-1.0146230357848474,-19.91203929372776
0.53,2.1,0.102,0.99001,2.93,0.57,12.9,5,1,1.7851288069395237,-39.62622014420842
0.38,12.75,0.034,0.99386,3.1,0.57,12.9,6,1,-0.6178355631817603,-44.10491966640592
0.34,1.1,0.037,0.9899,3.01,0.68,12.0,6,1,-0.6200595166320362,3.391028389119626
0.28,3.7,0.045,0.9913,3.22,0.27,11.2,6,1,-1.5199896801570576,42.10753993821636
0.4,2.65,0.0409999999999999,0.98916,3.11,0.39,13.3,7,1,-0.6153336155502007,-26.21131107260483
0.3,2.5,0.046,0.99276,3.34,0.5,9.9,6,1,-1.5185997092506351,12.431753300510522
0.37,8.2,0.055,0.99586,3.11,0.52,9.5,6,1,-0.4170788763392981,80.85511967331651
0.42,7.3,0.054,0.99556,3.12,0.49,9.4,6,1,-0.4170788763392981,90.02154944168116
0.26,1.1,0.047,0.99158,3.48,0.6,11.0,7,1,-1.0187929485041138,7.513802835384837
0.57,6.6,0.0559999999999999,0.99548,2.96,0.43,9.4,6,1,-0.5209321470265849,41.825062038265386
0.37,7.0,0.038,0.99206,2.98,0.82,11.5,6,1,-0.418746841427005,-7.617163130913511
0.32,14.5,0.038,0.99412,3.14,0.34,12.5,5,1,-0.5159282517634649,-39.69966732018975
0.29,11.8,0.035,0.99364,3.18,0.34,11.9,6,1,-1.0187929485041138,-22.622424240238104
0.34,3.0,0.054,0.99338,3.26,0.47,10.4,6,1,-0.6175575690004758,24.318446706400053
0.39,6.0,0.035,0.99123,3.11,0.33,12.5,6,1,-0.3185074950964157,29.38329152348844
0.35,4.6,0.039,0.99216,3.18,0.4,11.0,7,1,-0.8180362616616517,34.991902645489816
0.29,2.5,0.059,0.99328,3.09,0.37,9.8,5,1,0.3826119408551349,2.470147513285383
0.24,3.3,0.034,0.99031,3.1,0.4,12.3,7,1,-0.6150556213689162,-14.941831147609648
0.42,1.0,0.036,0.9908,3.18,0.52,11.0,6,1,-0.8199822209306431,-1.3178913520364262
0.42,1.1,0.036,0.98871,3.1,0.46,12.6,7,1,-1.4158584152884872,-3.620093541622055
0.35,1.4,0.036,0.99119,3.31,0.62,11.6,6,1,-0.2166001836781212,-2.217582732881752
0.36,8.55,0.02,0.99146,3.19,0.22,13.4,7,1,-0.5187081935763089,-29.664614356983265
0.41,6.7,0.034,0.99245,3.18,0.46,11.5,6,1,-0.4184688472457205,3.90372650802918
0.49,3.8,0.037,0.99116,3.04,0.38,11.6,6,1,0.4825732930044397,27.897454847752257
0.37,4.5,0.039,0.9921,3.18,0.4,11.1,7,1,-0.8174802732990827,34.53146220757272
0.45,4.2,0.043,0.99162,3.06,0.54,11.3,6,1,-0.5209321470265849,21.49366770689035
0.37,11.3,0.043,0.99632,3.08,0.53,9.9,6,1,-0.5178742110324555,65.12812972111278
0.37,5.5,0.025,0.99082,3.06,0.33,12.6,8,1,-0.1174728140726699,-8.642559368732563
0.16,4.2,0.0289999999999999,0.9905,3.3,0.36,11.8,8,1,-1.915665176035008,-12.126930839114491
0.4,2.2,0.042,0.99177,3.03,0.5,11.4,5,1,-0.1141368838972569,90.07380712267356
0.31,14.5,0.045,0.9986,3.1,0.5,9.2,6,1,0.1804652831062521,78.83539538368187
0.32,1.5,0.03,0.98923,3.21,0.42,13.0,5,1,-0.9154956661793968,-14.146655128749131
0.32,18.75,0.047,1.00014,3.1,0.5,9.3,7,1,0.380387987404859,77.22385385097193
0.31,3.6,0.03,0.99026,3.22,0.62,12.6,8,1,-0.7172409269684943,-20.142259512686323
0.12,1.4,0.035,0.99358,3.34,0.44,9.6,6,1,-1.3175650282268885,136.21950205045124
0.23,5.1,0.0409999999999999,0.99688,3.42,0.44,8.0,3,1,-3.017603000218271,49.55791281188623
0.32,10.5,0.03,0.99407,3.11,0.42,11.8,6,1,0.8815847190578019,-7.951898711856884
0.2,2.0,0.043,0.99226,3.21,0.39,10.2,6,1,-1.4178043745574778,40.8829916674422
0.36,2.6,0.051,0.99097,3.32,0.53,12.7,6,1,0.2843185537935371,10.642249229834434
0.36,9.2,0.061,0.9976,3.31,0.56,9.4,5,1,-0.6139436446437783,99.96196573391738
0.29,1.8,0.044,0.99166,3.1,0.38,10.2,5,1,-0.8202602151119276,-1.2133759900516168
0.34,5.7,0.044,0.99184,3.28,0.6,12.0,7,1,-0.7155729618807882,-23.18738004014004
0.32,2.4,0.045,0.99135,3.08,0.6,11.3,7,1,0.2812606177994086,-13.968692590782991
0.32,1.9,0.038,0.99074,3.32,0.53,11.8,7,1,-0.8180362616616517,6.08022384064104
0.31,1.4,0.039,0.99193,3.45,0.59,10.9,5,1,-1.1181983122908496,16.784747965734297
0.02,0.9,0.043,0.99226,3.14,0.47,9.8,4,1,-0.7111250549802364,-14.251170490733957
0.3,4.6,0.06,0.99142,3.23,0.49,12.2,8,1,-0.6181135573630447,38.58078947785658
0.25,1.4,0.057,0.99091,3.23,0.44,11.1,7,1,-0.8199822209306431,8.518009578214972
0.32,1.4,0.065,0.99134,3.06,0.47,11.4,6,1,0.1796313005623986,23.575528368531977
0.3,2.3,0.051,0.98964,3.13,0.52,12.8,6,1,-0.7155729618807882,10.234066472909731
0.36,2.3,0.039,0.99229,3.07,0.67,10.1,7,1,-0.5212101412078693,13.582854395303356
0.14,4.4,0.184,0.99396,2.93,0.45,9.4,6,1,-0.6189475399068982,53.58605058718116
0.25,6.4,0.035,0.99148,2.91,0.23,12.2,6,1,0.7844033087213429,-8.97729494967595
0.31,2.9,0.046,0.9913,3.07,0.65,10.9,7,1,-0.418746841427005,8.999639511121032
0.31,2.8,0.047,0.99126,3.06,0.64,10.9,7,1,-0.418190853064436,9.972778067947688
0.42,8.2,0.044,0.99562,3.14,0.48,9.4,5,1,-0.6167235864566223,86.58943565229167
0.37,1.0,0.043,0.99128,3.08,0.38,11.4,5,1,0.5819786567911747,-37.80564788752884
0.33,2.9,0.044,0.98896,3.17,0.32,12.9,8,1,-1.620785014850216,-42.08519537677127
0.41,7.0,0.046,0.99558,3.14,0.48,9.4,5,1,-0.6167235864566223,84.41293831967978
0.35,1.8,0.04,0.98961,2.91,0.57,12.0,7,1,-0.419858818152143,-29.538909500009524
0.28,1.5,0.043,0.99338,3.38,0.56,10.1,6,1,0.0821718960446542,-3.620093541622055
0.5,7.6,0.047,0.99572,3.17,0.45,9.2,5,1,-0.7175189211497788,73.53045165662037
0.35,2.3,0.039,0.99056,3.34,0.44,11.8,6,1,-0.917719619629672,-1.987362513923188
0.32,8.7,0.0289999999999999,0.99146,3.0,0.34,12.3,7,1,-0.4156889054328765,-8.642559368732563
0.28,6.7,0.032,0.99172,3.13,0.32,12.3,6,1,-0.6178355631817603,-23.41760025909861
0.34,5.0,0.032,0.99012,3.27,0.36,13.5,7,1,-0.918275607992241,-19.16912095585967
0.3,1.9,0.033,0.98912,3.29,0.42,12.8,7,1,-1.2153797226273095,29.66576942343941
0.29,2.0,0.022,0.98902,3.04,0.54,12.8,7,1,-0.9191095905360944,-16.940365942255383
0.29,8.5,0.037,0.99395,2.9,0.38,11.0,3,1,2.181082296998756,113.00119234755952
0.28,12.6,0.039,0.99539,3.2,0.43,10.6,6,1,-0.8147003314862387,7.084430583471189
0.27,5.2,0.039,0.99129,3.16,0.44,12.4,7,1,-0.5117583390441975,-16.479925504338254
0.29,2.1,0.048,0.98956,3.22,0.46,12.9,7,1,-0.916051654541966,27.8240076717709
0.29,1.1,0.047,0.9916,3.54,0.59,11.1,7,1,-1.218993646984007,45.38288068462863
0.28,1.3,0.032,0.98889,3.08,0.64,12.9,7,1,-1.3175650282268885,-17.222843842206345
0.33,1.1,0.042,0.99012,3.1,0.37,11.8,7,1,0.0792529571411675,-52.45498392092112
0.38,9.2,0.0579999999999999,0.99833,3.23,0.54,9.1,6,1,-0.612414676646714,133.70826913689598
0.37,1.2,0.036,0.98853,3.09,0.49,12.7,7,1,-1.4191943454639002,-41.57249725786174
0.37,1.1,0.036,0.98942,3.16,0.48,12.0,6,1,-1.4191943454639002,-17.400806380172497
0.32,8.3,0.043,0.99266,3.24,0.47,11.2,6,1,-1.615225131224527,-8.412339149773999
0.35,1.8,0.042,0.98962,3.19,0.75,12.4,7,1,-0.6200595166320362,-9.793660463525384
0.28,1.4,0.047,0.99168,3.5,0.49,10.4,5,1,-2.118089827965176,37.116142297109306
0.36,15.7,0.05,0.9968,3.06,0.54,10.4,5,1,0.2832065770683991,9.386632773056816
0.33,4.35,0.04,0.98934,3.29,0.5,12.7,6,1,-1.2170476877150156,-36.65454679273603
0.3,1.8,0.039,0.98995,3.48,0.52,12.5,7,1,-1.5169317441629282,-8.872779587691127
0.31,1.6,0.037,0.991,3.14,0.5,12.0,6,1,-0.1199747617042303,-14.272359985722886
0.3,2.0,0.047,0.99152,3.16,0.51,11.6,6,1,-0.3198974660028382,-1.1088606280667932
0.28,5.0,0.035,0.99048,3.12,0.38,12.6,7,1,-0.417634864701867,14.325772733171434
0.28,1.8,0.042,0.99204,3.15,0.42,10.2,5,1,-0.6197815224507517,69.53338206732893
0.36,1.3,0.036,0.99202,3.43,0.68,10.4,7,1,-1.4194723396451847,-47.30681323683688
0.29,1.0,0.038,0.9906,3.3,0.42,11.5,5,1,-0.8177582674803672,4.907933250859301
0.34,1.4,0.049,0.99091,3.02,0.5,11.0,6,1,-0.5187081935763089,-0.6794883761531452
0.33,8.1,0.048,0.99472,3.11,0.52,10.1,6,1,-0.51815220521374,63.67336123138004
0.32,8.6,0.046,0.99452,3.08,0.52,10.5,6,1,-0.418190853064436,47.59044620324399
0.28,3.7,0.059,0.99177,3.23,0.41,12.1,7,1,-0.7183529036936322,35.66137380737662
0.22,5.7,0.047,0.9934,3.18,0.55,9.9,6,1,-2.119340801780956,33.78854386970461
0.25,2.35,0.034,0.99082,3.05,0.41,11.4,6,1,-0.6126926708279985,-28.00081514328092
0.29,13.65,0.048,0.99784,3.0,0.6,9.5,6,1,-0.3140595881958647,77.93570400283654
0.28,15.2,0.046,0.99665,3.17,0.39,10.9,6,1,-0.0172334677420806,-76.67893247960278
0.27,4.6,0.05,0.99422,3.08,0.47,9.5,6,1,0.37983199904229,-17.296291018187674
0.31,1.2,0.048,0.98999,3.32,0.54,12.6,6,1,-1.0160130066912698,8.057569140297844
0.32,6.65,0.059,0.99254,3.18,0.42,11.1,5,1,-0.7172409269684943,-8.925037268683553
0.28,13.55,0.048,0.99782,3.0,0.6,9.5,7,1,-0.3146155765584337,77.705483783878
0.24,9.8,0.0579999999999999,0.9952,3.13,0.51,10.6,6,1,-0.4195808239708585,79.72520807351266
0.24,10.3,0.057,0.99519,3.12,0.5,10.6,6,1,-0.5195421761201624,76.80579240303267
0.21,6.7,0.055,0.99384,3.15,0.52,10.8,6,1,-0.6200595166320362,44.72328821375642
0.27,9.9,0.047,0.99596,3.34,0.5,9.9,6,1,-0.8197042267493586,-13.686214690832015
0.28,7.2,0.06,0.9935,3.08,0.59,11.3,6,1,-0.0186234386485031,19.93438385517284
0.28,1.1,0.034,0.98862,3.22,0.38,12.6,6,1,-1.2181596644401536,-19.55611421779544
0.28,8.3,0.034,0.99151,2.96,0.39,12.5,6,1,-0.5145382808570425,-32.4583251704895
0.28,11.25,0.032,0.9922,3.02,0.38,12.4,6,1,-0.7125150258866588,-26.159053391612417
0.28,12.8,0.038,0.99426,3.31,0.57,11.8,7,1,-1.3186770049520264,17.17174122767007
0.23,9.65,0.026,0.99168,3.18,0.53,12.2,6,1,-1.9151091876724389,3.830279332047837
0.28,12.6,0.048,0.99556,3.19,0.37,10.7,6,1,-0.4190248356082895,26.81980092894078
0.33,12.2,0.033,0.99356,3.17,0.42,11.3,7,1,-1.2181596644401536,-17.8089891370972
0.49,1.3,0.033,0.99072,3.05,0.53,11.3,7,1,-0.1196967675229458,-45.130315904224986
0.26,1.1,0.033,0.98954,3.14,0.38,11.5,6,1,-1.2187156528027223,-44.01028299543566
0.26,4.8,0.033,0.99076,2.98,0.49,12.3,7,1,0.3806659815861435,-38.01467861149848
0.21,1.1,0.032,0.9889,2.97,0.42,12.2,6,1,-1.0160130066912698,-2.803728027772621
0.25,1.4,0.033,0.98794,3.08,0.43,13.2,6,1,-1.216213705171163,-0.1145325762512072
0.28,1.7,0.0409999999999999,0.99207,3.13,0.45,10.2,6,1,-0.6195035282694672,50.91804463064868
0.28,10.6,0.039,0.99355,3.05,0.55,11.5,7,1,-0.2185461429471118,3.2653235321458998
0.26,5.55,0.051,0.99336,3.47,0.5,11.0,6,1,-1.6199510323063624,29.048555942545065
0.24,2.1,0.034,0.98882,2.98,0.43,13.2,7,1,-0.3168395300087088,11.071621481748096
0.21,1.7,0.045,0.99341,3.32,0.44,9.5,5,1,-1.318954999133311,26.537323028989803
0.26,9.0,0.047,0.997,3.25,0.53,10.2,6,1,0.5811446742473212,19.243723198297133
0.25,1.8,0.05,0.99174,3.0,0.55,11.4,6,1,-0.2135422476839918,77.705483783878
0.27,4.7,0.03,0.99042,3.16,0.42,12.5,8,1,-1.1165303472031427,31.172795594164526
0.49,11.3,0.046,0.9984,3.01,0.43,9.2,5,1,0.3851138884866945,117.13384548483933
0.34,3.6,0.04,0.99111,3.28,0.48,12.1,7,1,-0.7166849386059253,6.467217102576839
0.35,6.9,0.045,0.9933,3.1,0.44,10.7,7,1,-0.3193414776402692,15.424616146971845
0.32,4.9,0.046,0.99316,3.38,0.55,11.2,6,1,-0.8183142558429362,45.3616911896397
0.3,6.95,0.044,0.9946,3.25,0.56,10.6,6,1,-0.418190853064436,65.90211624498433
0.31,1.9,0.037,0.99,3.06,0.45,11.8,6,1,-0.8155343140300921,12.484010981502948
0.35,1.8,0.096,0.99016,2.95,0.54,12.6,6,1,1.5854840968221993,-35.04300526002609
0.3,11.3,0.026,0.99381,3.13,0.55,12.8,7,1,-0.6178355631817603,-40.49484333905026
0.3,8.2,0.026,0.99144,3.0,0.37,12.3,6,1,-0.3165615358274252,-0.9097085951117094
0.3,8.3,0.026,0.99139,2.99,0.38,12.3,8,1,-0.3168395300087088,0.5238703996320737
0.26,9.55,0.036,0.9919,2.98,0.37,12.4,6,1,-0.5139822924944735,-21.34561828847154
0.3,8.4,0.03,0.99192,2.93,0.42,12.3,6,1,0.782735343633636,2.0097070753682544
0.45,7.8,0.048,0.99576,3.2,0.53,9.1,5,1,-0.7175189211497788,76.96256544600989
0.46,7.8,0.047,0.9958,3.2,0.54,9.1,5,1,-0.6172795748191913,74.09540745652232
0.28,10.2,0.032,0.9951,3.1,0.47,10.6,6,1,0.1832452249190961,26.233655634049924
0.29,5.5,0.042,0.99304,3.19,0.47,10.3,6,1,-0.9191095905360944,76.09394225116806
0.32,7.8,0.052,0.99657,3.39,0.65,9.5,5,1,-1.1151403762967211,72.09687266187659
0.33,7.4,0.037,0.99268,3.25,0.49,11.1,6,1,-1.615225131224527,-19.755266250750523
0.18,3.3,0.054,0.99392,3.12,0.51,10.8,6,1,0.4878551824488442,25.34384294421916
0.3,5.0,0.0279999999999999,0.99242,2.94,0.47,11.2,5,1,1.5799242131965112,6.645179640542992
0.25,5.0,0.024,0.9925,2.87,0.49,11.4,5,1,1.5821481666467871,-9.646766111562712
0.28,1.3,0.034,0.99092,3.21,0.52,11.2,6,1,-1.4191943454639002,-24.411928310914178
0.32,1.2,0.037,0.99137,3.19,0.5,10.2,6,1,-1.4200283280077537,1.0676367045450943
0.3,9.9,0.0409999999999999,0.99642,3.12,0.49,10.2,6,1,-0.1158048489849639,83.3875420818607
0.35,0.7,0.051,0.9916,3.37,0.43,11.0,3,1,-1.0179589659602604,-4.415269560482557
0.35,4.6,0.032,0.99458,3.15,0.45,11.5,7,1,1.6829435013399436,33.432618793772306
0.17,5.6,0.036,0.99373,3.05,0.57,9.8,6,1,-1.2203836178904297,14.14781019520528
0.29,9.5,0.042,0.99586,3.11,0.51,10.1,6,1,-0.4179128588831515,47.71615106021771
0.48,14.8,0.05,0.99942,2.95,0.75,8.8,6,1,-0.5187081935763089,78.9399107456667
0.3,2.1,0.031,0.9895,3.39,0.43,12.7,7,1,-1.1159743588405746,52.17366108742631
0.4,11.6,0.032,0.9963,3.1,0.51,9.8,6,1,-0.0144535259292366,98.1202039822489
0.3,1.2,0.03,0.9892,3.16,0.6,12.9,4,1,-0.5067544437810776,-39.85644036316698
0.49,20.15,0.06,1.00196,3.01,0.44,8.5,5,1,0.3828899350364194,30.05276268537521
0.28,4.7,0.059,0.99036,3.24,0.56,12.7,8,1,-0.9163296487232504,-32.688545389448066
0.28,4.3,0.026,0.989,2.98,0.64,13.1,8,1,-1.016568995053838,-10.714541339359627
0.39,14.5,0.051,0.99947,3.35,0.78,9.1,5,1,-0.1196967675229458,44.90125075172257
0.27,4.9,0.034,0.9916,3.36,0.71,12.5,6,1,-0.8155343140300921,4.907933250859301
0.4,14.55,0.047,0.99945,3.34,0.78,9.1,6,1,-0.1199747617042303,44.67103053276399
0.26,10.05,0.039,0.99375,3.33,0.5,11.2,6,1,-1.4175263803761933,54.19338537706095
0.39,15.25,0.047,0.99946,3.34,0.77,9.1,6,1,-0.1196967675229458,46.1568672085002
0.29,3.15,0.044,0.99153,3.24,0.35,11.5,5,1,0.5830906335163117,5.337305502772949
0.27,1.3,0.037,0.98834,3.05,0.59,12.9,7,1,-1.0172639805070496,-27.36241216739764
0.29,5.2,0.076,0.99138,2.95,0.39,12.5,6,1,0.9843260130199508,-24.056003234981887
0.28,1.1,0.034,0.98928,3.25,0.33,12.3,6,1,-0.7177969153310633,-31.20270871371187
0.23,7.1,0.0409999999999999,0.99246,3.1,0.85,11.4,6,1,-0.3179515067338467,-18.96009023189002
0.22,8.8,0.052,0.99576,3.22,0.45,9.4,5,1,-0.5134263041319045,-2.468992446829233
0.44,18.5,0.057,0.99956,3.11,0.53,9.1,5,1,-0.5162062459447494,114.98841633823092
0.32,1.4,0.04,0.99026,3.16,0.66,12.0,5,1,-0.419858818152143,-6.748539936071666
0.28,1.2,0.04,0.99174,3.18,0.53,11.1,5,1,-0.1177508082539544,-2.803728027772621
0.27,5.0,0.035,0.99058,3.1,0.33,11.8,7,1,-1.316731045683035,-20.341411545641392
0.22,1.6,0.042,0.9905,3.24,0.32,11.4,6,1,-1.2198276295278605,-6.518319717113101
0.44,18.75,0.057,0.99956,3.11,0.53,9.1,5,1,-0.5162062459447494,114.98841633823092
0.32,6.0,0.033,0.99192,3.19,0.71,12.1,8,1,-0.6203375108133207,20.18579356912032
0.3,9.4,0.057,0.99554,3.15,0.44,10.4,6,1,0.0846738436762137,63.08721593648919
0.29,9.7,0.044,0.99536,3.12,0.36,9.2,6,1,-1.219549635346576,-14.99408882860206
0.29,4.75,0.034,0.99056,3.29,0.46,13.0,7,1,-0.511480344862913,19.118018341323378
0.29,5.35,0.0289999999999999,0.99112,2.93,0.43,11.5,7,1,-0.6186695457256137,-4.906778184403166
0.48,6.8,0.047,0.99616,3.23,0.7,10.0,5,1,0.781623366908498,15.434494837986406
0.3,6.9,0.038,0.99266,3.25,0.49,11.1,6,1,-1.614669142861958,-26.054538029627608
0.0,1.4,0.033,0.98918,3.26,0.35,12.4,5,1,-1.4091865549376603,-4.62430028445219
0.24,0.9,0.031,0.98926,2.9,0.38,12.2,6,1,0.0816159076820852,-27.5926323863562
0.13,1.2,0.042,0.99114,3.06,0.52,10.6,5,1,-1.213433763358318,63.23411028845187
0.31,1.3,0.037,0.9912,3.41,0.41,11.1,7,1,-1.1213952453756209,35.80826815933928
0.2,2.6,0.027,0.98936,3.36,0.78,13.9,7,1,-1.4153024269259182,5.65085158872742
0.28,12.0,0.0559999999999999,0.9983,2.99,0.3,9.2,6,1,0.3812219699487125,36.85485389214726
0.4,9.85,0.055,0.99532,2.98,0.56,10.5,6,1,-0.419302829789574,-8.286634292800272
0.3,3.85,0.042,0.99189,3.04,0.59,11.3,8,1,-0.5178742110324555,80.40599003937375
0.34,2.0,0.04,0.99,3.24,0.45,12.9,6,1,-0.419858818152143,-1.1921864950626857
0.31,1.6,0.035,0.98914,3.26,0.39,12.9,7,1,-1.0160130066912698,-5.597438841278844
0.41,7.8,0.046,0.99537,3.12,0.51,9.6,5,1,-0.3165615358274252,60.41920997995668
0.34,1.9,0.04,0.99,3.25,0.45,12.9,6,1,-0.419302829789574,-3.4209415086669708
0.27,10.3,0.047,0.99742,3.04,0.45,8.8,5,1,-0.6178355631817603,107.59030114555344
0.36,1.1,0.031,0.98884,3.23,0.34,13.2,8,1,-0.6200595166320362,-21.24110292648673
0.36,2.0,0.045,0.99284,3.3,0.59,10.5,6,1,-0.5200981644827314,15.047501576050609
0.27,4.0,0.038,0.99026,3.2,0.6,12.6,8,1,-0.7161289502433572,-15.046346509594455
0.19,1.1,0.064,0.99297,3.05,0.5,9.5,6,1,-0.7183529036936322,76.19845761315288
0.45,10.4,0.06,0.99711,3.31,0.56,9.8,6,1,-1.0143450416035629,66.16340464994637
0.24,6.1,0.032,0.98934,3.04,0.26,13.4,8,1,-1.0140670474222784,-29.89483457594183
0.24,1.8,0.037,0.9913,3.05,0.44,11.8,7,1,0.383723917580272,36.99043744013558
0.28,4.7,0.039,0.98964,3.22,0.57,13.1,7,1,-1.3153410747766134,-18.656422836950128
0.3,1.1,0.047,0.992,3.26,0.45,10.4,5,1,-1.4180823687387625,17.810144203553378
0.27,6.4,0.033,0.98944,3.22,0.27,13.4,8,1,-1.8115339111664357,-14.094397447756734
0.26,8.15,0.035,0.99031,3.06,0.27,13.0,7,1,-1.1143063937528677,-29.099658557081327
0.32,4.8,0.0559999999999999,0.99393,3.11,0.52,10.2,7,1,0.2809826236181241,0.9843108375492022
0.33,1.2,0.039,0.9904,3.07,0.39,11.7,6,1,-0.3168395300087088,-18.90783255089761
0.2,1.4,0.036,0.99088,3.03,0.46,11.7,6,1,0.5805886858847522,-31.43292893267042
0.31,7.4,0.0409999999999999,0.99254,3.04,0.47,11.4,8,1,-0.5167622343073175,-37.52316998757787
0.44,1.0,0.057,0.99158,3.09,0.32,11.2,6,1,0.78051139018336,-4.415269560482557
0.27,15.5,0.036,0.99408,3.19,0.44,13.0,7,1,-1.2164916993524466,19.578458779240503
0.36,8.4,0.042,0.99473,3.34,0.52,10.9,6,1,-0.5178742110324555,11.40635706269147
0.28,2.4,0.042,0.98998,3.14,0.37,11.6,7,1,-0.918275607992241,-9.950433506502604
0.28,3.95,0.038,0.99146,3.3,0.54,11.3,7,1,-1.2176036760775846,26.485065347997377
1.0,19.95,0.032,0.99742,3.29,0.5,12.0,6,1,0.4870211999049907,51.30503789258445
0.36,2.0,0.052,0.99273,3.38,0.53,10.5,6,1,-0.8160903023926611,23.397565830565824
0.3,3.0,0.036,0.98922,3.31,0.4,13.1,7,1,-1.1151403762967211,9.616852992015382
0.45,14.3,0.054,0.99869,3.14,0.57,9.1,5,1,-0.5164842401260339,65.08575073113492
0.31,4.2,0.04,0.9896,3.18,0.48,13.4,7,1,-0.3154495591022872,-22.622424240238104
0.34,1.4,0.0289999999999999,0.99108,3.33,0.64,11.5,7,1,-0.7200208687813392,18.144879784496723
0.32,3.0,0.031,0.99134,3.38,0.68,11.2,7,1,-1.2187156528027223,2.8571407752211684
0.28,4.9,0.042,0.99385,3.36,0.57,10.9,6,1,0.2843185537935371,37.71216628301472
0.28,2.4,0.036,0.98936,3.19,0.44,13.5,7,1,-0.1146928722598259,2.0097070753682544
0.25,10.7,0.046,0.99606,3.17,0.55,9.9,6,1,-0.8172022791177982,71.42740149998981
0.24,11.0,0.0409999999999999,0.99508,2.98,0.56,10.5,6,1,-0.2185461429471118,61.82172078869699
0.28,1.4,0.046,0.99038,3.18,0.51,11.7,7,1,-0.7191868862374857,-25.311619691759503
0.31,1.2,0.043,0.99158,3.49,0.68,11.0,6,1,-0.9185536021735254,2.804883094228771
0.28,12.9,0.032,0.9932,2.99,0.43,13.0,6,1,0.6847199507533235,-53.65834269670636
0.23,10.8,0.03,0.99164,2.93,0.41,13.6,6,1,0.4856312289985682,-19.064605593874845
0.33,1.3,0.031,0.98987,3.08,0.62,12.3,7,1,-0.419302829789574,-28.23103536223948
0.34,2.0,0.044,0.98947,3.25,0.53,13.3,7,1,-0.0155655026543746,62.49119195058374
0.29,1.8,0.036,0.98819,3.08,0.42,13.7,7,1,-0.6164455922753387,-9.950433506502604
0.41,1.2,0.05,0.99133,3.19,0.52,11.1,5,1,0.2807046294368396,15.507942013967735
0.62,7.5,0.038,0.99143,3.23,0.43,13.4,7,1,-0.3154495591022872,21.085484949965647
0.15,9.7,0.048,0.99571,3.05,0.3,9.1,5,1,-1.217881670258869,106.73298875468596
0.24,3.8,0.038,0.99139,3.31,0.5,11.3,7,1,-1.317843022408173,44.001559370877246
0.41,7.2,0.048,0.99537,3.2,0.46,9.4,5,1,-0.6156116097314852,67.921840534619
0.27,6.3,0.0279999999999999,0.99186,3.37,0.4,11.6,6,1,-1.913997210947301,19.70416363621426
0.28,0.8,0.024,0.98984,3.01,0.35,12.4,6,1,1.682109518796091,13.27918700036345
0.29,8.6,0.053,0.9963,3.11,0.32,9.8,6,1,0.381499964129997,39.08360890575155
0.13,6.3,0.036,0.99312,3.09,0.25,11.1,4,1,-0.3037738034883404,-64.92782262170154
0.27,3.1,0.034,0.9897,3.26,0.38,13.1,7,1,-0.1149708664411104,18.887798122364828
0.35,7.2,0.046,0.9955,3.14,0.53,9.7,5,1,-0.0161214910169436,65.61963834503335
0.44,7.1,0.048,0.99528,3.15,0.48,9.2,5,1,-0.8166462907552292,67.51365777769426
0.46,6.4,0.036,0.99279,3.1,0.78,11.7,6,1,-0.0183454444672186,-31.32841357068561
0.3,14.7,0.045,0.99704,3.14,0.37,10.6,6,1,-0.6183915515443292,25.89892005310655
0.28,1.9,0.032,0.9914,3.1,0.39,10.9,6,1,-0.0180674502859341,-21.52358082643769
0.47,1.2,0.146,0.99224,3.23,0.51,10.1,5,1,-1.0168469892351224,-9.333220025608256
0.25,4.8,0.0289999999999999,0.99074,3.17,0.44,12.2,7,1,-0.7166849386059253,19.034692474327517
0.31,1.2,0.031,0.98892,3.03,0.33,12.7,6,1,-0.0172334677420806,-33.891904165233285
0.25,3.4,0.024,0.98959,2.98,0.37,13.0,6,1,0.5828126393350281,-15.402271585526776
0.27,4.3,0.03,0.99212,3.16,0.33,11.2,6,1,0.8821407074203709,11.636577281650048
0.37,8.5,0.036,0.99576,3.2,0.48,9.4,6,1,-0.6181135573630447,41.52139464332548
0.2,1.8,0.031,0.9919,3.41,0.53,11.0,6,1,-1.215101728446025,48.05088664116112
0.29,19.5,0.039,1.00037,3.1,0.48,9.2,6,1,0.0807819251382317,128.5600984528117
0.29,19.9,0.039,1.00037,3.1,0.48,9.2,6,1,0.0807819251382317,128.5600984528117
0.19,8.3,0.0289999999999999,0.992,3.22,0.45,12.3,6,1,-1.0112871056094337,25.75202570114384
0.32,1.1,0.022,0.99218,3.04,0.67,10.0,6,1,-0.020847392098779,5.97570847865623
0.22,16.65,0.044,0.99855,3.24,0.48,9.0,6,1,-1.5180437208880662,-1.935104832930776
0.28,0.9,0.023,0.99062,2.92,0.36,11.1,6,1,0.8804727423326639,-22.015089450358303
0.15,6.1,0.042,0.99362,3.06,0.6,9.9,6,1,-1.4203063221890382,7.953053778313034
0.21,10.2,0.037,0.99324,3.66,0.48,12.2,7,1,-2.4179738844130885,-5.053672536365824
0.24,3.85,0.031,0.99098,3.01,0.36,11.8,4,1,0.2845965479748216,-83.72112259634794
0.28,4.4,0.032,0.99036,3.11,0.62,12.9,6,1,-0.6067157959303824,-37.67994303055511
0.12,4.5,0.05,0.99398,2.86,0.35,9.0,5,1,-0.2113182942337159,-28.97395370010757
0.34,3.2,0.0279999999999999,0.9903,3.01,0.33,12.4,6,1,0.3853918826679789,49.35876077893114
0.27,9.7,0.036,0.99406,2.99,0.36,11.2,6,1,0.7819013610897834,-31.78885400860274
0.28,4.2,0.0289999999999999,0.9906,3.0,0.41,12.6,6,1,0.3856698768492634,-7.355874725951452
0.27,4.2,0.031,0.99089,3.12,0.39,11.5,6,1,-0.3173955183712778,-35.50344569794322
0.34,1.1,0.035,0.99096,3.07,0.72,11.3,7,1,0.5791987149783298,-20.320222050652475
0.0,5.6,0.033,0.9936,3.32,0.51,10.5,4,1,-1.3060282697035843,-85.94987760995224
0.4,1.6,0.027,0.9911,3.15,0.48,11.9,6,1,0.5836466218788807,-28.69147580015661
0.21,1.6,0.036,0.99396,3.18,0.52,10.1,6,1,0.8796387597888113,3.369838894130723
0.28,1.1,0.027,0.99089,3.15,0.45,11.0,7,1,-0.4195808239708585,-1.600369251987388
0.36,14.6,0.048,0.9968,3.14,0.56,10.6,5,1,0.1829672307378125,46.77408068939455
0.27,2.6,0.035,0.99138,3.04,0.59,11.3,7,1,0.0816159076820852,7.796280735335813
0.22,1.2,0.038,0.99098,3.1,0.37,11.2,4,1,-0.5184301993950244,3.8613475180513177
0.28,7.25,0.0279999999999999,0.99238,2.94,0.37,11.5,7,1,0.182133248193959,-38.83104412534792
0.21,6.55,0.026,0.99244,2.92,0.35,11.1,5,1,0.2834845712496836,28.797146228597583
0.24,7.0,0.023,0.99176,3.14,0.49,12.8,7,1,-0.0175114619233651,12.923261924431143
0.32,1.5,0.037,0.98993,3.3,0.46,12.3,6,1,-0.9154956661793968,-41.23776167691835
0.3,1.4,0.0409999999999999,0.9929,3.26,0.53,10.4,6,1,0.4817393104605862,-15.24549854254954
0.35,1.0,0.032,0.98988,3.16,0.37,11.7,7,1,-0.2179901545845428,-7.083275517015053
0.28,4.2,0.044,0.992,3.35,0.44,10.7,7,1,-1.4164144036510553,47.76840874121014
0.71,17.5,0.042,0.99784,2.85,0.5,9.5,6,1,-0.419302829789574,-2.1865145468782714
0.35,1.5,0.037,0.99006,3.18,0.68,12.0,7,1,-0.6192255340881827,-5.314960941327882
0.36,1.3,0.053,0.99211,3.31,0.45,10.8,5,1,-0.8166462907552292,69.49100307735107
0.27,3.9,0.043,0.99202,3.35,0.44,10.7,7,1,-1.616337107949664,47.76840874121014
0.28,4.2,0.044,0.992,3.35,0.44,10.7,7,1,-1.616337107949664,47.76840874121014
0.32,7.6,0.049,0.99332,3.12,0.44,10.7,7,1,-0.419302829789574,-5.314960941327882
0.29,1.0,0.031,0.98958,3.12,0.4,12.1,7,1,-0.02029140373621,10.94591662477434
0.28,1.1,0.034,0.98939,3.0,0.52,11.9,7,1,-0.6197815224507517,-0.1978584432470995
0.28,11.8,0.042,0.99492,3.18,0.37,10.8,6,1,-0.6192255340881827,27.792939485767437
0.24,1.4,0.033,0.99043,3.59,0.56,12.3,7,1,-1.4186383571013312,61.46579571276469
0.38,9.7,0.053,0.99787,3.3,0.57,9.4,6,1,-0.6136656504624938,113.25116994854724
0.3,12.9,0.049,0.99654,3.2,0.35,9.9,6,1,-0.4212487890585654,-24.9556946158272
0.24,1.6,0.039,0.99304,3.35,0.61,10.4,7,1,-0.616306595184696,24.95684968228336
0.24,7.2,0.038,0.9952,3.35,0.6,10.4,6,1,-0.6172795748191913,21.80721379284482
0.27,7.1,0.027,0.99165,3.15,0.6,12.6,7,1,-0.2157662011342678,9.282117411071994
0.23,1.9,0.017,0.9892,2.93,0.36,12.5,6,1,0.1851911841880875,-43.67554741449227
0.48,8.8,0.0559999999999999,0.99628,3.04,0.47,9.4,5,1,-0.5148162750383269,52.61291203035451
0.24,7.2,0.047,0.99604,3.11,0.6,9.2,5,1,-0.8138663489423852,38.42401643487936
0.18,1.4,0.047,0.99164,3.27,0.54,11.2,6,1,-0.4206928006959964,-23.469857940091003
0.25,14.3,0.044,0.998,2.91,0.46,9.2,6,1,-0.2202141080348187,33.254656255806154
0.18,1.8,0.046,0.99226,3.27,0.55,10.8,6,1,-0.4201368123334275,0.1156876427073569
0.3,1.2,0.037,0.98914,2.96,0.36,12.5,6,1,-0.0180674502859341,-22.97834931617041
0.61,11.8,0.0409999999999999,0.99794,3.0,0.54,9.3,5,1,0.4839632639108613,80.18564851142976
0.33,0.9,0.0409999999999999,0.99048,3.21,0.5,11.4,5,1,-0.2166001836781212,0.5026809046431424
0.24,12.6,0.044,0.99726,3.04,0.56,10.0,7,1,-0.1171948198913854,7.9219855923095395
0.28,26.05,0.031,1.00295,3.06,0.42,10.6,6,1,-0.4120749810761781,6.979915221486365
0.26,4.7,0.04,0.99278,3.07,0.75,10.7,7,1,-0.91883159635481,70.39212657115623
0.28,6.1,0.0289999999999999,0.99054,3.19,0.27,12.8,7,1,-0.6144996330063472,-24.694406210865168
0.2,5.6,0.1169999999999999,0.99459,3.24,0.43,9.5,5,1,-0.8141443431236697,74.16885463250365
0.2,5.3,0.1169999999999999,0.99459,3.24,0.43,9.5,6,1,-0.8138663489423852,71.30169664301611
0.2,5.7,0.118,0.9946,3.24,0.43,9.5,6,1,-0.8144223373049542,63.46433050741042
0.25,8.0,0.036,0.99362,3.06,0.38,10.8,6,1,-0.6161675980940542,7.544871021388317
0.51,17.6,0.045,0.99966,3.2,0.47,8.8,6,1,-0.7186308978749167,11.510872424676291
0.27,8.8,0.021,0.99442,3.08,0.38,11.0,7,1,0.383723917580272,46.97323272234964
0.0,1.5,0.02,0.98918,3.29,0.38,12.4,6,1,-1.4080745782125224,-16.940365942255383
0.39,1.4,0.02,0.99089,3.25,0.75,11.3,7,1,-0.7172409269684943,-50.96914724518494
0.34,4.8,0.018,0.99474,3.12,0.49,11.2,7,1,1.483020797041334,10.92472712978541
0.32,2.4,0.0139999999999999,0.99008,3.24,0.66,12.5,7,1,-0.8163682965739456,-23.52211562108343
0.32,3.7,0.017,0.99348,3.12,0.44,10.0,6,1,-0.5209321470265849,-14.251170490733957
0.33,4.9,0.047,0.99283,3.12,0.56,11.0,6,1,-0.419302829789574,18.21832696047808
0.4,5.7,0.052,0.99398,3.16,0.88,10.5,6,1,-1.2173256818963,42.85045827608444
0.23,2.0,0.046,0.9908,3.12,0.54,11.4,7,1,-0.8177582674803672,18.3751000034553
0.28,5.1,0.039,0.99165,3.16,0.44,11.3,6,1,-1.3192329933145954,28.818335723586515
0.22,4.5,0.031,0.99076,2.97,0.52,12.2,7,1,-0.0155655026543746,-44.617617785315446
0.24,3.2,0.037,0.98942,2.9,0.66,12.6,7,1,-0.8163682965739456,-18.373944936999152
0.25,6.65,0.032,0.99244,2.9,0.37,11.1,5,1,0.0838398611323603,23.240792787588603
0.37,1.6,0.035,0.99058,3.26,0.47,12.3,6,1,-0.2166001836781212,12.484010981502948
0.6,4.0,0.037,0.99255,2.92,0.59,10.4,4,1,-0.3193414776402692,2.1452906233565585
0.17,17.75,0.06,0.99916,3.13,0.48,8.8,6,1,-0.9154956661793968,78.67862234070465
0.33,1.4,0.036,0.99306,3.27,0.61,9.5,6,1,-0.6221444729916694,-7.9730882068458016
0.32,7.2,0.047,0.99498,3.42,0.44,10.4,6,1,-0.4195808239708585,-7.9730882068458016
0.26,5.7,0.038,0.99,3.11,0.27,13.0,7,1,-0.4101290218071876,14.76502367609966
0.28,8.5,0.03,0.99338,3.16,0.46,12.2,7,1,-0.1169168257101009,73.66603520460869
0.47,11.4,0.035,0.99456,3.03,0.34,10.5,8,1,-1.5199896801570576,17.883591379534707
0.3,5.4,0.043,0.9926,3.33,0.42,10.8,7,1,-1.416553400741698,36.477739321226025
0.16,2.7,0.036,0.98856,3.2,0.53,13.2,8,1,-1.8093099577161604,14.430288095156255
0.28,4.3,0.032,0.98946,3.16,0.57,13.0,8,1,-1.4153024269259182,4.542129483912447
0.39,1.2,0.049,0.99346,3.5,0.47,10.0,6,1,-0.5184301993950244,35.94385170732757
0.12,1.8,0.05,0.99268,3.42,0.48,10.4,4,1,-1.1076345334020408,-41.46798189587692
0.31,1.3,0.034,0.98944,3.16,0.54,12.4,6,1,-0.7172409269684943,36.72914903517351
0.54,5.7,0.035,0.98976,3.27,0.34,12.9,8,1,-2.2158272266642047,45.30943350864728
0.26,11.7,0.038,0.99523,3.02,0.56,10.5,7,1,-0.418746841427005,44.001559370877246
0.26,11.0,0.03,0.99402,3.07,0.36,11.2,5,1,-0.7169629327872098,-37.701132525544025
0.32,1.6,0.0289999999999999,0.98916,3.41,0.55,12.7,7,1,-1.313951103870191,-9.259772849626929
0.18,11.6,0.044,0.99655,3.14,0.52,9.4,6,1,-1.0185149543228291,46.92097504135721
0.29,6.2,0.025,0.99071,3.03,0.32,12.9,7,1,-0.4162448937954455,-18.83438537491628
0.29,1.8,0.032,0.98889,2.96,0.35,13.0,8,1,0.0866198029452052,-39.960955725151805
0.3,1.2,0.0289999999999999,0.98742,3.31,0.4,13.6,7,1,-1.8157038238857028,-21.701543364403847
0.2,1.0,0.053,0.99336,3.32,0.55,9.1,5,1,-0.6150556213689162,-2.9816905657387736
0.19,2.4,0.049,0.992,3.25,0.43,10.4,6,1,-1.6171710904935177,53.25131500623779
0.3,1.2,0.0289999999999999,0.98742,3.31,0.4,13.6,7,1,-1.915665176035008,-21.701543364403847
0.58,8.2,0.032,0.99275,3.28,0.44,12.2,6,1,-0.3084997045701758,53.17786783025646
0.25,18.8,0.085,1.00044,3.1,0.51,8.7,5,1,-0.0183454444672186,-5.566370655275378
0.27,9.6,0.037,0.99444,3.04,0.37,10.5,7,1,-0.1191407791603769,-11.40520199623532
0.41,12.9,0.044,0.99742,3.24,0.78,10.2,6,1,-0.4204148065147119,78.42792868323706
0.26,9.2,0.027,0.99228,3.06,0.34,12.5,8,1,-0.2185461429471118,9.282117411071994
0.44,1.2,0.051,0.99058,3.11,0.75,11.3,7,1,-0.8199822209306431,9.742557848989122
0.3,8.0,0.0279999999999999,0.99164,3.13,0.63,12.6,7,1,-0.415966899614161,8.361236535237737
0.37,1.6,0.087,0.99438,3.09,0.5,9.8,5,1,0.3834459233989875,60.5025358469526
0.27,12.0,0.03,0.99402,3.15,0.34,10.8,5,1,-1.2198276295278605,-13.612767514850674
0.35,2.5,0.04,0.99128,3.32,0.56,12.5,6,1,-0.1188627849790924,72.48386592381239
0.24,4.4,0.027,0.991,3.3,0.31,11.5,7,1,-1.6182830672186554,36.52999700221845
0.26,8.8,0.027,0.9931,2.98,0.41,11.4,6,1,0.1812992656501055,-3.672351222614452
0.4,1.3,0.053,0.99112,3.17,0.68,11.0,6,1,-0.8202602151119276,38.16272802991729
0.41,12.9,0.044,0.99742,3.24,0.78,10.2,6,1,-0.4204148065147119,77.4547901264104
0.34,1.2,0.036,0.98961,3.06,0.74,11.6,6,1,-0.918275607992241,-17.170586161213933
0.27,1.5,0.076,0.99344,3.1,0.52,10.1,5,1,-0.2163221894968368,28.67144137162383
0.22,18.15,0.05,0.99904,3.06,0.5,9.2,5,1,-0.6172795748191913,22.60238981170532
0.31,13.1,0.05,0.99884,3.05,0.53,9.1,6,1,0.2818166061619775,63.19173129847401
0.34,1.0,0.037,0.98949,2.96,0.5,11.7,6,1,-0.6203375108133207,-30.72107878080581
0.43,1.6,0.0409999999999999,0.99014,3.23,0.44,12.6,6,1,-0.5150942692196114,-0.3447527952097715
0.46,11.8,0.088,0.99786,2.86,0.47,9.0,5,1,0.4847972464547148,74.16885463250365
0.09,1.4,0.039,0.99206,3.12,0.44,10.1,5,1,-0.5159282517634649,31.455273494115502
0.09,1.0,0.02,0.98722,3.3,0.34,13.6,5,1,-2.505147504223308,-108.0495865170144
0.18,10.6,0.045,0.99666,3.09,0.54,9.2,5,1,-0.91883159635481,49.89264839282963
0.23,10.4,0.049,0.99754,3.12,0.51,8.8,5,1,-0.6167235864566223,77.29730102695326
0.3,1.1,0.0279999999999999,0.99272,2.83,0.36,10.0,4,1,1.279762162567314,-17.683284280123473
0.38,7.4,0.036,0.99712,3.47,0.48,9.1,6,1,-0.7147389793369348,77.38062689394918
0.26,1.2,0.0409999999999999,0.99104,3.04,0.35,11.2,5,1,-0.4184688472457205,65.82866906900303
0.24,3.4,0.053,0.99373,3.11,0.52,9.2,6,1,-0.9193875847173788,2.448958018296466
0.45,8.0,0.038,0.9956,3.18,0.48,9.5,5,1,-0.6161675980940542,89.1006685658469
0.27,2.5,0.024,0.99095,3.35,0.6,11.9,7,1,-0.914939677816828,39.16693477274744
0.23,2.0,0.068,0.99382,3.11,0.62,9.8,5,1,0.4834072755482923,22.780352349671475
0.23,2.0,0.069,0.99382,3.11,0.62,9.8,5,1,0.4836852697295768,19.118018341323378
0.28,6.9,0.036,0.99299,3.36,0.44,10.8,7,1,-1.5167927470722864,38.60197897284552
0.33,1.2,0.051,0.99048,3.37,0.66,11.3,6,1,-1.8169547977014824,7.440355659403494
0.28,9.4,0.0279999999999999,0.99254,3.17,0.34,12.1,6,1,-0.6172795748191913,2.7836935992398395
0.28,2.9,0.03,0.9902,3.38,0.34,11.3,7,1,-2.4190858611382264,-4.875709998399685
0.33,5.4,0.0279999999999999,0.99012,3.36,0.41,13.5,7,1,-1.0187929485041138,-40.13891826311794
0.41,1.3,0.044,0.99293,3.28,0.45,10.3,5,1,0.2829285828871155,7.188945945455998
0.2,20.8,0.035,1.00022,3.11,0.53,9.0,6,1,-1.0182369601415449,74.45133253245463
0.26,10.3,0.0409999999999999,0.99382,3.08,0.35,11.6,6,1,-0.2152102127716988,55.32329697686485
0.34,1.6,0.0289999999999999,0.98954,3.21,0.68,12.5,6,1,-0.7191868862374857,3.90372650802918
0.29,13.1,0.042,0.99936,3.39,0.45,8.6,5,1,-1.218437658621438,10.129551110924908
0.46,1.8,0.16,0.9884,3.19,0.33,13.4,6,1,-1.1181983122908496,-38.119193973483306
0.48,8.0,0.026,0.99144,3.22,0.79,12.7,4,1,-0.7155729618807882,-28.17877768124707
0.72,1.6,0.1669999999999999,0.99324,2.97,0.51,9.2,5,1,-0.1188627849790924,13.782006428258413
0.18,1.4,0.034,0.99174,3.32,0.35,10.2,6,1,-1.616893096312233,17.558734489605868
0.28,14.7,0.051,0.99792,2.96,0.39,9.0,7,1,-0.2204921022161032,33.715096693723254
0.28,1.8,0.04,0.99043,3.02,0.4,11.9,5,1,0.182689236556528,10.15074060591384
0.3,10.6,0.07,0.99654,2.89,0.42,9.0,6,1,-0.4184688472457205,86.2547000713483
0.25,12.5,0.055,0.99758,3.3,0.51,9.0,5,1,-1.017680971778976,23.261982282577502
0.29,6.8,0.051,0.99374,3.43,0.59,11.0,6,1,-0.916607642904534,30.40868776130752
0.23,2.9,0.039,0.99243,3.28,0.5,10.0,5,1,-1.719356396093097,-10.557768296382392
0.34,1.4,0.04,0.99216,3.29,0.46,10.7,5,1,-0.7172409269684943,66.85406530682208
0.33,1.4,0.042,0.99215,3.29,0.46,10.7,5,1,-0.6170015806379068,65.65070653103685
0.15,2.1,0.026,0.98953,3.39,0.77,13.4,8,1,-1.811255916985151,15.22546411401676
0.32,7.4,0.015,0.99278,2.99,0.39,11.0,6,1,0.5803106917034677,13.530596714310931
0.32,5.0,0.016,0.99186,2.99,0.39,11.0,6,1,0.5805886858847522,-12.535113596039196
0.28,2.5,0.0279999999999999,0.99072,3.16,0.37,11.1,7,1,-1.119588283197272,-17.526511237146238
0.35,6.1,0.025,0.99244,2.79,0.52,10.9,5,1,0.1807432772875365,-76.73119016059519
0.24,2.7,0.017,0.99084,3.03,0.37,11.5,5,1,-0.513704298313189,-35.04300526002609
0.17,12.9,0.033,0.99754,3.08,0.49,9.4,5,1,-0.3135035998332958,76.62782986506649
0.29,13.7,0.035,0.99567,3.17,0.38,10.6,6,1,-0.917719619629672,24.64330359632889
0.31,2.4,0.0139999999999999,0.99094,3.03,0.65,12.0,4,1,0.182689236556528,24.65318228734345
0.28,9.8,0.042,0.99532,3.14,0.42,10.2,6,1,-1.1168083413844272,17.726818336557457
0.12,1.3,0.009,0.9874,3.26,0.37,13.5,5,1,-2.206931412863102,-5.680764708274751
0.39,12.1,0.04,0.99794,3.31,0.58,9.7,5,1,-0.5128703157693355,137.42286082623644
0.28,6.1,0.018,0.99122,3.24,0.32,12.2,6,1,-0.7152949676995037,-8.286634292800272
0.31,7.7,0.04,0.99226,3.11,0.57,12.3,5,1,-0.3154495591022872,20.091156898150032
0.3,1.4,0.022,0.99099,3.42,0.57,11.4,7,1,-0.9202215672612324,-11.896710620155927
0.45,7.7,0.022,0.99134,3.2,0.7,12.7,7,1,-0.7155729618807882,-16.42766782334583
0.29,6.8,0.02,0.99338,3.13,0.29,10.8,6,1,0.182133248193959,-0.8574509141192976
0.3,9.2,0.018,0.9938,3.08,0.29,11.0,6,1,0.3826119408551349,-19.242568131841
0.45,8.3,0.05,0.9955,3.18,0.48,9.5,5,1,-0.8169242849365137,84.74767390062316
0.27,17.4,0.064,0.99776,3.2,0.49,10.1,6,1,-0.7175189211497788,24.95684968228336
0.31,2.7,0.027,0.98964,3.46,0.4,13.2,7,1,-1.6188390555812244,-18.11265653203712
0.48,12.8,0.037,0.99808,3.02,0.34,8.8,5,1,0.1832452249190961,73.31082618515627
0.44,8.2,0.043,0.99551,3.18,0.48,9.5,5,1,-0.8149783256675232,90.07380712267356
0.52,8.1,0.044,0.99548,3.18,0.48,9.5,5,1,-0.6170015806379068,90.81672546054168
0.52,8.2,0.047,0.99541,3.16,0.47,9.5,6,1,-0.6172795748191913,79.88198111648985
0.5,8.0,0.051,0.99536,3.18,0.47,9.5,5,1,-0.7172409269684943,84.33949114369845
0.3,11.8,0.043,0.99524,3.03,0.58,10.4,6,1,-0.417634864701867,23.67016503950224
0.26,12.0,0.049,0.9961,3.14,0.55,9.9,6,1,-0.9154956661793968,61.97849383167421
0.45,1.7,0.046,0.99224,3.22,0.48,10.0,5,1,-1.717410436824106,-2.9294328847463618
0.29,13.9,0.0559999999999999,0.99702,3.17,0.39,9.4,6,1,-0.6208934991758897,-17.913504499082038
0.21,10.7,0.098,0.99657,3.03,0.47,9.3,5,1,-0.2138202418652763,-26.410463105559916
0.39,2.0,0.057,0.99176,3.05,0.52,10.9,5,1,0.6808280322153415,21.16881081696154
0.28,2.2,0.042,0.99166,3.2,0.57,11.4,5,1,-0.2163221894968368,59.12121453320121
0.3,1.3,0.036,0.99242,2.99,0.73,10.3,5,1,0.8804727423326639,-68.66360380603095
0.3,1.1,0.033,0.99109,3.02,0.51,11.0,6,1,1.0798394582687063,-57.88563250495636
0.34,6.4,0.042,0.99278,2.99,0.4,10.8,6,1,-0.0200134095549255,-6.257031312151057
0.62,6.4,0.0409999999999999,0.99358,2.96,0.59,10.2,5,1,-0.418746841427005,-6.382736169124797
0.62,6.3,0.042,0.99358,2.96,0.59,10.2,6,1,-0.3187854892777002,-10.27529039643143
0.34,15.1,0.06,0.99705,3.24,0.52,10.5,3,1,-0.4173568705205825,49.35876077893114
0.38,2.0,0.052,0.9912,3.13,0.52,11.1,5,1,-0.0169554735607961,39.14574527775851
0.28,12.1,0.049,0.99677,3.22,0.49,10.3,5,1,0.1846351958255185,34.17553713164038
0.32,8.8,0.042,0.99172,3.28,0.33,12.9,7,1,-0.9124377301852676,-10.66228365836723
0.3,8.8,0.045,0.9953,3.12,0.59,9.9,5,1,-0.4131869578013161,15.968382451884864
0.24,5.1,0.036,0.99186,3.24,0.44,11.3,6,1,-0.913271712729121,19.421685736263285
0.26,6.8,0.034,0.99188,3.38,0.4,11.5,6,1,-2.114197909427194,7.10562007846012
0.2,3.7,0.039,0.99158,3.0,0.38,10.7,5,1,-0.916051654541966,18.322842322462904
0.28,12.2,0.042,0.99522,3.03,0.56,10.4,6,1,-0.3168395300087088,29.27877616150361
0.28,5.7,0.033,0.99176,3.17,0.64,12.5,6,1,-0.2154882069529833,89.53991950877513
0.49,8.1,0.052,0.99558,3.19,0.48,9.5,5,1,-0.5173182226698865,84.79993158161558
0.3,2.5,0.042,0.9911,3.05,0.56,11.3,7,1,0.0818939018633697,-9.615697925559232
0.21,4.0,0.034,0.99016,3.26,0.54,13.0,6,1,-0.5117583390441975,-29.56009899499845
0.18,1.0,0.053,0.98956,3.22,0.39,11.5,5,1,-2.117533839602607,-18.625354650946647
0.23,5.8,0.035,0.99062,3.15,0.57,13.2,7,1,-0.11246891880955,-15.1197936855758
0.23,10.6,0.034,0.99274,3.46,0.28,11.5,7,1,-2.416583913506666,-4.645489779441121
0.19,3.5,0.086,0.993,2.83,0.44,9.6,5,1,-0.415966899614161,15.455684332975338
0.29,16.4,0.0579999999999999,0.9978,3.15,0.37,9.7,6,1,-0.2204921022161032,-0.5537835191794045
0.22,4.8,0.052,0.9946,3.14,0.62,9.2,5,1,-0.7130710142492278,31.5075311751079
0.23,3.3,0.052,0.99429,3.16,0.48,8.4,5,1,-1.015735012509985,-0.166790257243619
0.33,1.2,0.05,0.99002,3.0,0.45,12.4,6,1,0.7824573494523523,-8.286634292800272
0.25,2.5,0.0279999999999999,0.9909,3.14,0.36,11.7,6,1,-0.514260286675758,-30.69001059480233
0.5,8.7,0.036,0.99294,2.96,0.56,11.0,6,1,-0.6186695457256137,77.34955870794569
0.31,1.6,0.032,0.99044,2.97,0.43,11.9,6,1,0.2823725945245465,-3.5989040466331232
0.28,4.0,0.0279999999999999,0.98958,3.2,0.5,13.2,7,1,0.2845965479748216,-10.054948868487427
0.23,16.2,0.055,0.9986,3.26,0.54,9.1,5,1,-0.8155343140300921,61.601379260753006
0.32,9.0,0.023,0.99262,3.34,0.35,12.6,6,1,-0.5178742110324555,-7.282427549970123
0.79,1.4,0.1939999999999999,0.99212,3.17,0.46,10.5,6,1,-0.1138588897159724,-25.08139947280094
0.43,7.0,0.047,0.99628,3.23,0.64,10.6,5,1,0.983492030476098,-29.151916238073724
0.29,3.1,0.03,0.98913,3.41,0.33,13.7,7,1,-1.31951098749588,9.104154873105855
0.23,1.5,0.037,0.99021,3.36,0.49,12.0,6,1,-1.3186770049520264,-18.70868051794254
0.26,4.6,0.031,0.99198,3.4,0.73,12.5,7,1,-0.6156116097314852,4.803417888874492
0.27,4.8,0.03,0.99226,3.55,0.68,12.1,6,1,-1.3209009584023024,-1.7048846139722258
0.29,4.6,0.032,0.99159,3.21,0.38,11.3,6,1,-1.3192329933145954,31.016022551187305
0.27,2.7,0.049,0.99224,3.46,0.55,10.3,6,1,-1.8193177482424003,-10.306358582434925
0.3,6.3,0.039,0.99068,3.27,0.31,12.7,6,1,-1.118476306472134,25.208259396230844
0.26,7.2,0.048,0.99587,3.12,0.37,9.2,5,1,0.0821718960446542,95.45219802571638
0.3,12.4,0.054,0.99728,3.1,0.47,9.5,6,1,-1.0182369601415449,54.821909661929695
0.19,6.6,0.045,0.99364,3.16,0.34,10.1,6,1,-0.7169629327872098,74.9018942793572
0.22,4.0,0.038,0.99018,3.25,0.53,13.0,7,1,-0.6136656504624938,-18.677612331939045
0.38,4.8,0.04,0.98968,3.24,0.56,13.1,6,1,-1.215657716808594,-10.232911406453582
0.32,1.3,0.048,0.99178,3.1,0.55,11.0,6,1,1.1811907813244318,5.588715216720445
0.25,11.1,0.0559999999999999,0.9961,3.08,0.36,9.4,6,1,-1.2181596644401536,80.07125445843037
0.27,9.8,0.055,0.99534,3.16,0.4,10.2,6,1,-1.1179203181095652,29.4779281944587
0.54,13.3,0.054,0.99864,3.06,0.49,8.6,4,1,0.0852298320387827,84.36068063868736
0.51,11.7,0.094,0.99776,2.91,0.51,9.0,5,1,0.3853918826679789,71.53191686197466
0.51,8.0,0.062,0.99545,3.13,0.5,9.6,5,1,-0.5173182226698865,82.34095634905275
0.27,1.6,0.057,0.99299,3.29,0.44,9.9,7,1,0.1812992656501055,-12.231446201099304
0.28,16.55,0.059,0.99665,3.2,0.38,10.5,5,1,-1.1181983122908496,25.846662372114096
0.31,1.5,0.053,0.99069,3.15,0.5,11.4,5,1,-0.1169168257101009,-17.986951675063366
0.31,10.2,0.069,0.99692,3.18,0.49,9.4,5,1,-0.7147389793369348,60.82739273688141
0.2,6.6,0.054,0.99324,3.12,0.28,11.1,4,1,-0.4042911440002141,-48.94942295555028
0.24,17.8,0.047,0.99896,3.1,0.45,8.9,6,1,-1.2164916993524466,-0.2713056192284426
0.37,1.5,0.049,0.99226,3.15,0.52,10.8,5,1,-0.1191407791603769,14.022105338231556
0.31,7.4,0.045,0.99226,3.06,0.55,12.2,6,1,-0.415410911251592,29.02736644755616
0.36,2.0,0.0289999999999999,0.99076,3.13,0.63,12.5,6,1,-0.0180674502859341,-51.816580945037856
0.26,12.1,0.046,0.9951,3.16,0.37,10.8,6,1,-1.0168469892351224,15.529131508956668
0.26,8.2,0.043,0.99234,2.99,0.31,11.4,6,1,-0.8138663489423852,-16.145189923394867
0.3,8.7,0.036,0.99368,3.18,0.39,10.6,5,1,-1.218437658621438,16.450012384790924
0.1,3.5,0.044,0.9937,3.01,0.39,9.2,5,1,-0.2152102127716988,-52.7374618208721
0.16,6.4,0.031,0.99151,3.24,0.46,12.2,6,1,-1.3121441416918422,17.276256589654892
0.33,2.1,0.021,0.99021,3.26,0.45,12.3,6,1,-0.2177121604032583,-40.08666058212553
0.29,7.7,0.038,0.99479,3.23,0.56,10.4,6,1,-0.5173182226698865,65.4416758070672
0.3,12.3,0.035,0.9954,2.99,0.57,10.4,6,1,-0.2179901545845428,65.99675291595462
0.34,1.3,0.035,0.99176,3.07,0.55,11.0,7,1,1.2811521334737357,1.5181984514476454
0.12,1.1,0.013,0.99246,3.32,0.36,13.5,4,1,-2.4057421404365726,-107.30666817914631
0.38,2.8,0.144,0.9908,2.95,0.64,11.4,6,1,-1.1181983122908496,-51.9422858020116
0.26,3.5,0.071,0.98994,3.1,0.38,11.5,6,1,-1.4166923978323398,-44.82664850928509
0.18,1.9,0.036,0.98746,3.21,0.83,14.0,7,1,-2.211240322673011,-7.208980373988794
0.3,3.8,0.036,0.99028,3.25,0.63,12.5,7,1,-0.7152949676995037,-24.495254177910084
0.3,2.4,0.038,0.98867,3.09,0.36,12.8,7,1,-0.5159282517634649,-30.28182783787761
0.24,4.8,0.037,0.99174,3.23,0.43,11.2,7,1,-1.0135110590597094,26.694096071967024
0.3,6.2,0.04,0.99021,3.17,0.27,13.6,6,1,-0.1144148780785414,28.588115504627936
0.82,1.3,0.149,0.99304,2.93,0.42,9.2,6,1,-0.0183454444672186,4.228583397957991
0.32,1.5,0.054,0.99154,3.17,0.48,11.1,6,1,-0.0177894561046496,-10.2541009014425
0.18,1.9,0.036,0.98746,3.21,0.83,14.0,7,1,-2.511124379120924,-7.208980373988794
0.51,7.9,0.0559999999999999,0.9956,3.18,0.52,9.4,5,1,-1.016568995053838,93.78839881201404
0.28,1.6,0.037,0.98779,3.12,0.4,14.2,7,1,-0.8147003314862387,-0.8574509141192976
0.28,1.4,0.035,0.98836,3.0,0.4,13.2,6,1,-0.6158896039127697,-7.386942911954947
0.37,2.6,0.05,0.99138,3.04,0.53,11.2,6,1,0.182133248193959,16.02064013287726
0.34,14.8,0.057,0.99751,3.14,0.57,10.2,5,1,0.0852298320387827,60.98416577985866
0.3,0.9,0.045,0.99249,2.95,0.39,10.1,5,1,1.3833374390733155,-8.203308425804366
0.33,1.2,0.031,0.99239,2.83,0.31,10.3,5,1,1.3808354914417542,-16.762403404289216
0.29,9.9,0.0559999999999999,0.99512,3.19,0.33,9.9,6,1,-0.3207314485466916,-22.49671938326435
0.31,3.9,0.046,0.99098,3.15,0.31,11.5,5,1,-0.7183529036936322,-10.89250387732578
0.47,15.6,0.063,0.99872,3.18,0.56,9.0,5,1,-0.6156116097314852,56.60998161964598
0.26,1.5,0.03,0.98894,3.03,0.41,12.1,6,1,-1.1165303472031427,-13.916434909790569
0.28,1.6,0.036,0.988245,3.14,0.41,13.3,6,1,-1.0160130066912698,-8.360081468781601
0.28,7.8,0.05,0.99326,3.22,0.6,11.5,8,1,-0.3185074950964157,4.824607383863423
0.21,5.6,0.039,0.99328,2.96,0.52,11.0,4,1,1.4832987912226194,-46.31248518502129
0.3,1.3,0.04,0.99222,3.28,0.53,10.7,6,1,0.0827278844072232,-30.229570156885217
0.2,16.7,0.046,0.99898,3.08,0.56,9.4,5,1,-0.2118742825962849,72.60957078078614
0.25,7.95,0.042,0.99486,3.44,0.61,10.3,6,1,-1.5177657267067817,-9.17644698263102
0.36,6.7,0.185,0.99528,3.17,0.42,9.3,5,1,-0.7144609851556503,40.84132873394425
0.38,1.1,0.04,0.99062,2.88,0.6,12.0,6,1,0.9798781061194006,-18.99115841789352
0.32,6.3,0.048,0.99282,3.21,0.6,11.0,6,1,-1.0168469892351224,47.59044620324399
0.37,8.9,0.053,0.996,3.16,0.5,9.3,5,1,-0.3135035998332958,34.35349966960656
0.34,1.0,0.068,0.99138,3.24,0.4,10.1,5,1,-2.3142596108164435,28.566926009639037
0.39,1.5,0.053,0.99166,3.18,0.47,11.1,6,1,-0.0183454444672186,-8.82052190669873
0.15,6.6,0.046,0.99408,2.99,0.58,9.9,6,1,-0.8188702442055051,-2.008552008912119
0.32,6.2,0.048,0.99281,3.22,0.6,11.0,6,1,-1.1168083413844272,49.536723316897294
0.33,2.1,0.042,0.98964,3.32,0.42,12.5,6,1,-1.2159357109898783,12.766488881453924
0.32,2.2,0.042,0.98952,3.31,0.44,12.7,7,1,-1.1159743588405746,29.66576942343941
0.3,5.4,0.045,0.99469,3.32,0.45,9.3,5,1,-1.520267674338342,-9.793660463525384
0.2,17.9,0.066,0.9991,3.14,0.51,8.8,5,1,-0.9152176719981124,47.00430090835313
0.3,2.6,0.043,0.99047,2.88,0.47,11.2,6,1,-0.2202141080348187,-22.54897706425676
0.3,1.3,0.038,0.99178,3.13,0.54,10.8,7,1,1.1809127871431464,11.123879162740494
0.18,2.3,0.05,0.99207,3.24,0.46,10.3,5,1,-1.817371788973409,28.2110009337067
0.36,4.3,0.026,0.99152,3.11,0.48,12.0,5,1,0.4836852697295768,-29.842576894949417
0.19,7.1,0.048,0.99438,3.26,0.41,9.5,6,1,-1.6189780526718662,-2.6257654898064686
0.24,11.9,0.04,0.99622,3.14,0.54,9.8,6,1,-0.6125536737373558,49.20198773595392
0.46,11.7,0.084,0.99773,2.91,0.51,9.0,5,1,0.3859478710305479,60.13673208000573
0.27,5.8,0.032,0.99088,3.17,0.53,13.0,7,1,-0.0086156481222632,6.08022384064104
0.32,3.8,0.044,0.99108,3.39,0.44,11.8,7,1,-1.2148237342647406,-2.081999184893448
0.48,12.4,0.0559999999999999,0.99803,2.97,0.52,8.8,5,1,0.2848745421561061,67.84345401313037
0.23,6.5,0.05,0.99304,3.1,0.55,11.2,4,1,0.0857858204013517,-14.554837885673848
0.19,7.1,0.048,0.99438,3.26,0.41,9.5,6,1,-1.8189007569704727,-2.6257654898064686
0.51,7.6,0.049,0.99548,3.16,0.54,9.4,4,1,-0.9168856370858184,84.72648440563422
0.52,7.9,0.049,0.99551,3.16,0.51,9.5,6,1,-0.7164069444246417,76.94137595102096
0.3,2.8,0.034,0.99152,3.03,0.49,10.4,6,1,-0.8197042267493586,11.280652205717717
0.31,10.6,0.035,0.99572,3.08,0.49,9.8,7,1,-0.5195421761201624,30.869128199224647
0.67,1.5,0.175,0.99244,3.06,0.56,10.3,6,1,-0.414298934526454,-18.90783255089761
0.26,1.7,0.033,0.9903,3.19,0.81,11.9,7,1,-1.117642323928281,26.485065347997377
0.29,7.6,0.025,0.99162,3.15,0.65,12.8,7,1,-0.2157662011342678,10.767954086808189
0.25,7.5,0.03,0.99116,3.09,0.38,13.0,6,1,-0.3171175241899933,0.0422404667260281
0.53,1.7,0.04,0.9922,3.26,0.59,10.4,7,1,-0.7164069444246417,78.32269726477234
0.52,1.7,0.034,0.99223,3.25,0.59,10.4,6,1,-0.7164069444246417,79.295835821599
0.25,12.1,0.035,0.99481,3.21,0.4,10.7,5,1,-1.1181983122908496,25.846662372114096
0.27,4.5,0.036,0.9928,3.05,0.76,10.7,7,1,-0.918275607992241,53.471656534181776
0.25,8.0,0.043,0.99429,3.19,0.42,10.4,6,1,-1.6177270788560865,-12.535113596039196
0.27,8.6,0.044,0.99454,3.2,0.37,9.9,6,1,-0.4215267832398499,-6.392614860139361
0.41,14.6,0.048,0.99863,3.16,0.71,9.4,6,1,0.0816159076820852,115.85703953307276
0.17,1.6,0.048,0.991,3.3,0.43,11.4,6,1,-1.1187543006534186,18.16606927948565
0.41,1.1,0.06,0.99317,2.99,0.39,9.2,5,1,-0.3190634834589847,-8.464596830766425
0.32,3.7,0.0409999999999999,0.99173,2.9,0.57,10.5,7,1,-0.5192641819388779,-38.01467861149848
0.34,8.9,0.048,0.99455,3.25,0.54,11.0,7,1,-0.5167622343073175,-2.573507808814057
0.31,4.7,0.038,0.99186,2.9,0.72,12.1,5,1,0.7852372912651973,6.3203227506141815
0.29,3.1,0.0409999999999999,0.98944,3.22,0.39,12.8,7,1,-1.2170476877150156,30.69116566125849
0.49,5.8,0.053,0.9942,3.01,0.98,10.5,6,1,-0.8177582674803672,4.573197669915942
0.57,1.0,0.062,0.99238,3.0,0.4,9.5,5,1,-0.8174802732990827,5.598593907734994
0.48,15.8,0.052,0.99782,3.07,0.45,9.2,6,1,-1.1173643297469962,-20.728404807577174
0.35,1.5,0.047,0.99111,3.07,0.72,11.1,6,1,-0.4206928006959964,5.107085283814385
0.26,5.2,0.042,0.99067,3.06,0.5,12.3,7,1,-0.7139049967930813,-1.370149033028838
0.32,2.5,0.037,0.98878,3.04,0.58,12.6,6,1,-1.819873736604969,-66.02666603550193
0.32,5.9,0.054,0.9938,3.2,0.57,10.8,6,1,-0.4184688472457205,39.16693477274744
0.29,3.1,0.044,0.99143,3.0,0.6,11.3,6,1,-0.0189014328297876,9.742557848989122
0.24,11.5,0.051,0.99588,3.08,0.56,9.8,6,1,-0.7116810433428054,61.34009085579093
0.48,18.0,0.054,1.0003799999999998,2.98,0.61,8.5,6,1,-0.7194648804187702,73.01775353771085
0.12,4.8,0.054,0.99424,3.16,0.5,9.3,5,1,-1.0154570183287008,-22.18317329730989
0.24,8.5,0.055,0.99626,3.2,0.52,9.2,5,1,-0.0136195433853831,39.34489731071359
0.24,1.6,0.037,0.99076,3.21,0.51,11.4,6,1,-1.317843022408173,1.319046418492576
0.48,18.0,0.054,1.0003799999999998,2.98,0.61,8.5,6,1,-0.8194262325680741,73.01775353771085
0.12,5.9,0.0559999999999999,0.99536,3.06,0.46,8.4,4,1,-0.8141443431236697,-28.02200463826985
0.42,1.1,0.062,0.99318,3.04,0.4,9.2,5,1,-0.2182681487658273,-12.587371277031622
0.37,13.1,0.033,0.99726,3.18,0.79,10.4,6,1,0.380387987404859,40.95643884342353
0.27,4.1,0.046,0.99126,3.27,0.56,11.6,6,1,-1.2164916993524466,36.60344417819978
0.45,2.9,0.0289999999999999,0.98998,3.25,0.6,12.4,6,1,-1.0154570183287008,-17.965762180074435
0.26,1.1,0.052,0.99304,3.09,0.54,9.3,5,1,-0.8172022791177982,58.37829619533311
0.27,1.5,0.0289999999999999,0.9892,3.2,0.46,12.2,6,1,-1.317287034045604,-30.616563418821
0.3,7.75,0.031,0.99296,3.22,0.46,11.0,6,1,-1.1165303472031427,24.904592001290936
0.38,1.15,0.023,0.99047,3.11,0.38,11.4,5,1,-0.3193414776402692,-8.872779587691127
0.57,1.0,0.06,0.9924,3.06,0.41,9.5,5,1,-0.8163682965739456,2.2709954803303134
0.22,17.8,0.034,0.9989,3.07,0.53,9.2,5,1,-0.4170788763392981,-1.391338528017755
0.38,5.7,0.021,0.99338,3.13,0.62,11.1,6,1,0.2823725945245465,8.9784500161321
0.22,7.4,0.032,0.99404,3.24,0.58,11.0,6,1,-0.8188702442055051,61.62256875574194
0.22,1.4,0.0409999999999999,0.99287,3.14,0.48,9.9,5,1,0.0843958494949292,63.49539869341389
0.22,1.4,0.044,0.99286,3.14,0.46,9.9,5,1,0.0846738436762137,63.212920793462914
0.16,4.4,0.033,0.99058,3.35,0.47,12.4,4,1,-1.0937348243378189,-10.045070177472866
0.29,1.6,0.052,0.9934,3.21,0.5,9.4,5,1,-0.917719619629672,73.12226889969567
0.22,7.9,0.053,0.99545,3.23,0.52,9.3,5,1,-1.017680971778976,37.398620197060254
0.27,15.5,0.05,0.9984,2.9,0.43,8.7,7,1,0.1796313005623986,19.170276022315804
0.28,17.55,0.05,0.99971,2.94,0.43,9.0,7,1,-0.0200134095549255,39.50167035369081
0.35,13.5,0.038,0.99546,3.0,0.63,10.7,6,1,-0.3193414776402692,8.152205811268104
0.36,1.3,0.034,0.99058,3.02,0.58,11.3,6,1,-0.4201368123334275,-15.22430904756061
0.27,11.6,0.0279999999999999,0.99314,2.96,0.38,11.7,6,1,-0.4162448937954455,-18.499649793972893
0.18,13.15,0.032,0.99565,3.23,0.51,10.7,5,1,-0.7125150258866588,15.277721795009183
0.36,1.9,0.036,0.99056,3.05,0.54,11.4,6,1,-0.6197815224507517,-2.16532505188934
0.01,6.1,0.048,0.99362,3.19,0.42,10.0,5,1,-0.8130323663985317,-45.23483126620981
0.32,1.9,0.036,0.99196,3.15,0.49,11.2,6,1,0.1851911841880875,4.0604995510064015
0.21,1.9,0.09,0.99255,3.07,0.41,9.7,5,1,-1.119588283197272,18.67876739839521
0.21,1.6,0.032,0.99027,3.42,0.42,12.5,5,1,-1.716298460098968,-29.94709225693424
0.26,11.3,0.0289999999999999,0.99302,3.27,0.78,12.9,8,1,-0.6106077144683653,-3.5466463656407115
0.27,8.4,0.057,0.99257,3.16,0.36,11.8,6,1,-0.11246891880955,51.55644760653196
0.28,8.3,0.062,0.99506,3.16,0.72,10.6,5,1,-0.3140595881958647,48.64691062706653
0.28,12.2,0.049,0.9952,3.19,0.37,10.7,6,1,-1.017680971778976,23.900385258460787
0.27,8.0,0.048,0.99498,3.21,0.51,9.9,5,1,-1.1165303472031427,49.12854055997259
0.32,1.3,0.048,0.9903,2.96,0.46,12.0,6,1,0.3823339466738504,-38.70533926837416
0.38,12.7,0.043,0.99706,3.15,0.82,10.4,7,1,0.2795926527117016,56.893175576076814
0.16,1.3,0.054,0.99398,3.19,0.39,8.5,5,1,-0.7144609851556503,-11.30068663425051
0.19,10.5,0.06,0.99588,3.13,0.38,9.9,4,1,-0.6147776271876317,-34.70826967908272
0.26,12.5,0.049,0.99691,3.08,0.45,9.4,6,1,-1.517209738344213,10.904253691276397
0.26,9.6,0.05,0.99608,3.13,0.46,10.4,5,1,0.185469178369372,20.038899217157635
0.21,1.5,0.044,0.99142,3.3,0.59,11.0,6,1,-1.517209738344213,-8.025345887838213
0.21,1.5,0.044,0.99138,3.3,0.57,11.0,6,1,-1.4178043745574778,-6.079068774184904
0.28,7.8,0.052,0.99432,3.19,0.38,10.4,6,1,-1.816676803520198,-23.18738004014004
0.27,10.8,0.05,0.99592,3.1,0.5,9.8,6,1,-1.517209738344213,8.277910668241859
0.26,12.5,0.049,0.99691,3.08,0.45,9.4,6,1,-1.517209738344213,-2.7196861042968266
0.28,8.6,0.046,0.99432,3.23,0.53,10.6,6,1,-1.317843022408173,28.74488854760516
0.32,1.2,0.052,0.99266,3.28,0.44,10.1,5,1,-1.0160130066912698,69.43874539635867
0.24,14.5,0.048,0.99456,3.06,0.3,11.5,8,1,-0.7152949676995037,-19.93322878871669
0.29,3.7,0.048,0.9915,3.06,0.45,11.4,6,1,0.1824112423752435,-43.6967369094812
0.4,1.1,0.0579999999999999,0.99322,3.03,0.38,9.2,6,1,-0.2191021313096808,-20.55044226961104
0.42,1.1,0.059,0.9927,3.12,0.38,9.7,6,1,-0.7186308978749167,-12.07467315812208
0.27,3.8,0.047,0.99173,3.07,0.46,11.3,6,1,0.0821718960446542,-37.39746513060412
0.24,4.6,0.098,0.99412,3.15,0.49,9.6,6,1,-0.4170788763392981,13.917589976246733
0.3,10.2,0.07,0.99666,2.86,0.46,8.9,6,1,-0.5178742110324555,66.36255668290146
0.28,7.9,0.057,0.99425,3.26,0.36,10.0,6,1,-0.8205382092932121,-33.32694836533135
0.2,2.4,0.059,0.99314,3.18,0.4,9.2,6,1,-0.8105304187669722,-4.593232098448709
0.27,10.7,0.11,0.99672,3.08,0.41,9.0,6,1,-0.6131096620999248,-13.12125889093008
0.28,4.9,0.03,0.99024,3.09,0.58,12.8,7,1,-0.8174802732990827,-15.914969704436302
0.35,1.1,0.054,0.99366,3.08,0.55,9.5,5,1,0.7819013610897834,17.380771951639744
0.34,5.6,0.046,0.99299,3.22,0.38,11.0,5,1,-0.6186695457256137,25.187069901241912
0.23,14.2,0.037,0.99528,3.08,0.38,10.6,6,1,-0.9163296487232504,-16.092932242402455
0.23,9.5,0.057,0.99568,3.23,0.42,10.0,5,1,-0.3143375823771492,56.01395763374053
0.28,4.1,0.03,0.99062,3.31,0.38,11.7,7,1,-1.5155417732565066,-29.204173919066136
0.27,4.7,0.035,0.99058,3.12,0.36,12.5,7,1,-0.3121136289268733,-36.1941063548189
0.45,1.4,0.039,0.99059,3.07,0.47,11.1,7,1,-0.3162835416461407,9.05189719211343
0.56,0.9,0.0409999999999999,0.99119,3.16,0.62,9.7,5,1,-1.9176111353039984,29.843731961405567
0.26,20.3,0.037,0.99727,3.04,0.38,12.3,6,1,-0.4162448937954455,38.37175875388694
0.42,3.5,0.035,0.99021,3.18,0.38,12.2,6,1,-0.5167622343073175,-5.87991674122982
0.22,2.7,0.043,0.99238,3.75,0.76,11.3,6,1,-2.2168002062987,41.52139464332548
0.27,1.2,0.053,0.99164,3.22,0.38,11.6,5,1,0.3862258652118324,75.15187188034487
0.25,1.2,0.04,0.99006,3.31,0.56,11.3,6,1,-1.7182444193679594,-40.82957891999364
0.25,2.0,0.0409999999999999,0.99078,3.27,0.56,11.1,6,1,-1.2187156528027223,-18.60416515595772
0.29,1.1,0.0409999999999999,0.99036,3.26,0.57,11.2,6,1,-1.119588283197272,-21.06314038852057
0.29,1.5,0.046,0.99123,3.15,0.45,11.3,6,1,0.2809826236181241,-5.775401379245011
0.32,1.2,0.0409999999999999,0.98978,3.07,0.45,12.0,6,1,0.0824498902259387,-19.80752393174293
0.2,18.1,0.069,0.99908,3.15,0.5,8.8,6,1,-1.0146230357848474,43.39422458099746
0.31,3.6,0.046,0.99022,3.15,0.34,12.0,8,1,-0.7125150258866588,25.574063163177712
0.31,3.5,0.046,0.99024,3.15,0.31,12.0,7,1,-0.7133490084305123,30.15727804736001
0.5,12.1,0.049,0.9973,3.01,0.44,9.0,5,1,0.1829672307378125,11.814539819616172
0.22,17.45,0.054,0.99853,3.12,0.6,9.3,6,1,-0.9179976138109563,38.65423665383791
0.25,12.1,0.059,0.99769,3.14,0.56,8.7,6,1,-1.014901029966132,56.045025819744
0.32,3.0,0.095,0.98954,3.1,0.63,12.8,6,1,-0.6122756795560713,-41.98068001478645
0.36,1.6,0.052,0.98974,3.1,0.5,11.5,7,1,-1.220661612071714,-42.59789349568079
0.23,5.7,0.048,0.99382,3.08,0.54,10.0,5,1,-0.9196655788986634,35.222122864448394
0.22,5.6,0.047,0.99383,3.09,0.54,10.0,5,1,-0.9193875847173788,35.452343083406944
0.34,6.8,0.059,0.99538,3.33,0.56,10.3,5,1,-0.5159282517634649,103.0070862613711
0.32,15.6,0.054,0.99734,3.25,0.56,10.4,5,1,-0.6153336155502007,117.2171713518352
0.31,6.0,0.02,0.98981,3.22,0.29,13.4,7,1,-0.914939677816828,-47.64154881778025
0.32,1.8,0.032,0.99095,3.05,0.62,11.2,6,1,-0.41652288797673,12.693041705472597
0.26,8.6,0.048,0.9964,3.26,0.36,9.1,5,1,0.1838012132816651,93.32795837409692
0.27,11.5,0.04,0.99411,3.33,0.31,10.8,6,1,-1.517209738344213,4.3429774509573775
0.28,7.8,0.038,0.9915,3.24,0.34,12.5,6,1,-0.4170788763392981,-25.36387737275193
0.24,2.4,0.046,0.99234,3.63,0.73,11.3,5,1,-1.3170090398643195,16.71130078975297
0.23,5.0,0.035,0.99016,3.46,0.48,12.8,6,1,-1.306167266794226,11.207205029736386
0.32,1.5,0.0409999999999999,0.98949,3.22,0.39,12.7,6,1,-0.6181135573630447,-46.05119678005923
0.35,5.4,0.054,0.99287,3.1,0.54,11.0,7,1,-0.4195808239708585,33.40155060776884
0.29,11.9,0.052,0.99544,3.02,0.58,10.4,6,1,-0.4168008821580136,38.77994151081164
0.27,9.0,0.051,0.9941,3.25,0.53,10.7,6,1,-1.316731045683035,24.28737852039661
0.28,10.0,0.055,0.994,3.22,0.35,10.9,6,1,-1.1173643297469962,22.414548582724606
0.29,11.9,0.052,0.99546,3.03,0.58,10.4,6,1,-0.4173568705205825,50.175126292780575
0.29,15.5,0.064,0.99737,3.16,0.41,9.7,7,1,-0.1210867384293683,7.330900951911403
0.25,15.0,0.055,0.99767,3.19,0.53,9.6,6,1,-1.0187929485041138,0.6594539476203778
0.28,1.4,0.038,0.98711,3.1,0.29,13.9,7,1,-1.4175263803761933,-34.7915955460786
0.31,9.4,0.046,0.99714,3.07,0.61,9.4,5,1,0.3884498186621083,72.211266714876
0.32,3.7,0.032,0.99134,3.1,0.67,12.5,6,1,0.1824112423752435,76.53319319409623
0.47,1.4,0.049,0.9927,3.19,0.45,9.5,5,1,-1.1159743588405746,75.52898645126614
0.5,6.5,0.048,0.9948,3.19,0.45,9.6,5,1,-1.0154570183287008,77.08827030298362
0.52,6.3,0.047,0.99481,3.18,0.44,9.6,5,1,-0.914939677816828,77.54871074090075
0.3,13.7,0.0559999999999999,0.99825,2.9,0.44,8.7,7,1,0.1796313005623986,53.125610149264034
0.38,1.5,0.061,0.99192,3.18,0.46,10.4,5,1,-0.0175114619233651,1.5803348234546206
0.35,1.6,0.063,0.99184,3.22,0.5,10.7,5,1,-0.2160441953155523,0.8374164855865303
0.35,1.4,0.05,0.99019,3.17,0.48,12.0,7,1,-0.6183915515443292,-31.89336937058755
0.31,3.5,0.044,0.98998,3.19,0.37,12.1,7,1,-1.4178043745574778,43.85466501891459
0.32,1.0,0.04,0.98886,3.31,0.4,13.1,8,1,-0.9196655788986634,5.8500036216824896
0.26,1.4,0.039,0.98998,3.32,0.41,12.4,6,1,-1.218993646984007,-9.845918144517796
0.34,1.5,0.035,0.98949,3.24,0.36,12.6,7,1,-0.5187081935763089,12.097017719567148
0.37,1.6,0.04,0.99009,3.15,0.66,12.0,5,1,-0.6183915515443292,-12.535113596039196
0.27,5.2,0.06,0.99252,3.27,0.57,11.6,6,1,-0.4151329170703075,49.72456454587801
0.86,1.4,0.174,0.99288,2.92,0.5,9.3,5,1,-0.1152488606223949,-13.330289614899712
0.22,11.9,0.05,0.99659,3.06,0.58,9.3,6,1,-0.917719619629672,71.19718128103126
0.39,2.4,0.048,0.99133,3.2,0.54,11.1,7,1,-0.3148935707397182,40.57932427250229
0.33,3.2,0.049,0.99324,3.1,0.69,10.2,6,1,-0.4179128588831515,54.3713479150271
0.33,1.7,0.037,0.99164,3.23,0.66,10.6,6,1,-0.8174802732990827,0.0634299617149452
0.33,4.2,0.038,0.99107,3.16,0.42,11.3,7,1,-1.4189163512826155,22.74928416366798
0.4,15.4,0.052,0.9986,3.2,0.69,9.4,5,1,-0.3179515067338467,93.3703373640748
0.61,13.0,0.053,0.99708,3.09,0.5,9.3,6,1,-0.7158509560620727,8.873934654147291
0.32,5.6,0.039,0.99163,2.96,0.52,11.1,6,1,-0.6175575690004758,-48.332209474655926
0.56,9.7,0.055,0.99605,3.13,0.65,9.9,6,1,0.2857085246999595,50.927923321663215
0.3,2.5,0.0409999999999999,0.99065,3.31,0.61,11.8,7,1,-1.0160130066912698,-31.485186613662847
0.28,4.0,0.04,0.9903,3.26,0.64,12.6,7,1,-0.8152563198488076,-33.60942626528231
0.32,1.2,0.043,0.99236,3.06,0.68,10.5,5,1,0.3826119408551349,-42.59789349568079
0.34,2.0,0.037,0.98948,3.19,0.5,12.3,6,1,-1.3175650282268885,-3.651161727625535
0.3,1.2,0.048,0.99045,3.32,0.62,11.3,6,1,-1.9148311934911544,3.600059113089287
0.21,5.1,0.0969999999999999,0.9939,3.07,0.46,9.6,5,1,-0.8185922500242206,-10.944761558318191
0.3,1.4,0.04,0.98985,3.2,0.33,12.0,6,1,-0.2185461429471118,-53.42812247774779
0.35,1.2,0.05,0.99138,3.09,0.45,11.2,5,1,0.5825346451537436,26.56839121499327
0.24,6.5,0.044,0.99348,3.12,0.33,10.2,6,1,-0.5189861877575934,-14.198912809741556
0.33,1.3,0.045,0.99066,2.98,0.44,12.4,6,1,0.8824187016016563,-14.659353247658686
0.24,2.7,0.04,0.98862,2.94,0.38,13.4,8,1,-0.1121909246282655,-27.770594924322356
0.29,1.3,0.036,0.98865,3.24,0.35,12.6,6,1,-1.4180823687387625,-46.0300072850703
0.48,7.4,0.053,0.99472,3.18,0.53,9.8,5,1,-0.916051654541966,34.86619778851609
0.53,12.9,0.049,0.99792,2.94,0.45,9.1,5,1,0.684997944934608,31.811198570047807
0.33,1.2,0.044,0.99035,3.03,0.43,12.5,6,1,0.781623366908498,-13.225774252914889
0.27,2.6,0.033,0.99086,3.05,0.34,11.7,6,1,-0.51314830995062,-29.486651819017112
0.31,2.3,0.044,0.99013,3.29,0.46,12.9,6,1,-0.5178742110324555,0.5238703996320737
0.32,1.3,0.054,0.99266,3.3,0.43,10.1,5,1,-1.0160130066912698,66.34136718791255
0.38,10.5,0.044,0.99517,3.06,0.5,10.3,6,1,-0.3173955183712778,24.904592001290936
0.2,14.4,0.05,0.99666,3.24,0.41,10.3,6,1,-1.3153410747766134,28.84940390958998
0.3,1.2,0.036,0.991,3.34,0.56,10.8,7,1,-1.1173643297469962,-4.163859846535075
0.29,3.1,0.023,0.99068,3.25,0.51,11.2,6,1,-1.6177270788560865,-26.975418905461865
0.32,1.7,0.024,0.99084,3.29,0.6,11.8,6,1,-0.6181135573630447,-12.713076134005362
0.21,6.0,0.05,0.9939,3.08,0.54,9.8,6,1,-1.219549635346576,18.4273576844477
0.42,11.8,0.0409999999999999,0.99624,3.04,0.49,10.0,6,1,-0.1141368838972569,77.22385385097193
0.37,6.2,0.052,0.99602,3.24,0.39,8.8,4,1,-0.6158896039127697,44.62865154278616
0.53,1.4,0.142,0.9926,3.14,0.52,10.1,4,1,-0.7139049967930813,-49.6612731074149
0.24,12.1,0.0559999999999999,0.99718,3.05,0.5,9.5,5,1,-0.2124302709588539,102.05513719953338
0.14,3.9,0.06,0.99344,3.07,0.34,9.2,4,1,-1.113750405390299,-1.778331789953555
0.32,4.6,0.0409999999999999,0.99184,2.92,0.74,12.2,6,1,0.7841253145400593,64.34283239326682
0.29,1.2,0.046,0.99033,3.22,0.53,11.3,6,1,-1.218993646984007,-21.75380104539626
0.34,8.1,0.038,0.99248,3.26,0.29,12.1,6,1,-0.916607642904534,17.705628841568526
0.11,1.1,0.0289999999999999,0.99076,3.51,0.48,11.2,4,1,-1.9120512516783088,-66.94754691133619
0.35,6.5,0.0289999999999999,0.99092,3.29,0.44,12.5,7,1,-1.8179277773359777,-27.31015448640524
0.27,10.1,0.0559999999999999,0.99486,3.31,0.56,10.6,5,1,-1.0147620328754892,72.76634382376336
0.57,10.7,0.0559999999999999,0.99464,3.25,0.61,10.4,7,1,-1.6170320934028757,63.64229304537655
0.27,3.2,0.047,0.99235,3.44,0.53,10.1,7,1,-2.018406469997156,-23.77352533503091
0.23,12.4,0.048,0.99612,3.11,0.56,9.9,6,1,-1.0162910008725543,85.23918252454375
0.25,5.2,0.046,0.99202,2.97,0.68,11.0,6,1,-0.917163631267103,14.000915843242623
0.23,5.0,0.045,0.99261,2.94,0.63,10.0,6,1,-1.2181596644401536,3.066171499190816
0.37,2.5,0.066,0.98964,3.14,0.42,12.7,6,1,0.2848745421561061,-24.67321671587624
0.28,9.2,0.036,0.99206,3.07,0.35,12.1,6,1,-0.6136656504624938,-26.127985205608937
0.33,6.9,0.052,0.9938,3.23,0.46,10.4,6,1,-0.9179976138109563,2.16648011834549
0.3,2.0,0.05,0.99204,3.24,0.47,10.4,6,1,-0.918275607992241,4.112757231998813
0.18,15.0,0.04,0.99736,3.14,0.5,9.2,5,1,-0.8163682965739456,-0.2402374332249479
0.3,1.2,0.03,0.99192,3.05,0.68,10.5,5,1,0.2815386119806931,-33.891904165233285
0.36,1.8,0.0409999999999999,0.99002,3.27,0.98,11.9,7,1,-1.5163757558003592,-21.628096188422504
0.24,10.8,0.042,0.996,3.08,0.4,10.1,6,1,-0.7172409269684943,19.369428055270888
0.29,3.9,0.034,0.99237,3.1,0.59,11.1,6,1,-0.8169242849365137,32.55411690791591
0.29,4.2,0.037,0.99214,3.13,0.74,10.8,7,1,-1.3181210165894577,38.058212667932494
0.26,2.0,0.019,0.99041,3.16,0.47,11.8,6,1,-0.4173568705205825,-42.48278338620152
0.48,13.5,0.038,0.9982,3.04,0.48,9.2,5,1,0.3851138884866945,5.054827602821987
0.47,13.3,0.037,0.99822,3.04,0.5,9.2,5,1,0.38483589430541,4.594387164904859
0.26,2.2,0.023,0.9893,3.07,0.54,12.3,6,1,-1.519155697613204,-20.67614712658478
0.47,1.4,0.145,0.99274,3.09,0.56,10.1,6,1,-0.6144996330063472,8.695972116181125
0.2,1.6,0.04,0.99105,3.25,0.45,11.4,6,1,-1.3203449700397334,-1.0354134520854643
0.19,2.2,0.044,0.99209,3.19,0.43,10.4,6,1,-1.7176884310053904,47.69496156522881
0.26,14.8,0.053,0.99676,3.2,0.35,9.8,6,1,-0.5214881353891538,-15.381082090537843
0.24,1.8,0.047,0.99251,3.3,0.43,9.9,6,1,-0.2179901545845428,-22.726939602222917
0.1,1.3,0.036,0.99082,3.48,0.54,11.2,4,1,-1.9109392749531715,-43.41425900953024
0.24,9.9,0.0579999999999999,0.99567,3.15,0.46,10.9,5,1,0.2832065770683991,-0.2924951142173597
0.26,5.1,0.051,0.99416,3.15,0.41,9.2,5,1,-1.215101728446025,1.528077142462223
0.23,1.5,0.033,0.9887,2.96,0.35,12.0,5,1,-1.4153024269259182,8.769419292162468
0.23,1.5,0.034,0.98871,2.96,0.34,12.1,6,1,-1.4158584152884872,8.308978854245339
0.02,11.1,0.036,0.99248,3.75,0.44,12.4,6,1,-3.4148074640932857,-2.416734765836836
0.22,5.25,0.038,0.99184,3.22,0.4,11.2,6,1,-1.0143450416035629,33.275845750795085
0.27,2.3,0.042,0.98952,3.32,0.41,12.7,7,1,-1.215657716808594,3.191876356164556
0.54,7.9,0.036,0.99267,3.26,0.47,12.2,6,1,-0.3101676696578828,51.796546516505074
0.05,8.0,0.036,0.99269,3.26,0.46,12.2,6,1,-0.2093723349647254,46.00997285653752
0.16,1.4,0.042,0.98912,3.23,0.37,12.2,6,1,-1.4186383571013312,-11.488527863231212
0.27,2.3,0.044,0.9895,3.31,0.41,12.7,7,1,-1.216213705171163,0.5026809046431424
0.29,3.5,0.04,0.98999,3.17,0.36,12.1,6,1,-1.5180437208880662,30.33524058532619
0.23,13.7,0.045,0.9981,3.11,0.53,9.4,5,1,-0.111912930446981,79.01335792164802
0.3,9.9,0.0409999999999999,0.995,3.07,0.5,10.1,6,1,-0.6186695457256137,66.10126827793944
0.2,15.4,0.043,0.99848,3.08,0.54,9.4,5,1,-0.3129476114707268,90.76446777954926
0.2,16.0,0.044,0.99862,3.22,0.46,8.9,6,1,-1.5180437208880662,1.4447512754663163
0.2,2.4,0.027,0.98886,3.56,0.45,13.0,7,1,-2.015348534003027,2.114222437353078
0.35,5.5,0.054,0.99474,3.08,0.5,10.3,5,1,-0.0186234386485031,68.64356937749817
0.29,2.3,0.04,0.99126,3.07,0.45,10.1,4,1,-1.619117049762509,-71.07032135760139
0.27,16.8,0.04,0.99691,3.23,0.38,10.5,6,1,-1.017680971778976,18.626509717402783
0.24,17.8,0.059,0.99773,3.3,0.5,10.1,5,1,-1.5169317441629282,8.005311459305446
0.26,6.8,0.049,0.9928,3.15,0.42,11.0,6,1,-1.2187156528027223,-22.39220402127954
0.17,1.6,0.046,0.99288,3.08,0.43,10.0,5,1,0.3828899350364194,2.3444426563116423
0.33,4.7,0.03,0.99202,2.88,0.54,10.5,6,1,-0.2191021313096808,-38.24489883045703
0.27,11.8,0.048,0.99606,2.87,0.49,9.7,6,1,-0.6172795748191913,-2.521250127821645
0.36,15.7,0.045,0.99922,3.25,0.76,9.4,5,1,-0.0189014328297876,75.78039616521359
0.32,5.8,0.0409999999999999,0.99296,3.17,0.55,11.2,6,1,-0.3185074950964157,2.448958018296466
0.28,9.0,0.046,0.99468,3.1,0.55,10.8,5,1,0.1812992656501055,4.855675569866904
0.35,8.8,0.037,0.99388,3.13,0.49,11.0,6,1,-0.2191021313096808,-10.588836482385886
0.0,10.2,0.038,0.99315,3.44,0.46,12.4,6,1,-1.616893096312233,-6.947691969026749
0.3,6.6,0.208,0.99478,3.1,0.4,9.4,6,1,-0.916607642904534,45.717616265572005
0.3,6.5,0.209,0.99478,3.1,0.4,9.4,5,1,-0.8163682965739456,48.12433381714244
0.23,8.9,0.105,0.99692,3.01,0.58,9.5,5,1,-0.0152875084730901,37.94238650197328
0.39,11.1,0.034,0.99616,3.05,0.52,10.0,6,1,-0.1138588897159724,86.31683644335526
0.29,4.2,0.043,0.9902,3.16,0.31,12.5,6,1,-0.3173955183712778,0.5761280806244713
0.25,1.6,0.044,0.9921,3.39,0.59,10.9,6,1,-1.117642323928281,-0.522715333175924
0.24,7.4,0.044,0.99462,3.38,0.58,10.5,6,1,-1.317287034045604,-3.159653103704926
0.27,11.5,0.05,0.99476,3.22,0.37,10.8,6,1,-1.117642323928281,23.20972460158511
0.27,1.6,0.039,0.99178,3.38,0.57,11.0,7,1,-0.7183529036936322,3.2130658511534875
0.29,2.0,0.036,0.99081,3.33,0.61,11.8,6,1,-1.017124983416407,-29.612356675990853
0.25,4.8,0.038,0.99198,3.36,0.71,12.6,6,1,-0.6150556213689162,3.4743542561155323
0.24,9.8,0.054,0.99545,3.17,0.39,10.2,6,1,-1.6178660759467292,31.863456251040205
0.28,1.9,0.046,0.98997,3.12,0.31,12.0,5,1,-0.1183067966165234,-10.128396044468772
0.3,1.6,0.04,0.99089,3.32,0.65,11.5,6,1,-0.8169242849365137,-29.89483457594183
0.22,7.3,0.035,0.99172,3.2,0.39,11.94,7,1,-0.9129937185478364,1.1933415615188352
0.24,5.4,0.035,0.9901,3.12,0.44,12.8933333333333,7,1,-0.51314830995062,1.549266637451126
0.2,10.4,0.086,0.99681,3.13,0.4,9.4,5,1,-0.0084766510316214,-22.57016655924568
0.26,1.9,0.038,0.9893,3.0,0.47,12.2,7,1,-0.5150942692196114,29.686958918428346
0.35,7.7,0.0559999999999999,0.99527,3.16,0.5,9.5,5,1,-0.8172022791177982,78.27043958377992
0.22,11.5,0.036,0.99445,3.0,0.33,10.6,6,1,-0.916607642904534,34.22779481263284
0.33,1.2,0.042,0.99198,3.04,0.68,10.5,7,1,0.1796313005623986,10.611181043830967
0.3,2.2,0.037,0.99085,2.89,0.3,11.4666666666667,6,1,1.1823027580495695,15.86386708990004
0.28,1.0,0.043,0.99033,3.4,0.41,11.4,6,1,-1.3186770049520264,-10.285169087445992
0.26,8.2,0.054,0.99538,3.12,0.5,9.5,5,1,-0.8177582674803672,69.97263301025713
0.34,8.3,0.052,0.99627,3.11,0.52,9.2,5,1,0.1857471725506565,55.65803255780823
0.19,9.3,0.043,0.99433,3.23,0.53,10.98,5,1,-0.8127543722172472,29.592322247458085
0.26,8.1,0.054,0.9954,3.12,0.49,9.4,5,1,-0.8180362616616517,68.99949445343047
0.27,13.9,0.057,0.99807,2.94,0.41,8.8,8,1,0.0805039309569473,43.23745153802021
0.29,2.0,0.044,0.99232,3.23,0.64,10.4,8,1,-0.4179128588831515,-21.084329883509497
0.52,15.7,0.054,0.99788,3.04,0.62,10.0333333333333,6,1,0.182689236556528,25.59525265816661
0.35,1.2,0.052,0.99108,3.44,0.69,11.3,6,1,-1.5163757558003592,28.23219042869563
0.25,1.5,0.024,0.99234,3.37,0.58,10.4,6,1,-1.4180823687387625,-7.052207331011559
0.69,1.2,0.176,0.99288,2.96,0.43,9.2,6,1,-0.517040228488602,-6.518319717113101
0.35,3.2,0.034,0.99195,3.11,0.54,11.1,6,1,-0.1191407791603769,-8.998484444664882
0.3,2.6,0.034,0.99121,3.03,0.56,11.3,7,1,-0.1183067966165234,40.33922536252918
0.52,13.2,0.042,0.99839,2.98,0.47,9.1,6,1,0.383723917580272,40.1090051435706
0.28,10.4,0.108,0.99738,2.96,0.57,9.4,5,1,-0.0152875084730901,73.91744491855617
0.25,5.7,0.015,0.98963,2.82,0.59,13.2,6,1,-0.2146542244091298,-43.6967369094812
0.28,2.5,0.039,0.98946,3.22,0.38,12.7,6,1,-0.8158123082113766,23.18853510659621
0.35,1.6,0.054,0.99178,3.18,0.47,10.7,5,1,0.0830058785885077,33.20239857481373
0.3,1.4,0.064,0.99136,3.11,0.42,11.433333333333302,6,1,0.1796313005623986,51.4095532545693
0.27,7.4,0.049,0.99323,3.27,0.45,11.1,6,1,-0.8158123082113766,57.55205199046914
0.29,5.6,0.046,0.99313,3.25,0.51,10.5333333333333,5,1,-1.0162910008725543,63.31743615544774
0.34,3.6,0.04,0.9912,3.31,0.52,11.6,6,1,-1.3164530515017503,82.34095634905275
0.2,7.5,0.05,0.99504,3.18,0.48,9.53333333333333,5,1,-0.7180749095123478,66.36255668290146
0.2,5.8,0.062,0.99461,3.17,0.44,9.8,6,1,-0.0152875084730901,91.55964379840977
0.33,1.5,0.039,0.99008,3.22,0.65,12.0,6,1,-0.7189088920562012,-2.6257654898064686
0.27,2.9,0.039,0.98959,3.12,0.37,12.8,6,1,-1.017680971778976,8.643714435188727
0.25,11.2,0.048,0.99663,3.14,0.4,9.5,5,1,-0.1160828431662484,21.754956111852422
0.21,9.65,0.0409999999999999,0.99334,2.99,0.34,10.933333333333302,6,1,-0.8163682965739456,6.132481521633466
0.33,10.1,0.063,0.99561,2.86,0.41,9.1,5,1,-0.9191095905360944,25.97236722908785
0.28,3.2,0.035,0.98959,3.26,0.42,12.6,6,1,-1.316175057320467,-0.4181999711911004
0.28,11.45,0.0409999999999999,0.99418,2.98,0.3,10.9,6,1,-0.7161289502433572,-5.210445579343059
0.19,4.5,0.096,0.9937,3.02,0.44,9.6,5,1,-0.7183529036936322,-2.364477084844424
0.28,2.7,0.053,0.99372,3.18,0.56,9.3,5,1,-0.2182681487658273,-24.746663891857565
0.23,3.5,0.038,0.99157,3.05,0.37,11.3666666666667,6,1,-0.1183067966165234,-3.672351222614452
0.28,1.7,0.043,0.98918,3.14,0.44,12.5,6,1,-1.1170863355657117,-17.06607079922911
0.21,2.1,0.051,0.9932,3.16,0.5,9.5,5,1,-0.8147003314862387,59.03788866620532
0.32,4.8,0.0409999999999999,0.99235,3.22,0.54,11.0,6,1,-1.2153797226273095,72.25364570485381
0.21,5.0,0.042,0.99373,3.02,0.53,9.4,5,1,-1.1148623821154366,15.38223715699398
0.27,2.6,0.035,0.9914,3.21,0.76,11.333333333333302,6,1,-0.7208548513251927,-36.6333572977471
0.2,6.6,0.0409999999999999,0.99494,2.94,0.51,8.8,5,1,-0.71571195897143,6.728505507538884
0.29,7.3,0.05,0.99332,3.31,0.5,11.066666666666698,6,1,-1.5155417732565066,28.797146228597583
0.27,5.0,0.0579999999999999,0.99198,3.22,0.49,12.2,6,1,-0.8160903023926611,35.20093336945949
0.26,1.7,0.0409999999999999,0.99142,3.2,0.53,11.0,6,1,-0.2179901545845428,-3.776866584599276
0.21,8.2,0.05,0.99542,3.23,0.48,9.5,5,1,-0.8172022791177982,70.89351388609138
0.31,5.0,0.043,0.9924,3.28,0.52,11.0,6,1,-1.216769693533731,59.90651186104715
0.33,1.2,0.039,0.99112,3.11,0.75,11.2,6,1,-0.1188627849790924,-15.73700716647015
0.29,7.1,0.036,0.99534,3.08,0.36,9.3,6,1,-0.5173182226698865,-14.198912809741556
0.22,9.5,0.04,0.99338,3.05,0.31,10.8,4,1,-0.916607642904534,-3.0339482467311853
0.44,15.8,0.057,0.99804,3.14,0.51,9.2,5,1,-1.0174029775976914,53.533792906188765
0.37,15.5,0.048,0.99899,3.25,0.77,9.4,5,1,0.0813379135008007,95.7036077396639
0.28,17.05,0.047,0.99724,3.25,0.35,10.5,6,1,-0.8194262325680741,29.508996380462197
0.26,12.7,0.046,0.99526,3.26,0.35,10.8,6,1,-0.91883159635481,35.013092140478776
0.22,12.3,0.051,0.99676,3.1,0.67,9.4,5,1,-0.6178355631817603,32.17700233699468
0.26,11.8,0.053,0.99699,3.11,0.6,9.8,5,1,0.182689236556528,63.05614775048572
0.29,13.6,0.0409999999999999,0.99461,3.02,0.96,12.1,6,1,-0.1141368838972569,22.26765423076195
0.26,5.2,0.043,0.99116,3.17,0.41,12.3,6,1,-0.4126309694387471,62.52226013658724
0.46,6.2,0.066,0.99362,3.19,0.42,9.73333333333333,5,1,-2.0178504816345866,73.45700448063907
0.16,7.9,0.044,0.99512,3.21,0.36,9.4,5,1,-1.316175057320467,84.79993158161558
0.29,3.3,0.037,0.9895,3.17,0.36,12.8,7,1,-0.9163296487232504,25.64751033915904
0.32,2.8,0.046,0.99043,2.92,0.47,11.05,6,1,-0.9191095905360944,-35.963886135860335
0.16,7.9,0.044,0.99512,3.21,0.36,9.4,5,1,-1.5160977616190756,84.79993158161558
0.47,6.3,0.069,0.99391,3.11,0.46,9.73333333333333,5,1,-1.5174877325254972,67.20999038275438
0.38,4.9,0.039,0.98963,3.23,0.58,13.1,7,1,-1.4158584152884872,-29.204173919066136
0.27,10.4,0.0409999999999999,0.99335,3.04,0.52,11.5,7,1,-0.1171948198913854,-1.0354134520854643
0.22,16.0,0.061,0.99824,3.08,0.5,9.1,5,1,-0.9159126574513232,25.23932758223431
0.47,6.3,0.069,0.99391,3.11,0.46,9.75,5,1,-1.5174877325254972,67.20999038275438
0.28,2.2,0.04,0.9917,3.19,0.48,10.5,6,1,-1.0182369601415449,9.208670235090665
0.23,17.3,0.047,0.99906,3.08,0.46,8.8,6,1,-0.6183915515443292,5.389563183765361
0.5,6.6,0.045,0.99415,3.22,0.49,9.9,6,1,-1.1181983122908496,7.670575878362058
0.52,6.5,0.047,0.99418,3.22,0.49,9.9,6,1,-1.0185149543228291,8.183273997271598
0.26,12.3,0.044,0.99611,3.11,0.58,9.9,5,1,-0.9154956661793968,87.05975478122333
0.27,5.0,0.038,0.99124,3.2,0.42,12.2,6,1,-0.3123916231081578,51.179333035610725
0.34,2.8,0.042,0.99179,3.27,0.47,10.8,6,1,-1.11569636465929,53.387614610706
0.59,13.6,0.051,0.99886,2.96,0.39,8.7,5,1,0.8849206492332158,26.254845129038827
0.28,2.8,0.043,0.98924,3.21,0.47,13.2,6,1,-0.6139436446437783,-48.844907593565466
0.26,5.4,0.03,0.99045,3.15,0.38,12.7,6,1,-0.5178742110324555,-23.030606997162806
0.26,10.9,0.06,0.9969,3.21,0.44,9.4,5,1,-0.3090556929327448,82.51891888701887
0.24,1.7,0.045,0.99196,3.25,0.53,11.2,6,1,-0.0180674502859341,42.860336967099
0.3,9.15,0.051,0.99339,3.24,0.56,11.333333333333302,6,1,-0.7164069444246417,49.33757128394224
0.28,4.5,0.051,0.99224,3.36,0.58,11.9,6,1,-0.5167622343073175,-25.20710432977469
0.3,9.15,0.051,0.99339,3.24,0.56,11.35,6,1,-0.7164069444246417,49.33757128394224
0.19,1.4,0.046,0.99184,3.22,0.39,10.5,5,1,-1.118476306472134,21.2634474879318
0.16,5.9,0.048,0.99428,3.09,0.49,9.8,5,1,-0.0116735841163917,6.9064680455050365
0.31,16.4,0.051,0.99834,3.06,0.54,9.1,5,1,-0.5150942692196114,28.72369905261625
0.25,1.2,0.033,0.98918,3.16,0.37,12.4,6,1,-0.6170015806379068,-1.652626932979814
0.25,7.8,0.031,0.99241,3.39,0.4,11.3,6,1,-2.214159261576498,0.4504232236507448
0.1,2.8,0.024,0.98816,3.48,0.34,13.1,6,1,-2.8108694384781927,-2.803728027772621
0.29,2.9,0.035,0.98916,3.04,0.37,12.5,6,1,-0.6139436446437783,-16.218637099376195
0.25,2.5,0.045,0.99329,3.18,0.54,10.3,5,1,0.0835618669510758,8.131016316279187
0.22,12.8,0.039,0.99535,3.23,0.43,10.7,6,1,-0.8166462907552292,39.75308006763832
0.25,12.2,0.04,0.99552,3.05,0.65,10.4,6,1,-0.3165615358274252,21.064295454976744
0.19,7.7,0.049,0.99514,3.22,0.48,9.5,5,1,-0.916051654541966,71.91891012391044
0.22,2.8,0.048,0.99304,3.24,0.45,9.8,5,1,-0.9135497069104056,62.59570731256859
0.26,17.3,0.051,0.9984,3.0,0.43,9.4,6,1,-0.6195035282694672,30.95245406622051
0.29,19.3,0.051,0.99911,3.14,0.5,9.0,5,1,-1.2164916993524466,59.6551021470997
0.26,2.7,0.045,0.98952,3.24,0.48,13.0,7,1,-0.6147776271876317,11.95012336760449
0.18,6.4,0.0409999999999999,0.99403,3.27,0.5,9.9,5,1,-1.3181210165894577,5.26385832679162
0.24,2.4,0.044,0.99312,3.27,0.56,10.6,6,1,0.4828512871857242,41.50020514833655
0.2,2.8,0.038,0.98968,3.23,0.47,13.4,6,1,-0.113024907172119,-5.440665798301623
0.32,1.7,0.031,0.98946,3.12,0.35,12.5,6,1,-0.5156502575821804,0.1156876427073569
0.56,15.4,0.053,0.9981,3.11,0.49,9.3,5,1,-0.6172795748191913,26.620648895985696
0.24,4.1,0.051,0.99306,3.36,0.52,11.0,5,1,-1.0154570183287008,34.86619778851609
0.27,6.6,0.054,0.99378,3.2,0.48,10.3,5,1,-0.9174416254483876,45.0057661137074
0.24,1.2,0.051,0.99036,3.24,0.57,11.3,6,1,-1.0185149543228291,-18.373944936999152
0.27,2.1,0.042,0.99094,3.03,0.63,10.9,6,1,-0.8180362616616517,-12.587371277031622
0.29,1.0,0.042,0.9908,3.76,0.49,11.3,6,1,-2.519742198740741,-22.3187568452982
0.28,1.1,0.039,0.9899,3.36,0.47,12.1,6,1,-1.0187929485041138,-36.52884193576229
0.28,1.4,0.039,0.99173,3.18,0.65,11.1,5,1,-0.2168781778594048,-34.42579177913174
0.2,1.6,0.271,0.99356,3.11,0.63,9.8,5,1,-0.1146928722598259,23.805748587490527
0.22,9.8,0.049,0.99571,3.2,0.45,10.1,6,1,-1.517209738344213,15.194395928013291
0.33,1.9,0.036,0.98945,3.26,0.58,12.4,6,1,-1.5180437208880662,-2.3955452708479044
0.38,1.3,0.034,0.98865,3.11,0.52,12.7,6,1,-1.2187156528027223,-8.23437661180786
0.26,7.9,0.05,0.99514,3.14,0.5,9.6,5,1,-0.8155343140300921,69.4076772103552
0.26,4.5,0.053,0.9943,3.24,0.46,9.1,5,1,-1.2088468593671244,8.570267259207384
0.45,22.6,0.12,0.99636,3.1,0.35,12.8,5,1,-1.3181210165894577,13.426081352326108
0.33,3.5,0.037,0.98987,3.18,0.37,12.4,6,1,-1.0160130066912698,41.39568978635173
0.18,1.2,0.0579999999999999,0.99288,3.23,0.58,9.55,4,1,-1.4164144036510553,-11.248428953258085
0.26,4.5,0.053,0.9943,3.24,0.46,9.1,5,1,-1.4087695636657331,8.570267259207384
0.33,2.0,0.033,0.99064,3.29,0.65,12.5,6,1,-0.5159282517634649,-43.18403879057168
0.25,7.8,0.05,0.99394,3.16,0.4,9.9,6,1,-0.8202602151119276,-48.792649912573054
0.28,0.9,0.045,0.99175,3.47,0.52,11.2,6,1,-0.8208162034744966,-25.928833172653853
0.49,2.9,0.03,0.98926,3.13,0.4,13.0,6,1,-0.5112023506816286,7.21013544044493
0.33,3.5,0.033,0.99057,3.2,0.44,11.7,6,1,-1.4158584152884872,0.6806434426093091
0.23,4.2,0.038,0.98898,2.97,0.7,13.1,6,1,-1.1165303472031427,-22.51790887825328
0.37,9.7,0.032,0.9932,3.08,0.66,12.0,6,1,-1.218993646984007,-65.38826305961867
0.25,10.5,0.043,0.9972,3.36,0.55,10.55,6,1,-0.415966899614161,49.51553382190839
0.29,1.1,0.046,0.9902,3.04,0.39,11.45,6,1,0.2818166061619775,-28.38780840521672
0.39,16.1,0.053,0.9988,3.18,0.64,10.2,6,1,-0.418190853064436,87.17558094718255
0.3,8.1,0.212,0.9958,3.1,0.4,9.3,5,1,-0.9163296487232504,41.825062038265386
0.25,6.2,0.052,0.9935,3.09,0.54,10.8,5,1,-0.4190248356082895,-9.741402782532973
0.26,7.7,0.053,0.9925,3.27,0.45,12.2,6,1,-2.013402574734036,-13.12125889093008
0.33,2.4,0.053,0.992,3.2,0.55,11.0,6,1,0.5825346451537436,60.62824070392635
0.21,16.3,0.055,0.9986,3.35,0.54,10.4,6,1,-0.6094957377432273,68.59131169650577
0.31,2.3,0.05,0.9914,3.14,0.51,11.4,6,1,-0.1177508082539544,41.21772724838557
0.01,8.4,0.0409999999999999,0.9909,3.26,0.72,14.05,7,1,-1.4072405956686689,-9.615697925559232
0.23,8.5,0.051,0.9943,3.03,0.42,10.7,5,1,-0.7155729618807882,20.93859059800299
0.23,6.0,0.051,0.994,3.15,0.52,10.2,5,1,-0.8166462907552292,51.200522530599656
0.28,1.1,0.044,0.9904,3.22,0.69,11.2,6,1,-0.6192255340881827,-11.896710620155927
0.13,1.75,0.036,0.99,3.4,0.51,12.333333333333302,5,1,-2.1154488832429736,-43.00607625260551
0.3,2.6,0.034,0.9902,3.2,0.38,11.5,4,1,-1.4169703920136243,24.84245562928397
0.17,1.3,0.061,0.9925,3.07,0.55,9.5,5,1,-0.51815220521374,-17.42199587516143
0.3,2.1,0.047,0.9886,3.24,0.56,13.4,6,1,-0.415410911251592,33.15014089382133
0.32,1.1,0.034,0.9898,3.36,0.4,12.5,6,1,-1.1168083413844272,-5.388408117309211
0.29,2.8,0.044,0.9904,3.12,0.42,11.2,6,1,-0.4134649519826006,-17.348548699180085
0.18,9.0,0.051,0.9964,3.19,0.5,8.8,5,1,-1.1131944170277297,140.6452278351764
0.26,2.8,0.039,0.9908,3.06,0.59,11.2,6,1,-0.1169168257101009,8.382426030226668
0.32,2.2,0.036,0.9899,3.16,0.48,12.7,6,1,-1.0154570183287008,-46.38593236100262
0.17,5.1,0.049,0.993,3.0,0.38,9.8,6,1,-0.419858818152143,-32.17584727053854
0.33,3.5,0.049,0.9944,3.14,0.36,9.8,6,1,1.7801249116764026,-76.73119016059519
0.22,12.7,0.0579999999999999,0.9956,3.32,0.42,11.7,6,1,-1.420584316370323,65.65070653103685
0.31,7.5,0.052,0.9949,3.19,0.46,9.8,5,1,-1.4155804211072027,118.52504548960523
0.2,2.0,0.048,0.9929,3.17,0.51,9.6,5,1,-0.914383689454259,78.96110024065563
0.25,14.3,0.048,0.9975,3.12,0.37,9.7,5,1,-0.5195421761201624,45.22610764165138
0.25,9.8,0.049,0.995,3.16,0.38,10.0,6,1,-0.6200595166320362,29.059150690039544
0.22,12.7,0.0579999999999999,0.9946,3.32,0.38,12.3,6,1,-1.4166923978323398,92.17685727930412
0.19,3.5,0.068,0.9934,3.03,0.38,9.0,6,1,-0.8141443431236697,-15.527976442500504
0.53,12.7,0.047,0.9984,3.06,0.45,9.1,6,1,0.0824498902259387,56.05068122173118
0.54,12.9,0.049,0.9984,3.06,0.45,9.1,6,1,0.0830058785885077,54.449734436515726
0.21,1.3,0.0559999999999999,0.9908,3.32,0.33,11.4,6,1,-1.4208623105516072,7.848538416328211
0.18,10.5,0.049,0.9963,3.14,0.35,10.5,5,1,-1.1173643297469962,12.149275400559574
0.27,1.5,0.04,0.98914,3.13,0.3,12.4,6,1,-0.8177582674803672,-7.72167849289832
0.53,12.7,0.047,0.9984,3.06,0.45,9.1,6,1,0.0824498902259387,47.77900348870459
0.54,12.9,0.049,0.9984,3.06,0.45,9.1,6,1,0.0830058785885077,44.231779589835824
0.37,1.2,0.049,0.9937,3.18,0.52,10.1,5,1,1.0798394582687063,-25.10258896778987
0.3,6.2,0.032,0.993,2.99,0.39,10.9,6,1,-0.1221987151545054,17.96691724653057
0.36,8.8,0.026,0.9956,3.13,0.35,11.05,5,1,1.0787274815435683,-56.57775836718633
0.3,3.9,0.026,0.98963,3.26,0.58,12.75,6,1,-1.4164144036510553,-7.491458273939756
0.34,1.3,0.025,0.98961,3.36,0.37,12.7,6,1,-1.217881670258869,-4.645489779441121
0.37,9.1,0.037,0.9948,3.05,0.54,11.1,5,1,-0.3168395300087088,-40.316880801084096
0.53,1.8,0.021,0.989315,3.19,0.31,13.0,6,1,-0.9174416254483876,-10.232911406453582
0.31,2.1,0.033,0.989435,2.96,0.61,12.0,6,1,-0.7189088920562012,-18.143724718040588
0.32,1.4,0.022,0.9899,3.35,0.35,11.5,6,1,-1.316175057320467,-68.30767873009864
0.22,14.7,0.047,0.998275,3.39,0.6,10.5,5,1,-0.8116423954921093,71.86665244291804
0.33,1.9,0.047,0.9914,3.1,0.46,11.1,6,1,-0.418190853064436,-15.067536004583388
0.32,1.8,0.048,0.9915,3.11,0.47,11.1,6,1,-0.2182681487658273,-2.238772227870669
0.26,9.6,0.027,0.9924,3.22,0.73,13.1,6,1,-0.8091404478605497,-12.148120334103425
0.3,3.9,0.026,0.98963,3.26,0.58,12.75,6,1,-1.5163757558003592,-7.491458273939756
0.3,11.8,0.094,0.997,3.09,0.44,9.6,5,1,-0.4120749810761781,-18.26942957501433
0.4,1.9,0.0279999999999999,0.9914,3.26,0.72,11.7,5,1,-1.1187543006534186,23.70123322550573
0.46,12.0,0.042,0.997,3.17,0.59,9.7,6,1,-1.1140283995715832,100.44359566682344
0.23,7.9,0.033,0.9944,3.38,0.59,10.9,6,1,-1.318399010770742,13.613922581306824
0.32,9.3,0.04,0.9958,3.34,0.54,10.7,7,1,-0.3185074950964157,-5.84884855522634
0.22,4.6,0.022,0.98889,3.33,0.54,13.8,6,1,-1.8165378064295556,-7.156722692996382
0.26,2.2,0.035,0.989465,3.11,0.48,12.15,6,1,-1.2170476877150156,-45.5907563421421
0.3,10.2,0.0279999999999999,0.9954,3.49,0.42,10.8,7,1,-1.619117049762509,15.968382451884864
0.27,10.6,0.03,0.9947,3.4,0.34,10.7,7,1,-1.616893096312233,4.0604995510064015
0.35,1.4,0.036,0.9912,3.16,0.48,10.8,7,1,-0.2182681487658273,-0.8574509141192976
0.66,9.1,0.039,0.9965,3.66,0.55,10.8,5,1,-1.4164144036510553,42.75582160511418
0.26,11.1,0.03,0.9948,3.03,0.49,12.0,5,1,1.384727409979737,58.46233811880892
0.27,4.4,0.055,0.9925,3.23,0.44,12.2,6,1,-0.8160903023926611,17.32851427064729
0.32,2.8,0.05,0.9936,3.18,0.55,9.4,6,1,-1.0187929485041138,8.570267259207384
0.15,1.1,0.0289999999999999,0.9898,3.3,0.4,11.4,6,1,-1.4161364094697717,-34.42579177913174
0.28,1.3,0.027,0.98948,3.35,0.38,12.5,7,1,-1.5180437208880662,-13.686214690832015
0.32,1.2,0.024,0.98823,3.2,0.46,13.05,7,1,-1.618005073037371,-16.888108261262957
0.23,3.3,0.026,0.9896,3.1,0.4,12.4,6,1,-0.4156889054328765,-14.48139070969252
0.26,9.7,0.03,0.9908,3.08,0.56,12.9,7,1,-1.0187929485041138,-9.72021328754404
0.24,2.3,0.034,0.9906,3.34,0.59,12.0,7,1,-1.1145843879341522,17.223998908662495
0.29,1.1,0.036,0.9904,3.19,0.38,11.3,5,1,-1.3158970631391824,-58.16811040490733
0.34,11.4,0.05,0.99754,3.21,0.49,10.0,6,1,-0.9202215672612324,-18.78212769392387
0.32,1.2,0.042,0.9898,3.42,0.64,11.8,7,1,-2.4201978378633644,-13.38254729589211
0.26,14.7,0.045,0.998365,2.99,0.69,9.4,6,1,-1.2187156528027223,15.885056584888972
0.24,13.8,0.047,0.99837,2.97,0.66,8.8,6,1,-1.5185997092506351,1.1622733755153547
0.26,1.3,0.038,0.99125,3.46,0.43,11.1,6,1,-1.216769693533731,23.70123322550573
0.51,6.3,0.048,0.9943,3.1,1.01,10.5,6,1,-0.9141056952729744,32.17700233699468
0.37,7.9,0.05,0.99488,2.86,0.49,9.3,6,1,-0.8180362616616517,41.825062038265386
0.25,2.0,0.042,0.99034,3.02,0.54,11.4,6,1,-1.3147850864140445,-8.151050744811968
0.23,11.8,0.03,0.99322,3.41,0.64,11.8,6,1,-2.2147152499390668,41.092022391411845
0.38,1.2,0.0289999999999999,0.98895,3.28,0.36,12.4,6,1,-1.8159818180669876,17.632181665587197
0.35,10.0,0.035,0.99457,3.12,0.36,11.6,6,1,0.7841253145400593,-7.795125668879649
0.33,5.2,0.05,0.99304,3.26,0.58,11.1,5,1,-0.8160903023926611,22.26765423076195
0.3,7.2,0.0409999999999999,0.99331,3.22,0.49,11.1,6,1,-0.8152563198488076,55.1975921198911
0.78,9.9,0.042,0.99435,3.01,0.55,11.0,6,1,-0.2154882069529833,131.13346773837395
0.3,5.3,0.036,0.99122,3.12,0.46,12.2,6,1,-0.512036333225482,48.82487316503271
0.31,13.55,0.053,0.99544,3.2,0.56,11.0,6,1,-0.7144609851556503,-3.3898733226634903
0.3,2.2,0.035,0.989,3.32,0.47,12.9,6,1,-1.412522485113073,13.561664900314426
0.3,9.9,0.037,0.99414,3.07,0.42,10.9,6,1,-0.1138588897159724,9.386632773056816
0.29,4.3,0.069,0.99014,3.22,0.59,13.4,6,1,-0.509812379775207,-2.416734765836836
0.0,13.0,0.033,0.99551,3.15,0.5,10.7,6,1,-0.5061984554185086,-37.60649585457375
0.33,1.0,0.027,0.9908,3.3,0.39,11.4,7,1,-0.7200208687813392,-39.678477825200815
0.34,1.1,0.043,0.9927,3.0,0.47,10.2,6,1,1.0809514349938425,-0.4704576521835122
0.35,6.9,0.03,0.99244,2.8,0.54,11.0,6,1,-0.3182295009151312,5.285047821780552
0.34,13.4,0.044,0.99752,3.06,0.43,9.1,6,1,-0.8197042267493586,27.66723462879368
0.18,4.6,0.032,0.99114,3.18,0.4,11.0,6,1,-2.2147152499390668,11.919055181600996
0.29,9.9,0.037,0.99326,3.11,0.37,11.5,6,1,-0.4140209403451695,33.32810343178748
0.32,3.0,0.036,0.9906,3.16,0.59,12.0,6,1,-0.7164069444246417,-18.70868051794254
0.32,5.8,0.04,0.993,3.04,0.58,11.2,5,1,-0.3165615358274252,-5.283892755324388
0.3,12.9,0.033,0.99479,3.12,0.39,11.2,6,1,-0.6167235864566223,61.423416722786826
0.27,3.2,0.032,0.98942,2.9,0.69,12.6,7,1,-1.0143450416035629,-43.92695712843977
0.04,0.8,0.032,0.99036,3.14,0.4,11.0,4,1,-1.2071788942794184,-67.46024503024572
0.36,2.5,0.03,0.99201,3.22,0.48,10.8,6,1,-1.3120051446011995,-44.15717734739833
0.36,2.4,0.034,0.99184,3.25,0.48,10.9,5,1,-1.3125611329637683,-38.65308158738176
0.21,7.2,0.0409999999999999,0.99441,3.16,0.49,9.8,5,1,-1.4147464385633493,35.169865183456
0.2,7.3,0.04,0.99442,3.15,0.48,9.8,5,1,-1.4166923978323398,32.81540531287796
0.18,6.3,0.094,0.99474,2.9,0.49,9.5,5,1,-0.1155268548036794,49.79801172185937
0.28,4.25,0.032,0.9916,3.26,0.47,11.266666666666698,7,1,-1.1120824403025915,20.39482429308994
0.37,1.2,0.039,0.99198,3.01,0.62,10.8,5,1,0.0830058785885077,-15.63249180448534
0.18,2.0,0.036,0.98949,3.36,0.77,13.4,7,1,-2.0100666445586226,12.87100424343872
0.28,4.25,0.032,0.9916,3.26,0.47,11.3,7,1,-1.1120824403025915,20.39482429308994
0.12,4.7,0.06,0.99556,3.22,0.48,8.9,5,1,-0.8071944885915583,80.37348974041048
0.19,4.5,0.038,0.99151,3.07,0.42,11.2,6,1,-0.8138663489423852,6.132481521633466
0.38,1.4,0.047,0.99158,3.22,0.52,11.5,7,1,0.2836235683403263,-18.60416515595772
0.22,4.1,0.036,0.9902,3.26,0.55,13.0,7,1,-0.7105690666176683,17.5799239845948
0.3,5.3,0.038,0.99204,3.36,0.73,12.6,6,1,-0.6133876562812093,8.287789359256408
0.25,4.2,0.032,0.98988,3.26,0.52,13.1,6,1,-0.8133103605798162,-25.950022667642784
0.23,6.65,0.034,0.99344,3.05,0.48,11.2,5,1,1.0884572778885229,37.178278669116295
0.91,8.2,0.034,0.99394,3.39,0.49,11.7,6,1,-0.916051654541966,87.20664913318602
0.37,2.6,0.0409999999999999,0.99153,3.18,0.5,10.9,6,1,-1.1190322948347031,-16.092932242402455
0.34,2.0,0.0409999999999999,0.98981,3.04,0.45,11.6,7,1,-1.617449084674802,-43.6967369094812
0.32,12.2,0.0409999999999999,0.99524,3.23,0.53,10.4,7,1,-1.517209738344213,15.529131508956668
0.39,2.3,0.0409999999999999,0.99221,3.22,0.58,10.9,7,1,-0.6186695457256137,-11.56197503921254
0.41,5.0,0.043,0.99318,3.23,0.64,10.8,6,1,-1.016568995053838,76.50212500809279
0.38,10.7,0.038,0.99366,3.11,0.59,11.2,6,1,-1.4161364094697717,25.66869983414797
0.15,10.8,0.033,0.99494,3.25,0.49,10.0,6,1,-1.4146074414727066,4.803417888874492
0.25,1.7,0.048,0.99212,3.28,0.57,10.5666666666667,5,1,-0.7102910724363838,63.26517847445534
0.41,1.3,0.036,0.99018,3.04,0.64,11.733333333333302,6,1,-1.2176036760775846,6.540664278558168
0.25,1.7,0.048,0.99212,3.28,0.57,10.6,5,1,-0.7102910724363838,63.26517847445534
0.26,12.7,0.049,0.99596,3.26,0.54,10.5,6,1,-0.3096116812953138,85.38607687650644
0.41,1.3,0.036,0.99018,3.04,0.64,11.75,6,1,-1.2176036760775846,6.540664278558168
0.36,1.2,0.035,0.99094,3.01,0.63,11.4,6,1,-0.6172795748191913,14.555992952130012
0.3,1.3,0.03,0.98968,3.37,0.43,12.4,7,1,-1.5174877325254972,-16.835850580270545
0.35,5.7,0.043,0.99392,3.24,0.5,10.1,6,1,-0.7186308978749167,84.569711362657
0.22,3.4,0.035,0.99024,3.09,0.47,12.3,6,1,-0.41652288797673,9.972778067947688
0.34,1.1,0.034,0.98774,3.32,0.32,13.1,7,1,-2.2172171975706263,47.07774808433446
0.28,1.0,0.037,0.99094,3.29,0.55,10.65,7,1,-1.3192329933145954,-26.7974563674957
0.29,1.0,0.042,0.99044,3.36,0.48,11.4,7,1,-1.4169703920136243,-11.614232720204951
0.21,1.65,0.1169999999999999,0.9938,3.11,0.57,9.3,5,1,-0.5075884263249311,124.8031277734934
0.06,6.8,0.042,0.99432,3.44,0.44,10.2,5,1,-1.504838997277055,-34.143313879180766
0.06,6.8,0.042,0.99432,3.44,0.44,10.2,5,1,-1.60480034942636,-34.143313879180766
0.25,4.9,0.033,0.98966,3.26,0.58,13.1,7,1,-1.5133178198062307,3.2865130271348164
0.47,1.4,0.051,0.99309,3.24,0.5,9.6,5,1,-1.113750405390299,99.98315522890633
0.28,2.5,0.035,0.98868,3.1,0.47,12.8,7,1,-0.914383689454259,-42.77585603364695
0.41,10.8,0.048,0.9937,3.09,0.59,10.9666666666667,7,1,-1.216213705171163,39.700822386645896
0.41,10.8,0.048,0.9937,3.09,0.59,11.0,7,1,-1.216213705171163,39.700822386645896
0.25,2.8,0.036,0.98975,3.21,0.47,13.4,6,1,-0.1127469129908345,20.39482429308994
0.25,1.3,0.04,0.98984,2.87,0.48,11.2,6,1,-0.6175575690004758,-28.795991162141437
0.41,2.0,0.027,0.99063,3.27,0.63,12.4,6,1,-0.6153336155502007,-37.85790556852125
0.41,1.1,0.048,0.99168,3.09,0.47,11.2,5,1,0.7813453727272144,36.06955656430132
0.36,8.2,0.0279999999999999,0.99272,3.14,0.41,12.4,6,1,0.0799479425943783,0.1891348186886858
0.33,6.0,0.036,0.99362,3.32,0.58,10.1333333333333,7,1,-1.219549635346576,-3.0339482467311853
0.34,6.1,0.034,0.99365,3.32,0.58,10.1333333333333,7,1,-1.1198662773785566,0.1156876427073569
0.53,8.8,0.057,0.99642,3.17,0.44,9.1,5,1,-0.8158123082113766,105.39261431795263
0.34,6.1,0.034,0.99365,3.32,0.58,10.15,7,1,-1.1198662773785566,0.1156876427073569
0.33,6.0,0.036,0.99362,3.32,0.58,10.15,7,1,-1.219549635346576,-3.0339482467311853
0.33,1.2,0.049,0.99134,3.46,0.44,11.5,5,1,-1.3120051446011995,-1.3390808470253577
0.49,11.4,0.035,0.99732,3.08,0.54,8.9,6,1,-0.6165845893659805,28.48360014264314
0.14,1.3,0.036,0.99212,3.47,0.46,10.4666666666667,5,1,-2.314537604997728,61.41353803177229
0.52,6.2,0.0279999999999999,0.99161,3.28,0.51,11.8,7,1,-1.2164916993524466,-8.23437661180786
0.29,3.2,0.034,0.9912,3.35,0.58,11.6333333333333,7,1,-1.4144684443820648,38.42401643487936
0.37,4.5,0.04,0.99332,3.29,0.62,10.6,6,1,-1.5183217150693509,31.63323603208165
0.32,9.9,0.045,0.99636,3.18,0.52,9.6,6,1,-0.7175189211497788,16.041829627866193
0.14,1.3,0.036,0.99212,3.47,0.46,10.5,5,1,-2.5144603092963367,61.41353803177229
0.04,1.3,0.0579999999999999,0.99271,3.17,0.39,10.2,4,1,-0.4070710858130582,17.223998908662495
0.37,0.9,0.025,0.98845,3.29,0.33,13.1,6,1,-1.6166151021309485,-67.74272293019669
0.33,0.7,0.027,0.9899,3.11,0.31,11.8,6,1,-0.4156889054328765,-50.27848658830925
0.32,1.0,0.0409999999999999,0.99004,3.06,0.37,12.2,6,1,-0.7152949676995037,7.796280735335813
0.34,1.0,0.036,0.99097,3.44,0.44,11.45,6,1,-1.2176036760775846,73.07001121870324
0.32,10.4,0.062,0.9966,3.23,0.49,10.5,5,1,-0.0175114619233651,-1.7260741089611429
0.32,12.5,0.035,0.99666,2.88,0.36,9.0,6,1,-0.5200981644827314,37.9946441829657
0.31,19.25,0.043,0.99954,2.93,0.52,9.1,7,1,-0.3193414776402692,53.30357268723019
0.32,1.1,0.053,0.99414,3.38,0.54,8.8,5,1,-1.2142677459021716,56.3797614006874
0.32,9.0,0.032,0.99188,3.13,0.65,12.9,7,1,-0.5148162750383269,-1.3178913520364262
0.4,1.2,0.03,0.98926,3.19,0.96,13.0,6,1,-1.120144271559841,-31.841111689595152
0.74,1.3,0.173,0.99334,3.04,0.46,9.2,6,1,-0.2171561720406893,7.618318197369646
0.33,12.8,0.0409999999999999,0.99659,3.1,0.56,9.8,5,1,-0.4162448937954455,59.341556061145226
0.09,7.6,0.044,0.9948,3.26,0.38,10.1,6,1,-0.8052485293225677,30.000505004382816
0.28,1.4,0.037,0.99074,3.33,0.42,10.9,7,1,-1.3209009584023024,-28.900506524126243
0.5,8.3,0.053,0.9955,3.2,0.51,9.6,6,1,-0.914383689454259,90.35628502262456
0.16,9.0,0.053,0.99474,3.36,0.37,10.4,6,1,-1.5166537499816437,-2.573507808814057
0.4,1.85,0.031,0.98966,3.03,0.3,11.8,7,1,-1.1181983122908496,-4.185049341523992
0.16,12.55,0.051,0.99564,3.4,0.38,10.8,6,1,-1.618422064309298,1.0888261995340116
0.28,1.4,0.034,0.99246,3.28,0.57,10.6,6,1,-0.0155655026543746,-5.901106236218752
0.31,1.8,0.033,0.98984,3.35,0.5,12.7,6,1,-1.318399010770742,30.586650299273643
0.31,4.0,0.03,0.99031,3.3,0.43,12.2,7,1,-1.8148698413418491,-6.644024574086842
0.16,12.55,0.051,0.99564,3.4,0.38,10.8,6,1,-1.818344768607905,1.0888261995340116
0.28,3.0,0.04,0.99216,3.25,0.47,11.1,6,1,-0.8166462907552292,-18.21717189402193
0.32,7.9,0.034,0.99512,3.29,0.31,10.0,6,1,-0.5203761586640159,-35.220967797992245
0.38,2.6,0.033,0.9909,3.12,0.59,10.8,6,1,-1.7153254804644726,-48.51017201262208
0.38,1.2,0.074,0.99132,3.31,0.4,10.3,6,1,-2.417556893141162,19.369428055270888
0.15,7.1,0.043,0.99378,3.24,0.48,9.9,6,1,-2.0172944932720176,19.808678998199085
0.32,1.3,0.044,0.99044,3.11,0.56,12.25,5,1,-0.6170015806379068,-23.3130848971138
0.33,10.7,0.036,0.99521,3.34,0.52,10.2,6,1,-1.1154183704780056,-16.37541014235343
0.28,7.7,0.053,0.99489,3.06,0.5,9.4,6,1,-1.2173256818963,19.013502979338583
0.46,8.4,0.05,0.99495,3.18,0.46,9.7,6,1,-0.8127543722172472,70.55877830514801
0.33,12.7,0.038,0.9954,3.04,0.65,10.4,6,1,-0.3160055474648562,2.5224051942777947
0.48,1.8,0.035,0.99121,3.49,0.74,12.2,6,1,-0.9110477592788452,-16.479925504338254
0.31,10.5,0.035,0.99478,3.12,0.4,10.6,6,1,-0.0189014328297876,9.05189719211343
0.43,1.6,0.05,0.99346,3.27,0.47,10.7,5,1,-0.4156889054328765,-53.7840475536801
0.6,1.85,0.048,0.99331,3.24,0.49,11.85,5,1,0.683329979846901,-11.813384753160037
0.38,10.5,0.031,0.99321,3.34,0.46,11.7,6,1,-1.9153871818537231,30.482134937288848
0.22,1.0,0.03,0.99218,3.55,0.44,10.15,6,1,-2.018823461269082,12.557458157484277
0.31,1.2,0.026,0.9898,3.33,0.44,11.6333333333333,6,1,-1.7196343902743818,-44.648685971318926
0.36,1.7,0.042,0.99144,3.22,0.54,10.8,6,1,-1.219549635346576,-55.37439959140111
0.36,1.6,0.042,0.99143,3.22,0.54,10.8,6,1,-1.2198276295278605,-55.60461981035967
0.32,9.0,0.031,0.99234,3.25,0.26,12.3,7,1,-1.117642323928281,21.88066096882615
0.25,1.9,0.0289999999999999,0.98972,3.36,0.66,12.5,6,1,-1.7157424717363998,4.468682307931104
0.31,1.2,0.026,0.9898,3.33,0.44,11.65,6,1,-1.7196343902743818,-44.648685971318926
0.46,1.5,0.05,0.99308,3.24,0.49,9.6,5,1,-1.2153797226273095,78.8565848786708
0.31,3.9,0.034,0.99218,3.24,0.46,10.9,6,1,-1.1168083413844272,25.03029685826469
0.32,3.6,0.035,0.99215,3.23,0.46,10.8,6,1,-1.216769693533731,19.756421317206687
0.37,1.2,0.032,0.99185,3.32,0.44,11.2,5,1,-1.2203836178904297,40.56944558148773
0.19,5.0,0.043,0.99438,3.67,0.57,10.0,5,1,-2.2172171975706263,-15.758196661459069
0.25,2.9,0.047,0.99314,3.44,0.64,10.5,3,1,-1.1170863355657117,376.7556736595071
0.5,10.4,0.043,0.99542,2.86,0.46,9.1,6,1,-0.9179976138109563,24.538788234344068
0.5,11.4,0.0289999999999999,0.99428,3.23,0.49,10.5,6,1,-1.616893096312233,-21.701543364403847
0.24,18.35,0.05,0.99943,3.12,0.61,9.3,5,1,-1.1148623821154366,68.69582705849056
0.25,18.4,0.051,0.99946,3.13,0.62,9.3,6,1,-1.0146230357848474,65.59844885004445
0.62,7.1,0.033,0.99472,3.14,0.62,10.6,6,1,0.0852298320387827,73.12226889969567
0.36,1.3,0.035,0.9891,3.23,0.64,12.1,7,1,-2.116977851240038,-32.84531843242529
0.26,1.5,0.032,0.99076,3.43,0.77,12.0,6,1,-1.7196343902743818,-12.587371277031622
0.35,10.2,0.043,0.99632,3.16,0.5,9.7,6,1,-0.8191482383867896,-5.597438841278844
0.73,2.2,0.027,0.99,3.12,0.48,12.4,6,1,-0.6164455922753387,-23.59556279706476
0.26,3.5,0.035,0.98872,3.18,0.47,13.6,7,1,-1.2137117575396026,-1.1921864950626857
0.35,3.9,0.04,0.99102,2.98,0.53,11.8,6,1,-0.7189088920562012,24.496409244366237
0.26,7.4,0.052,0.99388,3.16,0.37,10.0,6,1,-0.6197815224507517,16.96271050370045
0.27,11.0,0.035,0.99602,3.12,0.38,9.1,6,1,-1.0201829194105363,5.515268040739116
0.3,1.5,0.037,0.99057,3.47,0.42,11.9,7,1,-1.3108931678760616,-37.67994303055511
0.25,3.9,0.031,0.99072,3.31,0.58,11.75,7,1,-1.9128852342221627,18.90898761735376
0.29,5.4,0.046,0.99224,3.24,0.41,11.4,6,1,-1.3170090398643195,2.752625413236359
0.34,1.5,0.038,0.98942,3.56,0.48,13.0,8,1,-2.0156265281843115,-20.393669226633804
0.25,5.0,0.055,0.99171,3.27,0.5,12.4,8,1,-0.8155343140300921,22.780352349671475
0.25,1.2,0.052,0.99352,3.3,0.42,9.4,7,1,-0.6192255340881827,66.00663160696918
0.3,13.0,0.047,0.99705,3.16,0.5,9.6,6,1,-0.4170788763392981,53.62842957715903
0.45,8.6,0.057,0.99654,3.16,0.51,9.1,5,1,-0.8166462907552292,109.87131384015012
0.31,1.7,0.048,0.98953,3.24,0.37,12.0,7,1,-2.018128475815871,-54.68373893452542
0.34,1.2,0.045,0.99132,3.16,0.46,11.2,4,1,-0.1180288024352389,11.876676191623162
0.4,1.2,0.076,0.99204,3.32,0.47,10.1,6,1,-2.216383215026773,12.379495619518124
0.4,1.2,0.076,0.99185,3.13,0.45,10.3,6,1,-1.4166923978323398,19.369428055270888
0.32,2.0,0.034,0.98952,3.16,0.56,12.3,6,1,-1.316731045683035,-11.56197503921254
0.19,19.4,0.031,0.99704,2.97,0.4,10.55,6,1,-1.41544142401656,-8.360081468781601
0.0,0.8,0.037,0.99032,3.1,0.4,10.9,4,1,-1.2078738797326292,-18.60416515595772
0.09,6.3,0.042,0.99382,3.15,0.48,9.7,5,1,-1.4158584152884872,24.62211410133996
0.1,6.4,0.043,0.99382,3.14,0.48,9.8,5,1,-1.615781119587096,28.05422789072948
0.5,12.1,0.045,0.9974,3.04,0.53,8.9,6,1,-0.5162062459447494,14.37803041416386
0.31,12.9,0.045,0.99546,3.02,0.59,10.2,5,1,-0.8158123082113766,51.37848506856581
0.29,2.4,0.038,0.99088,3.01,0.36,11.7,7,1,-0.3176735125525622,-37.55423817358135
0.39,4.3,0.03,0.98904,3.46,0.36,12.8,8,1,-2.814761357016176,12.766488881453924
0.4,4.2,0.03,0.989,3.57,0.36,12.8,8,1,-3.317209062484899,3.547801432096861
0.33,1.7,0.037,0.98758,3.15,0.39,13.55,6,1,-1.706846657935297,2.396700337304054
0.42,2.2,0.036,0.9901,3.13,0.38,11.6,6,1,-1.0160130066912698,13.0489667814049
0.0,3.4,0.036,0.98981,3.53,0.92,13.8,6,1,-2.501950571138537,17.73669702757202
0.32,7.4,0.175,0.9952,3.19,0.5,9.4,6,1,-1.215657716808594,47.59044620324399
0.3,7.3,0.174,0.99519,3.18,0.49,9.4,5,1,-1.2153797226273095,47.36022598428544
0.29,1.1,0.035,0.99142,3.17,0.55,10.7,7,1,-0.8215111889277074,28.410152966661784
0.32,1.4,0.043,0.9897,3.31,0.5,12.3,6,1,-1.5149857848939376,-21.010882707528168
0.19,14.5,0.042,0.99684,3.16,0.43,10.3,5,1,-1.3153410747766134,2.470147513285383
0.2,8.0,0.047,0.99445,3.11,0.42,10.4,6,1,-1.017124983416407,-1.8828471519383785
0.33,1.1,0.039,0.99051,3.31,0.45,11.6,7,1,-1.2187156528027223,15.016433390047112
0.34,2.2,0.037,0.98986,3.36,0.33,12.8,8,1,-1.4164144036510553,9.208670235090665
0.5,5.8,0.038,0.99189,3.18,0.53,11.9,7,1,-0.8158123082113766,-0.2713056192284426
0.46,0.9,0.033,0.98934,3.24,0.35,12.1,4,1,-1.214545740083456,-52.63294645888728
0.34,6.4,0.034,0.99449,3.23,0.41,9.2,6,1,-2.1166998570587534,-15.63249180448534
0.09,10.9,0.051,0.99566,2.93,0.62,9.5,6,1,-0.6167235864566223,18.040364422511928
0.3,7.3,0.039,0.99252,2.91,0.57,11.0,6,1,-1.219549635346576,-7.773936173890732
0.67,8.3,0.053,0.9959,3.19,0.5,10.9,5,1,0.0849518378574982,-18.34287675099567
0.24,1.3,0.053,0.9924,3.21,0.62,10.4,6,1,-1.2170476877150156,43.20638335201674
0.4,3.3,0.054,0.99482,3.42,0.52,9.1,5,1,-1.8136188675260687,31.768819580069945
0.42,1.0,0.075,0.99103,3.32,0.62,11.4,6,1,-0.2199361138535343,-44.49191292834172
0.33,1.1,0.027,0.98946,3.35,0.43,11.4,7,1,-2.1166998570587534,2.595852370259138
0.5,1.0,0.127,0.99212,3.1,0.45,9.7,5,1,-1.4141904502007805,69.76360228628748
0.35,5.1,0.026,0.99052,3.18,0.67,12.4,6,1,-1.5130398256249462,-4.080533979539169
0.01,3.2,0.0409999999999999,0.99026,3.2,0.94,13.7,7,1,-1.003225274352185,2.961656137205992
0.2,12.6,0.032,0.99516,2.91,0.43,10.6,6,1,-1.1129164228464452,26.81980092894078
0.25,3.7,0.031,0.99128,3.2,0.63,11.2,6,1,-1.4134954647475697,9.512337630030558
0.4,1.7,0.021,0.9891,3.24,0.95,13.1333333333333,6,1,-1.216769693533731,-34.017609022207026
0.47,1.3,0.043,0.99176,3.19,0.45,11.0,6,1,-0.2179901545845428,13.66618026229925
0.48,1.5,0.036,0.99162,3.18,0.45,11.3,6,1,-0.418190853064436,50.6666349167012
0.34,4.6,0.054,0.99193,3.2,0.46,12.0,7,1,-0.7166849386059253,13.613922581306824
0.35,10.3,0.042,0.9967,3.23,0.47,9.2,5,1,-0.8180362616616517,30.7123551562474
0.29,6.1,0.046,0.99462,3.48,0.57,10.7,6,1,-1.2148237342647406,19.118018341323378
0.33,1.2,0.036,0.99058,3.1,0.76,11.4,6,1,-0.5184301993950244,-25.981090853646265
0.33,9.9,0.032,0.99258,3.1,0.43,12.1,7,1,-1.2153797226273095,-25.311619691759503
0.27,1.6,0.062,0.99138,3.23,0.35,11.1,6,1,-1.4161364094697717,22.19420705478059
0.26,1.1,0.0579999999999999,0.99271,3.27,0.43,9.7,6,1,-1.4136344618382113,22.884867711656295
0.26,1.5,0.057,0.9917,3.24,0.36,10.7,5,1,-1.3153410747766134,23.16734561160725
0.28,1.2,0.031,0.99126,3.49,0.58,10.9,6,1,-1.6149471370432424,-15.967227385428714
0.3,1.5,0.033,0.98986,3.36,0.56,12.0,7,1,-1.313951103870191,-17.45306406116491
0.26,1.1,0.035,0.99154,3.47,0.56,10.6,6,1,-1.6159201166777375,-9.489993068585491
0.36,11.5,0.096,0.99642,3.11,0.49,9.6,5,1,-0.5106463623190605,-24.28622345394045
0.38,7.8,0.031,0.99154,3.03,0.42,13.1,6,1,-0.7166849386059253,104.67088547507346
0.24,7.4,0.038,0.99313,3.38,0.51,11.0,6,1,-1.9163601614882184,-0.5749730141683358
0.15,1.45,0.038,0.99125,3.52,0.4,11.6,4,1,-2.012707589280825,-72.83863593328854
0.36,8.9,0.0289999999999999,0.99318,3.28,0.35,11.95,7,1,-0.4151329170703075,16.73249028474187
0.25,1.1,0.05,0.99099,3.44,0.62,11.1,6,1,-1.5180437208880662,74.67167406039864
0.57,1.0,0.043,0.99004,3.17,0.36,11.5,6,1,-1.016568995053838,-16.91917644726645
0.25,2.5,0.046,0.99093,3.21,0.4,11.3,5,1,-1.614669142861958,69.97263301025713
0.23,1.1,0.044,0.98924,3.28,0.34,11.9,6,1,-2.415749930962813,65.95437392597675
0.29,2.4,0.136,0.99336,3.18,0.6,9.5,5,1,-0.6139436446437783,-24.003745553989475
0.3,2.3,0.048,0.98944,3.29,0.46,12.2,6,1,-2.1155878803336163,37.22065765909413
0.09,5.1,0.038,0.99022,3.41,0.4,12.2,7,1,-2.8086454850279177,-11.593043225216022
0.35,2.5,0.048,0.99146,3.05,0.56,11.1,6,1,-0.2146542244091298,54.14112769606855
0.44,8.9,0.055,0.99488,3.1,0.48,9.6,5,1,-0.8152563198488076,53.60724008217007
0.38,1.6,0.044,0.99176,3.3,0.73,11.4,5,1,-1.0179589659602604,-5.23163507433199
0.23,1.4,0.047,0.99001,3.32,0.62,11.4,5,1,-2.017016499090733,-38.4228613684232
0.29,3.9,0.0409999999999999,0.99005,3.1,0.59,12.066666666666698,6,1,-1.0146230357848474,-36.01614381685275
0.39,13.7,0.0579999999999999,0.99755,2.9,0.46,9.0,6,1,-0.1183067966165234,55.406622843860745
0.33,9.2,0.043,0.99444,3.08,0.42,11.4,6,1,0.2857085246999595,-0.7006778711420765
0.51,7.8,0.055,0.99502,3.12,0.45,9.6,5,1,-0.8147003314862387,66.48826153987521
0.34,7.6,0.045,0.99222,3.03,0.37,11.0,6,1,-1.21232178663318,2.6269205562626183
0.33,7.7,0.046,0.99224,3.04,0.38,11.0,6,1,-1.2098198390016206,3.369838894130723
0.29,3.0,0.027,0.99067,3.23,0.56,11.2,6,1,-1.715464477555115,-15.015278323590977
0.3,1.3,0.052,0.99069,3.31,0.47,11.55,6,1,-1.3181210165894577,-24.599769539894893
0.32,4.0,0.036,0.98936,3.2,0.5,13.3,7,1,-1.0143450416035629,-18.300497761017823
0.23,1.1,0.066,0.99266,3.3,0.47,9.63333333333333,5,1,-1.2128777749957491,31.130416604186664
0.35,2.0,0.046,0.98822,3.06,0.46,13.6,6,1,-1.014484038694205,-18.373944936999152
0.21,1.9,0.048,0.99138,3.29,0.55,11.2,6,1,-1.5127618314436615,-2.0608096899045165
0.34,1.4,0.031,0.98854,3.27,0.38,13.0,6,1,-1.9073253505964736,-58.87996055677195
0.31,4.5,0.046,0.99324,3.31,0.64,10.8,6,1,-1.4178043745574778,12.379495619518124
0.33,10.1,0.032,0.99626,3.19,0.51,9.8,6,1,-0.6178355631817603,-37.29294976861931
0.28,6.6,0.021,0.99188,3.15,0.36,11.45,7,1,-1.1154183704780056,17.17174122767007
0.4,1.9,0.015,0.9897,3.37,0.55,12.05,6,1,-2.2183291742957643,-17.986951675063366
0.41,12.4,0.032,0.99622,3.14,0.6,9.7,5,1,-1.2125997808144646,67.74387799665284
0.32,1.6,0.03,0.99044,3.33,0.52,11.9,6,1,-1.5183217150693509,8.361236535237737
0.36,2.5,0.048,0.99282,3.49,0.49,10.0,6,1,-1.61856106139994,7.366908483422165
0.26,1.2,0.035,0.99245,3.12,0.41,9.7,6,1,0.1812992656501055,-19.42053066980715
0.42,2.5,0.038,0.99132,3.36,0.59,11.6,7,1,-1.013789053240994,3.7257639700630136
0.0,0.8,0.032,0.99286,3.25,0.36,8.8,5,1,-1.3092252027883555,-35.39893033595841
0.02,0.9,0.035,0.99234,3.24,0.35,9.5,4,1,-1.0096191405217274,-37.75339020653644
0.4,8.1,0.046,0.99494,3.15,0.5,9.53333333333333,6,1,-0.6150556213689162,63.12959492646702
0.27,11.75,0.03,0.9954,3.07,0.5,9.4,6,1,-2.217356194661269,4.698902526889668
0.13,1.3,0.037,0.99184,3.26,0.38,10.7,5,1,-1.7151864833738308,44.210590094846864
0.17,1.9,0.035,0.98964,3.27,0.35,11.5,6,1,-2.310784683550388,39.87878492461205
0.38,8.3,0.048,0.99492,3.14,0.5,9.6,5,1,-0.7152949676995037,67.02214915377367
0.4,8.1,0.046,0.99494,3.15,0.5,9.55,6,1,-0.6150556213689162,63.12959492646702
0.28,5.7,0.0279999999999999,0.99168,3.21,1.08,12.15,7,1,-1.0185149543228291,10.15074060591384
0.22,1.9,0.023,0.98928,3.04,0.79,13.0,7,1,-1.0129550706971404,-62.31207434616145
0.36,1.2,0.052,0.9933,3.04,0.54,9.2,5,1,-0.4184688472457205,14.37803041416386
0.27,11.75,0.03,0.9954,3.07,0.5,9.4,6,1,-2.317317546810573,4.698902526889668
0.29,2.2,0.036,0.98938,3.06,0.44,11.8,6,1,-1.1148623821154366,-14.889573466617236
0.32,0.9,0.038,0.99074,3.24,0.46,10.6,6,1,-1.5183217150693509,8.539199073203903
0.38,1.3,0.032,0.99298,3.29,0.54,9.7,5,1,-0.7180749095123478,-2.2910299088630808
0.29,1.6,0.039,0.99114,3.27,0.5,11.2,6,1,-1.0185149543228291,-22.904902140189066
0.36,8.0,0.047,0.9949,3.15,0.46,9.6,5,1,-0.6156116097314852,58.65089540426955
0.19,1.2,0.0409999999999999,0.99254,2.99,0.46,9.4,6,1,-0.7177969153310633,-3.0339482467311853
0.3,1.1,0.022,0.98869,3.34,0.38,12.8,7,1,-1.7160204659176843,-6.309288993143468
0.38,0.8,0.02,0.98941,3.26,0.32,11.8,6,1,-1.218437658621438,-17.526511237146238
